statecode,countycode,state,county,fipscode,v024aian,v024aianlow,v024aianhigh,aiannum,aiandenom,v024hispanic,v024hispaniclow,v024hispanichigh,hispanicnum,hispanicdenom,v024white,v024whitelow,v024whitehigh,whitenum,whitedenom,v024black,v024blacklow,v024blackhigh,blacknum,blackdenom,v024asian,v024asianlow,v024asianhigh,asiannum,asiandenom,v024_race_flag_CT
00,000,US,United States,00000,0.2705463265942996,0.26476878857306413,0.2763238646155351,208934,772267,0.21833926323060973,0.21639899639295582,0.22027953006826365,4149377,19004264,0.09935325374940807,0.09827927817754671,0.10042722932126942,3393807,34158992,0.29926803306317173,0.2962825040070811,0.30225356211926235,2878418,9618194,0.10615471282799356,0.10404738095749805,0.10826204469848907,414942,3908842,NA
01,000,AL,Alabama,01000,0.2981577535324629,0.2189285685887115,0.3773869384762143,1667,5591,0.31796898809578783,0.2982026716549587,0.337735304536617,34430,108281,0.11409256437827495,0.10944635881248164,0.11873876994406825,70242,615658,0.3761644259799241,0.3664189644153147,0.38590988754453354,116620,310024,0.11852463179278822,0.08897074841769223,0.1480785151678842,1867,15752,NA
01,001,AL,Autauga County,01001,NA,NA,NA,0,0,0.27393617021276595,0.01274963252250455,0.5351227079030274,206,752,0.08892095914742451,0.05424287395816974,0.12359904433667929,801,9008,0.30350665054413545,0.20258127980001095,0.40443202128825995,1004,3308,NA,NA,NA,0,115,NA
01,003,AL,Baldwin County,01003,NA,NA,NA,0,226,0.3342512179622961,0.22026442556001902,0.4482380103645732,1578,4721,0.0666935267257588,0.04879410197029811,0.0845929514812195,2483,37230,0.47790575916230366,0.37060753356539616,0.5852039847592112,2282,4775,0.07111111111111111,0,0.19805773956015593,48,675,NA
01,005,AL,Barbour County,01005,NA,NA,NA,0,0,0.2882882882882883,0.1262335738143748,0.45034300276220174,192,666,0.06190476190476191,0.018795076568488722,0.10501444724103509,104,1680,0.49175824175824173,0.40601561933694974,0.5775008641795337,1253,2548,NA,NA,NA,1,29,NA
01,007,AL,Bibb County,01007,NA,NA,NA,0,0,0.6390041493775933,0.40862599670738564,0.869382302047801,154,241,0.25112395632626844,0.1904118368617831,0.3118360757907538,782,3114,0.8016194331983806,0.5816897795214817,1,594,741,NA,NA,NA,0,0,NA
01,009,AL,Blount County,01009,0.42857142857142855,0.03612307117703267,0.8210197859658244,27,63,0.4305239179954442,0.3365656431231392,0.5244821928677492,945,2195,0.0938944530046225,0.06609140092294226,0.12169750508630274,975,10384,0.7386363636363636,0.12738614822879002,1,65,88,NA,NA,NA,0,0,NA
01,011,AL,Bullock County,01011,NA,NA,NA,0,0,0.7122641509433962,0.5464079472222498,0.8781203546645426,151,212,0.08050847457627118,0,0.23325988479215354,19,236,0.538255033557047,0.42238909879553455,0.6541209683185594,802,1490,NA,NA,NA,0,0,NA
01,013,AL,Butler County,01013,NA,NA,NA,0,0,NA,NA,NA,46,64,0.18114707552526974,0.08851111952419434,0.27378303152634514,319,1761,0.5071022727272727,0.42023327921586817,0.5939712662386772,1071,2112,NA,NA,NA,0,43,NA
01,015,AL,Calhoun County,01015,0.7567567567567568,0.3061116894467887,1,112,148,0.3848814229249012,0.2605557514760866,0.5092070943737157,779,2024,0.16800271739130435,0.13556328669916748,0.2004421480834412,2473,14720,0.3465927616563417,0.2824936999717843,0.41069182334089904,2126,6134,0.2845528455284553,0,0.8499129380203903,35,123,NA
01,017,AL,Chambers County,01017,NA,NA,NA,0,0,NA,NA,NA,0,579,0.15305805650419124,0.08532125513016156,0.22079485787822092,493,3221,0.28818061088977426,0.19596595979794973,0.3803952619815988,868,3012,NA,NA,NA,0,1,NA
01,019,AL,Cherokee County,01019,NA,NA,NA,7,7,0.5843373493975904,0.13144763339518722,1,97,166,0.09836065573770492,0.058571593805400946,0.1381497176700089,390,3965,NA,NA,NA,72,78,NA,NA,NA,6,6,NA
01,021,AL,Chilton County,01021,NA,NA,NA,0,0,0.23414071510957324,0.04942123565024231,0.41886019456890417,406,1734,0.13270397842211734,0.09361019572168697,0.17179776112254772,984,7415,0.4173728813559322,0.2622246814847685,0.5725210812270959,394,944,NA,NA,NA,0,40,NA
01,023,AL,Choctaw County,01023,NA,NA,NA,0,0,NA,NA,NA,0,51,0.1344286781179985,0.02959520797531129,0.2392621482606857,180,1339,0.33807439824945296,0.2061709544504609,0.469977842048445,309,914,NA,NA,NA,0,0,NA
01,025,AL,Clarke County,01025,NA,NA,NA,0,0,NA,NA,NA,0,88,0.13268608414239483,0.06112519404868216,0.2042469742361075,287,2163,0.38572679509632224,0.27820359624024604,0.49324999395239844,881,2284,NA,NA,NA,0,26,NA
01,027,AL,Clay County,01027,NA,NA,NA,16,16,0.08609271523178808,0,0.3713809495160104,13,151,0.12561819980217606,0.04905802341090146,0.20217837619345067,254,2022,0.33003300330033003,0.011631819975310986,0.6484341866253491,100,303,NA,NA,NA,0,10,NA
01,029,AL,Cleburne County,01029,NA,NA,NA,0,42,0.19672131147540983,0,0.5562010375332254,24,122,0.22643282179768243,0.14704573903493584,0.305819904560429,723,3193,NA,NA,NA,0,0,NA,NA,NA,0,2,NA
01,031,AL,Coffee County,01031,0.0078125,0,0.4162885529877485,1,128,0.37772511848341234,0.2749500045626052,0.48050023240421946,797,2110,0.08170699973978662,0.06165817987182612,0.10175581960774713,628,7686,0.5111779879621668,0.40657995880709713,0.6157760171172366,1189,2326,NA,NA,NA,0,53,NA
01,033,AL,Colbert County,01033,0.7142857142857143,0.2962890349502423,1,10,14,0.46350832266325226,0.26952482810684764,0.6574918172196569,362,781,0.15757575757575756,0.11234339753574973,0.2028081176157654,1352,8580,0.7291330102315563,0.6381171770489009,0.8201488434142117,1354,1857,NA,NA,NA,0,54,NA
01,035,AL,Conecuh County,01035,NA,NA,NA,0,0,NA,NA,NA,0,28,0.23516720604099245,0.12082313626587139,0.3495112758161135,218,927,0.7846715328467153,0.71346954757002,0.8558735181234106,860,1096,NA,NA,NA,0,0,NA
01,037,AL,Coosa County,01037,NA,NA,NA,0,0,NA,NA,NA,0,192,0.1415929203539823,0.02372842383790813,0.25945741687005647,144,1017,0.6388384754990926,0.44023882333435405,0.8374381276638311,352,551,NA,NA,NA,0,0,NA
01,039,AL,Covington County,01039,0.2054794520547945,0,0.912218166829839,15,73,0.10384615384615385,0,0.28349209000465486,27,260,0.24913766070868612,0.19011160442682534,0.3081637169905469,1589,6378,0.492639842983317,0.35163752193262054,0.6336421640340134,502,1019,NA,NA,NA,25,56,NA
01,041,AL,Crenshaw County,01041,NA,NA,NA,0,26,NA,NA,NA,35,77,0.10965372507869885,0.04208223334107242,0.17722521681632528,209,1906,0.4364963503649635,0.26195562934761374,0.6110370713823132,299,685,NA,NA,NA,0,3,NA
01,043,AL,Cullman County,01043,NA,NA,NA,0,28,0.36408839779005525,0.22199458309846906,0.5061822124816414,659,1810,0.18044979635204533,0.14444875628840803,0.21645083641568263,3057,16941,0.16292134831460675,0,0.430126553928871,29,178,NA,NA,NA,0,108,NA
01,045,AL,Dale County,01045,NA,NA,NA,0,20,0.270223752151463,0.13796491951880843,0.4024825847841176,314,1162,0.1811178247734139,0.12677985111926945,0.23545579842755834,1199,6620,0.5252873563218391,0.4439905385697285,0.6065841740739497,1371,2610,NA,NA,NA,0,94,NA
01,047,AL,Dallas County,01047,NA,NA,NA,0,0,0.7806451612903226,0.6489633296012214,0.9123269929794238,121,155,0.27639751552795033,0.1824996912385738,0.3702953398173269,445,1610,0.5102912029272755,0.445104079390891,0.5754783264636599,3347,6559,NA,NA,NA,45,88,NA
01,049,AL,DeKalb County,01049,0.33791208791208793,0.12379222942603268,0.5520319463981431,123,364,0.5740318906605922,0.5026995428667489,0.6453642384544356,2772,4829,0.23096355106459762,0.18498445293509871,0.2769426491940965,2560,11084,0.16470588235294117,0,0.5486084521409681,28,170,NA,NA,NA,128,196,NA
01,051,AL,Elmore County,01051,NA,NA,NA,0,3,0.16477272727272727,0.059181809441171254,0.2703636451042833,174,1056,0.1141439205955335,0.0753256179270568,0.15296222326401018,1472,12896,0.25965770171149144,0.18827202128407822,0.33104338213890466,1062,4090,NA,NA,NA,0,27,NA
01,053,AL,Escambia County,01053,0.26635514018691586,0.04540539382809017,0.48730488654574156,57,214,0.09523809523809523,0,0.2552072825993692,30,315,0.15136203866432338,0.0947171385468947,0.20800693878175205,689,4552,0.41147686832740216,0.3060126138073019,0.5169411228475025,925,2248,NA,NA,NA,0,47,NA
01,055,AL,Etowah County,01055,0.7852760736196319,0.5850570518233066,0.9854950954159573,128,163,0.43842794759825326,0.334976337936315,0.5418795572601915,1004,2290,0.14985837560108028,0.11615631290024903,0.18356043830191154,2275,15181,0.47405727246952084,0.38783698478797674,0.5602775601510649,1672,3527,NA,NA,NA,40,130,NA
01,057,AL,Fayette County,01057,NA,NA,NA,0,0,NA,NA,NA,21,21,0.23955223880597015,0.1553733236044799,0.32373115400746044,642,2680,0.5331412103746398,0.2090770352661357,0.8572053854831438,185,347,NA,NA,NA,0,26,NA
01,059,AL,Franklin County,01059,NA,NA,NA,0,30,0.39426100628930816,0.2975212754438039,0.4910007371348124,1003,2544,0.22674541236026155,0.1652867416741945,0.2882040830463286,1075,4741,0.10080645161290322,0,0.35890819437776655,25,248,NA,NA,NA,0,16,NA
01,061,AL,Geneva County,01061,NA,NA,NA,0,0,0.35074626865671643,0.18973756299818917,0.5117549743152436,188,536,0.15939278937381404,0.11117595883860171,0.20760961990902638,672,4216,0.610705596107056,0.36391279106630425,0.8574984011478077,251,411,NA,NA,NA,0,47,NA
01,063,AL,Greene County,01063,NA,NA,NA,0,0,NA,NA,NA,0,7,0.7853658536585366,0.4107933988108077,1,161,205,0.6289625360230547,0.5332724058709941,0.7246526661751154,873,1388,NA,NA,NA,0,0,NA
01,065,AL,Hale County,01065,NA,NA,NA,0,0,NA,NA,NA,0,74,0.13661636219221604,0.011694860245390765,0.26153786413904134,172,1259,0.47389162561576353,0.35604923953932405,0.591734011692203,962,2030,NA,NA,NA,0,0,NA
01,067,AL,Henry County,01067,NA,NA,NA,0,0,NA,NA,NA,0,122,0.0673665791776028,0.028840559361180206,0.1058925989940254,154,2286,0.5673913043478261,0.4506704694365171,0.6841121392591352,522,920,NA,NA,NA,0,0,NA
01,069,AL,Houston County,01069,NA,NA,NA,46,48,0.44124293785310736,0.372516501877023,0.5099693738291917,781,1770,0.12073067771893468,0.10109084154060048,0.1403705138972689,1573,13029,0.4561163600198906,0.420292942694634,0.49193977734514716,3669,8044,0.028112449799196786,0,0.3629758672830535,7,249,NA
01,071,AL,Jackson County,01071,NA,NA,NA,4,46,0.6197368421052631,0.492365701916887,0.7471079822936393,471,760,0.20330283418879713,0.15593021232134685,0.2506754560562474,1822,8962,0.2736842105263158,0.10962834851611553,0.4377400725365161,104,380,NA,NA,NA,0,45,NA
01,073,AL,Jefferson County,01073,0.08324084350721421,0,0.18128291964232035,75,901,0.3434112576727178,0.28691470743045466,0.39990780791498093,5259,15314,0.05893736207774571,0.046675419601853285,0.07119930455363814,3472,58910,0.3370031392315515,0.31136862541224275,0.36263765305086026,22866,67851,0.12373660030627871,0.05176075578496539,0.19571244482759204,404,3265,NA
01,075,AL,Lamar County,01075,NA,NA,NA,1,25,0.07692307692307693,0,0.40382141976726443,9,117,0.17933252915158826,0.09829429401303459,0.26037076429014194,446,2487,0.5873015873015873,0.21206891849655307,0.9625342561066216,148,252,NA,NA,NA,0,0,NA
01,077,AL,Lauderdale County,01077,0.5625,0.0616144895578824,1,36,64,0.2040133779264214,0.07909641085250414,0.3289303450003387,244,1196,0.11695072381088212,0.08345151642835721,0.15044993119340702,1640,14023,0.4863169897377423,0.3843531084958289,0.5882808709796556,853,1754,NA,NA,NA,5,48,NA
01,079,AL,Lawrence County,01079,0.2169811320754717,0,0.48760053107253976,46,212,NA,NA,NA,0,442,0.196048632218845,0.11462748570841141,0.2774697787292786,1032,5264,0.20761904761904762,0.019715304775936138,0.3955227904621591,109,525,NA,NA,NA,0,0,NA
01,081,AL,Lee County,01081,0.0353356890459364,0,0.17469338168706533,10,283,0.2577777777777778,0.1532533216512842,0.36230223390427135,812,3150,0.07886493458632762,0.05290148026862958,0.10482838890402567,1712,21708,0.36679135494596843,0.30291334130733405,0.4306693685846028,3530,9624,0.04954128440366973,0,0.1318470642025909,81,1635,NA
01,083,AL,Limestone County,01083,0.5478547854785478,0.08790004280264341,1,166,303,0.18467767050763,0.0867054741138085,0.28264986690145155,593,3211,0.09570977917981073,0.05676983831197043,0.13464972004765102,1517,15850,0.21122112211221122,0.10519547883788077,0.3172467653865417,448,2121,NA,NA,NA,0,367,NA
01,085,AL,Lowndes County,01085,NA,NA,NA,0,0,NA,NA,NA,0,0,NA,NA,NA,0,416,0.6650859513930053,0.6513565849455614,0.6788153178404492,1122,1687,NA,NA,NA,0,0,NA
01,087,AL,Macon County,01087,NA,NA,NA,0,1,0.6137931034482759,0.26631276088829425,0.9612734460082575,89,145,0.11065573770491803,0,0.27963245214443766,27,244,0.4294954721862872,0.3373886062276404,0.521602338144934,996,2319,NA,NA,NA,0,0,NA
01,089,AL,Madison County,01089,0.1270718232044199,0.008574451288964627,0.24556919511987518,46,362,0.19430732065959458,0.14070989299913472,0.24790474832005444,1850,9521,0.05004709307303708,0.03663720170255671,0.06345698444351744,2338,46716,0.2621328224776501,0.22610169304419264,0.2981639519111075,5747,21924,0.028380634390651086,0,0.06248550802983267,51,1797,NA
01,091,AL,Marengo County,01091,NA,NA,NA,0,0,NA,NA,NA,0,110,0.03529411764705882,0.004307645835537274,0.06628058945858037,57,1615,0.42789496340938443,0.31522886612835965,0.5405610606904092,994,2323,NA,NA,NA,18,23,NA
01,093,AL,Marion County,01093,0.941747572815534,0.5072923613814442,1,97,103,0.546916890080429,0.08926366832608634,1,204,373,0.21837121212121213,0.15888854810689215,0.27785387613553214,1153,5280,NA,NA,NA,0,111,NA,NA,NA,0,4,NA
01,095,AL,Marshall County,01095,0.3557692307692308,0.016157469296984472,0.6953809922414771,185,520,0.3560054314282187,0.2902533960995209,0.42175746675691655,2884,8101,0.1530729833546735,0.12229260723106028,0.18385335947828674,2391,15620,0.5268817204301075,0.2737213640792925,0.7800420767809225,294,558,0.045112781954887216,0,0.6702158357812743,6,133,NA
01,097,AL,Mobile County,01097,0.5986394557823129,0.04525412797638151,1,176,294,0.19884083816317433,0.11394430003083837,0.28373737629551027,892,4486,0.10168420102045424,0.08481025966122299,0.11855814237968548,4504,44294,0.370850392468772,0.3395043926583987,0.4021963922791453,14221,38347,0.38427947598253276,0.25177911784526247,0.5167798341198031,792,2061,NA
01,099,AL,Monroe County,01099,NA,NA,NA,6,21,NA,NA,NA,0,0,0.12071611253196932,0.06345436129297957,0.17797786377095906,236,1955,0.26229508196721313,0.13955705054958922,0.38503311338483703,480,1830,NA,NA,NA,0,60,NA
01,101,AL,Montgomery County,01101,0.32575757575757575,0.17243683188741651,0.47907831962773495,86,264,0.36532149063525776,0.2610333912070599,0.46960959006345565,1892,5179,0.04697295779919528,0.02440555793264249,0.06954035766574808,502,10687,0.38673774784885895,0.35330132827436905,0.42017416742334884,12405,32076,0.029500301023479832,0,0.0822717827956564,49,1661,NA
01,103,AL,Morgan County,01103,0.09036144578313253,0,0.4362016220682785,15,166,0.2971276393380255,0.21552476428721823,0.37873051438883276,1562,5257,0.10981108384224644,0.07431719704075133,0.14530497064374154,1924,17521,0.29562929987859166,0.1869127331966977,0.4043458665604856,1461,4942,NA,NA,NA,0,276,NA
01,105,AL,Perry County,01105,NA,NA,NA,0,0,NA,NA,NA,0,0,0.3514376996805112,0.31423367462431295,0.38864172473670944,110,313,0.6688172043010753,0.5987003047400262,0.7389341038621243,933,1395,NA,NA,NA,0,0,NA
01,107,AL,Pickens County,01107,NA,NA,NA,1,6,NA,NA,NA,0,5,0.13381995133819952,0.0658924000240336,0.20174750265236543,220,1644,0.3801035077630822,0.2830738672698561,0.4771331482563083,661,1739,NA,NA,NA,0,0,NA
01,109,AL,Pike County,01109,NA,NA,NA,0,13,0.1684981684981685,0,0.3448335011728634,46,273,0.16466963368709345,0.10807818268247484,0.22126108469171207,481,2921,0.6129032258064516,0.5392595622277908,0.6865468893851124,1672,2728,NA,NA,NA,0,16,NA
01,111,AL,Randolph County,01111,NA,NA,NA,0,0,NA,NA,NA,0,212,0.25213810579664236,0.17060885896523886,0.33366735262804587,796,3157,0.1048951048951049,0.006217729664961882,0.20357248012524792,75,715,NA,NA,NA,0,0,NA
01,113,AL,Russell County,01113,NA,NA,NA,0,34,0.3258508327299059,0.2227839724515389,0.42891769300827287,450,1381,0.16217228464419475,0.10901442928940525,0.21533013999898426,866,5340,0.4705518627299428,0.37440687634653086,0.5666968491133548,3044,6469,NA,NA,NA,0,0,NA
01,115,AL,St. Clair County,01115,NA,NA,NA,0,35,0.4804772234273319,0.33780820377161086,0.623146243083053,443,922,0.13091216216216217,0.10022939768689038,0.16159492663743397,2170,16576,0.24671669793621012,0.12379251083095202,0.3696408850414682,526,2132,NA,NA,NA,0,164,NA
01,117,AL,Shelby County,01117,0.10344827586206896,0,0.7230819467898966,9,87,0.20555299892621567,0.12689945310374706,0.2842065447486843,1340,6519,0.0598250999015463,0.04525550864425867,0.07439469115883393,2066,34534,0.10993155468640872,0.049068624125176985,0.17079448524764046,787,7159,0.033789954337899546,0,0.12065669355928263,37,1095,NA
01,119,AL,Sumter County,01119,NA,NA,NA,0,0,NA,NA,NA,0,3,NA,NA,NA,0,467,0.5009185548071035,0.42549092746169825,0.5763461821525087,818,1633,NA,NA,NA,0,0,NA
01,121,AL,Talladega County,01121,NA,NA,NA,0,0,0.20135363790186125,0.060337465449322836,0.3423698103543997,119,591,0.17052214144084601,0.1252754564683809,0.21576882641331113,1548,9078,0.38661785641651414,0.3064576685818683,0.46677804425116,1901,4917,NA,NA,NA,0,70,NA
01,123,AL,Tallapoosa County,01123,NA,NA,NA,0,0,0.7420091324200914,0.21421881357360806,1,325,438,0.14719371041712165,0.08711566903002743,0.20727175180421586,674,4579,0.3820939334637965,0.2245595946983971,0.5396282722291958,781,2044,NA,NA,NA,12,66,NA
01,125,AL,Tuscaloosa County,01125,NA,NA,NA,166,166,0.2379024484287642,0.12525372729115883,0.35055116956636956,1234,5187,0.07500666133759659,0.04943110039260662,0.10058222228258656,1689,22518,0.3372039812378446,0.28717232990318425,0.387235632572505,5895,17482,0.1141396933560477,0,0.26739522502996915,67,587,NA
01,127,AL,Walker County,01127,NA,NA,NA,0,4,0.6649659863945578,0.5643101198685914,0.7656218529205243,782,1176,0.18322237017310253,0.1421757303345898,0.22426901001161526,2064,11265,0.680637049455155,0.6106945418936653,0.7505795570166447,812,1193,0.13333333333333333,0,0.9902198813197194,10,75,NA
01,129,AL,Washington County,01129,NA,NA,NA,0,44,NA,NA,NA,0,36,0.11149144254278728,0.038696833316545956,0.18428605176902862,228,2045,0.5897435897435898,0.43502142947588973,0.7444657500112898,460,780,NA,NA,NA,0,27,NA
01,131,AL,Wilcox County,01131,NA,NA,NA,0,0,NA,NA,NA,0,0,0.014598540145985401,0,0.10537782302292602,6,411,0.5582551076753175,0.44260765556484966,0.6739025597857853,1011,1811,NA,NA,NA,0,0,NA
01,133,AL,Winston County,01133,NA,NA,NA,0,24,0.1881918819188192,0,0.4248608718837673,51,271,0.24869175180662845,0.18845798615238377,0.30892551746087316,998,4013,NA,NA,NA,168,168,NA,NA,NA,0,13,NA
02,000,AK,Alaska,02000,0.2520496603420005,0.23622340422950747,0.2678759164544935,7532,29883,0.11285142824947884,0.08591835278917333,0.13978450370978437,2003,17749,0.07031981970575574,0.060769514430612674,0.0798701249808988,5554,78982,0.28218377892608404,0.1350515250757162,0.4293160327764519,1256,4451,0.1516802906448683,0.11183266607370823,0.19152791521602835,2004,13212,NA
02,013,AK,Aleutians East Borough,02013,0.275974025974026,0.19145832107790328,0.3604897308701487,85,308,NA,NA,NA,5,21,NA,NA,NA,0,58,NA,NA,NA,0,0,NA,NA,NA,15,15,NA
02,016,AK,Aleutians West Census Area,02016,0.34146341463414637,0.20014973875607195,0.4827770905122208,28,82,0.16363636363636364,0,0.6519306709298809,9,55,0.039473684210526314,0,0.28101417689456076,3,76,NA,NA,NA,0,0,0.1319796954314721,0,0.28064521363975825,26,197,NA
02,020,AK,Anchorage Borough,02020,0.17068445975032287,0.10717080422585118,0.23419811527479456,793,4646,0.11798530507933128,0.07064157277209152,0.16532903738657104,1108,9391,0.05311410819821185,0.034070027931845215,0.07215818846457848,1402,26396,0.3040704738760632,0.1302424653260003,0.47789848242612604,1001,3292,0.1701854775059195,0.11967347178547569,0.22069748322636332,1725,10136,NA
02,050,AK,Bethel Census Area,02050,0.3470327723649247,0.3155041182263632,0.3785614265034862,1959,5645,0.13846153846153847,0,0.37687310518792927,18,130,NA,NA,NA,0,263,NA,NA,NA,0,11,NA,NA,NA,0,0,NA
02,060,AK,Bristol Bay Borough,02060,0.11627906976744186,0.006111744032005581,0.22644639550287815,5,43,NA,NA,NA,0,30,NA,NA,NA,0,32,NA,NA,NA,0,0,NA,NA,NA,0,0,NA
02,063,AK,Chugach Census Area,02063,0.029411764705882353,0,0.4068398153595462,2,68,0.05714285714285714,0,0.7815004522517688,2,35,0.06414662084765177,0.00814834702258601,0.12014489467271752,56,873,NA,NA,NA,0,20,0.2,0,0.7712663777806079,12,60,NA
02,066,AK,Copper River Census Area,02066,0.11926605504587157,0.04383399310020124,0.19469811699154188,39,327,NA,NA,NA,0,73,0.06578947368421052,0,0.19378671770574818,15,228,NA,NA,NA,0,0,NA,NA,NA,0,9,NA
02,068,AK,Denali Borough,02068,NA,NA,NA,0,1,NA,NA,NA,1,1,NA,NA,NA,0,184,NA,NA,NA,0,0,NA,NA,NA,0,0,NA
02,070,AK,Dillingham Census Area,02070,0.3068081343943413,0.26455522198646486,0.3490610468022177,347,1131,0.25,0.10192823737918091,0.3980717626208191,18,72,NA,NA,NA,0,115,NA,NA,NA,0,0,NA,NA,NA,0,0,NA
02,090,AK,Fairbanks North Star Borough,02090,0.11013986013986014,0.04107544781480868,0.1792042724649116,189,1716,0.04596369254538432,0,0.09341528436298169,119,2589,0.038383681096231706,0.02064556041760591,0.056121801774857503,493,12844,0.2862190812720848,0,0.6472000417042708,243,849,NA,NA,NA,0,429,NA
02,100,AK,Haines Borough,02100,0.19230769230769232,0,0.7106017177662965,5,26,NA,NA,NA,0,42,NA,NA,NA,0,274,NA,NA,NA,0,0,NA,NA,NA,0,0,NA
02,105,AK,Hoonah-Angoon Census Area,02105,0.2111111111111111,0.0736254248539312,0.348596797368291,19,90,0.05660377358490566,0,0.3850334866946035,3,53,NA,NA,NA,0,174,NA,NA,NA,0,0,NA,NA,NA,0,0,NA
02,110,AK,Juneau Borough,02110,0.12478336221837089,0.04236550908197596,0.20720121535476582,72,577,0.3584905660377358,0.23524203657190582,0.48173909550356586,266,742,0.033545197740113,0.0020584205148768547,0.06503197496534914,95,2832,NA,NA,NA,6,31,0.04878048780487805,0,0.1670863787681184,28,574,NA
02,122,AK,Kenai Peninsula Borough,02122,0.3128898128898129,0.1959393191735,0.42984030660612577,301,962,0.05367561260210035,0,0.12894848806712605,46,857,0.1371565634539904,0.09691845665829282,0.177394670249688,1258,9172,NA,NA,NA,0,21,0.0502092050209205,0,0.2993915264954038,12,239,NA
02,130,AK,Ketchikan Gateway Borough,02130,0.05827505827505827,0.003286481914485044,0.1132636346356315,25,429,NA,NA,NA,0,209,0.07916355489171023,0.023247504365932828,0.13507960541748765,106,1339,NA,NA,NA,0,0,0.038834951456310676,0,0.23322573914202172,8,206,NA
02,150,AK,Kodiak Island Borough,02150,0.12727272727272726,0.004635707911093773,0.24990974663436075,42,330,0.11989100817438691,0,0.3699712579004204,44,367,NA,NA,NA,0,1053,NA,NA,NA,0,0,0.10817307692307693,0,0.2206709428864308,45,416,NA
02,158,AK,Kusilvak Census Area,02158,0.36063936063936064,0.32193467332024434,0.39934404795847694,1083,3003,NA,NA,NA,0,1,NA,NA,NA,0,72,NA,NA,NA,0,0,NA,NA,NA,0,5,NA
02,164,AK,Lake and Peninsula Borough,02164,0.22377622377622378,0.10474311319512392,0.34280933435732364,32,143,NA,NA,NA,1,7,NA,NA,NA,0,4,NA,NA,NA,0,0,NA,NA,NA,0,0,NA
02,170,AK,Matanuska-Susitna Borough,02170,0.23366686286050617,0.13956342248911513,0.3277703032318972,397,1699,0.09753914988814318,0.04465198583211682,0.15042631394416953,218,2235,0.09505329607782262,0.07615531550559006,0.11395127665005518,1837,19326,0.017964071856287425,0,0.2636302325614668,3,167,0.226890756302521,0.052880723172460536,0.40090078943258145,108,476,NA
02,180,AK,Nome Census Area,02180,0.28565936178392926,0.24436414381212204,0.3269545797557365,743,2601,0.06818181818181818,0,0.29256705341868844,6,88,NA,NA,NA,0,237,NA,NA,NA,0,15,NA,NA,NA,0,20,NA
02,185,AK,North Slope Borough,02185,0.17989720159908623,0.12236287554636952,0.23743152765180295,315,1751,0.08860759493670886,0,0.17797471587679678,21,237,NA,NA,NA,0,167,NA,NA,NA,0,31,NA,NA,NA,0,199,NA
02,188,AK,Northwest Arctic Borough,02188,0.25699958211450064,0.21995050921209844,0.29404865501690286,615,2393,0.5882352941176471,0.19054261357749003,0.9859279746578041,40,68,0.1958762886597938,0,0.48651472867607826,19,97,NA,NA,NA,0,0,NA,NA,NA,0,0,NA
02,195,AK,Petersburg Census Area,02195,0.12307692307692308,0.02662891229011663,0.21952493386372954,8,65,0.011764705882352941,0,0.21190941258694568,1,85,0.06666666666666667,0.028521947604229284,0.10481138572910405,25,375,NA,NA,NA,3,14,NA,NA,NA,0,14,NA
02,198,AK,Prince of Wales-Hyder Census Area,02198,0.19919517102615694,0.13384704843069584,0.26454329362161805,99,497,0.19767441860465115,0,0.46801329987866025,17,86,0.03823529411764706,0.008378814386686962,0.06809177384860716,13,340,NA,NA,NA,0,0,NA,NA,NA,7,14,NA
02,220,AK,Sitka Borough,02220,0.21568627450980393,0,0.48896772243371306,11,51,0.23952095808383234,0.1125428736548231,0.3664990425128416,40,167,0.047979797979797977,0.002725303278874172,0.09323429268072178,38,792,NA,NA,NA,0,0,NA,NA,NA,0,144,NA
02,230,AK,Skagway Municipality,02230,NA,NA,NA,0,2,NA,NA,NA,0,10,0.022222222222222223,0,0.15177179812083838,3,135,NA,NA,NA,0,0,NA,NA,NA,0,13,NA
02,240,AK,Southeast Fairbanks Census Area,02240,0.2967741935483871,0.07895077432031222,0.514597612776462,46,155,0.15873015873015872,0,0.6434566368131891,10,63,0.13157894736842105,0.04747860788379034,0.21567928685305177,150,1140,NA,NA,NA,0,0,NA,NA,NA,0,27,NA
02,275,AK,Wrangell City,02275,0.64,0.37507663405533753,0.9049233659446625,64,100,NA,NA,NA,7,13,0.030303030303030304,0,0.1436702735205,5,165,NA,NA,NA,0,0,NA,NA,NA,12,13,NA
02,282,AK,Yakutat Borough,02282,0.35294117647058826,0,0.7123113016597482,6,17,NA,NA,NA,0,6,NA,NA,NA,0,4,NA,NA,NA,0,0,NA,NA,NA,6,6,NA
02,290,AK,Yukon-Koyukuk Census Area,02290,0.19707317073170733,0.13996185247053422,0.25418448899288043,202,1025,NA,NA,NA,3,16,0.16744186046511628,0,0.37804786372012844,36,215,NA,NA,NA,0,0,NA,NA,NA,0,0,NA
04,000,AZ,Arizona,04000,0.35449317999465096,0.3398818170276467,0.36910454296165524,26509,74780,0.20755984660422055,0.1997692928376775,0.2153504003707636,142725,687633,0.09247161072634859,0.08651975889193549,0.09842346256076169,53688,580589,0.2580569884549251,0.23375350827572688,0.2823604686341233,21011,81420,0.08873343889679501,0.0746317450209476,0.10283513277264242,4427,49891,NA
04,001,AZ,Apache County,04001,0.4382767887134699,0.4065799727239809,0.46997360470295896,5219,11908,0.4404332129963899,0.3210108502265239,0.5598555757662558,732,1662,0.15098374679213003,0.06229574210906541,0.23967175147519465,353,2338,NA,NA,NA,0,223,0.18518518518518517,0,0.5692448719270324,35,189,NA
04,003,AZ,Cochise County,04003,0.11904761904761904,0,0.38664701709087235,20,168,0.28813696196398286,0.25113893383183516,0.32513499009613056,3568,12383,0.11732605729877217,0.08249985710957228,0.15215225748797206,1118,9529,0.08247422680412371,0,0.17947430717316568,56,679,0.1497175141242938,0,0.39640693515966885,53,354,NA
04,005,AZ,Coconino County,04005,0.3329052969502408,0.29159356175611784,0.37421703214436375,3111,9345,0.1778215223097113,0.13048450079320917,0.22515854382621342,1084,6096,0.06886942675159236,0.027757353382420566,0.10998150012076414,692,10048,0.267741935483871,0,0.5394292606455899,83,310,0.011904761904761904,0,0.2003246300229743,5,420,NA
04,007,AZ,Gila County,04007,0.502868068833652,0.3912257470053114,0.6145103906619926,789,1569,0.15871774824081314,0.07122636695835612,0.24620912952327018,406,2558,0.16379937000242306,0.08425303436447794,0.24334570564036817,676,4127,NA,NA,NA,0,0,NA,NA,NA,3,47,NA
04,009,AZ,Graham County,04009,0.45792563600782776,0.3514496758601451,0.5644015961555104,468,1022,0.1885731201894612,0.11953189962023422,0.25761434075868817,637,3378,0.06333072713057075,0.027618034451051446,0.09904341981009006,324,5116,NA,NA,NA,0,0,NA,NA,NA,0,156,NA
04,011,AZ,Greenlee County,04011,NA,NA,NA,0,0,0.03540519276160504,0,0.0768406165185807,45,1271,0.11164122137404581,0.02149550507809525,0.20178693766999636,117,1048,NA,NA,NA,0,31,NA,NA,NA,0,0,NA
04,012,AZ,La Paz County,04012,0.21643286573146292,0.09798499151584827,0.33488073994707757,108,499,0.3311036789297659,0.2133547167124235,0.44885264114710827,396,1196,0.17156105100463678,0.039073775496293234,0.3040483265129803,111,647,NA,NA,NA,0,0,NA,NA,NA,0,59,NA
04,013,AZ,Maricopa County,04013,0.22597580461081945,0.1916564293322746,0.2602951798893643,4950,21905,0.201975447938668,0.1927856377229714,0.21116525815436463,88072,436053,0.07163312458999982,0.06466789427607661,0.07859835490392303,27190,379573,0.2713081726184984,0.24380081237933793,0.29881553285765883,17641,65022,0.08982356954868896,0.07340902523120701,0.10623811386617091,3686,41036,NA
04,015,AZ,Mohave County,04015,0.40192307692307694,0.256487544777099,0.5473586090690549,418,1040,0.28977448254556687,0.23600823749371264,0.3435407275974211,2814,9711,0.20696470588235294,0.16725325947454645,0.24667615229015943,4398,21250,0.2226148409893993,0,0.49696538173477767,63,283,0.3170731707317073,0.1055464366997288,0.5285999047636858,130,410,NA
04,017,AZ,Navajo County,04017,0.49013284189510864,0.45124163853540505,0.5290240452548122,6383,13023,0.2360392967942089,0.1606202935074253,0.3114583000809925,913,3868,0.11503803393797542,0.06519122264609704,0.1648848452298538,983,8545,0.1806853582554517,0,0.511876203894802,58,321,0.10569105691056911,0,0.8372516922868719,13,123,NA
04,019,AZ,Pima County,04019,0.3985526668453498,0.332424947077961,0.4646803866127386,2974,7462,0.2304177113392308,0.21221288405410363,0.24862253862435799,24354,105695,0.1178650963277385,0.09990641013130852,0.1358237825241685,7886,66907,0.2410775961317062,0.1865550996335327,0.29560009262987974,2094,8686,0.08595868975589402,0.0503433783886761,0.12157400112311194,412,4793,NA
04,021,AZ,Pinal County,04021,0.3463808025177026,0.27255059505526913,0.42021100998013605,1761,5084,0.13563432378806065,0.11331790408129128,0.15795074349483001,5537,40823,0.13423168552709946,0.10987674877963527,0.15858662227456366,5409,40296,0.15760664401661004,0.08649070905603326,0.2287225789771868,835,5298,0.010745891276864728,0,0.06987256909847463,17,1582,NA
04,023,AZ,Santa Cruz County,04023,NA,NA,NA,0,30,0.28825654127389655,0.2439101156933138,0.33260296685447927,3272,11351,0.16416184971098266,0.034838971692159854,0.2934847277298055,142,865,NA,NA,NA,0,0,NA,NA,NA,0,134,NA
04,025,AZ,Yavapai County,04025,0.12163416898792943,0.041863255484813996,0.20140508249104488,131,1077,0.17533774073009487,0.12430635421124302,0.2263691272489467,1830,10437,0.14930131004366812,0.11969540583244047,0.17890721425489575,3419,22900,0.6037735849056604,0.1701091414003305,1,64,106,0.19875776397515527,0,0.4705888881599126,64,322,NA
04,027,AZ,Yuma County,04027,0.27314814814814814,0.15218242647594116,0.3941138698203551,177,648,0.2202862627882676,0.18911379012964138,0.2514587354468938,9065,41151,0.11756756756756757,0.07451960718754297,0.16061552794759218,870,7400,0.25379609544468545,0,0.5788520244994388,117,461,0.03383458646616541,0,0.3733977016876826,9,266,NA
05,000,AR,Arkansas,05000,0.1747202441505595,0.12344152403029111,0.22599896427082788,687,3932,0.2537393327362754,0.23463631031468385,0.272842355157867,24649,97143,0.15007572110562845,0.14359651800492348,0.1565549242063334,59855,398832,0.4011029155939044,0.38277119958163414,0.4194346316061746,46114,114968,0.17311136167672614,0.12999329323458805,0.21622943011886422,2610,15077,NA
05,001,AR,Arkansas County,05001,NA,NA,NA,0,0,0.04642857142857143,0,0.20767451349139465,13,280,0.12026726057906459,0.05872289491984605,0.18181162623828312,270,2245,0.6051660516605166,0.5107401960446893,0.6995919072763439,656,1084,NA,NA,NA,0,7,NA
05,003,AR,Ashley County,05003,NA,NA,NA,3,3,0.38207547169811323,0.1566010987758452,0.6075498446203813,162,424,0.2535377358490566,0.13268813174843502,0.37438733994967816,645,2544,0.5441176470588235,0.40530442503891867,0.6829308690787284,555,1020,NA,NA,NA,0,54,NA
05,005,AR,Baxter County,05005,NA,NA,NA,15,46,0.17079889807162535,0.013762267340305473,0.3278355288029452,62,363,0.2143303153293787,0.14776068626242375,0.2808999443963337,1373,6406,NA,NA,NA,17,32,NA,NA,NA,0,51,NA
05,007,AR,Benton County,05007,0.28299643281807374,0.08710768943762345,0.478885176198524,238,841,0.17326943556975505,0.13308319359572607,0.21345567754378403,3254,18780,0.06382745784979199,0.04692281707318557,0.08073209862639841,2332,36536,0.06945298094652735,0.003731025688194667,0.13517493620486004,113,1627,0.11236933797909408,0.06125837627121807,0.1634802996869701,516,4592,NA
05,009,AR,Boone County,05009,0.05,0,0.890848560380458,2,40,0.43283582089552236,0.09130888802071618,0.7743627537703286,174,402,0.0775204177266033,0.04589609049399647,0.10914474495921013,579,7469,NA,NA,NA,0,0,NA,NA,NA,10,17,NA
05,011,AR,Bradley County,05011,0.0390625,0,0.20506942832296088,10,256,0.14381270903010032,0.02201942331511153,0.2656059947450891,86,598,0.1515426497277677,0.044301030795417584,0.25878426866011783,167,1102,0.3985637342908438,0.24440297513817238,0.5527244934435152,222,557,NA,NA,NA,0,42,NA
05,013,AR,Calhoun County,05013,NA,NA,NA,0,18,0.4819277108433735,0.24812873990925646,0.7157266817774905,40,83,0.048027444253859346,0,0.10749482380024404,28,583,0.1111111111111111,0,0.33900527443413764,11,99,NA,NA,NA,0,0,NA
05,015,AR,Carroll County,05015,NA,NA,NA,0,38,0.34432717678100266,0.22411499549877784,0.4645393580632275,522,1516,0.13215990453460622,0.05174446849271323,0.21257534057649918,443,3352,NA,NA,NA,0,0,0.5567375886524822,0.032449681943773845,1,157,282,NA
05,017,AR,Chicot County,05017,NA,NA,NA,0,0,NA,NA,NA,0,216,0.08611599297012303,0.01611088278057561,0.15612110315967043,49,569,0.34076923076923077,0.17240013112587654,0.5091383304125849,443,1300,NA,NA,NA,0,0,NA
05,019,AR,Clark County,05019,NA,NA,NA,0,11,0.3010752688172043,0.106363065105791,0.49578747252861766,140,465,0.12995504699632202,0.06636703497948844,0.1935430590131556,318,2447,0.55584872471416,0.3647492108213026,0.7469482386070174,632,1137,NA,NA,NA,0,78,NA
05,021,AR,Clay County,05021,NA,NA,NA,0,0,NA,NA,NA,0,14,0.2689075630252101,0.20226093571845527,0.3355541903319649,736,2737,NA,NA,NA,0,5,NA,NA,NA,0,0,NA
05,023,AR,Cleburne County,05023,NA,NA,NA,0,20,0.19455252918287938,0,0.542121209193119,50,257,0.17227195741592063,0.1193552652192605,0.22518864961258078,712,4133,NA,NA,NA,0,0,NA,NA,NA,0,0,NA
05,025,AR,Cleveland County,05025,NA,NA,NA,0,0,NA,NA,NA,0,68,0.08299758259468171,0.018563478804504277,0.14743168638485915,103,1241,NA,NA,NA,208,208,NA,NA,NA,0,24,NA
05,027,AR,Columbia County,05027,NA,NA,NA,0,10,0.2261904761904762,0,0.48815120488404096,57,252,0.1724283305227656,0.09084638807589458,0.25401027296963663,409,2372,0.6349384098544233,0.5484227653882406,0.7214540543206059,1134,1786,NA,NA,NA,0,37,NA
05,029,AR,Conway County,05029,NA,NA,NA,0,23,0.4837758112094395,0.0937857706690649,0.8737658517498141,164,339,0.24167623421354764,0.16816683398679705,0.31518563444029823,842,3484,0.5758928571428571,0.34808220451715244,0.8037035097685618,258,448,NA,NA,NA,0,0,NA
05,031,AR,Craighead County,05031,NA,NA,NA,0,10,0.3322344322344322,0.2260421313125629,0.43842673315630154,907,2730,0.1999254704676728,0.15842440185102813,0.2414265390843175,3219,16101,0.48837565004588557,0.4103582773041517,0.5663930227876194,3193,6538,0.13838120104438642,0,0.38930855912443674,53,383,NA
05,033,AR,Crawford County,05033,0.08547008547008547,0,0.419052068778201,10,117,0.12383720930232558,0.05462711821319252,0.19304730039145865,213,1720,0.2223075446342868,0.17298900818052554,0.2716260810880481,2316,10418,NA,NA,NA,0,85,NA,NA,NA,91,112,NA
05,035,AR,Crittenden County,05035,NA,NA,NA,0,22,0.24305555555555555,0.04329303305657056,0.44281807805454054,140,576,0.08323991031390135,0.041930029323271875,0.12454979130453082,297,3568,0.4428958051420839,0.38816976759835636,0.4976218426858114,3273,7390,NA,NA,NA,0,40,NA
05,037,AR,Cross County,05037,NA,NA,NA,0,9,0.23140495867768596,0,0.5663254727993771,28,121,0.21984216459977451,0.1385462050863188,0.30113812411323027,585,2661,0.541038525963149,0.3803431875811193,0.7017338643451788,323,597,NA,NA,NA,0,204,NA
05,039,AR,Dallas County,05039,NA,NA,NA,0,0,NA,NA,NA,0,19,0.1488469601677149,0,0.34202806927242346,71,477,0.24074074074074073,0.10567488662849137,0.37580659485299006,130,540,NA,NA,NA,0,0,NA
05,041,AR,Desha County,05041,NA,NA,NA,0,0,0.27137546468401486,0,0.6166336339658738,73,269,0.10698689956331878,0.043038049014614374,0.17093575011202317,98,916,0.5768175582990398,0.4884623719566206,0.665172744641459,841,1458,NA,NA,NA,0,0,NA
05,043,AR,Drew County,05043,NA,NA,NA,0,0,0.37272727272727274,0,0.7617353834022051,82,220,0.20401493930905695,0.07166154888204834,0.33636832973606556,437,2142,0.5073529411764706,0.3555201414874999,0.6591857408654412,552,1088,NA,NA,NA,0,44,NA
05,045,AR,Faulkner County,05045,NA,NA,NA,0,41,0.22144522144522144,0.12281509317831173,0.32007534971213114,570,2574,0.12550046196489067,0.09462757258333832,0.15637335134644303,2445,19482,0.22555638909727432,0.12591932369582254,0.3251934544987261,902,3999,0.07407407407407407,0,0.8498484051108776,8,108,NA
05,047,AR,Franklin County,05047,0.19540229885057472,0,0.5812335140140419,17,87,0.20588235294117646,0,0.4832756066614195,35,170,0.2559738134206219,0.17539749921130043,0.3365501276299434,782,3055,NA,NA,NA,0,0,NA,NA,NA,0,0,NA
05,049,AR,Fulton County,05049,NA,NA,NA,0,0,NA,NA,NA,5,19,0.23024348568987613,0.1390239852719925,0.32146298610775975,539,2341,NA,NA,NA,0,0,NA,NA,NA,0,0,NA
05,051,AR,Garland County,05051,0.03614457831325301,0,0.6704527772628234,3,83,0.29159082635602473,0.1810869496998591,0.40209470301219036,801,2747,0.1603795240645803,0.12593788067878314,0.19482116745037747,2096,13069,0.3497124934657606,0.2583230847359643,0.4411019021955569,669,1913,NA,NA,NA,0,97,NA
05,053,AR,Grant County,05053,NA,NA,NA,0,0,0.25806451612903225,0,0.7957242240781252,16,62,0.1499439461883408,0.08768617756081871,0.21220171481586292,535,3568,0.3972602739726027,0,0.8428980285382637,29,73,NA,NA,NA,0,0,NA
05,055,AR,Greene County,05055,NA,NA,NA,0,0,0.4968553459119497,0.35088143553418605,0.6428292562897133,316,636,0.16741924279263634,0.12876812000683027,0.2060703655784424,1446,8637,0.871536523929471,0.7197947921532173,1,346,397,NA,NA,NA,0,133,NA
05,057,AR,Hempstead County,05057,NA,NA,NA,0,8,0.36310025273799496,0.19702745175925795,0.529173053716732,431,1187,0.03932584269662921,0.010130916261099767,0.06852076913215865,77,1958,0.5049205147615443,0.35364066402035266,0.656200365502736,667,1321,NA,NA,NA,18,18,NA
05,059,AR,Hot Spring County,05059,NA,NA,NA,0,39,0.39863325740318906,0,0.800845036938548,175,439,0.17710451403009353,0.11833375494856829,0.23587527311161877,871,4918,0.12091038406827881,0,0.32323529025069503,85,703,NA,NA,NA,0,0,NA
05,061,AR,Howard County,05061,NA,NA,NA,0,0,0.4848024316109423,0.32374730262702356,0.645857560594861,319,658,0.10751445086705202,0.04595459636419344,0.1690743053699106,186,1730,0.3271889400921659,0.16418268185820667,0.4901951983261252,213,651,NA,NA,NA,0,17,NA
05,063,AR,Independence County,05063,NA,NA,NA,0,65,0.48623853211009177,0.38657914295690554,0.585897921263278,742,1526,0.25331892559431923,0.18362732265884968,0.3230105285297888,1641,6478,NA,NA,NA,0,62,NA,NA,NA,0,127,NA
05,065,AR,Izard County,05065,NA,NA,NA,2,19,0.5094339622641509,0.2137037002223704,0.8051642243059315,54,106,0.21112696148359486,0.1324436882891103,0.2898102346780794,444,2103,NA,NA,NA,0,3,NA,NA,NA,0,0,NA
05,067,AR,Jackson County,05067,NA,NA,NA,0,21,0.7988165680473372,0.4683777297047424,1,135,169,0.2814292015880018,0.19367568589509604,0.3691827172809075,638,2267,0.42592592592592593,0.20383712949681587,0.648014722355036,184,432,NA,NA,NA,0,0,NA
05,069,AR,Jefferson County,05069,NA,NA,NA,0,0,0.05237315875613748,0,0.15928585676744103,32,611,0.08451066015926022,0.040746728396280366,0.12827459192224006,329,3893,0.31842448689049707,0.26207142910645537,0.3747775446745388,2684,8429,NA,NA,NA,0,96,NA
05,071,AR,Johnson County,05071,0.7407407407407407,0.4892237985637496,0.9922576829177319,40,54,0.284805091487669,0.17610020463126574,0.3935099783440723,358,1257,0.23638108951283898,0.1711861586622931,0.3015760203633849,985,4167,0.5588235294117647,0.1106419700101417,1,19,34,0.22254335260115607,0,0.4863978895760209,77,346,NA
05,073,AR,Lafayette County,05073,NA,NA,NA,6,10,NA,NA,NA,14,14,0.16104868913857678,0.05496489582976584,0.26713248244738774,86,534,0.5060240963855421,0.3238561649674935,0.6881920278035908,210,415,NA,NA,NA,0,33,NA
05,075,AR,Lawrence County,05075,NA,NA,NA,0,0,0.09836065573770492,0,0.4639249549410885,12,122,0.28244028405422855,0.2085583430823431,0.356322225026114,875,3098,NA,NA,NA,2,10,NA,NA,NA,0,5,NA
05,077,AR,Lee County,05077,NA,NA,NA,0,0,0.624113475177305,0.22770370261732537,1,88,141,0.2171837708830549,0.1143586602881354,0.3200088814779744,91,419,0.8835257082896117,0.5608746443133239,1,842,953,NA,NA,NA,0,0,NA
05,079,AR,Lincoln County,05079,NA,NA,NA,0,0,0.23841059602649006,0.03801034480124302,0.43881084725173714,36,151,0.15592972181551976,0.06557908346936467,0.24628036016167484,213,1366,0.6623376623376623,0.5816068086125152,0.7430685160628094,204,308,NA,NA,NA,0,14,NA
05,081,AR,Little River County,05081,0.12903225806451613,0,0.9401541613752107,4,31,NA,NA,NA,0,183,0.1174716756112105,0.06496671637744897,0.16997663484497202,197,1677,0.8015267175572519,0.6794616955586346,0.9235917395558693,315,393,NA,NA,NA,43,43,NA
05,083,AR,Logan County,05083,NA,NA,NA,0,9,0.16326530612244897,0,0.4186526136305633,40,245,0.14431604407417362,0.09728034717208521,0.191351740976262,537,3721,NA,NA,NA,29,52,NA,NA,NA,2,20,NA
05,085,AR,Lonoke County,05085,NA,NA,NA,0,70,0.29569093610698366,0.15557908573303247,0.43580278648093485,398,1346,0.11310679611650486,0.0808893240444851,0.14532426818852462,1631,14420,0.3761904761904762,0.2836562157417848,0.4687247366391676,316,840,NA,NA,NA,83,166,NA
05,087,AR,Madison County,05087,NA,NA,NA,0,102,0.22660098522167488,0,0.49448911616686925,92,406,0.25844594594594594,0.177328694486327,0.3395631974055649,612,2368,NA,NA,NA,0,0,NA,NA,NA,0,17,NA
05,089,AR,Marion County,05089,NA,NA,NA,0,82,0.15671641791044777,0,0.4379580942884827,21,134,0.27820094305404425,0.20783876136169804,0.34856312474639045,767,2757,NA,NA,NA,0,0,NA,NA,NA,0,45,NA
05,091,AR,Miller County,05091,NA,NA,NA,48,48,0.24193548387096775,0.10518806214718043,0.37868290559475504,135,558,0.21294810058855002,0.13922625673261935,0.2866699444444807,1194,5607,0.5736005528680027,0.48687871552093936,0.6603223902150661,1660,2894,NA,NA,NA,0,49,NA
05,093,AR,Mississippi County,05093,NA,NA,NA,0,0,0.19594594594594594,0.06841942827914183,0.32347246361275006,145,740,0.09599664640536575,0.0505618694720149,0.14143142333871658,458,4771,0.4880563238622077,0.4083582064796377,0.5677544412447777,1941,3977,NA,NA,NA,16,21,NA
05,095,AR,Monroe County,05095,NA,NA,NA,0,0,NA,NA,NA,0,104,0.0343796711509716,0,0.11822322997911809,23,669,0.5038167938931297,0.3295040879299237,0.6781294998563357,330,655,NA,NA,NA,0,0,NA
05,097,AR,Montgomery County,05097,0.76,0.22353353243713825,1,19,25,0.5857142857142857,0.17253965108365488,0.9988889203449166,82,140,0.2888222055513878,0.17935659064877302,0.39828782045400263,385,1333,NA,NA,NA,0,22,NA,NA,NA,0,0,NA
05,099,AR,Nevada County,05099,NA,NA,NA,0,0,0.05806451612903226,0,0.2421376960825687,9,155,0.378698224852071,0.25284511230763873,0.5045513373965033,384,1014,0.6132075471698113,0.48895020541767453,0.7374648889219481,390,636,NA,NA,NA,0,0,NA
05,101,AR,Newton County,05101,NA,NA,NA,0,15,NA,NA,NA,14,22,0.18540268456375839,0.09361097790668291,0.2771943912208339,221,1192,NA,NA,NA,0,0,NA,NA,NA,0,0,NA
05,103,AR,Ouachita County,05103,NA,NA,NA,11,11,0.02252252252252252,0,0.22277354958268,5,222,0.2149703331811958,0.12570837976824406,0.3042322865941475,471,2191,0.37067395264116576,0.27570254912540965,0.4656453561569219,814,2196,NA,NA,NA,0,22,NA
05,105,AR,Perry County,05105,NA,NA,NA,4,7,0.3125,0.04052543755871324,0.5844745624412868,45,144,0.15066225165562913,0.0762545429433146,0.22506996036794366,273,1812,NA,NA,NA,0,79,NA,NA,NA,0,5,NA
05,107,AR,Phillips County,05107,NA,NA,NA,0,0,0.06808510638297872,0,0.26305753505069746,16,235,0.2091179385530228,0.1020304465503995,0.3162054305556461,211,1009,0.5172678434382195,0.4488165682522241,0.585719118624215,1348,2606,NA,NA,NA,0,0,NA
05,109,AR,Pike County,05109,NA,NA,NA,0,0,0.23367697594501718,0.023513855167730052,0.4438400967223043,68,291,0.2511467889908257,0.16362214964812033,0.3386714283335311,438,1744,NA,NA,NA,37,70,NA,NA,NA,0,12,NA
05,111,AR,Poinsett County,05111,0.7230769230769231,0.22298947553349868,1,47,65,0.2197452229299363,0.026678671814812954,0.41281177404505964,69,314,0.25012153621779293,0.19107523303705864,0.3091678393985272,1029,4114,0.3485576923076923,0.14727493775679693,0.5498404468585877,145,416,NA,NA,NA,0,2,NA
05,113,AR,Polk County,05113,NA,NA,NA,16,23,0.37344398340248963,0.22540472642286477,0.5214832403821145,180,482,0.20419002655650634,0.12530702471435257,0.2830730283986601,692,3389,NA,NA,NA,0,0,NA,NA,NA,0,5,NA
05,115,AR,Pope County,05115,NA,NA,NA,0,212,0.2230831973898858,0.11679546166806212,0.3293709331117095,547,2452,0.19084113918062257,0.14909997624924715,0.23258230211199798,2017,10569,0.8333333333333334,0.5158622019992658,1,125,150,NA,NA,NA,0,117,NA
05,117,AR,Prairie County,05117,NA,NA,NA,0,4,0.1282051282051282,0,0.9811239619762381,5,39,0.05777054515866558,0.011066577916650236,0.10447451240068092,71,1229,0.11643835616438356,0,0.27464684234383085,17,146,NA,NA,NA,0,0,NA
05,119,AR,Pulaski County,05119,0.3894736842105263,0.13970503192414258,0.63924233649691,111,285,0.3172811434140003,0.2519073612330758,0.38265492559492487,3907,12314,0.09129191897457965,0.06852853929790573,0.11405529865125358,2970,32533,0.38145664500427207,0.34117759955256044,0.4217356904559837,14733,38623,0.03543307086614173,0,0.08373927803406818,63,1778,NA
05,121,AR,Randolph County,05121,NA,NA,NA,0,2,0.8586956521739131,0.7295210680928373,0.9878702362549888,158,184,0.28466955579631636,0.21515036007923882,0.3541887515133939,1051,3692,NA,NA,NA,6,18,0.2840909090909091,0.021159166081711533,0.5470226521001067,75,264,NA
05,123,AR,St. Francis County,05123,NA,NA,NA,0,0,0.4482758620689655,0.052956205239048426,0.8435955188988826,52,116,0.2577464788732394,0.16852743285060756,0.3469655248958713,366,1420,0.5041431885979449,0.4163440074732373,0.5919423697226526,1521,3017,NA,NA,NA,0,0,NA
05,125,AR,Saline County,05125,0.04285714285714286,0,0.7944466479199926,3,70,0.16275259421081376,0.09681442176733275,0.22869076665429477,596,3662,0.0921092109210921,0.0644074950847578,0.11981092675742641,1842,19998,0.09383675735702388,0.015131151037917234,0.17254236367613052,338,3602,NA,NA,NA,0,184,NA
05,127,AR,Scott County,05127,NA,NA,NA,0,7,NA,NA,NA,0,268,0.3169897377423033,0.19412526301696179,0.4398542124676449,556,1754,NA,NA,NA,0,92,NA,NA,NA,0,60,NA
05,129,AR,Searcy County,05129,NA,NA,NA,0,39,NA,NA,NA,13,55,0.3709561466570812,0.2744015124664999,0.4675107808476625,516,1391,NA,NA,NA,0,0,NA,NA,NA,0,7,NA
05,131,AR,Sebastian County,05131,NA,NA,NA,0,150,0.3247346500067177,0.25838293105567023,0.39108636895776516,2417,7443,0.10766880537732967,0.07856442441212765,0.1367731863425317,1762,16365,0.2723146747352496,0.15588951152908864,0.3887398379414106,360,1322,0.31671041119860016,0.09498008945062503,0.5384407329465752,362,1143,NA
05,133,AR,Sevier County,05133,0.38392857142857145,0.24758514144670438,0.5202720014104385,43,112,0.2580956984050266,0.14377182288292525,0.372419573927128,534,2069,0.2048861743475847,0.11713797950504405,0.2926343691901253,369,1801,0.2706422018348624,0,0.5956073101488955,59,218,NA,NA,NA,37,122,NA
05,135,AR,Sharp County,05135,NA,NA,NA,3,3,0.5571428571428572,0.4590124416708855,0.6552732726148288,78,140,0.14909443725743854,0.10121430560339204,0.19697456891148504,461,3092,NA,NA,NA,4,26,NA,NA,NA,4,18,NA
05,137,AR,Stone County,05137,NA,NA,NA,16,16,NA,NA,NA,106,109,0.23301413588691292,0.1384385338671666,0.32758973790665924,511,2193,NA,NA,NA,0,0,NA,NA,NA,0,0,NA
05,139,AR,Union County,05139,NA,NA,NA,0,17,0.4573082489146165,0.16789983507542394,0.7467166627538091,316,691,0.13078902229845626,0.08292004859193544,0.1786579960049771,610,4664,0.33962264150943394,0.23905222711183094,0.44019305590703695,1044,3074,NA,NA,NA,0,0,NA
05,141,AR,Van Buren County,05141,NA,NA,NA,0,0,0.25477707006369427,0,0.5933371537601397,40,157,0.2223932281646787,0.1385915466501539,0.3061949096792035,578,2599,NA,NA,NA,0,0,NA,NA,NA,0,23,NA
05,143,AR,Washington County,05143,0.010033444816053512,0,0.09952190066203645,6,598,0.22075505671928455,0.17044046474164315,0.27106964869692596,3678,16661,0.09783127224689002,0.07419102162074334,0.1214715228730367,2666,27251,0.32266391326794014,0.21774511126017387,0.4275827152757064,625,1937,0.2629492600422833,0.14590225529606454,0.37999626478850207,995,3784,NA
05,145,AR,White County,05145,NA,NA,NA,3,19,0.21772345301757068,0.11965482143538135,0.31579208459976,285,1309,0.20613634767956188,0.16921944574058398,0.24305324961853977,2936,14243,0.29926108374384236,0.1582691940098514,0.4402529734778333,243,812,NA,NA,NA,0,141,NA
05,147,AR,Woodruff County,05147,NA,NA,NA,0,0,NA,NA,NA,0,38,0.22938144329896906,0.08815419648473913,0.37060869011319897,178,776,0.2996742671009772,0.09280683292337569,0.5065417012785788,92,307,NA,NA,NA,0,0,NA
05,149,AR,Yell County,05149,NA,NA,NA,7,19,0.2065063649222065,0.10848666727119446,0.30452606257321857,292,1414,0.19529085872576177,0.12875774337373366,0.2618239740777899,564,2888,0.05813953488372093,0,0.4168097577683138,5,86,NA,NA,NA,0,68,NA
06,000,CA,California,06000,0.20636190679397592,0.19138519310408755,0.2213386204838643,23212,112482,0.19353041755963205,0.1909812691732505,0.19607956594601358,850476,4394534,0.08008660658895746,0.07751598642064056,0.08265722675727435,156980,1960128,0.25746528151191217,0.2481926971342526,0.2667378658895717,107733,418437,0.0970787906876929,0.09357122898322626,0.10058635239215954,107663,1109027,NA
06,001,CA,Alameda County,06001,0.09267376330619913,0.04029314870569926,0.145054377906699,296,3194,0.12636948237535725,0.11448816321401421,0.13825080153670027,12734,100768,0.04239280889882094,0.030710554734559917,0.05407506306308196,2542,59963,0.23853844755499,0.20359704633664083,0.2734798487733392,6561,27505,0.04650051280008762,0.03919895312821818,0.05380207247195706,4670,100429,NA
06,003,CA,Alpine County,06003,0.3333333333333333,0.17340924322649742,0.4932574234401692,45,135,0.1111111111111111,0,0.23370321678610206,9,81,NA,NA,NA,0,114,NA,NA,NA,0,0,NA,NA,NA,0,0,NA
06,005,CA,Amador County,06005,0.2727272727272727,0,0.7518664864723255,30,110,0.017409470752089137,0,0.0388321768211966,25,1436,0.06704046806435884,0.029441373180977976,0.10463956294773971,275,4102,NA,NA,NA,0,55,NA,NA,NA,0,145,NA
06,007,CA,Butte County,06007,0.42857142857142855,0.12849732954387938,0.7286455275989777,321,749,0.334153167670257,0.28154155899871064,0.38676477634180334,3940,11791,0.12748764833541118,0.10331422086746411,0.15166107580335825,2761,21657,0.39296187683284456,0.2369721477894397,0.5489516058762494,268,682,0.34012044737596786,0.2412663660301254,0.4389745287218103,1186,3487,NA
06,009,CA,Calaveras County,06009,NA,NA,NA,68,127,0.17405951712521056,0.08119738012406216,0.26692165412635893,310,1781,0.11373011196228638,0.057315792414813965,0.1701444315097588,579,5091,NA,NA,NA,0,0,0.10689655172413794,0,0.44625331253023864,31,290,NA
06,011,CA,Colusa County,06011,NA,NA,NA,0,99,0.1313529821304247,0.07434599947889606,0.18835996478195335,566,4309,0.1347248576850095,0.03378447079659033,0.23566524457342866,142,1054,NA,NA,NA,0,84,NA,NA,NA,0,43,NA
06,013,CA,Contra Costa County,06013,0.1806822019587977,0.09112566116842055,0.2702387427491748,535,2961,0.13272772876476296,0.1182689551665533,0.14718650236297265,12171,91699,0.04896438682759648,0.03763876158684922,0.060290012068343744,3286,67110,0.18091840836012862,0.137731172144488,0.22410564457576926,3601,19904,0.07641853432942014,0.05946695178230539,0.09337011687653489,3437,44976,NA
06,015,CA,Del Norte County,06015,0.1643835616438356,0.024971909552058358,0.30379521373561286,84,511,0.2241498959056211,0.09972441829686063,0.34857537351438156,323,1441,0.13124533929903057,0.05946431404901106,0.20302636454905007,352,2682,NA,NA,NA,0,0,NA,NA,NA,0,227,NA
06,017,CA,El Dorado County,06017,0.03305785123966942,0,0.3540751421083901,4,121,0.14604831856258346,0.08656133487533318,0.20553530224983374,1203,8237,0.07244311857161939,0.054625856899554716,0.09026038024368407,1627,22459,0.009708737864077669,0,0.27193617433561196,2,206,0.007898894154818325,0,0.05503448031530593,15,1899,NA
06,019,CA,Fresno County,06019,0.31044083526682137,0.24315113702875024,0.3777305335048925,1338,4310,0.2833330540333708,0.27011274012165093,0.29655336794509063,50722,179019,0.10485581479308632,0.0843516459540252,0.12535998363214745,4647,44318,0.38046902345117256,0.3124285742175752,0.4485094726847699,4348,11428,0.21606973058637083,0.18792497645573059,0.24421448471701107,6817,31550,NA
06,021,CA,Glenn County,06021,0.07692307692307693,0,0.5455042783753126,5,65,0.19888605244836388,0.1377757681769004,0.25999633671982736,857,4309,0.2168585220943186,0.10501671881079443,0.3287003253778428,584,2693,NA,NA,NA,0,35,0.8448275862068966,0.6195185814715047,1,196,232,NA
06,023,CA,Humboldt County,06023,0.339917695473251,0.19416536628887432,0.4856700246576277,413,1215,0.21446164672765658,0.14853185282425263,0.28039144063106053,1219,5684,0.13603570100409074,0.10771148754879624,0.16435991445938525,1829,13445,NA,NA,NA,0,504,0.151268115942029,0.00989800632678281,0.29263822555727514,167,1104,NA
06,025,CA,Imperial County,06025,0.21419518377693283,0.11117615601552625,0.3172142115383394,169,789,0.253804815133276,0.2272573583692399,0.2803522718973121,11807,46520,0.15760266370699222,0.07980556779260929,0.23539975962137516,426,2703,0.15555555555555556,0,0.40661253472843223,56,360,0.10256410256410256,0,0.2391651590131092,60,585,NA
06,027,CA,Inyo County,06027,0.16359447004608296,0.0671523669950294,0.2600365730971365,71,434,0.13849154746423928,0.04115940775344201,0.23582368717503654,213,1538,0.014063656550703183,0,0.03991064132337947,19,1351,NA,NA,NA,0,43,NA,NA,NA,31,57,NA
06,029,CA,Kern County,06029,0.25433962264150944,0.16502058310338277,0.34365866217963614,674,2650,0.28532280401921206,0.2691065769830974,0.3015390310553267,48415,169685,0.16602223296278396,0.14037870217719872,0.1916657637483692,8931,53794,0.3856675587273268,0.33453732853096935,0.4367977889236842,5188,13452,0.14771426054787282,0.1018855024145808,0.19354301868116483,1677,11353,NA
06,031,CA,Kings County,06031,0.40191897654584224,0.17264567202156111,0.6311922810701234,377,938,0.24387008890163464,0.2125266150026374,0.2752135628006319,6803,27896,0.09574735782586814,0.05927665029082286,0.13221806536091343,761,7948,0.4103126714207351,0.28227240790821007,0.5383529349332601,748,1823,0.11856617647058823,0,0.25089179058978595,129,1088,NA
06,033,CA,Lake County,06033,0.3484848484848485,0.10895665677761934,0.5880130401920777,138,396,0.1991015274034142,0.13774482638735752,0.26045822841947086,1108,5565,0.1700984780662489,0.11707942663834872,0.22311752949414906,1140,6702,0.6507592190889371,0.3170610071891592,0.984457430988715,300,461,0.3289036544850498,0,0.8791726545638106,99,301,NA
06,035,CA,Lassen County,06035,0.31555555555555553,0,0.6757912910090054,71,225,0.2191380569758948,0.10335457157477534,0.33492154237701427,300,1369,0.15384615384615385,0.09774952958588153,0.2099427781064262,498,3237,NA,NA,NA,0,29,NA,NA,NA,0,370,NA
06,037,CA,Los Angeles County,06037,0.20556442251886245,0.17859599928639197,0.23253284575133293,5667,27568,0.21524481961061,0.21036147759177104,0.22012816162944898,254431,1182054,0.08226811894156097,0.07654230225313928,0.08799393562998266,26632,323722,0.2658534936646112,0.25087172847813016,0.28083525885109223,35396,133141,0.10766512096424044,0.10008234220098079,0.11524789972750009,24797,230316,NA
06,039,CA,Madera County,06039,0.3463157894736842,0.06436072788149344,0.628270851065875,329,950,0.3199814843388366,0.28745601696339684,0.3525069517142764,10369,32405,0.11090174966352624,0.06862836830335967,0.15317513102369282,824,7430,0.05343511450381679,0,0.15029197265004066,35,655,0.3468715697036224,0.14835405320556622,0.5453890862016786,316,911,NA
06,041,CA,Marin County,06041,0.3306122448979592,0,0.7421516712182137,162,490,0.21646891926747486,0.17236607346080374,0.260571765074146,3357,15508,0.027931830142088006,0.017405643400895593,0.03845801688328042,690,24703,0.4854771784232365,0.22766776197017818,0.7432865948762948,468,964,0.04961173425366695,0.003960532422309787,0.09526293608502412,115,2318,NA
06,043,CA,Mariposa County,06043,NA,NA,NA,0,20,0.2094017094017094,0.09107710682677507,0.32772631197664376,147,702,0.12831618841364376,0.041891991965889594,0.2147403848613979,237,1847,NA,NA,NA,0,0,NA,NA,NA,14,22,NA
06,045,CA,Mendocino County,06045,0.1845949535192563,0.09103643377999808,0.2781534732585145,139,753,0.16896510372946397,0.11245326112104027,0.22547694633788767,1409,8339,0.14524845129827335,0.09777572101518313,0.1927211815813636,1102,7587,NA,NA,NA,73,175,0.09230769230769231,0,0.7033618842807952,12,130,NA
06,047,CA,Merced County,06047,0.4052757793764988,0.08730778772539305,0.7232437710276045,507,1251,0.25978215681383554,0.23707259010674678,0.2824917235209243,15622,60135,0.21557835042948878,0.16628039720651783,0.26487630365245973,2585,11991,0.655367231638418,0.5296409215135803,0.7810935417632557,1160,1770,0.3377388819432041,0.24383814917868163,0.4316396147077266,1891,5599,NA
06,049,CA,Modoc County,06049,0.1,0,0.2370782490252086,5,50,0.08290155440414508,0,0.2132004141396211,32,386,0.3055295220243674,0.08604917937347614,0.5250098646752587,326,1067,NA,NA,NA,0,0,NA,NA,NA,0,5,NA
06,051,CA,Mono County,06051,NA,NA,NA,1,17,0.13843175217812198,0.04879125208504448,0.22807225227119948,143,1033,0.02509293680297398,0,0.0807357320598417,27,1076,NA,NA,NA,0,0,NA,NA,NA,0,64,NA
06,053,CA,Monterey County,06053,0.05055292259083728,0,0.12014853309661613,32,633,0.20092203077277704,0.18268458966912227,0.2191594718764318,17433,86765,0.05703916735141057,0.03507804540473297,0.07900028929808817,833,14604,0.1592489568845619,0.05258718005111784,0.26591073371800594,229,1438,0.1874562835159711,0.11498168021472538,0.2599308868172168,804,4289,NA
06,055,CA,Napa County,06055,0.6395348837209303,0.2564064730272297,1,220,344,0.14329948873046736,0.10454943580218434,0.18204954165875037,1990,13887,0.0525158452981503,0.029114945697679157,0.07591674489862145,406,7731,0.1194331983805668,0,0.2545840721783058,59,494,0.038995726495726496,0,0.09575763602203927,73,1872,NA
06,057,CA,Nevada County,06057,0.0625,0,0.41197481493892474,7,112,0.20626029654036243,0.1278775017426807,0.28464309133804416,626,3035,0.09451653411469234,0.06511245223557453,0.12392061599381014,1129,11945,NA,NA,NA,0,0,NA,NA,NA,0,144,NA
06,059,CA,Orange County,06059,0.14128895184135978,0.09242301774186452,0.19015488594085506,798,5648,0.15293173635297738,0.14369769647996827,0.1621657762259865,44217,289129,0.04855281402108268,0.041840188383821045,0.05526543965834431,8369,172369,0.19837010534684954,0.13292212601720776,0.2638180846764913,1996,10062,0.08833165806011034,0.07699495527787424,0.09966836084234644,11512,130327,NA
06,061,CA,Placer County,06061,0.06340057636887608,0,0.2566821328690352,22,347,0.09442104181650056,0.0721142442205656,0.11672783941243552,1838,19466,0.047557319938426636,0.036400999337361406,0.058713640539491865,2348,49372,0.24976700838769805,0.060164487658337096,0.439369529117059,268,1073,0.03763036232663154,0.009609168065957793,0.06565155658730529,350,9301,NA
06,063,CA,Plumas County,06063,NA,NA,NA,0,197,0.05602716468590832,0,0.13079408538391712,33,589,0.1732181425485961,0.06218412235666543,0.2842521627405268,401,2315,NA,NA,NA,0,66,NA,NA,NA,0,9,NA
06,065,CA,Riverside County,06065,0.18121847109041522,0.13898189472456957,0.22345504745626088,1401,7731,0.1504839179257784,0.14158116608516574,0.15938666976639104,55306,367521,0.08253524428222214,0.07207626151743993,0.09299422704700436,9859,119452,0.16612454905671536,0.1378874445669274,0.19436165354650334,5618,33818,0.10164960182025029,0.08150601936538023,0.12179318427512036,3574,35160,NA
06,067,CA,Sacramento County,06067,0.12898443291326908,0.06682801951605466,0.1911408463104835,522,4047,0.17970326615103457,0.16433884149566916,0.1950676908064,20748,115457,0.09284738899091209,0.08012693056924251,0.10556784741258167,9859,106185,0.26134119380987475,0.22522921364108733,0.29745317397866217,8866,33925,0.1896590083208496,0.17044486502274317,0.208873151618956,12787,67421,NA
06,069,CA,San Benito County,06069,NA,NA,NA,0,295,0.10928600907965333,0.0768542307924669,0.14171778736683976,1324,12115,0.0044011317195850365,0,0.02292823567924975,14,3181,NA,NA,NA,0,29,0.04777070063694268,0,0.18366436067891395,30,628,NA
06,071,CA,San Bernardino County,06071,0.17727650152228067,0.11730140141280543,0.2372516016317559,1281,7226,0.18426109094418128,0.17491606138986132,0.19360612049850123,64922,352337,0.10319388708702106,0.08932085986922064,0.11706691430482147,9386,90955,0.3545062676509934,0.3166935855462589,0.3923189497557279,14310,40366,0.1322953238691294,0.11189111672939688,0.15269953100886194,5200,39306,NA
06,073,CA,San Diego County,06073,0.17149890590809627,0.10583488994151644,0.2371629218746761,1254,7312,0.1546571748273334,0.1448546194635455,0.1644597301911213,48099,311004,0.07856295543128283,0.0700642078004292,0.08706170306213647,16226,206535,0.220882162014418,0.19148237975339805,0.25028194427543793,6465,29269,0.07112647299031619,0.06035190013062214,0.08190104585001023,4877,68568,NA
06,075,CA,San Francisco County,06075,0.42176258992805754,0.12176097950639381,0.7217642003497213,469,1112,0.15522556390977443,0.12447686835535993,0.18597425946418894,4129,26600,0.02216057333465438,0.014272259011292613,0.030048887658016145,671,30279,0.2897822445561139,0.21602509813531545,0.36353939097691235,1730,5970,0.07888881617695177,0.061760587053578765,0.09601704530032479,2411,30562,NA
06,077,CA,San Joaquin County,06077,0.10932370321733421,0.042460589169252286,0.17618681726541613,333,3046,0.18517900358841693,0.1705323269026631,0.19982568027417077,19971,107847,0.12173633064044023,0.09985423374084175,0.14361842754003873,4159,34164,0.21790094705791027,0.17398476104067634,0.2618171330751442,2807,12882,0.13785132650380877,0.11406776613998441,0.1616348868676331,5248,38070,NA
06,079,CA,San Luis Obispo County,06079,0.21996879875195008,0,0.4641156563377487,141,641,0.17297948126222845,0.13599528726192817,0.20996367526252874,3448,19933,0.07744239731695632,0.058493521095115665,0.09639127353879698,1778,22959,NA,NA,NA,0,175,0.10895660203139428,0.0037447393298842835,0.21416846473290427,118,1083,NA
06,081,CA,San Mateo County,06081,0.2453617810760668,0.1334606667745712,0.3572628953775624,529,2156,0.09971196763483653,0.08193774867917852,0.11748618659049453,4535,45481,0.02690258853762347,0.01788061565461789,0.03592456142062905,1005,37357,0.090625,0.03633759827052255,0.14491240172947745,203,2240,0.05217263508548474,0.0370627778440231,0.06728249232694639,2130,40826,NA
06,083,CA,Santa Barbara County,06083,0.4187853107344633,0.2913459662613924,0.5462246552075342,1186,2832,0.22717775272453963,0.20682526556736944,0.24753023988170983,15113,66525,0.0645072109846565,0.048311247903120094,0.08070317406619291,1400,21703,0.012359550561797753,0,0.07690711456761373,11,890,0.08593208593208593,0.027552153891759135,0.14431201797241272,248,2886,NA
06,085,CA,Santa Clara County,06085,0.09550419100838202,0.0590946110501037,0.13191377096666035,376,3937,0.12005738790439553,0.10807016129634489,0.13204461451244617,15230,126856,0.032894827467456436,0.025229901831903982,0.04055975310300889,2388,72595,0.12828695430176154,0.07388850698460991,0.18268540161891317,1005,7834,0.04660785331257568,0.03930256698174568,0.053913139643405675,6736,144525,NA
06,087,CA,Santa Cruz County,06087,0.11864406779661017,0.032878623310179544,0.2044095122830408,105,885,0.16794186627705796,0.13916668956730133,0.19671704298681458,4368,26009,0.05801903843836607,0.032730436708959074,0.08330764016777306,963,16598,NA,NA,NA,0,84,0.09627611262488647,0,0.20244316596771722,106,1101,NA
06,089,CA,Shasta County,06089,0.29763779527559053,0.12267241154844213,0.47260317900273896,189,635,0.2311457855285299,0.1659638198923164,0.2963277511647434,1511,6537,0.09167574547068555,0.07312524007310073,0.11022625086827037,2272,24783,0.4981549815498155,0.014014971605711135,0.9822949914939199,135,271,0.18713826366559486,0.02638688976163811,0.3478896375695516,291,1555,NA
06,091,CA,Sierra County,06091,NA,NA,NA,0,0,NA,NA,NA,0,29,NA,NA,NA,0,289,NA,NA,NA,0,0,NA,NA,NA,0,0,NA
06,093,CA,Siskiyou County,06093,0.2558139534883721,0.11364235478407067,0.3979855521926735,99,387,0.1222637479978644,0.07462919837747913,0.16989829761824965,229,1873,0.19959718026183282,0.14141432568062615,0.2577800348430395,991,4965,0.07971014492753623,0,0.3567353429818827,11,138,0.43352601156069365,0.12590845956458346,0.7411435635568038,75,173,NA
06,095,CA,Solano County,06095,0.053738317757009345,0,0.13213339994609263,46,856,0.1593660302009235,0.13403944567381454,0.18469261472803244,6385,40065,0.0664946034725481,0.04514690987226545,0.08784229707283074,1417,21310,0.24628084179970972,0.20042253414503128,0.2921391494543881,2715,11024,0.048806253961546586,0.025061542889219742,0.07255096503387343,693,14199,NA
06,097,CA,Sonoma County,06097,0.22448979591836735,0.09491043716730821,0.35406915466942646,286,1274,0.1343586835825832,0.11119828263552792,0.1575190845296385,5687,42327,0.05469964664310954,0.040468009087650435,0.06893128419856866,1935,35375,0.17194570135746606,0.06523933489994707,0.2786520678149851,228,1326,0.09107468123861566,0.0340988013927973,0.148050561084434,350,3843,NA
06,099,CA,Stanislaus County,06099,0.09480269489894129,0.04510189729202213,0.14450349250586045,197,2078,0.2011219821684977,0.18321163611186606,0.21903232822512933,18069,89841,0.12149080348499516,0.09559551287294406,0.14738609409704628,4267,35122,0.14595867120062778,0.05794271864107724,0.2339746237601783,558,3823,0.1912057069348614,0.14519143703821247,0.23721997683151036,1635,8551,NA
06,101,CA,Sutter County,06101,0.10450819672131148,0,0.21279734922591514,51,488,0.26483679525222553,0.20910077452572814,0.3205728159787229,2856,10784,0.09894796701734433,0.05752836789327389,0.14036756614141477,696,7034,0.6879562043795621,0.2723329546961784,1,377,548,0.19091348477525374,0.0955212742664748,0.2863056952840327,790,4138,NA
06,103,CA,Tehama County,06103,0.0514018691588785,0,0.17259608816217598,22,428,0.2593195266272189,0.19876762303460777,0.31987143021983006,1753,6760,0.19040114613180517,0.12897288947588662,0.2518294027877237,1329,6980,NA,NA,NA,0,262,0.028169014084507043,0,0.24181524083404934,12,426,NA
06,105,CA,Trinity County,06105,NA,NA,NA,0,61,0.2388663967611336,0,0.5796957592903246,59,247,0.27596899224806204,0.16776829211167116,0.3841696923844529,534,1935,NA,NA,NA,0,0,NA,NA,NA,0,0,NA
06,107,CA,Tulare County,06107,0.22563652326602282,0.11733003107486917,0.3339430154571765,514,2278,0.26819812413586935,0.25199848779314965,0.28439776047858906,28709,107044,0.14155568088152357,0.10987930339617241,0.17323205836687472,3263,23051,0.4478337754199823,0.34722803050010853,0.5484395203398561,1013,2262,0.15318784766795038,0.09666132638895067,0.20971436894695009,716,4674,NA
06,109,CA,Tuolumne County,06109,0.04827586206896552,0,0.4407651605625688,7,145,0.14518674381904262,0.054150532413119,0.23622295522496622,276,1901,0.07884525841999068,0.0402990715585153,0.11739144528146606,508,6443,NA,NA,NA,11,11,0.13225806451612904,0,0.34220504502761984,41,310,NA
06,111,CA,Ventura County,06111,0.3872759404190861,0.30263690925844433,0.47191497157972784,1534,3961,0.17676971973418087,0.1612969496652595,0.19224248980310224,18354,103830,0.061000118217283364,0.047055925871033216,0.07494431056353351,3096,50754,0.1173202614379085,0.05400066969342324,0.18063985318239376,359,3060,0.02820860798759209,0.015216467015365233,0.04120074895981895,291,10316,NA
06,113,CA,Yolo County,06113,0.06787330316742081,0.014304106123434392,0.12144250021140723,45,663,0.14580221093516582,0.10753507399896191,0.18406934787136975,2928,20082,0.07589352474951398,0.05125019996465424,0.10053684953437372,1015,13374,0.33192923336141533,0.18855368158512906,0.4753047851377016,394,1187,0.10055096418732783,0.06058381680783008,0.1405181115668256,511,5082,NA
06,115,CA,Yuba County,06115,0.16193656093489148,0.03180895326462532,0.2920641686051576,97,599,0.23360838537020517,0.17600078150102524,0.2912159892393851,2095,8968,0.19152661064425772,0.12556015992230898,0.2574930613662064,1641,8568,0.2539432176656151,0.03337429966570554,0.4745121356655247,161,634,0.1806510774873911,0.08276670799996161,0.2785354469748206,394,2181,NA
08,000,CO,Colorado,08000,0.2477182896155228,0.20069418319098153,0.2947423960400641,3447,13915,0.177179232605251,0.16892326933289098,0.18543519587761104,70669,398856,0.063243357602230807,0.059710051826250755,0.06677666337821085,39758,628651,0.2486239032099842,0.22253502393171742,0.274712782488251,13686,55047,0.08098931735998012,0.062323185207185744,0.0996554495127745,2934,36227,NA
08,001,CO,Adams County,08001,0.3387171204430088,0.1271663914788713,0.5502678494071462,734,2167,0.16869910181731831,0.14694745705431528,0.19045074658032135,12077,71589,0.06550756879624704,0.050181853340237614,0.08083328425225647,2709,41354,0.3468019568762457,0.2340925443135029,0.4595113694389885,1914,5519,0.16159404423034815,0.09131690224828266,0.23187118621241365,738,4567,NA
08,003,CO,Alamosa County,08003,NA,NA,NA,0,213,0.19448094612352168,0.0965665100911108,0.2923953821559326,444,2283,0.1594707520891365,0.06954089824900238,0.2494006059292706,229,1436,NA,NA,NA,0,59,NA,NA,NA,0,0,NA
08,005,CO,Arapahoe County,08005,0.19133574007220217,0.07037786783824247,0.31229361230616187,265,1385,0.15528329445619238,0.1298015099507684,0.18076507896161637,7123,45871,0.0549147731960464,0.044674436398552037,0.06515510999354077,3328,60603,0.24068451559481094,0.199527147888793,0.2818418833008289,4360,18115,0.08718487394957983,0.0398886835769289,0.13448106432223075,747,8568,NA
08,007,CO,Archuleta County,08007,0.04265402843601896,0,0.18175651651419616,9,211,0.12262773722627737,0.028695002713335888,0.21656047173921886,84,685,0.06925795053003533,0.008973114956623542,0.12954278610344713,98,1415,NA,NA,NA,0,0,NA,NA,NA,0,24,NA
08,009,CO,Baca County,08009,NA,NA,NA,0,2,NA,NA,NA,0,126,0.3262786596119929,0.1683580774488088,0.48419924177517704,185,567,NA,NA,NA,0,0,NA,NA,NA,0,22,NA
08,011,CO,Bent County,08011,NA,NA,NA,9,15,0.6997319034852547,0.3734738353543169,1,261,373,0.4049079754601227,0.18278975886956797,0.6270261920506774,132,326,NA,NA,NA,0,0,NA,NA,NA,0,0,NA
08,013,CO,Boulder County,08013,0.3416666666666667,0,0.7824994904698935,41,120,0.11681403206095896,0.07817768922626,0.1554503748956579,1625,13911,0.05616674679713793,0.04293153461409039,0.06940195898018546,1986,35359,0.05089058524173028,0,0.21697829377998717,20,393,0.03781321184510251,0,0.10362483896261526,83,2195,NA
08,014,CO,Broomfield County,08014,NA,NA,NA,0,66,0.14888743455497383,0.09160522553707319,0.20616964357287448,455,3056,0.04462333532100974,0.01750112219799481,0.07174554844402467,449,10062,NA,NA,NA,18,66,0.05267702936096719,0,0.14216196575339252,61,1158,NA
08,015,CO,Chaffee County,08015,NA,NA,NA,0,10,0.08208955223880597,0,0.1749887457993171,33,402,0.06792452830188679,0.004042886254255973,0.1318061703495176,162,2385,NA,NA,NA,0,0,NA,NA,NA,0,2,NA
08,017,CO,Cheyenne County,08017,NA,NA,NA,0,0,NA,NA,NA,0,41,0.07766990291262135,0.018693248855722135,0.13664655696952058,24,309,NA,NA,NA,0,0,NA,NA,NA,0,0,NA
08,019,CO,Clear Creek County,08019,NA,NA,NA,0,0,NA,NA,NA,0,248,0.04721030042918455,0,0.10423451619342827,44,932,NA,NA,NA,0,0,NA,NA,NA,0,32,NA
08,021,CO,Conejos County,08021,NA,NA,NA,0,26,0.11560693641618497,0.04432938337177139,0.18688448946059855,100,865,0.13664596273291926,0.044356766353259774,0.22893515911257875,132,966,NA,NA,NA,0,10,NA,NA,NA,0,2,NA
08,023,CO,Costilla County,08023,NA,NA,NA,11,11,0.3139240506329114,0.11132647732713613,0.5165216239386867,124,395,NA,NA,NA,0,224,NA,NA,NA,0,36,NA,NA,NA,0,0,NA
08,025,CO,Crowley County,08025,NA,NA,NA,0,5,0.34913793103448276,0.18937730031341168,0.5088985617555538,81,232,0.15760869565217392,0.053485705508492534,0.2617316857958553,58,368,NA,NA,NA,34,34,NA,NA,NA,0,15,NA
08,027,CO,Custer County,08027,NA,NA,NA,0,0,NA,NA,NA,0,53,0.07496012759170653,0.022310836567386617,0.12760941861602645,47,627,NA,NA,NA,0,0,NA,NA,NA,0,0,NA
08,029,CO,Delta County,08029,NA,NA,NA,0,92,0.22922848664688428,0.08759115114851548,0.3708658221452531,309,1348,0.180622009569378,0.12428308271275793,0.23696093642599805,755,4180,NA,NA,NA,0,62,NA,NA,NA,0,14,NA
08,031,CO,Denver County,08031,0.4007398273736128,0.28311288542558344,0.5183667693216422,650,1622,0.2183497116576541,0.19329028270423015,0.24340914061107805,12154,55663,0.04466466927863563,0.03165316113850727,0.057676177418764,1938,43390,0.31543977369909876,0.26013431385832964,0.3707452335398679,4795,15201,0.1713527851458886,0.09755518246709473,0.24515038782468246,646,3770,NA
08,033,CO,Dolores County,08033,NA,NA,NA,0,0,NA,NA,NA,84,84,0.45064377682403434,0.23809787849651862,0.66318967515155,105,233,NA,NA,NA,0,0,NA,NA,NA,0,0,NA
08,035,CO,Douglas County,08035,NA,NA,NA,0,371,0.04497955474784189,0.02353064426894449,0.06642846522673929,495,11005,0.026984710261858735,0.019405727821025964,0.0345636927026915,1689,62591,0.1681087762669963,0,0.3712020538435207,136,809,0.01462632738930074,0,0.033848918817045943,73,4991,NA
08,037,CO,Eagle County,08037,NA,NA,NA,0,0,0.16214610968125123,0.07494231036869432,0.24934990899380816,819,5051,0.05326424870466321,0.00541329511994873,0.10111520228937769,257,4825,NA,NA,NA,0,19,NA,NA,NA,0,130,NA
08,039,CO,Elbert County,08039,NA,NA,NA,0,13,0.06064516129032258,0,0.13034876547821211,47,775,0.05321810325221742,0.026438247852848668,0.07999795865158618,234,4397,NA,NA,NA,7,32,NA,NA,NA,0,95,NA
08,041,CO,El Paso County,08041,0.25380178290508654,0.14729231071978413,0.36031125509038897,484,1907,0.1631549222347728,0.13560155322712952,0.19070829124241606,7511,46036,0.07637526979501057,0.0630254063051267,0.08972513328489444,6971,91273,0.0979263923569645,0.05721807502498398,0.13863470968894503,902,9211,0.038318912237330034,0.009201728972870759,0.0674360955017893,155,4045,NA
08,043,CO,Fremont County,08043,NA,NA,NA,0,24,0.09175084175084175,0,0.20025943665885937,109,1188,0.18298502550600626,0.12139147041602763,0.2445785805959849,1112,6077,NA,NA,NA,0,112,NA,NA,NA,0,76,NA
08,045,CO,Garfield County,08045,NA,NA,NA,0,4,0.07835195530726256,0.03292334042403729,0.12378057019048784,561,7160,0.05331962397179788,0.022242886148983544,0.08439636179461221,363,6808,0.14285714285714285,0,0.566176601179734,23,161,0.07692307692307693,0,0.5693531584734002,14,182,NA
08,047,CO,Gilpin County,08047,NA,NA,NA,0,0,NA,NA,NA,0,148,0.2473919523099851,0,0.5913462406719695,166,671,NA,NA,NA,0,0,NA,NA,NA,0,0,NA
08,049,CO,Grand County,08049,NA,NA,NA,0,123,NA,NA,NA,0,498,0.08489993935718618,0,0.1769543931497965,140,1649,NA,NA,NA,0,0,NA,NA,NA,0,28,NA
08,051,CO,Gunnison County,08051,NA,NA,NA,0,0,0.7178899082568807,0.4020435502440863,1,313,436,0.051,0.005441462501698371,0.09655853749830162,102,2000,NA,NA,NA,205,205,NA,NA,NA,0,4,NA
08,053,CO,Hinsdale County,08053,NA,NA,NA,0,16,NA,NA,NA,0,0,NA,NA,NA,0,153,NA,NA,NA,0,0,NA,NA,NA,0,0,NA
08,055,CO,Huerfano County,08055,NA,NA,NA,0,0,0.48653846153846153,0.28388326061790037,0.6891936624590227,253,520,0.12114989733059549,0,0.2742569914287293,59,487,NA,NA,NA,0,0,NA,NA,NA,0,0,NA
08,057,CO,Jackson County,08057,NA,NA,NA,0,0,NA,NA,NA,0,40,0.40625,0.06156048551940879,0.7509395144805913,78,192,NA,NA,NA,0,0,NA,NA,NA,0,0,NA
08,059,CO,Jefferson County,08059,0.0686641697877653,0,0.16616151180561617,55,801,0.16863278282081018,0.13736864492048043,0.19989692072113993,4217,25007,0.03210688711649298,0.025176210802036636,0.03903756343094933,2206,68708,0.39932203389830506,0.19751544918451425,0.6011286186120959,589,1475,0.06909224549797868,0.021757516913423536,0.11642697408253383,188,2721,NA
08,061,CO,Kiowa County,08061,NA,NA,NA,0,0,0.2459016393442623,0,0.5934825028652058,15,61,0.03862660944206009,0,0.088891705314315,9,233,NA,NA,NA,0,0,NA,NA,NA,0,0,NA
08,063,CO,Kit Carson County,08063,NA,NA,NA,0,0,0.0843806104129264,0,0.2102002845665722,47,557,0.07093425605536333,0.019132619822469485,0.12273589228825717,82,1156,NA,NA,NA,0,0,NA,NA,NA,0,0,NA
08,065,CO,Lake County,08065,NA,NA,NA,0,0,0.1437216338880484,0,0.31082782977524404,95,661,0.018691588785046728,0,0.08166230132549658,12,642,NA,NA,NA,0,0,NA,NA,NA,0,0,NA
08,067,CO,La Plata County,08067,0.1509433962264151,0.009464435314259473,0.2924223571385707,72,477,0.2959280303030303,0.20613006808310697,0.3857259925229536,625,2112,0.12375601926163723,0.07785535019761085,0.1696566883256636,771,6230,NA,NA,NA,13,21,0.6197183098591549,0.2175969915281748,1,44,71,NA
08,069,CO,Larimer County,08069,NA,NA,NA,0,261,0.12212226393709712,0.0912357531086312,0.15300877476556302,1724,14117,0.07127144742630884,0.05636925643499716,0.08617363841762052,3240,45460,0.14838709677419354,0.01772956381528834,0.27904462973309874,115,775,0.0629575402635432,0,0.13569566065486566,86,1366,NA
08,071,CO,Las Animas County,08071,0.5154639175257731,0.1616680518209137,0.8692597832306326,100,194,0.4,0.2761120111233011,0.523887988876699,512,1280,0.09585253456221199,0.03150765596016661,0.16019741316425737,104,1085,0.2903225806451613,0,0.7566730180437669,18,62,NA,NA,NA,0,9,NA
08,073,CO,Lincoln County,08073,NA,NA,NA,0,0,0.25287356321839083,0,0.8382303246740078,22,87,0.06447534766118837,0.01538574598273696,0.11356494933963979,51,791,NA,NA,NA,0,0,NA,NA,NA,0,0,NA
08,075,CO,Logan County,08075,NA,NA,NA,0,0,0.17873303167420815,0,0.3651660359725555,158,884,0.23366927958193356,0.15134179879384763,0.3159967603700195,626,2679,NA,NA,NA,0,39,NA,NA,NA,16,16,NA
08,077,CO,Mesa County,08077,0.21904761904761905,0,0.5314556979789806,92,420,0.17470817120622567,0.11646713713517881,0.23294920527727253,1347,7710,0.08948824343015215,0.06354116485790873,0.11543532200239556,1941,21690,0.1388888888888889,0,0.5944753167875099,20,144,NA,NA,NA,0,223,NA
08,079,CO,Mineral County,08079,NA,NA,NA,0,0,NA,NA,NA,0,0,NA,NA,NA,0,44,NA,NA,NA,0,0,NA,NA,NA,0,0,NA
08,081,CO,Moffat County,08081,NA,NA,NA,0,15,0.0675,0,0.15080865265422325,54,800,0.03349282296650718,0,0.06870524279226248,70,2090,NA,NA,NA,0,0,NA,NA,NA,0,9,NA
08,083,CO,Montezuma County,08083,0.36755823986194996,0.22971203710315702,0.5054044426207429,426,1159,0.16449086161879894,0.024443739633824985,0.30453798360377293,189,1149,0.08914996544574982,0.01636438494527294,0.16193554594622672,258,2894,NA,NA,NA,12,12,NA,NA,NA,0,19,NA
08,085,CO,Montrose County,08085,NA,NA,NA,0,72,0.2634321068056008,0.13544060585312326,0.3914236077580784,809,3071,0.10056851597725935,0.056671108892720735,0.14446592306179798,513,5101,NA,NA,NA,0,0,NA,NA,NA,1,7,NA
08,087,CO,Morgan County,08087,0.3346613545816733,0,0.7903015375518393,84,251,0.26100547017452463,0.1680222333343282,0.35398870701472107,1002,3839,0.11710323574730354,0.0650735538401202,0.16913291765448688,380,3245,NA,NA,NA,0,41,NA,NA,NA,0,23,NA
08,089,CO,Otero County,08089,0.78125,0.28210850416549266,1,150,192,0.5369156837046746,0.4361531852993623,0.6376781821099868,1229,2289,0.14234234234234233,0.07354175355844857,0.2111429311262361,237,1665,NA,NA,NA,0,39,NA,NA,NA,4,27,NA
08,091,CO,Ouray County,08091,NA,NA,NA,0,0,NA,NA,NA,0,71,0.02529182879377432,0,0.07686213081908361,13,514,NA,NA,NA,0,48,NA,NA,NA,0,3,NA
08,093,CO,Park County,08093,NA,NA,NA,0,0,0.05362776025236593,0,0.22744600997220907,17,317,0.04242110708742887,0.0013793750052401577,0.08346283916961758,82,1933,NA,NA,NA,0,0,NA,NA,NA,0,9,NA
08,095,CO,Phillips County,08095,NA,NA,NA,0,36,0.4172661870503597,0.19176529620407362,0.6427670778966459,174,417,0.07390648567119155,0.03452417827105062,0.1132887930713325,49,663,NA,NA,NA,0,0,NA,NA,NA,0,2,NA
08,097,CO,Pitkin County,08097,NA,NA,NA,0,0,0.1655773420479303,0,0.47688294796069464,76,459,0.03262642740619902,0,0.07402051113974614,60,1839,NA,NA,NA,0,29,NA,NA,NA,6,35,NA
08,099,CO,Prowers County,08099,NA,NA,NA,0,79,0.25498489425981874,0.12900350925070758,0.3809662792689299,422,1655,0.1728395061728395,0.08469958280585468,0.26097942953982434,224,1296,NA,NA,NA,0,83,NA,NA,NA,0,0,NA
08,101,CO,Pueblo County,08101,0.2183206106870229,0.11315029445989368,0.32349092691415215,143,655,0.22341251358484707,0.1836569289313435,0.26316809823835063,4317,19323,0.1107281344248169,0.08082564857784233,0.14063062027179146,1542,13926,0.23929961089494164,0.04889502254463071,0.4297041992452526,123,514,0.09866666666666667,0,0.33863089592399903,37,375,NA
08,103,CO,Rio Blanco County,08103,NA,NA,NA,0,1,NA,NA,NA,0,205,0.15063829787234043,0.06432484877844732,0.23695174696623353,177,1175,NA,NA,NA,0,0,NA,NA,NA,0,0,NA
08,105,CO,Rio Grande County,08105,NA,NA,NA,0,52,0.280517380759903,0.15696513130517808,0.40406963021462794,347,1237,0.17817371937639198,0.08341378680045455,0.27293365195232944,160,898,NA,NA,NA,0,5,NA,NA,NA,0,0,NA
08,107,CO,Routt County,08107,NA,NA,NA,0,68,0.1134020618556701,0,0.2505159676059164,77,679,0.020969405293915434,0.005439444680442305,0.03649936590738856,61,2909,NA,NA,NA,0,0,NA,NA,NA,0,2,NA
08,109,CO,Saguache County,08109,NA,NA,NA,13,13,0.22427035330261136,0.07077278555988731,0.3777679210453354,146,651,0.11136890951276102,0,0.24856880663397127,48,431,NA,NA,NA,9,9,NA,NA,NA,0,0,NA
08,111,CO,San Juan County,08111,NA,NA,NA,0,0,NA,NA,NA,30,30,NA,NA,NA,0,56,NA,NA,NA,0,0,NA,NA,NA,0,0,NA
08,113,CO,San Miguel County,08113,NA,NA,NA,0,0,0.7547169811320755,0.24500438688021764,1,360,477,0.009698275862068966,0,0.03853976394417259,9,928,NA,NA,NA,0,0,NA,NA,NA,0,0,NA
08,115,CO,Sedgwick County,08115,NA,NA,NA,0,0,0.1317365269461078,0,0.3211896372914447,22,167,0.14144736842105263,0.02594261283256838,0.2569521240095369,43,304,NA,NA,NA,0,0,NA,NA,NA,13,13,NA
08,117,CO,Summit County,08117,NA,NA,NA,0,16,0.263395375070502,0.09641848602959785,0.4303722641114061,467,1773,0.0260008254230293,0,0.06203368554222313,63,2423,NA,NA,NA,0,8,NA,NA,NA,0,125,NA
08,119,CO,Teller County,08119,NA,NA,NA,0,0,0.02697841726618705,0,0.12057267675546209,15,556,0.12175204157386786,0.055203356876274506,0.18830072627146122,328,2694,NA,NA,NA,0,44,NA,NA,NA,0,4,NA
08,121,CO,Washington County,08121,NA,NA,NA,0,12,0.13368983957219252,0,0.26798540196166404,25,187,0.07888349514563107,0.010508334686839801,0.14725865560442236,65,824,NA,NA,NA,0,11,NA,NA,NA,0,0,NA
08,123,CO,Weld County,08123,0.14769647696476965,0,0.3055677133210398,109,738,0.17963870606357654,0.15045487150908005,0.20882254061807304,6414,35705,0.061514441842310696,0.0477178790276944,0.07531100465692699,2758,44835,0.2279951100244499,0.07982649793377475,0.37616372211512505,373,1636,NA,NA,NA,0,1226,NA
08,125,CO,Yuma County,08125,NA,NA,NA,0,0,0.5261885576148267,0.3519688317233405,0.700408283506313,653,1241,0.016771488469601678,0,0.04456698484607903,24,1431,NA,NA,NA,0,8,NA,NA,NA,22,22,NA
09,000,CT,Connecticut,09000,0.2057829515583928,0.14928849087860366,0.26227741223818196,548,2663,0.24626596398859588,0.23215045556533265,0.2603814724118591,48458,196771,0.05568082816583816,0.051144691876597884,0.06021696445507843,19557,351234,0.24467151900234713,0.22295917310993252,0.26638386489476173,20640,84358,0.1025926338043841,0.08005883999558762,0.1251264276131806,3688,35948,NA
09,001,CT,Fairfield County,09001,NA,NA,NA,NA,NA,NA,NA,NA,NA,NA,NA,NA,NA,NA,NA,NA,NA,NA,NA,NA,NA,NA,NA,NA,NA,U
09,003,CT,Hartford County,09003,NA,NA,NA,NA,NA,NA,NA,NA,NA,NA,NA,NA,NA,NA,NA,NA,NA,NA,NA,NA,NA,NA,NA,NA,NA,U
09,005,CT,Litchfield County,09005,NA,NA,NA,NA,NA,NA,NA,NA,NA,NA,NA,NA,NA,NA,NA,NA,NA,NA,NA,NA,NA,NA,NA,NA,NA,U
09,007,CT,Middlesex County,09007,NA,NA,NA,NA,NA,NA,NA,NA,NA,NA,NA,NA,NA,NA,NA,NA,NA,NA,NA,NA,NA,NA,NA,NA,NA,U
09,009,CT,New Haven County,09009,NA,NA,NA,NA,NA,NA,NA,NA,NA,NA,NA,NA,NA,NA,NA,NA,NA,NA,NA,NA,NA,NA,NA,NA,NA,U
09,011,CT,New London County,09011,NA,NA,NA,NA,NA,NA,NA,NA,NA,NA,NA,NA,NA,NA,NA,NA,NA,NA,NA,NA,NA,NA,NA,NA,NA,U
09,013,CT,Tolland County,09013,NA,NA,NA,NA,NA,NA,NA,NA,NA,NA,NA,NA,NA,NA,NA,NA,NA,NA,NA,NA,NA,NA,NA,NA,NA,U
09,015,CT,Windham County,09015,NA,NA,NA,NA,NA,NA,NA,NA,NA,NA,NA,NA,NA,NA,NA,NA,NA,NA,NA,NA,NA,NA,NA,NA,NA,U
09,110,CT,Capitol Planning Region,09110,0.27389705882352944,0.2175474870499363,0.33024663059712256,149,544,0.2545278201144079,0.22990494474083295,0.2791506954879828,12859,50521,0.049219367259049886,0.04040395780283197,0.0580347767152678,4423,89863,0.21886048156004614,0.17800103510043708,0.2597199280196552,5881,26871,0.11090768255756638,0.0695082686230503,0.15230709649208246,1575,14201,A
09,120,CT,Greater Bridgeport Planning Region,09120,0.015151515151515152,0,0.0761515256690233,10,660,0.31869067899732295,0.2769771035781882,0.3604042544164577,7857,24654,0.04627898586375414,0.029219047802317887,0.06333892392519039,1411,30489,0.2550948699929726,0.20940551826580736,0.30078422172013786,2541,9961,0.12604363048747644,0.05833369364830729,0.1937535673266456,468,3713,A
09,130,CT,Lower Connecticut River Valley Planning Region,09130,NA,NA,NA,18,51,0.0840586918676946,0.022809820375627253,0.14530756335976194,338,4021,0.05502271580010096,0.039264876348280485,0.07078055525192142,1090,19810,0.14958158995815898,0.05640885668202379,0.2427543232342942,286,1912,0.2083712465878071,0.04595442723008669,0.3707880659455275,229,1099,A
09,140,CT,Naugatuck Valley Planning Region,09140,0.07659574468085106,0,0.32806799315738394,18,235,0.2553655874863587,0.2219482756631995,0.2887828993095179,7020,27490,0.07451940737112771,0.05795180022754205,0.09108701451471336,3043,40835,0.3405419489317353,0.2666657833732782,0.4144181144901924,3921,11514,0.06320049813200498,0.017290302852431855,0.10911069341157811,203,3212,A
09,150,CT,Northeastern Connecticut Planning Region,09150,NA,NA,NA,0,30,0.03647733194372069,7.14298074763732e-4,0.07224036581267765,70,1919,0.11284747227423304,0.0810340103881929,0.1446609341602732,1567,13886,0.296969696969697,0,0.7483067973811184,49,165,NA,NA,NA,0,176,A
09,160,CT,Northwest Hills Planning Region,09160,NA,NA,NA,0,0,0.17837507635919364,0.11466370732755836,0.2420864453908289,584,3274,0.08078726730140685,0.05414669345601844,0.10742784114679527,1137,14074,NA,NA,NA,0,669,0.014462809917355372,0,0.1938521564104024,7,484,A
09,170,CT,South Central Connecticut Planning Region,09170,0.39556962025316456,0.11952951948987828,0.6716097210164509,125,316,0.2683494242177504,0.23267951504377443,0.3040193333917263,9228,34388,0.03678165872998772,0.026630962819426434,0.046932354640549,1707,46409,0.26363434410751974,0.2187512914253475,0.308517396789692,4747,18006,0.125,0.07542341804716418,0.17457658195283582,577,4616,A
09,180,CT,Southeastern Connecticut Planning Region,09180,0.19811320754716982,0.023437050666196113,0.37278936442814353,42,212,0.303954802259887,0.24706683237075358,0.3608427721490205,4035,13275,0.08489782355873068,0.0660851789283408,0.10371046818912057,2555,30095,0.26588235294117646,0.1589568761380994,0.3728078297442535,791,2975,0.10122699386503067,0.026605718431962272,0.17584826929809907,198,1956,A
09,190,CT,Western Connecticut Planning Region,09190,0.3024390243902439,0.13056299176065775,0.47431505701983,186,615,0.1737086679738913,0.14977366802121356,0.19764366792656907,6467,37229,0.03989478965532969,0.03176004816362173,0.04802953114703765,2624,65773,0.1973137973137973,0.13679517050548384,0.25783242412211077,2424,12285,0.06639963025727931,0.029471041633324306,0.10332821888123431,431,6491,A
10,000,DE,Delaware,10000,0.546875,0.20388750509525022,0.8898624949047498,595,1088,0.2419838523644752,0.2127656055798179,0.27120209914913246,9441,39015,0.07282571689016287,0.06036425811064501,0.08528717566968073,6631,91053,0.23030130756111428,0.2058009966475704,0.25480161847465815,12153,52770,0.0852397712274527,0.044618786925299136,0.12586075552960627,775,9092,NA
10,001,DE,Kent County,10001,0.034653465346534656,0,0.22227884089009944,7,202,0.1707891637220259,0.11279234032875063,0.22878598711530118,870,5094,0.08511895965715975,0.05966385621653286,0.11057406309778664,1728,20301,0.21427394099225316,0.15285926596869534,0.27568861601581096,2600,12134,0.09049255441008018,0,0.20249424016372253,79,873,NA
10,003,DE,New Castle County,10003,0.3865546218487395,0,0.774663364173184,92,238,0.21150827465578328,0.17553811073408745,0.24747843857747912,4716,22297,0.05206307601251374,0.03824851848520433,0.06587763353982315,2463,47308,0.23073628914837124,0.19960838751427948,0.261864190782463,8082,35027,0.07961949439666406,0.03534218709587311,0.12389680169745501,611,7674,NA
10,005,DE,Sussex County,10005,0.7654320987654321,0.3364569554966006,1,496,648,0.33164143152099107,0.2647553398584217,0.39852752318356044,3855,11624,0.10407780242279474,0.0745830929436595,0.13357251190192998,2440,23444,0.26225708682474597,0.1900034241851174,0.33451074946437453,1471,5609,0.1559633027522936,0,0.34081154206951486,85,545,NA
11,000,DC,District of Columbia,11000,0.37681159420289856,0.07505054453756643,0.6785726438682307,182,483,0.14745368298576927,0.10618708517513076,0.1887202807964078,3295,22346,0.009333762471837787,0.002889109513038575,0.015778415430637,261,27963,0.3730590747788108,0.3411253182128675,0.40499283134475406,23233,62277,0.16997167138810199,0.07554669837423934,0.26439664440196464,420,2471,NA
11,001,DC,District of Columbia,11001,0.37681159420289856,0.07505054453756643,0.6785726438682307,182,483,0.14745368298576927,0.10618708517513076,0.1887202807964078,3295,22346,0.009333762471837787,0.002889109513038575,0.015778415430637,261,27963,0.3730590747788108,0.3411253182128675,0.40499283134475406,23233,62277,0.16997167138810199,0.07554669837423934,0.26439664440196464,420,2471,NA
12,000,FL,Florida,12000,0.26299131035276513,0.21520839040075374,0.3107742303047765,4570,17377,0.1888203449397796,0.18408388408867626,0.1935568057908829,263475,1395374,0.1030425786857859,0.09951436460881678,0.10657079276275501,172765,1676637,0.2715490826741531,0.26362249208032534,0.2794756732679809,221114,814269,0.09129188544758136,0.0806060077157096,0.10197776317945313,10797,118269,NA
12,001,FL,Alachua County,12001,NA,NA,NA,0,10,0.11680482290881689,0.06732285733501567,0.1662867884826181,775,6635,0.08826505918071016,0.04477854535915499,0.13175157300226534,2006,22727,0.39772887572295107,0.33575144739762214,0.45970630404828,5639,14178,0.06725380304243395,0.010246483555210371,0.12426112252965751,168,2498,NA
12,003,FL,Baker County,12003,NA,NA,NA,0,0,NA,NA,NA,0,310,0.1771682727946627,0.10196532375936748,0.25237122182995797,956,5396,NA,NA,NA,0,493,NA,NA,NA,0,39,NA
12,005,FL,Bay County,12005,0.34285714285714286,0,0.8190981248949645,48,140,0.27408513816280805,0.188945915014181,0.3592243613114351,1468,5356,0.10665893175320101,0.08094687604925474,0.1323709874571473,2574,24133,0.33692031770433,0.2515625398973711,0.4222780955112889,1315,3903,0.04333868378812199,0,0.16716702744130268,27,623,NA
12,007,FL,Bradford County,12007,NA,NA,NA,0,0,0.11174785100286533,0,0.3513839634161907,39,349,0.1156305960603735,0.06146215605248969,0.1697990360682573,452,3909,0.43064729194187584,0.16021713702628015,0.7010774468574715,326,757,NA,NA,NA,0,52,NA
12,009,FL,Brevard County,12009,NA,NA,NA,85,164,0.18714722179068924,0.1502115957935285,0.22408284778784998,3614,19311,0.10946171133295624,0.09356676833362892,0.12535665433228355,7160,65411,0.23577574243685817,0.1794546946044757,0.2920967902692406,3398,14412,0.043532858936793636,8.675995381298152e-4,0.08619811833545746,104,2389,NA
12,011,FL,Broward County,12011,0.15768725361366623,0,0.3236919710151312,120,761,0.14370091706860083,0.13062592276086926,0.1567759113763324,19634,136631,0.07526869793804142,0.06272920692865584,0.087808188947427,6786,90157,0.23847458238626115,0.22350860509153883,0.2534405596809835,33049,138585,0.0942486348485923,0.06076570371324286,0.12773156598394175,1329,14101,NA
12,013,FL,Calhoun County,12013,NA,NA,NA,0,0,0.8888888888888888,0.646503362602134,1,152,171,0.2237487733071639,0.14334723998101867,0.3041503066333091,456,2038,0.2535211267605634,0,0.523066359630282,36,142,NA,NA,NA,0,0,NA
12,015,FL,Charlotte County,12015,NA,NA,NA,0,12,0.2518518518518518,0.1772218894848513,0.32648181421885236,884,3510,0.08321414640488883,0.05618297507539992,0.11024531773437775,1280,15382,0.08008898776418243,0.006857794899847627,0.1533201806285172,144,1798,NA,NA,NA,0,217,NA
12,017,FL,Citrus County,12017,0.5725806451612904,0.1813784484849632,0.9637828418376175,71,124,0.28751914241960186,0.18928290530941896,0.3857553795297848,751,2612,0.2326417704011065,0.18459173566270604,0.280691805139507,4205,18075,0.02464788732394366,0,0.24609866334727895,7,284,NA,NA,NA,0,205,NA
12,019,FL,Clay County,12019,NA,NA,NA,0,66,0.12213216101112791,0.072367210618802,0.17189711140345382,889,7279,0.14048729911871435,0.10486328277770258,0.17611131545972614,4336,30864,0.0926076360682372,0.0178257344662332,0.1673895376702412,570,6155,0.12431318681318682,0.012103944637092648,0.236522428989281,181,1456,NA
12,021,FL,Collier County,12021,0.38400900900900903,0.2494369995229356,0.5185810184950824,682,1776,0.22960745400114366,0.196986332279961,0.2622285757223263,6826,29729,0.07722780534589883,0.04874424024050156,0.10571137045129611,1852,23981,0.19521178637200737,0.13100579056856942,0.2594177821754453,1378,7059,0.15574650912996776,0.02317621203852871,0.2883168062214068,145,931,NA
12,023,FL,Columbia County,12023,NA,NA,NA,0,7,0.2706367924528302,0.11499705314829758,0.4262765317573628,459,1696,0.17882138147885182,0.11686886861224213,0.2407738943454615,1763,9859,0.20842194810718842,0.09006536972202435,0.3267785264923525,490,2351,0.013888888888888888,0,0.4461822272016042,3,216,NA
12,027,FL,DeSoto County,12027,NA,NA,NA,49,49,0.40388204553938034,0.3100109297087721,0.4977531613699886,1082,2679,0.2696718070383551,0.14638693918467915,0.392956674892031,682,2529,0.46124031007751937,0.2752222149501781,0.6472584052048607,357,774,NA,NA,NA,0,0,NA
12,029,FL,Dixie County,12029,NA,NA,NA,0,13,0.3076923076923077,0,0.8761136266061892,44,143,0.29314420803782504,0.19419463916252783,0.39209377691312225,744,2538,NA,NA,NA,0,19,NA,NA,NA,13,13,NA
12,031,FL,Duval County,12031,0.18588235294117647,0,0.37578918313295284,79,425,0.20904427344708376,0.17247548870335222,0.2456130581908153,7498,35868,0.09023016797339321,0.07603418990365912,0.1044261460431273,7515,83287,0.32853787433940107,0.29665038289876466,0.3604253657800375,24618,74932,0.10765643218033424,0.06553166929038387,0.14978119507028462,1108,10292,NA
12,033,FL,Escambia County,12033,0.06909090909090909,0,0.23602853865715234,19,275,0.21774193548387097,0.15922656650112307,0.2762573044666189,1350,6200,0.14390169902912622,0.11688924621944435,0.1709141518388081,4743,32960,0.39402301550023483,0.3353659518160732,0.45268007918439646,6711,17032,0.044585987261146494,0,0.12987063740422572,49,1099,NA
12,035,FL,Flagler County,12035,NA,NA,NA,0,0,0.30257966616084975,0.19224533686516837,0.4129139954565311,997,3295,0.13789117331351664,0.09372704839992091,0.18205529822711236,1670,12111,0.1003659174072138,0,0.21638784991251347,192,1913,0.26640926640926643,0.05926299022469797,0.4735555425938349,138,518,NA
12,037,FL,Franklin County,12037,NA,NA,NA,0,0,NA,NA,NA,0,176,0.4183823529411765,0.27665834116255705,0.5601063647197959,569,1360,0.1761006289308176,0,0.4636449788777799,28,159,NA,NA,NA,0,0,NA
12,039,FL,Gadsden County,12039,NA,NA,NA,365,365,0.4621983914209115,0.3329156291152715,0.5914811537265515,862,1865,0.07476139978791092,0.023662027152310763,0.12586077242351107,141,1886,0.5379390646225499,0.4653254592317087,0.6105526700133912,2772,5153,NA,NA,NA,0,0,NA
12,041,FL,Gilchrist County,12041,NA,NA,NA,0,49,0.18058690744920994,0.007031041671738014,0.35414277322668186,80,443,0.08999676270637746,0.04747966191226971,0.13251386350048522,278,3089,0.10975609756097561,0,0.6416819273776865,9,82,NA,NA,NA,0,0,NA
12,043,FL,Glades County,12043,0.15384615384615385,0.01534102317719055,0.29235128451511716,12,78,0.2623762376237624,0.07381750239900753,0.45093497284851725,159,606,0.24193548387096775,0.08753318061073229,0.3963377871312032,135,558,0.02564102564102564,0,0.24097346417882026,5,195,NA,NA,NA,0,27,NA
12,045,FL,Gulf County,12045,NA,NA,NA,0,0,NA,NA,NA,0,162,0.14862681744749595,0.07188970382357739,0.2253639310714145,276,1857,0.7394957983193278,0.5729978942181431,0.9059937024205125,88,119,NA,NA,NA,0,0,NA
12,047,FL,Hamilton County,12047,0.18666666666666668,0,0.6398083316409616,14,75,0.3889908256880734,0.22337906320163914,0.5546025881745077,212,545,0.1893744644387318,0.06783096706408112,0.3109179618133825,221,1167,0.09753694581280788,0.017643535485480866,0.1774303561401349,99,1015,NA,NA,NA,0,4,NA
12,049,FL,Hardee County,12049,NA,NA,NA,0,59,0.4652817302219693,0.36722359035092395,0.5633398700930147,1635,3514,0.1308707124010554,0.055804505521910616,0.2059369192802002,248,1895,0.9242819843342036,0.7323594235162995,1,354,383,NA,NA,NA,14,26,NA
12,051,FL,Hendry County,12051,0.6666666666666666,0.25175876870623826,1,252,378,0.31278331822302813,0.22701535904622352,0.39855127739983276,2070,6618,0.1733275412684622,0.06592974577474539,0.28072533676217903,399,2302,0.03691496374423204,0,0.09078142473528661,56,1517,NA,NA,NA,0,8,NA
12,053,FL,Hernando County,12053,NA,NA,NA,42,96,0.1440609488629805,0.09505505356187954,0.19306684416408143,1248,8663,0.14423542887351865,0.11076682097768989,0.1777040367693474,3274,22699,0.039119804400977995,0.0029990618083671067,0.07524054699358888,80,2045,0.06946983546617916,0,0.2847385811029976,38,547,NA
12,055,FL,Highlands County,12055,0.10948905109489052,0,0.5409365463482774,15,137,0.21829590488771466,0.14919990670677447,0.28739190306865486,1322,6056,0.1472671388480556,0.09653589408150862,0.19799838361460256,1102,7483,0.1652994257588187,0.06495470038601885,0.26564415113161854,403,2438,NA,NA,NA,0,203,NA
12,057,FL,Hillsborough County,12057,0.48653344917463076,0.17984013472793375,0.7932267636213277,560,1151,0.1849278507486196,0.16961593759087984,0.20023976390635934,21133,114277,0.08254429173310056,0.07168266294387882,0.0934059205223223,9267,112267,0.2454080348905477,0.2191341922897933,0.27168187749130207,14630,59615,0.10561949898442789,0.0711967263921903,0.1400422715766655,1560,14770,NA
12,059,FL,Holmes County,12059,NA,NA,NA,0,0,NA,NA,NA,0,206,0.13757885250826074,0.04884445647946348,0.226313248537058,458,3329,0.463768115942029,0.22852195516517326,0.6990142767188847,32,69,NA,NA,NA,0,37,NA
12,061,FL,Indian River County,12061,NA,NA,NA,0,54,0.15773026315789473,0.09505165602993719,0.22040887028585227,959,6080,0.11544066886553656,0.077046777470001,0.15383456026107212,1505,13037,0.4493865030674847,0.33911650230538976,0.5596565038295797,1465,3260,0.023109243697478993,0,0.22776876435467994,11,476,NA
12,063,FL,Jackson County,12063,NA,NA,NA,0,16,0.19349593495934958,0.0779588266274848,0.3090330432912144,119,615,0.2992592592592593,0.23271464938907943,0.36580386912943913,1616,5400,0.3723599632690542,0.25649074068693845,0.4882291858511699,811,2178,NA,NA,NA,0,60,NA
12,065,FL,Jefferson County,12065,NA,NA,NA,0,0,0.35106382978723405,0,0.7751954435012874,66,188,0.07004470938897168,0.01370658783213241,0.12638283094581096,94,1342,0.6129458388375165,0.4746292993501707,0.7512623783248624,464,757,NA,NA,NA,5,5,NA
12,067,FL,Lafayette County,12067,NA,NA,NA,0,0,NA,NA,NA,0,255,0.3589435774309724,0.1909365602047228,0.5269505946572219,299,833,0.23788546255506607,0,0.6459365739769133,54,227,NA,NA,NA,0,0,NA
12,069,FL,Lake County,12069,NA,NA,NA,0,115,0.10676481909160893,0.07096207901535137,0.14256755916786648,2219,20784,0.08431279119017365,0.06418168580171943,0.10444389657862788,3185,37776,0.14628057913130305,0.09709306191622019,0.1954680963463859,1465,10015,0.07956844234659474,0,0.2481514557589694,118,1483,NA
12,071,FL,Lee County,12071,0.46854403834631514,0.2558231830915886,0.6812648936010417,782,1669,0.23699964344023872,0.21169076654519242,0.262308520335285,12629,53287,0.08733106912898889,0.07042055258326696,0.10424158567471081,4937,56532,0.2893308155316889,0.23277031755766814,0.3458913135057096,4903,16946,0.07918326693227092,6.712188704256633e-4,0.15769531499411615,159,2008,NA
12,073,FL,Leon County,12073,NA,NA,NA,0,48,0.18474609760916816,0.11436420095390307,0.2551279942644332,935,5061,0.05451713395638629,0.03925604878786978,0.06977821912490281,1260,23112,0.2997138383456617,0.24908411332099342,0.3503435633703299,5551,18521,0.13342409802586794,0.037682374831065985,0.2291658212206699,196,1469,NA
12,075,FL,Levy County,12075,NA,NA,NA,1,12,0.2072808320950966,0.09115468732485497,0.3234069768653382,279,1346,0.21632926217165802,0.14239318384590516,0.2902653404974109,1293,5977,0.7243491577335375,0.5276649083879883,0.9210334070790867,473,653,NA,NA,NA,0,43,NA
12,077,FL,Liberty County,12077,NA,NA,NA,0,0,0.05825242718446602,0,0.4178957406733057,6,103,0.18819776714513556,0.10012110436924086,0.27627442992103024,236,1254,NA,NA,NA,16,40,NA,NA,NA,0,0,NA
12,079,FL,Madison County,12079,NA,NA,NA,0,5,NA,NA,NA,42,98,0.11698612029081296,0.025618003776298845,0.20835423680532705,177,1513,0.35311795642374155,0.2000116242414273,0.5062242886060558,470,1331,NA,NA,NA,0,0,NA
12,081,FL,Manatee County,12081,0.04633204633204633,0,0.14167417878363647,36,777,0.18925283665168058,0.15034696772749437,0.2281587055758668,4420,23355,0.05406169593123533,0.036586962227394784,0.07153642963507588,1912,35367,0.23993886907794193,0.16696599702470866,0.3129117411311752,1884,7852,0.08106666666666666,0.010267147198527865,0.15186618613480546,152,1875,NA
12,083,FL,Marion County,12083,0.7664233576642335,0.5825803568148942,0.9502663585135729,105,137,0.27665188345590297,0.23228472848961526,0.3210190384221907,4928,17813,0.1580481085090601,0.132365492538097,0.18373072448002317,5966,37748,0.26397388820889434,0.21053333639109417,0.3174144400266945,3235,12255,0.10572687224669604,0,0.2292696070915994,144,1362,NA
12,085,FL,Martin County,12085,0.4735099337748344,0.20688763161039442,0.7401322359392744,143,302,0.30832013643561945,0.24865909150889537,0.36798118136234353,2531,8209,0.1076541459957477,0.07573953613558343,0.13956875585591197,1519,14110,0.3732129420617005,0.13194443710466378,0.6144814470187373,496,1329,NA,NA,NA,65,206,NA
12,086,FL,Miami-Dade County,12086,0.24921923797626483,0.11124075565588801,0.3871977202966417,399,1601,0.17360113090987106,0.1644415704655062,0.18276069135423592,59069,340257,0.10327337068711294,0.0891490354549282,0.11739770591929768,8755,84775,0.3063908377824716,0.2817973289191458,0.33098434664579746,28866,94213,0.08667225481978207,0.04498213391468746,0.1283623757248767,517,5965,NA
12,087,FL,Monroe County,12087,NA,NA,NA,0,0,0.20666818908426582,0.13249816572867285,0.2808382124398588,905,4379,0.0462525320729237,0.01735898594796732,0.07514607819788008,274,5924,0.10950283196979232,0,0.2523727948330658,174,1589,0.025510204081632654,0,0.5040026658980193,5,196,NA
12,089,FL,Nassau County,12089,NA,NA,NA,0,55,0.06692657569850552,0,0.14646693633081698,103,1539,0.15861265336897662,0.11455702297546175,0.2026682837624915,2314,14589,0.30669800235017625,0.1272494552442731,0.4861465494560794,261,851,NA,NA,NA,0,349,NA
12,091,FL,Okaloosa County,12091,NA,NA,NA,0,148,0.2185669781931464,0.14154013275483351,0.2955938236314593,1754,8025,0.08385547201336675,0.06036172342353895,0.10734922060319455,2409,28728,0.18948707079270877,0.12466745077588721,0.25430669080953033,894,4718,0.09481316229782487,0.009747653373011061,0.17987867122263868,170,1793,NA
12,093,FL,Okeechobee County,12093,NA,NA,NA,22,22,0.3059610705596107,0.22253350030187924,0.38938864081734215,1006,3288,0.1695153359868883,0.08441420789938953,0.2546164640743871,724,4271,0.4444444444444444,0.04612729020364981,0.842761598685239,264,594,NA,NA,NA,38,75,NA
12,095,FL,Orange County,12095,0.13693693693693693,0,0.28042291065659664,152,1110,0.2046745193198861,0.18424913979704302,0.22509989884272916,24292,118686,0.07857636983850576,0.06534255766981158,0.09181018200719994,6588,83842,0.21588429057488714,0.18687264841940532,0.24489593273036897,15926,73771,0.07367969699135282,0.041680379108935864,0.10567901487376978,1031,13993,NA
12,097,FL,Osceola County,12097,0.024891774891774892,0,0.18291698123265715,23,924,0.18598135434928645,0.15753196180481444,0.21443074689375846,11351,61033,0.08147379346133887,0.0535845896488215,0.10936299727385625,1727,21197,0.22987994664295242,0.13982933138924325,0.3199305618966616,2585,11245,0.06601863102470636,0.005008757861703281,0.12702850418770945,163,2469,NA
12,099,FL,Palm Beach County,12099,0.10437710437710437,0.02138905870490504,0.1873651500493037,93,891,0.19434987889408534,0.17504794506359286,0.2136518127245778,17412,89591,0.06194112380852072,0.05188762011500177,0.07199462750203968,5881,94945,0.24059755699632557,0.21349909088694827,0.2676960231057029,16959,70487,0.101140174379611,0.06084492002224281,0.14143542873697917,754,7455,NA
12,101,FL,Pasco County,12101,0.08064516129032258,0,0.3288246883787723,15,186,0.14484559941810488,0.1181389793385724,0.17155221949763735,4381,30246,0.1474129888769286,0.12548387047811707,0.16934210727574014,10271,69675,0.16520763187429854,0.1045609659852423,0.2258542977633548,1472,8910,0.06906636670416198,0.025534676892480207,0.11259805651584376,307,4445,NA
12,103,FL,Pinellas County,12103,0.15213675213675212,0,0.34790380963070444,89,585,0.197335652448907,0.1672060757063513,0.2274652291914627,4992,25297,0.08028477131042855,0.06813845853421609,0.09243108408664101,6349,79081,0.3682647636381053,0.3128373108748793,0.42369221640133126,7689,20879,0.07727352374277204,0.04347485338291156,0.11107219410263251,441,5707,NA
12,105,FL,Polk County,12105,0.2857142857142857,0.12266287786598795,0.44876569356258345,176,616,0.23487725383488323,0.2136812065555814,0.256073301114185,15710,66886,0.12512461823303214,0.10762631919570423,0.14262291727036006,7907,63193,0.345249738626016,0.30605786135628177,0.3844416158957502,10237,29651,0.16516129032258065,0.08871865280633748,0.2416039278388238,384,2325,NA
12,107,FL,Putnam County,12107,NA,NA,NA,0,21,0.4833857992305002,0.3889552550931389,0.5778163433678615,1382,2859,0.284789644012945,0.22486491065532357,0.34471437737056637,2552,8961,0.40593368237347294,0.2834723576608723,0.5283950070860736,1163,2865,NA,NA,NA,0,27,NA
12,109,FL,St. Johns County,12109,NA,NA,NA,0,39,0.12606331055640776,0.07403582772846742,0.1780907933843481,904,7171,0.043838708277268976,0.027905165427474225,0.059772251127063726,2020,46078,0.1345985401459854,0.06372122860599139,0.20547585168597943,461,3425,0.11483776886620488,0.0412537098311174,0.18842182790129236,315,2743,NA
12,111,FL,St. Lucie County,12111,0.049069373942470386,0,0.10996847229026835,29,591,0.16954137587238285,0.13167652466091778,0.20740622708384793,3401,20060,0.1267503329163472,0.09045727443781434,0.16304339139488008,3141,24781,0.2649808429118774,0.21978381014536846,0.31017787567838634,5187,19575,0.07660626029654036,0,0.1597209928290931,93,1214,NA
12,113,FL,Santa Rosa County,12113,NA,NA,NA,0,91,0.08093242535358827,0.03970926936264722,0.12215558134452932,309,3818,0.09327236682228049,0.07085786481711752,0.11568686882744346,2917,31274,0.1522956326987682,0.04651851477913413,0.2580727506184023,272,1786,0.10250569476082004,0,0.2733694541139749,90,878,NA
12,115,FL,Sarasota County,12115,NA,NA,NA,0,316,0.13265137766045207,0.09922100453142532,0.16608175078947882,1608,12122,0.10528806635614119,0.08251431744398882,0.12806181526829355,4227,40147,0.3519423121656199,0.26150715871579777,0.442377465615442,1513,4299,0.08179808400884303,0,0.18427497528079673,111,1357,NA
12,117,FL,Seminole County,12117,0.36363636363636365,0.08656294187049862,0.6407097854022287,44,121,0.14688084497744527,0.11649218407478763,0.1772695058801029,4005,27267,0.05129356809198706,0.037160803086728755,0.06542633309724537,2284,44528,0.18603565034638436,0.13357982639481653,0.2384914742979522,2390,12847,0.03237095363079615,0.00747271827073993,0.05726918899085237,185,5715,NA
12,119,FL,Sumter County,12119,NA,NA,NA,0,1,0.21034077555816685,0.09035420246067567,0.33032734865565805,358,1702,0.3399638336347197,0.25110680321558226,0.42882086405385716,2068,6083,0.5612321562734786,0.5069211687387271,0.61554314380823,747,1331,0.1271186440677966,0,0.9420315974830981,15,118,NA
12,121,FL,Suwannee County,12121,NA,NA,NA,0,6,0.4357272178636089,0.20926905905307253,0.6621853766741452,722,1657,0.15142760027192387,0.09149310529728727,0.21136209524656047,891,5884,0.1408284023668639,0,0.28938845764903876,119,845,NA,NA,NA,56,56,NA
12,123,FL,Taylor County,12123,NA,NA,NA,0,12,0.25274725274725274,0,0.9476204172320045,23,91,0.20579216354344124,0.09404779169556626,0.3175365353913162,604,2935,0.29640151515151514,0.06270144380970782,0.5301015864933225,313,1056,NA,NA,NA,0,0,NA
12,125,FL,Union County,12125,NA,NA,NA,0,0,0.05405405405405406,0,0.31305000252779536,10,185,0.2823719241629689,0.1737455751619385,0.3909982731639993,700,2479,0.3374485596707819,0.12374949375596256,0.5511476255856013,82,243,NA,NA,NA,7,10,NA
12,127,FL,Volusia County,12127,0.15486725663716813,0,0.40354457779552866,35,226,0.1927645788336933,0.15576179855719893,0.22976735911018767,4641,24076,0.09158628593257569,0.07591731297232093,0.10725525889283044,4795,52355,0.3618817852834741,0.3050446837689593,0.41871888679798885,5100,14093,0.18921668362156663,0.08437029977292572,0.29406306747020755,372,1966,NA
12,129,FL,Wakulla County,12129,NA,NA,NA,0,0,0.04092071611253197,0,0.20005706515972738,16,391,0.07363332093715136,0.029733062097062113,0.1175335797772406,396,5378,0.08731082654249127,0,0.19377860140159908,75,859,NA,NA,NA,16,26,NA
12,131,FL,Walton County,12131,NA,NA,NA,0,441,0.3150167785234899,0.17654301620820398,0.4534905408387758,751,2384,0.20246183358644393,0.1466270390156561,0.25829662815723176,2533,12511,0.335423197492163,0.13654497872398252,0.5343014162603434,214,638,NA,NA,NA,0,123,NA
12,133,FL,Washington County,12133,0.4482758620689655,0.07846530628305803,0.818086417854873,13,29,0.2037735849056604,0.04481358262665597,0.3627335871846648,54,265,0.23615160349854228,0.1565323121638859,0.31577089483319865,891,3773,0.13978494623655913,0.030359828736898048,0.2492100637362202,78,558,NA,NA,NA,0,6,NA
13,000,GA,Georgia,13000,0.2512671976828385,0.1995528524370879,0.30298154292858914,3123,12429,0.23556344957638836,0.22620278161395838,0.24492411753881835,94562,401429,0.10128193220600237,0.09752469289025682,0.10503917152174792,102504,1012066,0.2765718599566654,0.26923122538173483,0.28391249453159595,225676,815976,0.11154288320300995,0.09900382459783356,0.12408194180818634,11740,105251,NA
13,001,GA,Appling County,13001,NA,NA,NA,0,0,0.45660377358490567,0.21345674163629655,0.6997508055335148,363,795,0.18752391886720246,0.06831618739517056,0.30673165033923433,490,2613,0.6,0.4132304861824071,0.7867695138175929,486,810,NA,NA,NA,0,0,NA
13,003,GA,Atkinson County,13003,NA,NA,NA,0,0,0.5219123505976095,0.31369545293172174,0.7301292482634973,393,753,0.11267605633802817,0.01808178819243489,0.20727032448362145,104,923,0.5153846153846153,0.05952672857966007,0.9712425021895705,67,130,NA,NA,NA,0,0,NA
13,005,GA,Bacon County,13005,NA,NA,NA,0,0,0.6650717703349283,0.20099550171539027,1,278,418,0.26276923076923075,0.14957497907082343,0.3759634824676381,427,1625,0.4043583535108959,0,0.8550937773251075,167,413,NA,NA,NA,0,5,NA
13,007,GA,Baker County,13007,NA,NA,NA,0,0,NA,NA,NA,0,0,0.014705882352941176,0,0.13255743445542972,3,204,0.41013824884792627,0.2620099687759332,0.5582665289199193,89,217,NA,NA,NA,0,0,NA
13,009,GA,Baldwin County,13009,NA,NA,NA,0,0,0.4391025641025641,0.23468482694578716,0.643520301259341,137,312,0.10218508997429306,0.05312422804216671,0.1512459519064194,318,3112,0.27842937276899543,0.1812944905237665,0.37556425501422436,1092,3922,NA,NA,NA,0,127,NA
13,011,GA,Banks County,13011,NA,NA,NA,0,0,0.08260869565217391,0,0.21128909533596166,38,460,0.1213546566321731,0.06783879914653015,0.17487051411781604,387,3189,NA,NA,NA,0,175,NA,NA,NA,5,15,NA
13,013,GA,Barrow County,13013,0.08547008547008547,0,0.3635824138142719,20,234,0.10893011216566005,0.06520425323784515,0.15265597109347495,505,4636,0.11093620546810273,0.07483826575647207,0.1470341451797334,1339,12070,0.18926829268292683,0.0975966137542464,0.2809399716116073,582,3075,0.07038123167155426,0,0.1747911317568358,72,1023,NA
13,015,GA,Bartow County,13015,NA,NA,NA,0,44,0.13861386138613863,0.08004377707903584,0.1971839456932414,574,4141,0.07932578972182933,0.05226448878378509,0.10638709065987356,1346,16968,0.33633217993079584,0.22488511036439718,0.4477792494971945,972,2890,NA,NA,NA,0,492,NA
13,017,GA,Ben Hill County,13017,NA,NA,NA,0,0,NA,NA,NA,0,465,0.1411042944785276,0.0595568955294227,0.2226516934276325,253,1793,0.5553623188405797,0.41404433243517486,0.6966803052459847,958,1725,NA,NA,NA,0,0,NA
13,019,GA,Berrien County,13019,NA,NA,NA,0,0,0.33489461358313816,0.1118725095992679,0.5579167175670084,143,427,0.31458131264144845,0.23995122337161287,0.389211401911284,973,3093,0.1675,0,0.3509109712264484,67,400,NA,NA,NA,0,21,NA
13,021,GA,Bibb County,13021,NA,NA,NA,0,70,0.2454511696992202,0.1299380620266248,0.3609642773718156,661,2693,0.09526592635885447,0.03709942003240667,0.15343243268530227,815,8555,0.4671262821590718,0.42265495807218,0.5115976062459636,11112,23788,0.38920454545454547,0.19464106723216193,0.583768023676929,274,704,NA
13,023,GA,Bleckley County,13023,NA,NA,NA,0,0,0.3902439024390244,0.05724490158056211,0.72324290329748675,64,164,0.09313392250169952,0.02625958425120882,0.1600082607521902,137,1471,0.772,0.6855819993264944,0.8584180006735056,579,750,NA,NA,NA,0,14,NA
13,025,GA,Brantley County,13025,NA,NA,NA,0,0,NA,NA,NA,0,0,0.21587215601300108,0.12067840747681803,0.31106590454918415,797,3692,NA,NA,NA,0,0,NA,NA,NA,18,18,NA
13,027,GA,Brooks County,13027,NA,NA,NA,0,0,0.13488372093023257,0,0.9597388721361595,29,215,0.17468541820873426,0.0758592965571834,0.2735115398602851,236,1351,0.5582268970698723,0.3819828546292779,0.7344709395104667,743,1331,NA,NA,NA,53,53,NA
13,029,GA,Bryan County,13029,NA,NA,NA,0,0,0.22088655146506386,0.07614455382608551,0.3656285491040422,294,1331,0.08774959525094442,0.042216561224335494,0.13328262927755335,813,9265,0.05728587319243604,0.0033450976616942393,0.11122664872317783,103,1798,NA,NA,NA,0,390,NA
13,031,GA,Bulloch County,13031,0.06965174129353234,0,0.2863591410603623,14,201,0.15373021853805577,0.00779089827913193,0.2996695387969796,204,1327,0.16639600249843847,0.11115698861515451,0.22163501638172245,1332,8005,0.46385422856011094,0.36247984049419,0.5652286166260319,2342,5049,NA,NA,NA,0,238,NA
13,033,GA,Burke County,13033,NA,NA,NA,0,0,0.0735930735930736,0,0.279261750518837,17,231,0.03949100482667837,0.012518483178127874,0.06646352647522887,90,2279,0.3486115757778521,0.24039219351935076,0.4568309580363535,1042,2989,NA,NA,NA,0,0,NA
13,035,GA,Butts County,13035,NA,NA,NA,0,40,NA,NA,NA,0,338,0.13841978287092882,0.06078863059397595,0.2160509351478817,459,3316,0.26556016597510373,0.12378394627699182,0.4073363856732156,320,1205,NA,NA,NA,0,26,NA
13,037,GA,Calhoun County,13037,NA,NA,NA,0,0,NA,NA,NA,0,75,NA,NA,NA,0,235,0.5227722772277228,0.3923087802602021,0.6532357741952435,264,505,NA,NA,NA,0,5,NA
13,039,GA,Camden County,13039,NA,NA,NA,0,4,0.20747217806041335,0.09993883374282715,0.31500552237799956,261,1258,0.09296131896005073,0.055285303613962944,0.13063733430613853,733,7885,0.44364508393285373,0.32013043927374607,0.5671597285919614,925,2085,0.08203125,0,0.4235494238077115,21,256,NA
13,043,GA,Candler County,13043,0.8380566801619433,0.4465846524818904,1,207,247,0.45,0.15680694210496315,0.7431930578950369,207,460,0.24328249818445896,0.1305653137925044,0.3559996825764135,335,1377,0.05186385737439222,0,0.18560017889863517,32,617,NA,NA,NA,0,0,NA
13,045,GA,Carroll County,13045,0.13917525773195877,0,0.3345576256126315,54,388,0.31589366515837103,0.2180896441212845,0.41369768619545755,1117,3536,0.14282323621907078,0.09313018650667,0.19251628593147158,2407,16853,0.33417211877201813,0.24721327428340156,0.4211309632606347,1992,5961,NA,NA,NA,0,211,NA
13,047,GA,Catoosa County,13047,0.33783783783783783,0,0.8801009738946894,25,74,0.1,0,0.20290963432731857,84,840,0.16038039974210186,0.11095764573149702,0.2098031537527067,1990,12408,0.10970464135021098,0,0.43291519494138686,26,237,NA,NA,NA,0,272,NA
13,049,GA,Charlton County,13049,NA,NA,NA,0,0,NA,NA,NA,0,537,0.2535211267605634,0.15961692560712937,0.3474253279139974,324,1278,0.5010309278350515,0.3352071964579368,0.6668546592121662,243,485,NA,NA,NA,0,22,NA
13,051,GA,Chatham County,13051,0.11888111888111888,0,0.3190866144765099,34,286,0.21996034368803702,0.14127983653941006,0.298640850836664,1664,7565,0.0889858124028676,0.06492811012157303,0.11304351468416217,1775,19947,0.33069886571533114,0.29213890136139103,0.36925883006927124,9038,27330,0.09931719428926133,0.0012323489586841402,0.19740203961983854,160,1611,NA
13,053,GA,Chattahoochee County,13053,NA,NA,NA,0,12,0.05829596412556054,0,0.1462582657391173,13,223,0.09683995922528033,0.015278768296497117,0.17840115015406355,95,981,NA,NA,NA,3,17,NA,NA,NA,0,2,NA
13,055,GA,Chattooga County,13055,0.19289340101522842,0,0.4304650086266961,38,197,0.4882032667876588,0.38980331323974887,0.5866032203355687,269,551,0.36840849439274637,0.2838410788932077,0.45297590989228503,1544,4191,0.40540540540540543,0.07882842916634303,0.7319823816444678,90,222,NA,NA,NA,0,20,NA
13,057,GA,Cherokee County,13057,0.2872435325602141,0.022966316626475303,0.5515207484939529,322,1121,0.23390694710006374,0.1722960735792317,0.29551782062089577,2569,10983,0.042099730007406876,0.028057840977851235,0.05614161903696252,1762,41853,0.07653276955602537,0.024291489548285097,0.12877404956376565,362,4730,0.032830523513753325,0,0.11507235082160108,37,1127,NA
13,059,GA,Clarke County,13059,NA,NA,NA,0,133,0.23573825503355705,0.16406470651696511,0.30741180355014897,1124,4768,0.10218978102189781,0.05348130985652302,0.1508982521872726,714,6987,0.3478829064296916,0.2733855014661383,0.4223803113932449,2662,7652,0.5429936305732485,0.36389848965198557,0.7220887714945113,341,628,NA
13,061,GA,Clay County,13061,NA,NA,NA,0,0,NA,NA,NA,0,0,0.037267080745341616,0,0.20393439751775078,6,161,0.2887139107611549,0.049226225696744064,0.5282015958255657,110,381,NA,NA,NA,0,0,NA
13,063,GA,Clayton County,13063,NA,NA,NA,0,235,0.2946483747373625,0.24427911396122387,0.3450176355135011,4768,16182,0.35921170498656313,0.2418877349160402,0.47653567505708605,1203,3349,0.27378250198379744,0.23960831782474404,0.3079566861428509,14836,54189,0.12202908832919475,0.023915769864390396,0.2201424067939991,344,2819,NA
13,065,GA,Clinch County,13065,NA,NA,NA,0,0,NA,NA,NA,0,28,0.10989010989010989,0.00016327889081231561,0.21961694088940747,100,910,0.40843023255813954,0.16164321329630751,0.6552172518199716,281,688,NA,NA,NA,0,0,NA
13,067,GA,Cobb County,13067,0.4246031746031746,0.16320149031129594,0.6860048588950532,428,1008,0.23094288114237715,0.19719607110839024,0.2646896911763641,8798,38096,0.029445265361408693,0.02147365458822963,0.03741687613458776,1913,64968,0.12700841622035194,0.10383748164858589,0.150179350792118,5810,45745,0.04967242406194163,0.02463757102167632,0.07470727710220694,417,8395,NA
13,069,GA,Coffee County,13069,NA,NA,NA,0,25,0.33632075471698114,0.21681780957459829,0.455823699859364,713,2120,0.2022081373952157,0.12628440689645415,0.27813186789397726,989,4891,0.48192371475953566,0.349159663865397,0.6146877656536743,1453,3015,NA,NA,NA,0,0,NA
13,071,GA,Colquitt County,13071,NA,NA,NA,0,233,0.446167097329888,0.37311060623851966,0.5192235884212564,1554,3483,0.1105350476980506,0.06610799071368548,0.15496210468241572,533,4822,0.6319805757891086,0.5519935308309256,0.7119676207472916,1822,2883,NA,NA,NA,77,134,NA
13,073,GA,Columbia County,13073,0.10588235294117647,0,0.8400842894755345,9,85,0.18649913771864993,0.10338040783973025,0.2696178675975696,757,4059,0.05570716915746156,0.0334269870253991,0.07798735128952403,1286,23085,0.16888768017405495,0.08502343368431696,0.2527519266637929,1242,7354,0.23835029459025175,0.07125982386064428,0.40544076531985923,445,1867,NA
13,075,GA,Cook County,13075,NA,NA,NA,0,0,0.15495495495495495,0,0.4119753391640628,86,555,0.047079337401918046,0.0016309749447011926,0.0925276998591349,108,2294,0.2292332268370607,0.08824822192281395,0.37021823175130747,287,1252,NA,NA,NA,0,19,NA
13,077,GA,Coweta County,13077,NA,NA,NA,0,73,0.15625852195254977,0.09803532859806795,0.21448171530703158,573,3667,0.06539789159436514,0.04604719171028557,0.08474859147844471,1402,21438,0.09463233012721067,0.043967600575064616,0.14529705967935674,610,6446,0.2112,0.011618583721181935,0.41078141627881803,132,625,NA
13,079,GA,Crawford County,13079,NA,NA,NA,0,50,NA,NA,NA,0,174,0.08779314491882141,0.03723212599717048,0.13835416384047233,146,1663,0.3665893271461717,0.15574665828890583,0.5774319960034375,158,431,NA,NA,NA,0,0,NA
13,081,GA,Crisp County,13081,NA,NA,NA,0,0,NA,NA,NA,0,227,0.02027027027027027,0,0.05413553033398566,30,1480,0.5140529531568228,0.4353580229823087,0.5927478833313368,1262,2455,NA,NA,NA,0,6,NA
13,083,GA,Dade County,13083,NA,NA,NA,0,0,NA,NA,NA,0,106,0.08973900607794065,0.04243744379142557,0.13704056836445572,251,2797,NA,NA,NA,0,35,0.78125,0.31495406355076483,1,50,64,NA
13,085,GA,Dawson County,13085,NA,NA,NA,0,0,0.10606060606060606,0,0.2562269393071436,77,726,0.13586728265434692,0.05649191953286546,0.21524264577582836,647,4762,NA,NA,NA,0,208,NA,NA,NA,0,90,NA
13,087,GA,Decatur County,13087,NA,NA,NA,0,328,0.36063218390804597,0.16396048059158377,0.5573038872245082,251,696,0.25729166666666664,0.15745602056052543,0.35712731277280785,741,2880,0.41624213365298174,0.24398490725157054,0.588499360054393,1389,3337,NA,NA,NA,0,0,NA
13,089,GA,DeKalb County,13089,0.14568345323741008,0.03665427945576645,0.25471262701905373,162,1112,0.2352515506547209,0.19641460100217692,0.27408850030726484,6827,29020,0.04008157946916693,0.028947131128150987,0.05121602781018286,1415,35303,0.26357504412985283,0.23670997016959897,0.29044011809010667,22547,85543,0.2196157520433075,0.15884974341882604,0.28038176066778897,2069,9421,NA
13,091,GA,Dodge County,13091,NA,NA,NA,14,14,0.36,0.14563586443490922,0.5743641355650908,72,200,0.1950989632422243,0.12124448498132681,0.26895344150312184,414,2122,0.33223684210526316,0.22262038030753023,0.4418533039029961,404,1216,NA,NA,NA,0,0,NA
13,093,GA,Dooly County,13093,NA,NA,NA,24,24,0.6875,0.3656219509257621,1,154,224,0.06805293005671077,0.0066078177198570925,0.12949804239356444,36,529,0.4160839160839161,0.2231304042873617,0.6090374278804704,357,858,NA,NA,NA,0,0,NA
13,095,GA,Dougherty County,13095,NA,NA,NA,0,14,0.4931650893796004,0.35101061134989114,0.6353195674093097,469,951,0.11689655172413793,0.05085650516295985,0.182936598285316,339,2900,0.4061440255336126,0.3561199396387764,0.4561681114284488,6108,15039,NA,NA,NA,20,76,NA
13,097,GA,Douglas County,13097,NA,NA,NA,0,149,0.17525305937452787,0.10510432618064815,0.2454017925684076,1160,6619,0.09284992420414351,0.05174098425309198,0.13395886415519503,735,7916,0.16929893145686734,0.12963298137573298,0.2089648815380017,3248,19185,0.04148148148148148,0,0.20614250915396864,28,675,NA
13,099,GA,Early County,13099,NA,NA,NA,0,0,NA,NA,NA,0,7,0.05263157894736842,0,0.12636559169780182,34,646,0.4687116564417178,0.36898004917109006,0.5684432637123455,764,1630,NA,NA,NA,0,0,NA
13,101,GA,Echols County,13101,NA,NA,NA,0,0,0.3274647887323944,0.14024053358202898,0.5146890438827598,93,284,0.10200364298724955,0.02242100646610634,0.18158627950839276,56,549,NA,NA,NA,0,4,0.2054794520547945,0,0.6692123600047875,30,146,NA
13,103,GA,Effingham County,13103,NA,NA,NA,0,0,0.13489208633093525,0.03573067008668848,0.234053502575182,225,1668,0.07363344051446945,0.04558421929469911,0.10168266173423979,916,12440,0.017680034497628287,0,0.04097337616013513,41,2319,NA,NA,NA,0,135,NA
13,105,GA,Elbert County,13105,NA,NA,NA,0,0,0.15503875968992248,0,0.3130271484423365,60,387,0.17457475380483437,0.10189280827733467,0.24725669933233407,390,2234,0.8016443987667009,0.7626267076671502,0.8406620898662516,780,973,NA,NA,NA,0,42,NA
13,107,GA,Emanuel County,13107,NA,NA,NA,0,0,0.5089686098654709,0.328724537979294,0.6892126817516477,227,446,0.3081805359661495,0.22740347735944408,0.38895759457285495,874,2836,0.4572564612326044,0.3323665343047915,0.5821463881604172,920,2012,NA,NA,NA,0,57,NA
13,109,GA,Evans County,13109,NA,NA,NA,0,0,0.36379928315412186,0.13964610525274476,0.5879524610554989,203,558,0.11625947767481044,0.034570897005679474,0.1979480583439414,138,1187,0.48731642189586116,0.2993123870388744,0.6753204567528479,365,749,NA,NA,NA,0,38,NA
13,111,GA,Fannin County,13111,NA,NA,NA,0,0,0.03409090909090909,0,0.22751368765401245,9,264,0.29894255501571876,0.21086008399284234,0.3870250260385952,1046,3499,NA,NA,NA,0,9,NA,NA,NA,0,0,NA
13,113,GA,Fayette County,13113,NA,NA,NA,0,0,0.07059527370625188,0.03374407449478615,0.10744647291771761,236,3343,0.028978805394990367,0.01383952015446601,0.04411809063551472,376,12975,0.11076036233873181,0.06481644308986788,0.15670428158759575,807,7286,0.04067321178120617,0,0.10464902974474564,58,1426,NA
13,115,GA,Floyd County,13115,NA,NA,NA,0,280,0.34953860004501464,0.26193567593665945,0.4371415241533698,1553,4443,0.11961571777305299,0.08615771987386259,0.1530737156722434,1519,12699,0.5958774071060483,0.5210579322776221,0.6706968819344745,2197,3687,0.024896265560165973,0,0.4058944365224389,6,241,NA
13,117,GA,Forsyth County,13117,0.31272727272727274,0,0.7217871388269135,86,275,0.13049530216912192,0.07266159307549484,0.18832901126274898,1125,8621,0.03597618128687214,0.02347666819116343,0.04847569438258085,1305,36274,0.043202033036848796,0.00379059275291653,0.08261347332078106,136,3148,0.03095558546433378,0.015108766113033249,0.046802404815634316,506,16346,NA
13,119,GA,Franklin County,13119,NA,NA,NA,0,25,0.2694610778443114,0.09313310187234383,0.445789053816279,135,501,0.28517722878625135,0.19348111949180277,0.3768733380806999,1062,3724,0.27157894736842103,0.06187693726772919,0.48128095746911287,129,475,0.058823529411764705,0,0.6930242313357745,6,102,NA
13,121,GA,Fulton County,13121,0.132821075740944,0.009347845321990234,0.2562943061598978,121,911,0.17155172413793104,0.13834223461637582,0.20476121365948627,4378,25520,0.02377960367327211,0.016155193607779592,0.031404013738764634,1476,62070,0.2707465960151784,0.24732982110255178,0.29416337092780503,27898,103041,0.04483581704406167,0.023674308597738343,0.065997325490385,695,15501,NA
13,123,GA,Gilmer County,13123,0.6197718631178707,0.22839287367659183,1,163,263,0.24741602067183463,0.12210550374047713,0.37272653760319213,383,1548,0.20523906408952186,0.13588169559292168,0.27459643258612204,807,3932,NA,NA,NA,0,0,NA,NA,NA,0,25,NA
13,125,GA,Glascock County,13125,NA,NA,NA,0,0,NA,NA,NA,0,45,0.10207939508506617,0.011264895028426161,0.19289389514170618,54,529,NA,NA,NA,0,85,NA,NA,NA,0,0,NA
13,127,GA,Glynn County,13127,NA,NA,NA,0,18,0.5457627118644067,0.4382240738693163,0.6533013498594972,1288,2360,0.05797967722653915,0.025913549245896728,0.09004580520718157,485,8365,0.3964673334752075,0.2945220557829797,0.49841261116743535,1863,4699,0.16129032258064516,0,0.5271205026311531,45,279,NA
13,129,GA,Gordon County,13129,0.8688524590163934,0.7544956000478564,0.9832093179849304,106,122,0.17126546146527116,0.07808301651635738,0.2644479064141849,540,3153,0.13229786296541088,0.08648049385951068,0.17811523207131108,1201,9078,0.07092198581560284,0,0.3376735036277268,20,282,0.06569343065693431,0,0.7414990269231937,9,137,NA
13,131,GA,Grady County,13131,NA,NA,NA,0,24,0.3355048859934853,0.17724586010559645,0.4937639118813742,515,1535,0.24194132560666426,0.15701376348078885,0.32686888773253964,668,2761,0.35424354243542433,0.2582253427330903,0.4502617421377584,672,1897,NA,NA,NA,15,15,NA
13,133,GA,Greene County,13133,NA,NA,NA,0,32,0.667953667953668,0.44428257062028254,0.8916247652870534,346,518,0.05891126025354213,0.02215416799659166,0.0956683525104926,79,1341,0.16653992395437262,0.05223073268480072,0.2808491152239445,219,1315,NA,NA,NA,0,61,NA
13,135,GA,Gwinnett County,13135,0.4852670349907919,0.28719018856743683,0.6833438814141469,527,1086,0.23559354964056733,0.21163162591746218,0.2595554733636725,18189,77205,0.05640673308141532,0.042553526220677124,0.07025993994215352,3284,58220,0.14152378602853502,0.11928412885403768,0.16376344320303238,10326,72963,0.13079500681223993,0.1029455689792373,0.15864444464524258,3552,27157,NA
13,137,GA,Habersham County,13137,NA,NA,NA,0,123,0.225177304964539,0.1388495982652796,0.3115050116637984,635,2820,0.14259846084200997,0.09994846976169411,0.18524845192232584,945,6627,0.18604651162790697,0,0.7281501922199939,24,129,0.38492063492063494,0.06032587741647344,0.7095153924247964,97,252,NA
13,139,GA,Hall County,13139,0.25136612021857924,0,0.5057674277969584,92,366,0.26667907322973855,0.2299239187749975,0.30343422768447964,5732,21494,0.08917498935012069,0.06299979114168366,0.11535018755855772,1884,21127,0.20881971465629054,0.11060699519948024,0.3070324341131008,483,2313,0.18110236220472442,0.04063579866902217,0.32156892574042667,161,889,NA
13,141,GA,Hancock County,13141,NA,NA,NA,0,0,NA,NA,NA,0,0,NA,NA,NA,0,29,0.6783505154639176,0.47917409974722414,0.877526931180611,658,970,NA,NA,NA,0,0,NA
13,143,GA,Haralson County,13143,NA,NA,NA,0,0,NA,NA,NA,0,91,0.2658030279381926,0.19844523511874823,0.333160820757637,1703,6407,0.015,0,0.13294593848330688,6,400,NA,NA,NA,0,59,NA
13,145,GA,Harris County,13145,NA,NA,NA,0,3,0.34192439862542956,0.020733687588933736,0.6631151096619254,199,582,0.08232314094445449,0.0390608452672347,0.12558543662167426,455,5527,0.1657142857142857,0.01588322653360641,0.315545344894965,145,875,NA,NA,NA,3,3,NA
13,147,GA,Hart County,13147,NA,NA,NA,0,53,NA,NA,NA,0,413,0.09272467902995721,0.04500068311590318,0.14044867494401123,325,3505,0.15996503496503497,0.015052386697884806,0.3048776832321851,183,1144,0.2807017543859649,0,0.940658556635398,32,114,NA
13,149,GA,Heard County,13149,NA,NA,NA,0,0,0.22142857142857142,0,0.6830553394119332,31,140,0.20120259019426456,0.11224176140516222,0.2901634189833669,435,2162,0.4032258064516129,0.013350245728573074,0.7931013671746527,75,186,NA,NA,NA,0,0,NA
13,151,GA,Henry County,13151,0.16831683168316833,0,0.6425544279088441,17,101,0.18871895608250316,0.1321096632107819,0.24532824895422442,1345,7127,0.11494903737259343,0.06540490007576324,0.16449317466942362,1827,15894,0.1508327468918602,0.11844189986902492,0.18322359391469545,5144,34104,0.08071748878923767,0.012902547093213243,0.1485324304852621,162,2007,NA
13,153,GA,Houston County,13153,NA,NA,NA,0,108,0.308314606741573,0.2259074158013145,0.3907217976818316,1372,4450,0.06017452754430109,0.038212522649307454,0.08213653243929472,1124,18679,0.20765969677372997,0.15532973631722005,0.2599896572302399,2890,13917,0.19351669941060903,0.021382260761488858,0.3656511380597292,197,1018,NA
13,155,GA,Irwin County,13155,NA,NA,NA,0,0,NA,NA,NA,0,233,0.41895261845386533,0.2851084587211328,0.5527967781865979,504,1203,0.44992295839753466,0.25453160351644544,0.6453143132786239,292,649,NA,NA,NA,0,0,NA
13,157,GA,Jackson County,13157,NA,NA,NA,0,160,0.1292080795126643,0.06089196893627277,0.19752419008905583,403,3119,0.053141077714595183,0.03423697335527561,0.07204518207391475,785,14772,0.04917061611374408,0,0.10556316519296174,83,1688,0.18324607329842932,0,0.44060653359967616,70,382,NA
13,159,GA,Jasper County,13159,NA,NA,NA,0,0,0.035211267605633804,0,0.11149665414574969,10,284,0.11980347694633409,0.04890465607570031,0.19070229781696785,317,2646,0.37042925278219396,0.19036933474105452,0.5504891708233334,233,629,NA,NA,NA,0,0,NA
13,161,GA,Jeff Davis County,13161,NA,NA,NA,0,13,0.2922374429223744,0.07369259564061231,0.5107822902041366,256,876,0.2439814814814815,0.14977154162350215,0.33819142133946084,527,2160,0.6683417085427136,0.31523640223001304,1,266,398,NA,NA,NA,0,15,NA
13,163,GA,Jefferson County,13163,NA,NA,NA,0,0,NA,NA,NA,0,100,0.09893704006541292,0.02759945581940615,0.17027462431141968,121,1223,0.358974358974359,0.23127172268246032,0.48667699526625763,714,1989,NA,NA,NA,0,0,NA
13,165,GA,Jenkins County,13165,NA,NA,NA,0,0,NA,NA,NA,0,208,0.022488755622188907,0,0.08481308448363524,15,667,0.47568710359408034,0.08172815937816419,0.8696460478099965,225,473,NA,NA,NA,0,0,NA
13,167,GA,Johnson County,13167,NA,NA,NA,0,0,NA,NA,NA,0,20,0.2809364548494983,0.18098939463203012,0.3808835150669665,252,897,0.5906821963394343,0.3281562540646809,0.85320813861418765,355,601,NA,NA,NA,0,0,NA
13,169,GA,Jones County,13169,NA,NA,NA,0,2,NA,NA,NA,0,243,0.22316319523918518,0.15321856074209167,0.2931078297362787,975,4369,0.06946564885496183,0,0.15582115483482095,91,1310,NA,NA,NA,0,7,NA
13,171,GA,Lamar County,13171,NA,NA,NA,0,11,NA,NA,NA,0,6,0.0608564988730278,0.02229066867548936,0.09942232907056624,162,2662,0.1433659839715049,0.028575358830128725,0.2581566091128811,161,1123,NA,NA,NA,0,6,NA
13,173,GA,Lanier County,13173,NA,NA,NA,0,0,0.6013513513513513,0.019687255767921408,1,89,148,0.27473309608540925,0.11701036080158855,0.43245583136922994,386,1405,0.6374807987711214,0.5966452237792825,0.6783163737629603,415,651,NA,NA,NA,0,0,NA
13,175,GA,Laurens County,13175,NA,NA,NA,0,29,0.23867069486404835,0.06933492739991218,0.4080064623281845,158,662,0.15156223027792162,0.10176235059945349,0.20136210995638976,878,5793,0.6271734735139507,0.5385790645688044,0.715767882459097,3102,4946,NA,NA,NA,118,120,NA
13,177,GA,Lee County,13177,NA,NA,NA,0,0,0.02972972972972973,0,0.18152405023335066,11,370,0.039132047477744805,0.00853353577522634,0.06973055918026327,211,5392,0.11944444444444445,0.02750042200773134,0.21138846688115756,215,1800,NA,NA,NA,0,171,NA
13,179,GA,Liberty County,13179,NA,NA,NA,0,106,0.059025394646533974,0,0.12214354678461682,172,2914,0.28646471721239714,0.2028550572802012,0.37007437714459307,1636,5711,0.193122032593353,0.1415584947821569,0.2446855704045491,1505,7793,0.13978494623655913,0,0.5055184823802491,39,279,NA
13,181,GA,Lincoln County,13181,NA,NA,NA,0,0,NA,NA,NA,0,28,0.32030401737242126,0.19674042281268286,0.4438676119321596,295,921,0.3502202643171806,0.04608207468491421,0.654358453949447,159,454,NA,NA,NA,0,0,NA
13,183,GA,Long County,13183,NA,NA,NA,0,0,0.4682634730538922,0.3082804611712975,0.6282464849364869,391,835,0.1350210970464135,0.038715819199827584,0.2313263748929994,320,2370,0.3290924512298558,0.171189584424727,0.48699531803498464,388,1179,NA,NA,NA,0,43,NA
13,185,GA,Lowndes County,13185,0.7567567567567568,0.27343476518807763,1,112,148,0.2868741542625169,0.18293821401651117,0.3908100945085226,848,2956,0.10153115532629166,0.06627309674829485,0.13678921390428847,1240,12213,0.3836627573197736,0.32677681208321085,0.4405487025563364,4678,12193,0.11475409836065574,0,0.3387307442613293,49,427,NA
13,187,GA,Lumpkin County,13187,NA,NA,NA,1,13,0.08067542213883677,0,0.19869606676014254,43,533,0.1541959487391484,0.09304465997441434,0.21534723750388246,746,4838,NA,NA,NA,36,80,NA,NA,NA,0,67,NA
13,189,GA,McDuffie County,13189,NA,NA,NA,0,0,0.2766990291262136,0,0.5642977658715587,57,206,0.09844322344322344,0.02156485148479867,0.1753215954016482,215,2184,0.5623565416985463,0.43806075434046937,0.6866523290566232,1470,2614,NA,NA,NA,0,2,NA
13,191,GA,McIntosh County,13191,NA,NA,NA,0,0,NA,NA,NA,0,55,0.23542600896860988,0.0987622770437834,0.3720897408934364,210,892,0.9070904645476773,0.7752900298460756,1,371,409,NA,NA,NA,16,24,NA
13,193,GA,Macon County,13193,NA,NA,NA,0,0,0.34054054054054056,0.005649719263605468,0.6754313618174757,63,185,0.10737179487179487,0,0.22371750559667136,67,624,0.3824503311258278,0.2675003124457442,0.49740034980591147,462,1208,NA,NA,NA,0,20,NA
13,195,GA,Madison County,13195,NA,NA,NA,0,0,0.4665991902834008,0.2122758158861589,0.7209225646806428,461,988,0.15297117081780742,0.0930792697031204,0.21286307193249443,780,5099,0.24691358024691357,0,0.5206239654825329,140,567,0.918552036199095,0.10961899522394858,1,203,221,NA
13,197,GA,Marion County,13197,NA,NA,NA,0,7,0.6716417910447762,0.3640762750731159,0.9792073070164364,135,201,0.24254742547425473,0.06458043611836736,0.42051441483014207,179,738,0.4947916666666667,0.36489559477947253,0.6246877385538608,190,384,NA,NA,NA,0,33,NA
13,199,GA,Meriwether County,13199,NA,NA,NA,0,0,NA,NA,NA,0,70,0.29701563240170537,0.1950351498921032,0.39899611491130754,627,2111,0.37003058103975534,0.2575747393322888,0.48248642274722187,726,1962,NA,NA,NA,0,4,NA
13,201,GA,Miller County,13201,NA,NA,NA,5,5,0.08163265306122448,0,0.7901762461906982,4,49,0.11357340720221606,0.023399872961348614,0.20374694144308353,82,722,0.70020964360587,0.5212825740422059,0.8791367131695341,334,477,NA,NA,NA,15,15,NA
13,205,GA,Mitchell County,13205,NA,NA,NA,0,3,0.6553398058252428,0.5418662765949845,0.768813335055501,270,412,0.17978142076502732,0.056364661392282106,0.30319818013777255,329,1830,0.49245742092457423,0.3782045847601572,0.6067102570889913,1012,2055,NA,NA,NA,0,0,NA
13,207,GA,Monroe County,13207,NA,NA,NA,0,23,0.2681992337164751,0,0.6616927434133961,70,261,0.11051401869158879,0.03513657007550833,0.18589146730766926,473,4280,0.44883158742949236,0.2871665275663108,0.6104966472926739,557,1241,NA,NA,NA,127,127,NA
13,209,GA,Montgomery County,13209,NA,NA,NA,0,0,0.2926829268292683,0.13969404800930701,0.44567180564922954,60,205,0.171455938697318,0.07717150495875169,0.26574037243588433,179,1044,0.48589341692789967,0.27935904990521676,0.6924277839505826,155,319,NA,NA,NA,0,20,NA
13,211,GA,Morgan County,13211,NA,NA,NA,0,0,0.20748299319727892,0,0.4656693886257466,61,294,0.10702028081123245,0.03995630178464003,0.17408425983782488,343,3205,0.12511848341232226,0.02892981494163331,0.2213071518830112,132,1055,NA,NA,NA,0,0,NA
13,213,GA,Murray County,13213,0.027586206896551724,0,0.28708822892271063,4,145,0.06534216335540839,0.0184753241940947,0.11220900251672208,148,2265,0.21978352375225496,0.1474321864813996,0.2921348610231103,1462,6652,NA,NA,NA,6,8,NA,NA,NA,5,27,NA
13,215,GA,Muscogee County,13215,NA,NA,NA,49,97,0.18999503064435977,0.13127892407964825,0.2487111372090713,1147,6037,0.09123025768911056,0.05648968828323991,0.1259708270949812,1317,14436,0.36240947992100064,0.3156003288981862,0.4092186309438151,8808,24304,0.0499597099113618,0,0.1313273022879875,62,1241,NA
13,217,GA,Newton County,13217,NA,NA,NA,0,0,0.4015267175572519,0.21061435967064063,0.5924390754438631,1315,3275,0.11868881311186888,0.07135523543362018,0.16602239079011757,1079,9091,0.1899951229708075,0.1266300192194678,0.2533602267221472,2727,14353,0.0889423076923077,0,0.32778495286657455,37,416,NA
13,219,GA,Oconee County,13219,NA,NA,NA,0,74,0.12251655629139073,0.002343388763474452,0.242689723819307,111,906,0.056950467929696415,0.028101524167813943,0.08579941169157888,499,8762,0.03404255319148936,0,0.2628871116392882,8,235,0.08571428571428572,0,0.22506749882164245,48,560,NA
13,221,GA,Oglethorpe County,13221,NA,NA,NA,0,0,0.1518624641833811,0,0.42769882177729723,53,349,0.1142313184198001,0.052319627528150614,0.17614300931144958,240,2101,0.520618556701031,0.257878657136226,0.783358456265836,303,582,NA,NA,NA,0,39,NA
13,223,GA,Paulding County,13223,NA,NA,NA,0,150,0.09067763415589503,0.046654929897044464,0.1347003384147456,463,5106,0.05741722918675667,0.03826055623024561,0.07657390214326773,1429,24888,0.12723340229452698,0.0739626442915727,0.18050416029748126,1353,10634,0.18341708542713567,0,0.4123708593193578,146,796,NA
13,225,GA,Peach County,13225,NA,NA,NA,0,0,0.31486486486486487,0.13447289511351032,0.4952568346162194,233,740,0.2910731244064577,0.16163216141634104,0.42051408739657437,613,2106,0.282336578581363,0.19059627598555107,0.37407688117717497,609,2157,NA,NA,NA,0,25,NA
13,227,GA,Pickens County,13227,NA,NA,NA,0,15,0.5299760191846523,0.3195180988121253,0.7404339395571793,221,417,0.16217653314427508,0.11701041863160377,0.20734264765694638,915,5642,NA,NA,NA,0,52,NA,NA,NA,0,11,NA
13,229,GA,Pierce County,13229,NA,NA,NA,0,0,NA,NA,NA,0,428,0.1347498655190963,0.08102065328320124,0.18847907775499134,501,3718,0.7743589743589744,0.29428242478961847,1,453,585,NA,NA,NA,0,0,NA
13,231,GA,Pike County,13231,NA,NA,NA,0,0,NA,NA,NA,0,105,0.06658064516129032,0.02662402319326372,0.10653726712931692,258,3875,0.15789473684210525,0,0.32662522782942927,48,304,NA,NA,NA,0,31,NA
13,233,GA,Polk County,13233,0.2112676056338028,0,0.984598042467747,15,71,0.5241753276095797,0.43161623773177576,0.6167344174873837,1160,2213,0.10214566334239952,0.05976391728730301,0.14452740939749603,676,6618,0.48302469135802467,0.23946300730986037,0.726586375406189,626,1296,NA,NA,NA,0,29,NA
13,235,GA,Pulaski County,13235,NA,NA,NA,0,0,0.39,0.11700442830720675,0.6629955716927933,78,200,0.15204678362573099,0.03160756654283206,0.27248600070862994,130,855,0.24717285945072698,0.005599311524290884,0.4887464073771631,153,619,NA,NA,NA,23,23,NA
13,237,GA,Putnam County,13237,NA,NA,NA,0,0,0.17936507936507937,0,0.44553739417741056,113,630,0.322673031026253,0.21278166008712573,0.43256440196538026,676,2095,0.28439425051334705,0.044116208699766596,0.5246722923269275,277,974,NA,NA,NA,0,117,NA
13,239,GA,Quitman County,13239,NA,NA,NA,0,0,NA,NA,NA,0,0,0.0673076923076923,0,0.32337721598069724,7,104,0.7054794520547946,0.6226964447804333,0.7882624593291558,103,146,NA,NA,NA,0,0,NA
13,241,GA,Rabun County,13241,NA,NA,NA,0,19,0.2311212814645309,0.08916091079526811,0.3730816521337937,101,437,0.21624173748819642,0.11946061626019838,0.31302285871619445,458,2118,NA,NA,NA,0,0,NA,NA,NA,0,0,NA
13,243,GA,Randolph County,13243,NA,NA,NA,0,0,0.3253012048192771,0.0117350868437337,0.6388673227948205,54,166,0.019169329073482427,0,0.10051646493358904,6,313,0.4168110918544194,0.19331925255293322,0.6403029311559055,481,1154,NA,NA,NA,0,0,NA
13,245,GA,Richmond County,13245,NA,NA,NA,0,14,0.1894878706199461,0.10904607605902307,0.26992966518086914,703,3710,0.14291165808051898,0.10331778020360687,0.18250553595743108,1498,10482,0.40356188780053426,0.3664419096973111,0.4406818659037574,11330,28075,0.1018363939899833,0,0.3327555240555158,61,599,NA
13,247,GA,Rockdale County,13247,NA,NA,NA,64,64,0.19737506309944472,0.07523116630863434,0.3195189598902551,782,3962,0.1918158567774936,0.10373264013896666,0.27989907341602055,600,3128,0.12988574864702346,0.08104488531990417,0.17872661197414275,1728,13304,NA,NA,NA,0,134,NA
13,249,GA,Schley County,13249,NA,NA,NA,0,4,NA,NA,NA,0,4,0.03676470588235294,0,0.07654626752429093,35,952,NA,NA,NA,62,132,NA,NA,NA,0,0,NA
13,251,GA,Screven County,13251,NA,NA,NA,0,0,0.22627737226277372,0,0.6844899569628771,31,137,0.15176715176715178,0.0652846182234464,0.23824968531085716,219,1443,0.5,0.3481366761765493,0.6518633238234507,618,1236,NA,NA,NA,0,0,NA
13,253,GA,Seminole County,13253,NA,NA,NA,0,0,0.2764227642276423,0,0.789751226461487,34,123,0.05026737967914439,0,0.11266305236284856,47,935,0.33943661971830985,0.19362081463256303,0.48525242480405667,241,710,NA,NA,NA,0,0,NA
13,255,GA,Spalding County,13255,NA,NA,NA,0,3,0.1945187165775401,0.077115423744456,0.3119220094106242,291,1496,0.19888082274652147,0.1356482124226371,0.2621134330704058,1315,6612,0.44763358778625956,0.3593057077467218,0.5359614678257973,2932,6550,NA,NA,NA,0,58,NA
13,257,GA,Stephens County,13257,NA,NA,NA,14,50,0.061946902654867256,0,0.2950569398042965,14,226,0.1427882296189098,0.0831858867675947,0.2023905724702249,592,4146,0.039285714285714285,0,0.22725459568902737,11,280,NA,NA,NA,72,97,NA
13,259,GA,Stewart County,13259,NA,NA,NA,0,0,NA,NA,NA,0,0,0.03496503496503497,0,0.2095490529267015,5,143,0.5270588235294118,0.23753474535519137,0.8165829017036322,224,425,NA,NA,NA,0,0,NA
13,261,GA,Sumter County,13261,NA,NA,NA,0,0,0.45664739884393063,0.24884480400913084,0.6644499936787305,316,692,0.0648095508811825,0,0.1409773052959794,114,1759,0.5183937096321258,0.4128983992499975,0.6238890200142542,1846,3561,NA,NA,NA,0,7,NA
13,263,GA,Talbot County,13263,NA,NA,NA,0,0,NA,NA,NA,0,0,0.4588235294117647,0.1860862485899793,0.73156081023355,117,255,0.38956521739130434,0.3252172999968848,0.45391313478572387,224,575,NA,NA,NA,0,0,NA
13,265,GA,Taliaferro County,13265,NA,NA,NA,0,0,NA,NA,NA,6,31,0.29838709677419356,0.06864663944250413,0.528127554105883,37,124,0.4125,0,0.9160921461409235,33,80,NA,NA,NA,0,0,NA
13,267,GA,Tattnall County,13267,NA,NA,NA,0,23,0.26523297491039427,0.03790313570263726,0.4925628141181513,222,837,0.2922410397794407,0.20627621795209267,0.37820586160678876,742,2539,0.22849695916594265,0.11681093178313846,0.34018298654874685,263,1151,NA,NA,NA,0,52,NA
13,269,GA,Taylor County,13269,NA,NA,NA,9,9,NA,NA,NA,0,49,0.2751937984496124,0.16785518778110942,0.38253240911811537,213,774,0.7584459459459459,0.6869681308001804,0.8299237610917115,449,592,NA,NA,NA,0,0,NA
13,271,GA,Telfair County,13271,NA,NA,NA,0,2,0.6838235294117647,0.38967416605951916,0.9779728927640103,93,136,0.1844559585492228,0.08620916185764009,0.2827027552408055,178,965,0.4252400548696845,0.2399385773638996,0.6105415323754695,310,729,NA,NA,NA,0,0,NA
13,273,GA,Terrell County,13273,NA,NA,NA,0,0,NA,NA,NA,8,71,0.04892367906066536,0,0.1287368806881524,25,511,0.7829286239882266,0.7104886360749398,0.8553686119015134,1064,1359,NA,NA,NA,0,4,NA
13,275,GA,Thomas County,13275,NA,NA,NA,19,35,0.16936671575846834,0.04602154685955828,0.2927118846573784,115,679,0.1974176646706587,0.13488574303033316,0.2599495863109842,1055,5344,0.38718070009460737,0.2991908562180807,0.475170543971134,1637,4228,NA,NA,NA,27,59,NA
13,277,GA,Tift County,13277,0.24050632911392406,0,0.9321072756699327,19,79,0.2896713615023474,0.1620110633444364,0.4173316596602584,617,2130,0.1683599419448476,0.08376925723898129,0.2529506266507139,696,4134,0.4665027658266749,0.37478703055974183,0.5582185010936079,1518,3254,NA,NA,NA,69,79,NA
13,279,GA,Toombs County,13279,NA,NA,NA,0,0,0.2479541734860884,0.1221442820304885,0.3737640649416883,303,1222,0.1696588868940754,0.09904934456841079,0.24026842921974,567,3342,0.6404673393520978,0.5498377484231914,0.7310969302810041,1206,1883,NA,NA,NA,0,18,NA
13,281,GA,Towns County,13281,NA,NA,NA,0,0,0.06172839506172839,0,0.420672641875681,5,81,0.2711081794195251,0.16254397861616937,0.3796723802228808,411,1516,NA,NA,NA,0,0,NA,NA,NA,0,0,NA
13,283,GA,Treutlen County,13283,NA,NA,NA,0,0,NA,NA,NA,0,42,0.020935960591133004,0,0.05326108812253308,17,812,0.3601694915254237,0.03748024177610709,0.6828587412747403,170,472,NA,NA,NA,0,0,NA
13,285,GA,Troup County,13285,NA,NA,NA,0,8,0.17142857142857143,0.028764056419352646,0.3140930864377902,210,1225,0.20453962554501154,0.13112180905851814,0.27795744203150496,1595,7798,0.28434551886792453,0.2033961955571328,0.3652948421787163,1929,6784,NA,NA,NA,0,276,NA
13,287,GA,Turner County,13287,NA,NA,NA,0,0,NA,NA,NA,0,115,0.05680600214362272,0,0.12912735506908374,53,933,0.28202368137782563,0.0864734490436665,0.47757391371198477,262,929,NA,NA,NA,0,0,NA
13,289,GA,Twiggs County,13289,NA,NA,NA,0,0,NA,NA,NA,0,12,0.0918918918918919,0,0.1849922144492949,68,740,0.2852941176470588,0.1099573757682904,0.4606308595258272,194,680,NA,NA,NA,18,18,NA
13,291,GA,Union County,13291,NA,NA,NA,33,33,0.6448979591836734,0.4509675741206579,0.838828344246689,158,245,0.15163584637268848,0.0743718294529855,0.22889986329239148,533,3515,NA,NA,NA,0,0,NA,NA,NA,0,13,NA
13,293,GA,Upson County,13293,NA,NA,NA,15,15,NA,NA,NA,0,205,0.2415083477259643,0.1532359752592029,0.3297807201927257,839,3474,0.31184128952262863,0.08858760060524487,0.5350949784400124,503,1613,NA,NA,NA,0,20,NA
13,295,GA,Walker County,13295,NA,NA,NA,32,77,0.6408668730650154,0.44817454740504475,0.8335591987249862,414,646,0.1580226904376013,0.12300639055939488,0.19303899031580773,1950,12340,0.43465045592705165,0.22264837668498882,0.6466525351691145,143,329,NA,NA,NA,0,8,NA
13,297,GA,Walton County,13297,NA,NA,NA,0,44,0.18777120315581855,0.07950074208686025,0.29604166422477685,476,2535,0.11770496414006469,0.08466311764953088,0.1507468106305985,1674,14222,0.357786812798303,0.25761547068124996,0.457958154915356,2024,5657,NA,NA,NA,0,347,NA
13,299,GA,Ware County,13299,NA,NA,NA,0,0,0.6689373297002725,0.5032650411380566,0.8346096182624885,491,734,0.1408888888888889,0.06006342856516354,0.22171434921261424,634,4500,0.41207697412076977,0.32782781656364296,0.4963261316778966,1242,3014,NA,NA,NA,93,101,NA
13,301,GA,Warren County,13301,NA,NA,NA,0,0,NA,NA,NA,0,0,0.047619047619047616,0,0.18455416782543432,15,315,0.39504373177842567,0.22441808284124576,0.5656693807156056,271,686,NA,NA,NA,0,0,NA
13,303,GA,Washington County,13303,NA,NA,NA,0,0,0.08849557522123894,0,0.40636889449515945,10,113,0.11692726036709722,0,0.23992777106429364,172,1471,0.2910662824207493,0.1951053314176957,0.38702723342380285,707,2429,NA,NA,NA,0,11,NA
13,305,GA,Wayne County,13305,NA,NA,NA,0,7,0.29545454545454547,0,0.592800763472835,169,572,0.19405450041288191,0.10215777640938685,0.285951224416377,940,4844,0.4530950861518826,0.2726501709121367,0.6335400013916285,710,1567,NA,NA,NA,100,100,NA
13,307,GA,Webster County,13307,NA,NA,NA,0,0,NA,NA,NA,14,14,NA,NA,NA,11,34,0.21305841924398625,0,0.4437367104109335,62,291,NA,NA,NA,0,0,NA
13,309,GA,Wheeler County,13309,NA,NA,NA,0,0,0.05555555555555555,0,0.5320984838197501,4,72,0.34075104311543813,0.15047978456571362,0.5310223016651626,245,719,0.4424778761061947,0.08293519799713084,0.8020205542152585,150,339,NA,NA,NA,0,0,NA
13,311,GA,White County,13311,NA,NA,NA,0,0,0.6716417910447762,0.48630734351995447,0.8569762385695978,225,335,0.1954769368562472,0.11796239520514737,0.27299147850734706,873,4466,NA,NA,NA,34,34,NA,NA,NA,0,0,NA
13,313,GA,Whitfield County,13313,0.38930163447251115,0.051832000513541976,0.7267712684314803,262,673,0.3018644335598041,0.24118740092813257,0.3625414661914756,3821,12658,0.13616518100782246,0.09628120834063796,0.17604915367500695,1497,10994,0.6975476839237057,0.38368816250291543,1,512,734,NA,NA,NA,170,334,NA
13,315,GA,Wilcox County,13315,NA,NA,NA,0,0,0.30392156862745096,0,0.7445350548630654,31,102,0.13909378292939936,0.07310016938004332,0.2050873964787554,132,949,0.6925064599483204,0.4490691721103385,0.9359437477863023,268,387,NA,NA,NA,0,0,NA
13,317,GA,Wilkes County,13317,NA,NA,NA,0,0,NA,NA,NA,87,93,0.11084043848964677,0.028377338438770744,0.1933035385405228,91,821,0.26837806301050177,0.106998057979651,0.4297580680413525,230,857,NA,NA,NA,0,0,NA
13,319,GA,Wilkinson County,13319,NA,NA,NA,0,0,0.28169014084507044,0,0.9875326569949026,20,71,0.20569620253164558,0.09878842079781854,0.31260398426547265,195,948,0.5096030729833547,0.39274069207032886,0.6264654538963806,398,781,NA,NA,NA,0,6,NA
13,321,GA,Worth County,13321,NA,NA,NA,7,7,0.2919254658385093,0,0.6657168430356908,47,161,0.238440962934658,0.155340560510808,0.32154136535850797,624,2617,0.58272800645682,0.44371037690904536,0.7217456360045946,722,1239,NA,NA,NA,35,91,NA
15,000,HI,Hawaii,15000,0.24719101123595505,0,0.5430145394468104,110,445,0.1282061164318887,0.10981717908899921,0.1465950537747782,6653,51893,0.08719562171165693,0.07181013073172472,0.10258111269158914,3298,37823,0.05805637358014304,0.02734561182193894,0.08876713533834714,276,4754,0.13856687746659693,0.12623256547535047,0.1509011894578434,14571,105155,NA
15,001,HI,Hawaii County,15001,NA,NA,NA,0,73,0.2746615087040619,0.2119874363205387,0.3373355810875851,2556,9306,0.10319494276439432,0.06091593500448622,0.14547395052430243,604,5853,0.7590361445783133,0.33997826726047664,1,63,83,0.20111883064152306,0.15137534835163413,0.250862312931412,2229,11083,NA
15,003,HI,Honolulu County,15003,0.34375,0,0.7321092257036259,110,320,0.09562122390381049,0.07822130439737686,0.11302114341024412,3197,33434,0.07660907928916011,0.05897535309434164,0.09424280548397858,1858,24253,0.04514299220042543,0.01939475532416676,0.0708912290766841,191,4231,0.1413540363153459,0.1267188261089313,0.15598924652176052,11070,78314,NA
15,005,HI,Kalawao County,15005,NA,NA,NA,0,0,NA,NA,NA,0,0,NA,NA,NA,0,0,NA,NA,NA,0,0,NA,NA,NA,0,0,NA
15,007,HI,Kauai County,15007,NA,NA,NA,0,12,0.021681120747164776,0,0.04426198725103592,65,2998,0.1333835719668425,0.04774300860129542,0.21902413533238957,354,2654,NA,NA,NA,0,138,0.1444606110995635,0.07723937790470237,0.21168184429442466,695,4811,NA
15,009,HI,Maui County,15009,NA,NA,NA,0,40,0.13566206336311942,0.08141654648426218,0.18990758024197668,835,6155,0.09520047402725657,0.050252315270385456,0.14014863278412767,482,5063,0.0728476821192053,0,0.29084866912702895,22,302,0.05270850461313602,0.026524987884986726,0.07889202134128531,577,10947,NA
16,000,ID,Idaho,16000,0.2928488146132919,0.23257230606935608,0.35312532315722767,1507,5146,0.1787028796818177,0.16276877891133215,0.19463698045230324,16265,91017,0.10466950406541271,0.09851317560214037,0.11082583252868505,34307,327765,0.19159335288367546,0.11957729718026516,0.26360940858708576,784,4092,0.09489756474681098,0.05496688164262767,0.1348282478509943,491,5174,NA
16,001,ID,Ada County,16001,0.21207658321060383,0.03448651445718767,0.38966665196401995,144,679,0.11342095286237837,0.0815625825610056,0.14527932316375114,1795,15826,0.07616731053560356,0.06422859259185978,0.08810602847934734,6388,83868,0.20035226772346984,0.08781352662421822,0.3128910088227215,455,2271,0.10590564170240845,0.046533605832081965,0.16527767757273493,321,3031,NA
16,003,ID,Adams County,16003,NA,NA,NA,0,0,NA,NA,NA,0,123,0.22151898734177214,0.06559445978144776,0.3774435149020965,140,632,NA,NA,NA,0,0,NA,NA,NA,0,0,NA
16,005,ID,Bannock County,16005,0.3187702265372168,0.15177196496457201,0.4857684881098616,197,618,0.21524811041735128,0.13245765416032576,0.2980385666743768,655,3043,0.13399264306820238,0.10103974742404415,0.16694553871236062,2222,16583,0.2578125,0,0.53115324810071185,33,128,NA,NA,NA,0,333,NA
16,007,ID,Bear Lake County,16007,NA,NA,NA,0,0,NA,NA,NA,0,65,0.0640547263681592,0.03246794315055668,0.09564150958576173,103,1608,NA,NA,NA,7,33,NA,NA,NA,0,6,NA
16,009,ID,Benewah County,16009,0.33687943262411346,0.1972595997752918,0.4764992654729351,95,282,0.22297297297297297,0,0.517436228985301,33,148,0.08514386376981797,0.048647052641662435,0.1216406748979735,145,1703,NA,NA,NA,16,16,NA,NA,NA,0,0,NA
16,011,ID,Bingham County,16011,0.4084124830393487,0.2953714574361307,0.5214535086425667,301,737,0.16596385542168673,0.09730906848806785,0.2346186423553056,551,3320,0.12523968109799172,0.0870726298063913,0.16340673238959214,1241,9909,NA,NA,NA,0,37,NA,NA,NA,0,3,NA
16,013,ID,Blaine County,16013,NA,NA,NA,0,7,0.0481717933836332,0,0.10465538562319665,83,1723,0.16640986132511557,0.07927849353162343,0.2535412291186077,432,2596,NA,NA,NA,0,9,NA,NA,NA,0,35,NA
16,015,ID,Boise County,16015,NA,NA,NA,0,37,0.028169014084507043,0,0.23791835947972406,4,142,0.16826411075612355,0.07654902784787522,0.2599791936643719,158,939,NA,NA,NA,0,3,NA,NA,NA,0,4,NA
16,017,ID,Bonner County,16017,NA,NA,NA,0,8,NA,NA,NA,0,705,0.2068924255115472,0.14572565643871135,0.2680591945843831,1729,8357,NA,NA,NA,0,32,NA,NA,NA,0,2,NA
16,019,ID,Bonneville County,16019,0.5740181268882175,0.1142103208563689,1,190,331,0.17034658102502342,0.11660482652391013,0.22408833552613672,1273,7473,0.12600405112802962,0.10271128709530336,0.14929681516075588,3608,28634,0.2606060606060606,0,0.6759308182928436,43,165,NA,NA,NA,0,209,NA
16,021,ID,Boundary County,16021,0.9484536082474226,0.019233376148855452,1,92,97,0.2554112554112554,0.02372348269195279,0.48709902813055805,59,231,0.17286751361161526,0.07891166964940392,0.2668233575738266,381,2204,NA,NA,NA,0,0,NA,NA,NA,0,54,NA
16,023,ID,Butte County,16023,NA,NA,NA,0,0,NA,NA,NA,8,26,0.23498233215547704,0.09972973190605353,0.3702349324049006,133,566,NA,NA,NA,0,0,NA,NA,NA,0,8,NA
16,025,ID,Camas County,16025,NA,NA,NA,0,5,0.21212121212121213,0,0.530328593563289,14,66,NA,NA,NA,0,182,NA,NA,NA,0,0,NA,NA,NA,0,0,NA
16,027,ID,Canyon County,16027,0.20833333333333334,0.028102731631121064,0.38856393503554565,105,504,0.2130458770105674,0.18007169549321683,0.24602005852791797,5020,23563,0.08142876326037331,0.06435773025827249,0.09849979626247413,3032,37235,0.17067307692307693,0.009209737150238179,0.33213641669591565,71,416,0.11311053984575835,0,0.3620746892236675,44,389,NA
16,029,ID,Caribou County,16029,NA,NA,NA,0,0,NA,NA,NA,0,26,0.13261240751280592,0.08641000077347333,0.17881481425213852,233,1757,NA,NA,NA,0,0,NA,NA,NA,0,0,NA
16,031,ID,Cassia County,16031,NA,NA,NA,0,151,0.24002774887270203,0.13080835974878607,0.349247137996618,692,2883,0.09699719161806006,0.04832309113334592,0.14567129210277419,449,4629,NA,NA,NA,0,51,NA,NA,NA,1,1,NA
16,033,ID,Clark County,16033,NA,NA,NA,0,0,0.3157894736842105,0.08773063105378542,0.5438483163146356,12,38,0.11931818181818182,0.031524110578666206,0.20711225305769743,21,176,NA,NA,NA,0,0,NA,NA,NA,0,0,NA
16,035,ID,Clearwater County,16035,NA,NA,NA,0,1,0.15789473684210525,0.03976177501508804,0.27602769866912247,15,95,0.17124542124542125,0.11508320459471147,0.22740763789613103,187,1092,NA,NA,NA,0,4,NA,NA,NA,0,16,NA
16,037,ID,Custer County,16037,NA,NA,NA,0,2,NA,NA,NA,0,89,0.10663983903420524,0,0.22919865722371424,53,497,NA,NA,NA,0,0,NA,NA,NA,0,0,NA
16,039,ID,Elmore County,16039,0.5918367346938775,0.31740803306379617,0.8662654363239589,29,49,0.15651201788708777,0.07627437336234533,0.2367496624118302,280,1789,0.07902097902097902,0.044881642963833554,0.11316031507812448,339,4290,NA,NA,NA,0,282,0.01990049751243781,0,0.3266495875149632,4,201,NA
16,041,ID,Franklin County,16041,NA,NA,NA,0,1,0.2542372881355932,0,0.5595567841770983,105,413,0.04063786008230453,0.012521867915985627,0.06875385224862343,158,3888,NA,NA,NA,0,0,NA,NA,NA,0,3,NA
16,043,ID,Fremont County,16043,NA,NA,NA,0,29,0.3690248565965583,0.18346225809317232,0.5545874550999443,193,523,0.0971149939049167,0.056080046163282875,0.1381499416465505,239,2461,NA,NA,NA,0,8,NA,NA,NA,0,0,NA
16,045,ID,Gem County,16045,NA,NA,NA,0,23,0.3674911660777385,0.17446024424387108,0.560522087911606,208,566,0.13407990314769977,0.06881236185273293,0.1993474444426666,443,3304,NA,NA,NA,0,0,NA,NA,NA,0,69,NA
16,047,ID,Gooding County,16047,0.08737864077669903,0,0.38339710944283123,9,103,0.24145658263305322,0.11753917726586556,0.3653739880002409,431,1785,0.08650190114068441,0.04377931901710172,0.1292244832642671,182,2104,NA,NA,NA,0,1,NA,NA,NA,0,0,NA
16,049,ID,Idaho County,16049,NA,NA,NA,0,127,0.038461538461538464,0,0.20732482739765662,8,208,0.10365217391304347,0.04902645728378903,0.1582778905422979,298,2875,NA,NA,NA,10,10,NA,NA,NA,0,0,NA
16,051,ID,Jefferson County,16051,NA,NA,NA,6,11,0.1324456902592852,0.04524305106503075,0.21964832945353968,189,1427,0.12386503755184397,0.08420113114098268,0.16352894396270526,1105,8921,NA,NA,NA,0,4,NA,NA,NA,0,8,NA
16,053,ID,Jerome County,16053,NA,NA,NA,0,53,0.14736284124039226,0.07091946701420025,0.22380621546658425,556,3773,0.14324487334137515,0.07406212591671425,0.21242762076603605,475,3316,NA,NA,NA,0,6,NA,NA,NA,6,6,NA
16,055,ID,Kootenai County,16055,0.1440329218106996,0.035617273114267226,0.252448570507132,35,243,0.10293219303604154,0.04796158033528209,0.157902805736801,337,3274,0.10088674787518026,0.07862568896226113,0.12314780678809939,3288,32591,0.12605042016806722,0,0.6447113996753916,15,119,0.1368421052631579,0,0.9828974424822133,13,95,NA
16,057,ID,Latah County,16057,NA,NA,NA,14,51,0.11797752808988764,0.003446604662010036,0.23250845151776522,63,534,0.09284880813468911,0.049909895590381816,0.13578772067899642,557,5999,NA,NA,NA,0,0,0.19318181818181818,0,0.6311087753983158,34,176,NA
16,059,ID,Lemhi County,16059,NA,NA,NA,5,11,NA,NA,NA,0,0,0.06830391404451266,0.017888931317322068,0.11871889677170326,89,1303,NA,NA,NA,0,0,NA,NA,NA,0,5,NA
16,061,ID,Lewis County,16061,NA,NA,NA,0,8,0.65,0.5147165397880764,0.7852834602119236,39,60,0.11764705882352941,0.06361849655945556,0.17167562108760326,70,595,NA,NA,NA,21,21,NA,NA,NA,0,0,NA
16,063,ID,Lincoln County,16063,NA,NA,NA,3,32,0.0823327615780446,0.0027349573196369104,0.1619305658364523,48,583,0.12780898876404495,0.06462718404505298,0.19099079348303694,91,712,NA,NA,NA,0,7,NA,NA,NA,0,7,NA
16,065,ID,Madison County,16065,NA,NA,NA,0,8,0.41843971631205673,0.29218995532365255,0.5446894773004609,590,1410,0.11018826135105204,0.08084111663496958,0.13953540606713452,995,9030,NA,NA,NA,0,18,NA,NA,NA,20,48,NA
16,067,ID,Minidoka County,16067,NA,NA,NA,0,1,0.32357092448835567,0.2045482692524145,0.4425935797242968,917,2834,0.07090012330456227,0.03521789013149037,0.10658235647763417,230,3244,NA,NA,NA,0,22,NA,NA,NA,0,42,NA
16,069,ID,Nez Perce County,16069,0.31086142322097376,0.12692826929713752,0.49479457714481,166,534,0.08052708638360176,0,0.16276892764329065,55,683,0.14132302405498282,0.09854297373122672,0.1841030743787389,987,6984,NA,NA,NA,0,10,NA,NA,NA,46,89,NA
16,071,ID,Oneida County,16071,NA,NA,NA,0,0,NA,NA,NA,0,75,0.10125523012552301,0.03954373894958339,0.1629667213014626,121,1195,NA,NA,NA,4,4,NA,NA,NA,0,0,NA
16,073,ID,Owyhee County,16073,0.23645320197044334,0.11825726129163522,0.35464914264925146,48,203,0.2587268993839836,0.14654648533324377,0.3709073134347234,252,974,0.07463524130190796,0.012043091030428402,0.13722739157338754,133,1782,NA,NA,NA,0,35,NA,NA,NA,0,0,NA
16,075,ID,Payette County,16075,NA,NA,NA,0,18,0.08969907407407407,0.03757539769291314,0.141822750455235,155,1728,0.15141165755919855,0.0876299142764456,0.2151934008419515,665,4392,NA,NA,NA,0,0,NA,NA,NA,0,10,NA
16,077,ID,Power County,16077,NA,NA,NA,0,0,0.035842293906810034,0,0.09744002347385025,40,1116,0.14297800338409475,0.025372222819391013,0.2605837839487985,169,1182,NA,NA,NA,0,0,NA,NA,NA,0,0,NA
16,079,ID,Shoshone County,16079,0.16666666666666666,0,0.7410325916808924,7,42,0.5,0.248762830564614,0.751237169435386,88,176,0.12530024019215372,0.06119026320984064,0.1894102171744668,313,2498,0.8181818181818182,0.23880467074882727,1,27,33,NA,NA,NA,2,2,NA
16,081,ID,Teton County,16081,NA,NA,NA,61,61,0.23227752639517346,0.04631988346291893,0.418235169327428,154,663,0.020953378732320588,0,0.05576764630405879,40,1909,NA,NA,NA,0,0,NA,NA,NA,0,0,NA
16,083,ID,Twin Falls County,16083,NA,NA,NA,0,58,0.18364655456643586,0.12539195381958185,0.24190115531328987,1114,6066,0.13700547778454047,0.10364847342790123,0.17036248214117972,2251,16430,0.23631123919308358,0,0.48861239589221883,82,347,NA,NA,NA,0,322,NA
16,085,ID,Valley County,16085,NA,NA,NA,0,0,NA,NA,NA,0,241,0.10016155088852989,0,0.20723594467350923,186,1857,NA,NA,NA,0,0,NA,NA,NA,0,0,NA
16,087,ID,Washington County,16087,NA,NA,NA,0,21,0.4312617702448211,0.1838298201577344,0.6786937203319078,229,531,0.1313364055299539,0.046336741164362844,0.21633606989554496,228,1736,NA,NA,NA,0,0,NA,NA,NA,0,0,NA
17,000,IL,Illinois,17000,0.19666466346153846,0.16215804081773688,0.23117128610534005,3927,19968,0.18350834664123802,0.17727026641393354,0.1897464268685425,127782,696328,0.08344043604269206,0.0807604986746557,0.08612037341072842,110498,1324274,0.3433969791387869,0.3321840559541446,0.35460990232342926,136001,396046,0.10296969149401962,0.0926155657752831,0.11332381721275614,14816,143887,NA
17,001,IL,Adams County,17001,NA,NA,NA,12,12,0.5490196078431373,0.4197654851012784,0.6782737305849962,252,459,0.11424356662842157,0.07984507987962386,0.14864205337721928,1394,12202,0.516042780748663,0.25725547469015647,0.7748300868071696,193,374,NA,NA,NA,0,54,NA
17,003,IL,Alexander County,17003,NA,NA,NA,0,0,NA,NA,NA,0,11,0.32764505119453924,0.18579109173974417,0.4694990106493343,192,586,0.21227621483375958,0.04755527997410744,0.3769971496934117,83,391,NA,NA,NA,0,6,NA
17,005,IL,Bond County,17005,NA,NA,NA,0,50,NA,NA,NA,0,65,0.13135593220338984,0.07446369821456894,0.18824816619221074,341,2596,NA,NA,NA,0,0,NA,NA,NA,0,18,NA
17,007,IL,Boone County,17007,NA,NA,NA,0,0,0.2355917289925209,0.15958307158191476,0.31160038640312704,1071,4546,0.09367236592137951,0.05239990874996504,0.134944823092794,641,6843,NA,NA,NA,0,395,NA,NA,NA,0,22,NA
17,009,IL,Brown County,17009,NA,NA,NA,0,0,0.09523809523809523,0,0.622418786588004,6,63,0.1041879468845761,0.04318588804652063,0.16519000572263157,102,979,NA,NA,NA,0,0,NA,NA,NA,0,0,NA
17,011,IL,Bureau County,17011,NA,NA,NA,0,1,0.11499540018399264,0.06029722189288464,0.16969357847510064,125,1087,0.13780918727915195,0.10228923067681492,0.17332914388148898,702,5094,NA,NA,NA,0,13,NA,NA,NA,0,38,NA
17,013,IL,Calhoun County,17013,NA,NA,NA,0,0,NA,NA,NA,0,0,0.06709677419354838,0.021070076597366517,0.11312347178973026,52,775,NA,NA,NA,0,9,NA,NA,NA,0,0,NA
17,015,IL,Carroll County,17015,NA,NA,NA,0,0,0.3221476510067114,0.06563756314616104,0.5786577388672618,48,149,0.21313506815365552,0.14959831330708764,0.2766718230002234,516,2421,NA,NA,NA,0,3,NA,NA,NA,28,28,NA
17,017,IL,Cass County,17017,NA,NA,NA,0,40,0.07363636363636364,0.006233893336405533,0.14103883393632174,81,1100,0.14426419466975665,0.08116066678017422,0.20736772255933908,249,1726,0.1638418079096045,0,0.4816230983069026,29,177,NA,NA,NA,0,14,NA
17,019,IL,Champaign County,17019,NA,NA,NA,0,75,0.28848304137159897,0.19666641516267025,0.3802996675805277,1548,5366,0.04710163763971926,0.030884332548336016,0.0633189427311025,906,19235,0.21517857142857144,0.14625059229082005,0.28410655056632284,1687,7840,0.0633289124668435,0.01381438161872127,0.11284344331496572,191,3016,NA
17,021,IL,Christian County,17021,NA,NA,NA,0,9,0.22968197879858657,0,0.605630890365996,65,283,0.09816272965879265,0.061406904937432276,0.13491855438015302,561,5715,0.2605633802816901,0,0.6952404412296895,37,142,NA,NA,NA,0,26,NA
17,023,IL,Clark County,17023,NA,NA,NA,0,10,NA,NA,NA,0,94,0.08789124249130573,0.0526000080655982,0.12318247691701326,278,3163,NA,NA,NA,0,0,NA,NA,NA,0,0,NA
17,025,IL,Clay County,17025,NA,NA,NA,0,0,0.07920792079207921,0,0.32183661556023274,16,202,0.177192349332371,0.11660388223062157,0.2377808164341204,491,2771,NA,NA,NA,0,0,NA,NA,NA,0,0,NA
17,027,IL,Clinton County,17027,NA,NA,NA,0,26,0.08484848484848485,0.008504685005114088,0.16119228469185562,42,495,0.08216986620127982,0.05192924299500318,0.11241048940755646,565,6876,0.08064516129032258,0,0.8300616925299981,5,62,NA,NA,NA,0,31,NA
17,029,IL,Coles County,17029,NA,NA,NA,0,0,0.21241050119331742,0,0.532077479990686,89,419,0.13876363636363637,0.09016536291298277,0.18736190981428996,954,6875,0.8798701298701299,0.2893501402251014,1,271,308,NA,NA,NA,0,76,NA
17,031,IL,Cook County,17031,0.17855905784551437,0.13336837386710046,0.2237497418239283,2062,11548,0.18598227735231346,0.1773181599656835,0.1946463947389434,70499,379063,0.06599971566500393,0.06031948593735953,0.07167994539264833,21355,323562,0.3386908800638595,0.32422967033245703,0.35315208979526197,84859,250550,0.1463587152652472,0.12754441392249394,0.1651730166080005,10139,69275,NA
17,033,IL,Crawford County,17033,NA,NA,NA,0,75,NA,NA,NA,0,108,0.1400848999393572,0.08616431199610938,0.194005487882605,462,3298,NA,NA,NA,0,0,NA,NA,NA,0,1,NA
17,035,IL,Cumberland County,17035,NA,NA,NA,0,0,NA,NA,NA,0,13,0.07879656160458452,0.04049844017176099,0.11709468303740805,165,2094,NA,NA,NA,0,0,NA,NA,NA,0,4,NA
17,037,IL,DeKalb County,17037,0.5873015873015873,0.06928532902235474,1,111,189,0.21239858539629708,0.1334377805454045,0.29135939024718965,1021,4807,0.08425545368321213,0.05354035381654165,0.11497055354988261,1066,12652,0.5769820971867008,0.45364235470197867,0.7003218396714229,1128,1955,0.1,0,0.3713664431937471,32,320,NA
17,039,IL,De Witt County,17039,NA,NA,NA,19,19,0.19680851063829788,0,0.47980730408089967,37,188,0.1617080854042702,0.09251897433975721,0.2308971964687832,462,2857,NA,NA,NA,0,58,NA,NA,NA,0,0,NA
17,041,IL,Douglas County,17041,NA,NA,NA,0,13,0.09791666666666667,0.014879340923402914,0.18095399240993043,47,480,0.0886426592797784,0.04254199530559597,0.13474332325396082,352,3971,NA,NA,NA,0,103,NA,NA,NA,0,0,NA
17,043,IL,DuPage County,17043,0.0636604774535809,0,0.14513198863390886,48,754,0.12375717226577898,0.10501063184286483,0.14250371268869313,5651,45662,0.03788728183279142,0.03097458739039536,0.04479997627518748,4055,107028,0.20887055183084063,0.16099395154850393,0.25674715211317733,2430,11634,0.05302797417768214,0.037345333691503765,0.06871061466386051,1380,26024,NA
17,045,IL,Edgar County,17045,NA,NA,NA,0,0,0.011363636363636364,0,0.39520770757436907,1,88,0.16167664670658682,0.10155732019164238,0.22179597322153127,486,3006,NA,NA,NA,0,0,NA,NA,NA,0,3,NA
17,047,IL,Edwards County,17047,NA,NA,NA,0,0,NA,NA,NA,13,27,0.19357495881383854,0.13179695147227655,0.25535296615540054,235,1214,NA,NA,NA,0,0,NA,NA,NA,0,0,NA
17,049,IL,Effingham County,17049,NA,NA,NA,0,2,0.09939759036144578,0,0.26522383175089953,33,332,0.14042610210371165,0.0888268950949902,0.1920253091124331,1048,7463,NA,NA,NA,57,57,NA,NA,NA,10,82,NA
17,051,IL,Fayette County,17051,NA,NA,NA,0,0,0.2823529411764706,0,0.8528357581493424,24,85,0.23655629139072848,0.17027891416662944,0.3028336686148275,893,3775,NA,NA,NA,0,32,NA,NA,NA,0,0,NA
17,053,IL,Ford County,17053,NA,NA,NA,0,0,0.10038610038610038,0,0.26377629940474634,26,259,0.11757526444263629,0.07069711015879351,0.16445341872647906,289,2458,NA,NA,NA,0,10,NA,NA,NA,0,6,NA
17,055,IL,Franklin County,17055,NA,NA,NA,0,6,0.24324324324324326,0,0.5010623883071086,54,222,0.23701785470900913,0.18579213298886477,0.2882435764291535,1739,7337,NA,NA,NA,2,22,NA,NA,NA,0,18,NA
17,057,IL,Fulton County,17057,NA,NA,NA,0,65,0.5793650793650794,0.4564054166974212,0.7023247420327376,73,126,0.1620130412974419,0.1211467707346533,0.2028793118602305,969,5981,NA,NA,NA,11,16,NA,NA,NA,0,13,NA
17,059,IL,Gallatin County,17059,NA,NA,NA,0,0,0.28205128205128205,0,0.8748104553068095,11,39,0.14883720930232558,0.08546837544738999,0.21220604315726116,128,860,NA,NA,NA,0,36,NA,NA,NA,0,9,NA
17,061,IL,Greene County,17061,NA,NA,NA,1,1,0.32941176470588235,0,0.7228862170698565,28,85,0.18228279386712096,0.12278030199094679,0.2417852857432951,428,2348,NA,NA,NA,0,41,NA,NA,NA,0,24,NA
17,063,IL,Grundy County,17063,NA,NA,NA,0,13,0.11864406779661017,0.056988031670484746,0.1803001039227356,259,2183,0.0684042443597404,0.04383848645801304,0.09297000226146775,664,9707,0.07744107744107744,0,0.3055183785090504,23,297,NA,NA,NA,0,56,NA
17,065,IL,Hamilton County,17065,NA,NA,NA,0,0,NA,NA,NA,0,28,0.1654501216545012,0.09229176455191031,0.23860847875709212,272,1644,NA,NA,NA,0,0,NA,NA,NA,0,4,NA
17,067,IL,Hancock County,17067,NA,NA,NA,0,0,NA,NA,NA,0,110,0.16626650660264106,0.11892990829169274,0.21360310491358936,554,3332,NA,NA,NA,0,9,NA,NA,NA,0,0,NA
17,069,IL,Hardin County,17069,NA,NA,NA,0,0,NA,NA,NA,0,9,0.11500974658869395,0.025467067322463302,0.2045524258549246,59,513,NA,NA,NA,2,2,NA,NA,NA,0,0,NA
17,071,IL,Henderson County,17071,NA,NA,NA,27,27,NA,NA,NA,0,25,0.2330978809283552,0.14395261229156925,0.32224314956514116,231,991,NA,NA,NA,0,0,NA,NA,NA,0,3,NA
17,073,IL,Henry County,17073,NA,NA,NA,0,0,0.07748404740200547,0.003526553967173482,0.15144154083683747,85,1097,0.09781565050408066,0.06091832227067257,0.13471297873748875,815,8332,NA,NA,NA,10,23,NA,NA,NA,0,72,NA
17,075,IL,Iroquois County,17075,NA,NA,NA,0,19,0.07339449541284404,0.024656203012844706,0.12213278781284337,56,763,0.15140443023521352,0.10847980067002952,0.19432905980039752,663,4379,NA,NA,NA,0,5,NA,NA,NA,0,5,NA
17,077,IL,Jackson County,17077,NA,NA,NA,0,0,0.3651226158038147,0.2204310604424415,0.5098141711651879,268,734,0.15012722646310434,0.10499269526709107,0.1952617576591176,944,6288,0.5526838966202783,0.4546101941350953,0.6507575991054613,834,1509,0.28253968253968254,0,0.6953407391033793,89,315,NA
17,079,IL,Jasper County,17079,NA,NA,NA,0,0,NA,NA,NA,4,25,0.19736842105263158,0.10176265856332367,0.2929741835419395,390,1976,NA,NA,NA,0,2,NA,NA,NA,0,0,NA
17,081,IL,Jefferson County,17081,NA,NA,NA,0,77,0.3426791277258567,0.21410840570675818,0.4712498497449552,110,321,0.16941875825627478,0.13076555888528707,0.2080719576272625,1026,6056,0.5484429065743944,0.4078575811942218,0.6890282319545671,317,578,NA,NA,NA,0,31,NA
17,083,IL,Jersey County,17083,NA,NA,NA,0,0,NA,NA,NA,0,96,0.09517566858940744,0.03823040685846678,0.15212093032034812,363,3814,NA,NA,NA,0,0,NA,NA,NA,0,0,NA
17,085,IL,Jo Daviess County,17085,NA,NA,NA,0,2,0.28405797101449276,0.15439364162019167,0.4137223004087939,98,345,0.05946423314689432,0.036488052507263447,0.0824404137865252,202,3397,NA,NA,NA,2,33,NA,NA,NA,0,13,NA
17,087,IL,Johnson County,17087,NA,NA,NA,0,0,NA,NA,NA,0,235,0.22862923621648962,0.1588485001048826,0.29840997232809663,452,1977,NA,NA,NA,0,10,NA,NA,NA,16,16,NA
17,089,IL,Kane County,17089,0.2964889466840052,0.1273775721614735,0.46560032120653694,456,1538,0.1742325823094911,0.15336985520303043,0.19509530941595177,9388,53882,0.04863445587094464,0.0380539461476354,0.059214965594253884,2445,50273,0.2111092742602083,0.14923253233217126,0.27298601618824536,1277,6049,0.04876200101061142,0.013333247848631755,0.08419075417259109,193,3958,NA
17,091,IL,Kankakee County,17091,NA,NA,NA,0,272,0.2217627856365615,0.1572257157825387,0.2862998554905843,1019,4595,0.08579696543094009,0.06003297654536052,0.11156095431651966,1097,12786,0.3602232369355657,0.28527038776316865,0.4351760861079627,1420,3942,0.06790123456790123,0,0.5724842378853464,11,162,NA
17,093,IL,Kendall County,17093,NA,NA,NA,0,163,0.11316790074044426,0.06555308526207186,0.16078271621881668,1131,9994,0.04208259933450773,0.02313491627136552,0.061030282397649946,860,20436,0.14261968085106383,0.05047573288183363,0.23476362882029403,429,3008,0.08042895442359249,0,0.19470858465432705,90,1119,NA
17,095,IL,Knox County,17095,NA,NA,NA,0,0,0.3297985153764581,0.21177939901316595,0.44781763173975025,311,943,0.08725319396051104,0.05562123466756283,0.11888515325345925,601,6888,0.6242937853107344,0.514257408117246,0.7343301625042229,663,1062,0.7058823529411765,0.35800387781990006,1,96,136,NA
17,097,IL,Lake County,17097,0.24397031539888683,0.12050545095272004,0.36743517984505364,526,2156,0.19285892545188776,0.16773922978358083,0.2179786211201947,10819,56098,0.033264291632145816,0.02672083548548953,0.039807747778802104,2409,72420,0.3535361979602073,0.29396257103059464,0.41310982488981995,4229,11962,0.05202352611679036,0.031240829326585968,0.07280622290699476,743,14282,NA
17,099,IL,La Salle County,17099,NA,NA,NA,0,93,0.30687174398412304,0.22844246984390817,0.3853010181243379,1237,4031,0.18210843373493976,0.1535136377789441,0.2107032296909354,3023,16600,0.09534368070953436,0,0.2058986322001361,43,451,NA,NA,NA,0,164,NA
17,101,IL,Lawrence County,17101,NA,NA,NA,0,0,NA,NA,NA,0,14,0.1755297880847661,0.11470968034787837,0.23634989582165383,439,2501,0.5362318840579711,0.2742855942360573,0.7981781738798848,37,69,NA,NA,NA,0,0,NA
17,103,IL,Lee County,17103,NA,NA,NA,7,7,0.047556142668428,0.014856054574512702,0.08025623076234331,36,757,0.11511605963389318,0.06879603900751716,0.1614360802602692,610,5299,0.8053097345132744,0.534292966362441,1,91,113,NA,NA,NA,0,46,NA
17,105,IL,Livingston County,17105,NA,NA,NA,0,9,0.20890937019969277,0.07801850835811533,0.3398002320412702,136,651,0.10834485938220378,0.07834128020151387,0.1383484385628937,705,6507,NA,NA,NA,29,49,NA,NA,NA,0,12,NA
17,107,IL,Logan County,17107,NA,NA,NA,0,0,0.23605150214592274,0.09078289955250429,0.3813201047393412,55,233,0.14138761216896475,0.09694887908691124,0.18582634525101827,646,4569,0.8828828828828829,0.5921395357564889,1,98,111,NA,NA,NA,0,11,NA
17,109,IL,McDonough County,17109,NA,NA,NA,0,1,0.21810699588477367,0.02231101665654006,0.4139029751130073,53,243,0.10747051114023591,0.06597752155918213,0.1489635007212897,410,3815,0.31043956043956045,0.10890217722582443,0.5119769436532965,113,364,NA,NA,NA,0,63,NA
17,111,IL,McHenry County,17111,0.045627376425855515,0,0.2026025848362295,12,263,0.16166447447088367,0.12222042220029963,0.2011085267414677,2704,16726,0.05243860105875206,0.039351371598423696,0.06552583051908042,2417,46092,0.0691609977324263,0,0.1571343202461543,61,882,0.05172413793103448,0,0.11871460980525067,96,1856,NA
17,113,IL,McLean County,17113,NA,NA,NA,0,127,0.08806096528365792,0.04295169279735755,0.1331702377699583,312,3543,0.05987667446310865,0.04358347112999196,0.07616987779622535,1408,23515,0.31889564336372844,0.23091420150187944,0.4068770852255774,1259,3948,0.00821917808219178,0,0.047150596750598246,18,2190,NA
17,115,IL,Macon County,17115,NA,NA,NA,0,13,0.1980392156862745,0.060694010927675346,0.33538442044487365,202,1020,0.11609748978400466,0.08217833355630845,0.1500166460117009,1591,13704,0.4342384386932541,0.3506956268303814,0.5177812505561268,2047,4714,0.24880382775119617,0,0.5480322602612073,104,418,NA
17,117,IL,Macoupin County,17117,NA,NA,NA,1,3,0.07920792079207921,0,0.34927362310205556,16,202,0.16548493289440364,0.12526771136114698,0.2057021544276603,1307,7898,0.13924050632911392,0,0.3185682607355106,22,158,NA,NA,NA,0,0,NA
17,119,IL,Madison County,17119,NA,NA,NA,0,81,0.20686879527770324,0.1316486666178539,0.2820889239375526,771,3727,0.08124288753649003,0.06509270747199768,0.09739306760098239,3284,40422,0.38934203371397497,0.31743344317663297,0.46125062425131697,2148,5517,0.14122137404580154,0,0.48982231941989063,37,262,NA
17,121,IL,Marion County,17121,NA,NA,NA,0,0,0.5213414634146342,0.3689506750424134,0.6737322517868549,171,328,0.16462894512368495,0.12439621639180108,0.2048616738555688,1158,7034,0.40808823529411764,0.1584544778537368,0.6577219927344985,111,272,NA,NA,NA,0,47,NA
17,123,IL,Marshall County,17123,NA,NA,NA,5,5,0.10569105691056911,0,0.4319193741111645,13,123,0.14735821619001455,0.10664194502617898,0.18807448735385013,304,2063,0.7142857142857143,0.26856406614411144,1,5,7,NA,NA,NA,0,0,NA
17,125,IL,Mason County,17125,NA,NA,NA,0,33,0.16417910447761194,0.03939555545339382,0.28896265350183004,11,67,0.16318864774624373,0.09871710052585388,0.2276601949666336,391,2396,NA,NA,NA,0,0,NA,NA,NA,0,0,NA
17,127,IL,Massac County,17127,NA,NA,NA,0,0,0.5737704918032787,0.22621794833562936,0.921323035270928,105,183,0.2041392285983067,0.1312325857386949,0.2770458714579185,434,2126,0.5380116959064327,0.20707900734105067,0.8689443844718148,92,171,NA,NA,NA,0,0,NA
17,129,IL,Menard County,17129,NA,NA,NA,0,0,NA,NA,NA,0,100,0.11685582177385456,0.05828087931198384,0.1754307642357253,278,2379,NA,NA,NA,0,29,NA,NA,NA,0,32,NA
17,131,IL,Mercer County,17131,NA,NA,NA,0,0,0.10909090909090909,0,0.28324798843349613,18,165,0.1238390092879257,0.07742410302386923,0.17025391555198216,360,2907,NA,NA,NA,0,0,NA,NA,NA,0,1,NA
17,133,IL,Monroe County,17133,NA,NA,NA,0,22,0.2894736842105263,0.009565267005945621,0.569382101415107,55,190,0.034074707727402335,0.0161516717212045,0.05199774373360017,239,7014,NA,NA,NA,63,63,NA,NA,NA,0,37,NA
17,135,IL,Montgomery County,17135,NA,NA,NA,0,0,0.21656050955414013,0,0.47573869438964983,34,157,0.1264,0.08734546770235305,0.16545453229764698,632,5000,0.1864406779661017,0,0.9594910707445972,11,59,NA,NA,NA,0,0,NA
17,137,IL,Morgan County,17137,NA,NA,NA,6,6,0.17100371747211895,0,0.5096696645731316,46,269,0.09397973375720246,0.05883948032821507,0.12911998718618986,473,5033,0.030303030303030304,0,0.7213839012462019,2,66,NA,NA,NA,0,38,NA
17,139,IL,Moultrie County,17139,NA,NA,NA,0,0,0.6521739130434783,0.45707051530874965,0.8472773107782069,90,138,0.07285368802902055,0.029638223437204674,0.11606915262083642,241,3308,NA,NA,NA,23,23,NA,NA,NA,0,0,NA
17,141,IL,Ogle County,17141,NA,NA,NA,20,46,0.13813517513566848,0.05069069672941111,0.22557965354192583,280,2027,0.1054402041526505,0.06772004764895241,0.14316036065634857,909,8621,0.14018691588785046,0,0.40629359964016365,30,214,NA,NA,NA,10,39,NA
17,143,IL,Peoria County,17143,0.6739130434782609,0.14190231057193015,1,155,230,0.29905103872787897,0.2169362118735628,0.3811658655821951,1166,3899,0.08258173618940248,0.06201086131971008,0.10315261105909489,1758,21288,0.40002168726957277,0.3098637331899637,0.49017964134918185,3689,9222,0.05115436849253056,0,0.10558712377153763,113,2209,NA
17,145,IL,Perry County,17145,NA,NA,NA,0,0,0.6390977443609023,0.2399981910448249,1,85,133,0.2620588235294118,0.18911480844391249,0.3350028386149111,891,3400,NA,NA,NA,15,54,NA,NA,NA,0,0,NA
17,147,IL,Piatt County,17147,NA,NA,NA,0,6,NA,NA,NA,0,77,0.06571087216248507,0.027230659386801866,0.10419108493816828,220,3348,NA,NA,NA,0,100,NA,NA,NA,0,19,NA
17,149,IL,Pike County,17149,NA,NA,NA,0,0,0.5617977528089888,0.2557200273770741,0.8678754782409035,50,89,0.20164203612479475,0.13073164379980773,0.2725524284497818,614,3045,NA,NA,NA,0,1,NA,NA,NA,0,11,NA
17,151,IL,Pope County,17151,NA,NA,NA,48,48,0.7906976744186046,0.4364277722773398,1,34,43,0.10396039603960396,0.0023659606116623044,0.2055548314675456,42,404,NA,NA,NA,27,27,NA,NA,NA,0,0,NA
17,153,IL,Pulaski County,17153,NA,NA,NA,0,0,NA,NA,NA,8,8,0.2996688741721854,0.197888958467542,0.4014487898768288,181,604,0.5187319884726225,0.3767521095792288,0.6607118673660162,180,347,NA,NA,NA,0,0,NA
17,155,IL,Putnam County,17155,NA,NA,NA,0,0,0.19801980198019803,0,0.4014801044170701,20,101,0.09581497797356828,0.04289146531707507,0.14873849063006148,87,908,NA,NA,NA,0,14,NA,NA,NA,0,30,NA
17,157,IL,Randolph County,17157,NA,NA,NA,99,99,0.4140625,0.19888257327809533,0.6292424267219047,159,384,0.16080504167513723,0.11608950043006439,0.20552058292021008,791,4919,0.5648535564853556,0.15016302730564568,0.9795440856650656,135,239,NA,NA,NA,0,67,NA
17,159,IL,Richland County,17159,NA,NA,NA,0,0,NA,NA,NA,0,111,0.1429945495351074,0.08597117215560594,0.20001792691460885,446,3119,NA,NA,NA,0,21,NA,NA,NA,0,27,NA
17,161,IL,Rock Island County,17161,NA,NA,NA,0,127,0.2747539975399754,0.21488851360526465,0.3346194814746862,1787,6504,0.15536545477418542,0.11966253883003986,0.191068370718331,2470,15898,0.4646164598986546,0.37747806308843,0.5517548567088791,2659,5723,0.3569078947368421,0.1909412908175354,0.5228744986561488,434,1216,NA
17,163,IL,St. Clair County,17163,0.07339449541284404,0,0.5554437328576869,8,109,0.2270081490104773,0.15815302733079634,0.2958632706901583,975,4295,0.07718848931099491,0.05863599797715,0.09574098064483982,2170,28113,0.37426018335847744,0.32677249222196025,0.4217478744949946,6450,17234,0.058758314855875834,0,0.14503952603765785,53,902,NA
17,165,IL,Saline County,17165,NA,NA,NA,0,0,0.23972602739726026,0,0.5779433538582963,35,146,0.22864137086903305,0.17187187996845787,0.2854108617696082,934,4085,NA,NA,NA,0,144,NA,NA,NA,0,33,NA
17,167,IL,Sangamon County,17167,NA,NA,NA,0,15,0.1631578947368421,0.08598377743908392,0.2403320120346003,279,1710,0.0767991983681065,0.059498421380143204,0.0940999753560698,2146,27943,0.5254859317656654,0.4562794104546834,0.5946924530766474,3866,7357,0.012205754141238012,0,0.08457477048667346,14,1147,NA
17,169,IL,Schuyler County,17169,NA,NA,NA,0,0,NA,NA,NA,0,7,0.11132075471698114,0.02655581083501167,0.1960856985989506,118,1060,NA,NA,NA,0,0,NA,NA,NA,0,0,NA
17,171,IL,Scott County,17171,NA,NA,NA,0,0,NA,NA,NA,0,27,0.19032258064516128,0.12051983091067621,0.26012533037964636,177,930,NA,NA,NA,0,42,NA,NA,NA,0,2,NA
17,173,IL,Shelby County,17173,NA,NA,NA,6,8,0.02247191011235955,0,0.34840413899923256,2,89,0.11490301988706113,0.07071402756556591,0.15909201220855634,468,4073,NA,NA,NA,0,2,NA,NA,NA,0,0,NA
17,175,IL,Stark County,17175,NA,NA,NA,0,0,0.2,0,0.40308250124083433,11,55,0.15201654601861428,0.09100164534113082,0.21303144669609775,147,967,NA,NA,NA,11,16,NA,NA,NA,0,18,NA
17,177,IL,Stephenson County,17177,NA,NA,NA,0,26,0.43237907206317866,0.2618382363063172,0.6029199078200401,438,1013,0.09047534900159039,0.06391842439354661,0.11703227360963417,512,5659,0.5286343612334802,0.2859775650335542,0.7712911574334061,480,908,NA,NA,NA,0,81,NA
17,179,IL,Tazewell County,17179,NA,NA,NA,0,0,0.03197674418604651,0,0.08467872295904597,33,1032,0.10716578398330925,0.08145334078576724,0.13287822718085127,2671,24924,0.8483516483516483,0.6579667129507367,1,386,455,0.09523809523809523,0,0.3219468756057598,30,315,NA
17,181,IL,Union County,17181,NA,NA,NA,0,1,0.5607476635514018,0.29341299927979236,0.8280823278230113,180,321,0.2385598923283984,0.1714869067332171,0.3056328779235797,709,2972,NA,NA,NA,0,28,NA,NA,NA,9,25,NA
17,183,IL,Vermilion County,17183,NA,NA,NA,0,1,0.2176056338028169,0.1003873998296105,0.3348238677760233,309,1420,0.19814385150812064,0.16492324665968863,0.23136445635655264,2135,10775,0.44920863309352516,0.34886426241897106,0.5495530037680793,1561,3475,NA,NA,NA,0,163,NA
17,185,IL,Wabash County,17185,NA,NA,NA,0,1,NA,NA,NA,0,51,0.31009615384615385,0.24544476401500454,0.3747475436773032,645,2080,NA,NA,NA,0,32,NA,NA,NA,0,24,NA
17,187,IL,Warren County,17187,NA,NA,NA,90,91,0.3195084485407066,0.15141595641575592,0.4876009406656573,208,651,0.22995522995522996,0.15357214600401525,0.30633831390644467,565,2457,NA,NA,NA,0,107,NA,NA,NA,0,218,NA
17,189,IL,Washington County,17189,NA,NA,NA,0,0,NA,NA,NA,0,73,0.08743599842457661,0.044144947727243256,0.13072704912190997,222,2539,NA,NA,NA,0,87,NA,NA,NA,2,3,NA
17,191,IL,Wayne County,17191,NA,NA,NA,0,0,0.2604166666666667,0,0.7216318287855262,25,96,0.23239012642986154,0.1548918356903889,0.3098884171693342,772,3322,NA,NA,NA,0,23,NA,NA,NA,0,17,NA
17,193,IL,White County,17193,NA,NA,NA,0,0,0.21212121212121213,0,0.49715294628725815,14,66,0.18901267767960045,0.12974402031999915,0.24828133503920174,492,2603,NA,NA,NA,5,5,NA,NA,NA,0,8,NA
17,195,IL,Whiteside County,17195,NA,NA,NA,0,26,0.3024390243902439,0.1830485072941071,0.4218295414863807,682,2255,0.1418777597025331,0.1009508281559287,0.1828046912491375,1221,8606,0.13846153846153847,0,0.5711162207837353,18,130,NA,NA,NA,6,42,NA
17,197,IL,Will County,17197,0.11097708082026538,0.015453791854845786,0.20650036978568498,92,829,0.14409302325581394,0.1230234230482467,0.16516262346338118,6196,43000,0.045770461259361864,0.037455394096385736,0.05408552842233799,3734,81581,0.2457415870378064,0.20312732881490597,0.28835584526070684,4732,19256,0.061685823754789273,0.03925876571475692,0.08411288179482163,644,10440,NA
17,199,IL,Williamson County,17199,NA,NA,NA,0,2,0.22298456260720412,0.00494153898306085,0.4410275862313474,130,583,0.15762341633901267,0.1194091041326684,0.19583772854535691,1804,11445,0.3671497584541063,0.21121432987885078,0.5230851870293618,228,621,0.09644670050761421,0,0.5211441046712553,19,197,NA
17,201,IL,Winnebago County,17201,0.24109014675052412,0.08039793219144703,0.4017823613096012,115,477,0.2675548690223338,0.22581520576138298,0.3092945322832846,4157,15537,0.10886593982798862,0.08923858039527541,0.12849329926070183,3405,31277,0.508983771251932,0.4420607402080689,0.5759068022957949,5269,10352,0.09389895138226882,0.028904803449294525,0.15889309931524312,197,2098,NA
17,203,IL,Woodford County,17203,NA,NA,NA,1,1,0.17857142857142858,0,0.3726854023396712,45,252,0.06975603775898001,0.04298249567484078,0.09652957984311925,569,8157,NA,NA,NA,7,25,NA,NA,NA,12,79,NA
18,000,IN,Indiana,18000,0.19842265639003406,0.1431498574947609,0.25369545528530724,1107,5579,0.24645377102259153,0.2320929765117935,0.26081456553338955,50542,205077,0.11109778861482915,0.10742388848483876,0.11477168874481954,115821,1042514,0.3390535309837382,0.32186039548021056,0.35624666648726583,56586,166894,0.1568698772976381,0.13525914270820588,0.17848061188707032,6469,41238,NA
18,001,IN,Adams County,18001,NA,NA,NA,0,66,0.32642487046632124,0.15402183253463314,0.49882790839800933,189,579,0.12631578947368421,0.08247728981332766,0.17015428913404076,1308,10355,NA,NA,NA,0,72,NA,NA,NA,0,18,NA
18,003,IN,Allen County,18003,0.132569558101473,0,0.267777705537548,81,611,0.253448275862069,0.20707093949526295,0.299825612228875,3234,12760,0.09853448275862069,0.08348513069994651,0.11358383481729487,5715,58000,0.41416118128446894,0.3619296188234838,0.4663927437454541,4656,11242,0.30281268701376424,0.22576514075849458,0.3798602332690339,2024,6684,NA
18,005,IN,Bartholomew County,18005,NA,NA,NA,0,21,0.11373946856772521,0.04370177946124114,0.18377715767420927,351,3086,0.11296855438544812,0.07660045824172781,0.14933665052916842,1534,13579,NA,NA,NA,0,228,0.014234875444839857,0,0.07955550645594736,20,1405,NA
18,007,IN,Benton County,18007,NA,NA,NA,0,18,0.648068669527897,0.5146788042186266,0.7814585348371674,151,233,0.15905147484094853,0.09688908427465374,0.2212138654072433,275,1729,NA,NA,NA,0,21,NA,NA,NA,0,0,NA
18,009,IN,Blackford County,18009,NA,NA,NA,0,6,0.06349206349206349,0,0.26907487926145657,8,126,0.22067160924552987,0.1326594327341183,0.30868378575694144,506,2293,NA,NA,NA,0,7,NA,NA,NA,0,0,NA
18,011,IN,Boone County,18011,NA,NA,NA,0,4,0.1961904761904762,0.06306986539629719,0.32931108698465517,206,1050,0.026983409721773932,0.010285225683949687,0.04368159375959818,418,15491,0.10076045627376426,0,0.25827751794967535,53,526,0.0622154779969651,0,0.25090267341879313,41,659,NA
18,013,IN,Brown County,18013,NA,NA,NA,0,0,NA,NA,NA,0,21,0.07937181663837012,0.028374119120845996,0.13036951415589423,187,2356,NA,NA,NA,0,38,NA,NA,NA,0,0,NA
18,015,IN,Carroll County,18015,NA,NA,NA,46,46,0.42394822006472493,0.17103401118999056,0.6768624289394594,131,309,0.08264675592173018,0.04495916161082241,0.12033435023263794,321,3884,NA,NA,NA,0,16,NA,NA,NA,0,0,NA
18,017,IN,Cass County,18017,NA,NA,NA,0,62,0.31516116195781935,0.21042563710612225,0.4198966868095164,792,2513,0.11551219512195122,0.07260413251619267,0.1584202577277098,592,5125,0.19230769230769232,0,0.8636914965154376,15,78,NA,NA,NA,0,103,NA
18,019,IN,Clark County,18019,0.2248062015503876,0,0.7577943688484456,29,129,0.27578176979374586,0.17499358565575898,0.37656995393173276,829,3006,0.06533451901448972,0.043723765657866925,0.08694527237111252,1249,19117,0.2885760693015701,0.16828819841477022,0.40886394018836997,533,1847,0.17735849056603772,0,0.43941021999363017,47,265,NA
18,021,IN,Clay County,18021,NA,NA,NA,0,0,0.13106796116504854,0,0.39152824031299566,27,206,0.1565619223659889,0.09287582441074804,0.22024802032122975,847,5410,NA,NA,NA,8,17,NA,NA,NA,0,0,NA
18,023,IN,Clinton County,18023,NA,NA,NA,0,0,0.1665375677769171,0.10808713857743285,0.22498799697640137,430,2582,0.10277238212961327,0.060062563621725434,0.1454822006375011,582,5663,0.0625,0,0.3856699736042549,9,144,NA,NA,NA,0,34,NA
18,025,IN,Crawford County,18025,NA,NA,NA,0,0,NA,NA,NA,3,3,0.35555555555555557,0.24876732423469153,0.46234378687641964,736,2070,NA,NA,NA,0,1,NA,NA,NA,0,0,NA
18,027,IN,Daviess County,18027,NA,NA,NA,0,0,0.2358744394618834,0.04345259591892722,0.4282962830048396,263,1115,0.11407888167748377,0.07612922878024966,0.15202853457471788,914,8012,NA,NA,NA,22,24,NA,NA,NA,0,4,NA
18,029,IN,Dearborn County,18029,NA,NA,NA,0,0,0.06666666666666667,0,0.26145267279396095,20,300,0.0765198104647646,0.04797115779437233,0.10506846313515686,759,9919,NA,NA,NA,0,62,NA,NA,NA,0,98,NA
18,031,IN,Decatur County,18031,NA,NA,NA,0,32,0.023622047244094488,0,0.1432859814407627,6,254,0.11698316015764959,0.06550762009593308,0.1684587002193661,653,5582,NA,NA,NA,0,40,NA,NA,NA,0,0,NA
18,033,IN,De Kalb County,18033,NA,NA,NA,15,19,0.215962441314554,0.06552180623071321,0.36640307639839476,92,426,0.11020236971794065,0.07618872088440364,0.14421601855147764,1051,9537,NA,NA,NA,0,11,NA,NA,NA,0,55,NA
18,035,IN,Delaware County,18035,NA,NA,NA,0,113,0.26169154228855723,0.13653318082912055,0.3868499037479939,263,1005,0.1707652960849892,0.1398196842512034,0.201710907918775,2604,15249,0.39006439742410304,0.252069152063032,0.528059642785174,424,1087,0.2533039647577093,0.04501027738348601,0.46159765213193255,115,454,NA
18,037,IN,Dubois County,18037,NA,NA,NA,0,0,0.44526375496313103,0.24995864871590912,0.640568861210353,785,1763,0.13605108055009824,0.06434555044652523,0.20775661065367124,1108,8144,0.06779661016949153,0,0.3488745897250541,12,177,NA,NA,NA,0,36,NA
18,039,IN,Elkhart County,18039,0.4563380281690141,0.04090838849535927,0.8717676678426689,162,355,0.308215261452443,0.2475141582764669,0.3689163646284191,4851,15739,0.11355520211265492,0.08879513851837892,0.13831526570693092,3784,33323,0.4315281131424629,0.30296670838668005,0.5600895178982458,1251,2899,0.2902097902097902,0,0.7550232753638623,83,286,NA
18,041,IN,Fayette County,18041,NA,NA,NA,0,0,0.24647887323943662,0,0.6686993436112972,35,142,0.25115156832638735,0.19357988513933175,0.30872325151344293,1145,4559,NA,NA,NA,0,30,NA,NA,NA,0,0,NA
18,043,IN,Floyd County,18043,NA,NA,NA,10,24,0.4879668049792531,0.3710615651782631,0.6048720447802431,588,1205,0.10394012145177235,0.07593646061343869,0.13194378229010603,1472,14162,0.38871794871794874,0.2733756371471075,0.50406026028879,379,975,0.0625,0,0.40020911757340916,16,256,NA
18,045,IN,Fountain County,18045,NA,NA,NA,0,0,0.3978494623655914,0.21079130885121802,0.5849076158799648,74,186,0.12028669367404175,0.06445425625164977,0.17611913109643373,386,3209,NA,NA,NA,0,39,NA,NA,NA,0,0,NA
18,047,IN,Franklin County,18047,NA,NA,NA,0,0,NA,NA,NA,0,64,0.061241436578783476,0.023901712527524627,0.09858116063004232,295,4817,NA,NA,NA,0,1,NA,NA,NA,0,0,NA
18,049,IN,Fulton County,18049,NA,NA,NA,0,0,0.48578811369509045,0.1935341190223724,0.7780421083678085,188,387,0.20837537840565085,0.13702476102581168,0.27972599578549,826,3964,NA,NA,NA,2,25,NA,NA,NA,0,3,NA
18,051,IN,Gibson County,18051,NA,NA,NA,0,0,NA,NA,NA,0,281,0.10475460122699387,0.062482608442933255,0.1470265940110545,683,6520,NA,NA,NA,0,103,NA,NA,NA,0,27,NA
18,053,IN,Grant County,18053,NA,NA,NA,0,80,0.4505899705014749,0.3265331459531818,0.574646795049768,611,1356,0.2203930958794772,0.17461150286029986,0.26617468889865453,2209,10023,0.5819838056680162,0.4549256775420746,0.7090419337939579,575,988,NA,NA,NA,0,2,NA
18,055,IN,Greene County,18055,NA,NA,NA,0,17,0.07264957264957266,0,0.2347443468460239,17,234,0.1556356487549148,0.1030609602826352,0.20821033722719443,950,6104,NA,NA,NA,0,0,NA,NA,NA,0,11,NA
18,057,IN,Hamilton County,18057,NA,NA,NA,0,120,0.07766990291262135,0.018151896544343758,0.13718790928089894,520,6695,0.03425357116423655,0.02573344110381142,0.04277370122466168,2314,67555,0.1427628684557853,0.07662744695625638,0.20889828995531423,649,4546,0.048100871731008715,0.01707327792346443,0.079128465538553,309,6424,NA
18,059,IN,Hancock County,18059,NA,NA,NA,0,6,0.0395010395010395,0,0.08178973315056634,38,962,0.04608921290003707,0.029420323478150424,0.06275810232192372,746,16186,0.03861003861003861,0,0.15820810110447173,20,518,NA,NA,NA,0,122,NA
18,061,IN,Harrison County,18061,NA,NA,NA,0,80,0.07736389684813753,0,0.28155798458027687,27,349,0.06517107406943226,0.034630667075031096,0.09571148106383343,520,7979,NA,NA,NA,0,178,NA,NA,NA,0,108,NA
18,063,IN,Hendricks County,18063,NA,NA,NA,0,118,0.04096385542168675,0,0.09171295616024897,119,2905,0.033548629836332854,0.02336481228221065,0.04373244739045506,1070,31894,0.22753236862147752,0.1407375549500935,0.31432718229286155,1195,5252,0.06607929515418502,0,0.15005952842066125,90,1362,NA
18,065,IN,Henry County,18065,NA,NA,NA,0,0,0.17732558139534885,0.030109489148883672,0.324541673641814,61,344,0.18093844942050186,0.14040689511213128,0.22147000372887243,1608,8887,NA,NA,NA,0,10,NA,NA,NA,21,34,NA
18,067,IN,Howard County,18067,NA,NA,NA,0,0,0.196113074204947,0.05618995321189832,0.33603619519799566,222,1132,0.14980558501237187,0.11986490897514779,0.17974626104959596,2119,14145,0.413125,0.25053577493860046,0.5757142250613996,661,1600,0.038834951456310676,0,0.2802357122593582,12,309,NA
18,069,IN,Huntington County,18069,NA,NA,NA,0,28,0.10610079575596817,0,0.2238663057339801,40,377,0.1241726618705036,0.08002978378289788,0.16831553995810933,863,6950,NA,NA,NA,0,70,NA,NA,NA,0,0,NA
18,071,IN,Jackson County,18071,0.03197158081705151,0,0.12220142655972903,18,563,0.30746753246753245,0.055979135690121196,0.55895592924494375,947,3080,0.0946281531825905,0.06054926508597761,0.1287070412792034,724,7651,NA,NA,NA,0,0,0.04424778761061947,0,0.3752228963752874,10,226,NA
18,073,IN,Jasper County,18073,NA,NA,NA,0,0,0.12998859749144812,0.016246503215913116,0.24373069176698312,114,877,0.0651507821319142,0.037379174569581015,0.0929223896942474,404,6201,NA,NA,NA,0,47,NA,NA,NA,0,10,NA
18,075,IN,Jay County,18075,NA,NA,NA,0,0,0.35428571428571426,0.10689212737128129,0.6016793012001472,124,350,0.19638973466724663,0.13465275940947574,0.2581267099250175,903,4598,NA,NA,NA,0,18,NA,NA,NA,0,0,NA
18,077,IN,Jefferson County,18077,NA,NA,NA,0,30,0.6064814814814815,0.39846730810410075,0.8144956548588622,262,432,0.09943714821763602,0.05641522869022781,0.14245906774504424,530,5330,NA,NA,NA,30,81,NA,NA,NA,0,93,NA
18,079,IN,Jennings County,18079,NA,NA,NA,4,13,0.22762148337595908,0,0.5511661040076795,89,391,0.10992217898832685,0.06618346930203964,0.15366088867461405,565,5140,NA,NA,NA,0,7,NA,NA,NA,19,19,NA
18,081,IN,Johnson County,18081,NA,NA,NA,0,112,0.09889660809154066,0.020783823747671043,0.17700939243541028,242,2447,0.07103647643485887,0.049861375866179905,0.09221157700353784,2187,30787,0.22997275204359674,0.04952019282520492,0.41042531126198856,422,1835,0.015828677839851025,0,0.0615337014233457,34,2148,NA
18,083,IN,Knox County,18083,NA,NA,NA,0,0,0.3181818181818182,0.06760128563444001,0.5687623507291963,133,418,0.14611801242236025,0.09581736140751859,0.1964186634372019,941,6440,0.08571428571428572,0,0.5550755289993362,9,105,NA,NA,NA,0,44,NA
18,085,IN,Kosciusko County,18085,NA,NA,NA,0,0,0.23804347826086958,0.14971211164627285,0.3263748448754663,657,2760,0.09695271932221919,0.07265049777551363,0.12125494086892474,1419,14636,NA,NA,NA,0,148,0.40939597315436244,0,0.9599964146576481,61,149,NA
18,087,IN,Lagrange County,18087,NA,NA,NA,0,8,0.07109737248840804,0,0.1603542885594375,46,647,0.0514488468361916,0.027711961723816497,0.0751857319485667,609,11837,NA,NA,NA,3,25,NA,NA,NA,0,0,NA
18,089,IN,Lake County,18089,0.18333333333333332,0,0.3803976886522523,88,480,0.24967195906049075,0.21988410539308784,0.27945981272789366,7611,30484,0.08742027236683331,0.0634363439482058,0.11140420078546082,4057,46408,0.3873237163971988,0.3542666774830317,0.42038075531136593,12002,30987,0.12264922322158626,0.02304882952626519,0.22224961691690734,150,1223,NA
18,091,IN,La Porte County,18091,NA,NA,NA,0,52,0.2927536231884058,0.19962405323586646,0.38588319314094516,808,2760,0.14990622776951432,0.11762531817332805,0.18218713736570058,2318,15463,0.4210344827586207,0.2910398945145968,0.5510290710026446,1221,2900,0.08527131782945736,0,0.8351070841855406,11,129,NA
18,093,IN,Lawrence County,18093,NA,NA,NA,0,2,NA,NA,NA,0,264,0.16826978792444083,0.1133017625707475,0.22323781327813416,1452,8629,NA,NA,NA,0,17,NA,NA,NA,0,48,NA
18,095,IN,Madison County,18095,NA,NA,NA,0,74,0.2683224755700326,0.16316956859783793,0.37347538254222723,659,2456,0.15794365094893367,0.12985244918553682,0.18603485271233053,3229,20444,0.49410898379970547,0.3603460540891119,0.627871913510299,671,1358,0.13333333333333333,0,0.6095119377472762,18,135,NA
18,097,IN,Marion County,18097,0.2024793388429752,0.1049771441210665,0.2999815335648839,343,1694,0.26163952059004303,0.23249495215335605,0.29078408902673003,13622,52064,0.10996879460074022,0.09640801003097899,0.12352957917050145,9092,82678,0.3117654302406721,0.2799502940652249,0.3435805664161193,22786,73087,0.23124275136051387,0.17983441306376488,0.2826510896572628,2592,11209,NA
18,099,IN,Marshall County,18099,NA,NA,NA,0,0,0.3264033264033264,0.200238201585446,0.4525684512212068,628,1924,0.12385165022116366,0.07721814195702772,0.1704851584852996,1092,8817,NA,NA,NA,0,9,NA,NA,NA,0,38,NA
18,101,IN,Martin County,18101,NA,NA,NA,0,0,NA,NA,NA,22,54,0.306841046277666,0.20429352986778002,0.40938856268755197,610,1988,NA,NA,NA,3,3,NA,NA,NA,0,0,NA
18,103,IN,Miami County,18103,NA,NA,NA,0,0,0.3168831168831169,0.12234314785408315,0.5114230859121506,122,385,0.25458570524984186,0.19426150012438956,0.3149099103752942,1610,6324,NA,NA,NA,8,32,NA,NA,NA,0,5,NA
18,105,IN,Monroe County,18105,NA,NA,NA,0,26,0.12823834196891193,0.0326904612339243,0.22378622270389956,198,1544,0.09153416415986249,0.0663149716923172,0.11675335662740777,1491,16289,0.5721784776902887,0.3715166501961785,0.772840305184399,436,762,0.1990909090909091,0.07381610326962071,0.32436571491219746,219,1100,NA
18,107,IN,Montgomery County,18107,NA,NA,NA,0,1,0.40939597315436244,0.25825731811482205,0.5605346281939028,366,894,0.09522443711458482,0.06849093498751394,0.12195793924165571,664,6973,0.24074074074074073,0,0.860340121928689,26,108,NA,NA,NA,0,21,NA
18,109,IN,Morgan County,18109,NA,NA,NA,0,0,0.17164179104477612,0.027361216130602217,0.31592236595895,92,536,0.12380952380952381,0.09162921851653372,0.1559898291025139,1768,14280,0.23853211009174313,0,0.5371693509294257,78,327,NA,NA,NA,0,51,NA
18,111,IN,Newton County,18111,NA,NA,NA,0,7,0.08311688311688312,0.003378426779113125,0.1628553394546531,32,385,0.21511111111111111,0.13130446827159206,0.29891775395063014,484,2250,NA,NA,NA,0,0,NA,NA,NA,0,0,NA
18,113,IN,Noble County,18113,NA,NA,NA,0,5,0.1295698924731183,0.050763253980901826,0.20837653096533476,241,1860,0.0905109489051095,0.058717785211541834,0.12230411259867716,806,8905,NA,NA,NA,0,11,0.5035971223021583,0.06015135521209247,0.947042889392224,70,139,NA
18,115,IN,Ohio County,18115,NA,NA,NA,0,0,NA,NA,NA,0,64,0.10753676470588236,0.04452384906682824,0.17054968034493648,117,1088,NA,NA,NA,0,0,NA,NA,NA,16,16,NA
18,117,IN,Orange County,18117,NA,NA,NA,0,0,0.05084745762711865,0,0.3456140448582642,6,118,0.17345924453280318,0.09937899852870033,0.24753949053690602,698,4024,0.08888888888888889,0,0.8476234213741178,4,45,NA,NA,NA,0,12,NA
18,119,IN,Owen County,18119,NA,NA,NA,0,0,0.056338028169014086,0,0.14325576105135487,4,71,0.20809392955283537,0.14555491539795234,0.2706329437077184,833,4003,NA,NA,NA,0,24,NA,NA,NA,0,54,NA
18,121,IN,Parke County,18121,NA,NA,NA,0,0,NA,NA,NA,0,15,0.23045507584597433,0.165787480364755,0.29512267132719366,790,3428,NA,NA,NA,0,35,NA,NA,NA,0,0,NA
18,123,IN,Perry County,18123,NA,NA,NA,0,0,0.13793103448275862,0,0.5656458014504586,12,87,0.1977632296781233,0.14426114642000298,0.2512653129362436,725,3666,NA,NA,NA,0,10,NA,NA,NA,0,11,NA
18,125,IN,Pike County,18125,NA,NA,NA,81,81,NA,NA,NA,0,36,0.15539452495974235,0.09094542895001341,0.2198436209694713,386,2484,NA,NA,NA,0,0,NA,NA,NA,0,0,NA
18,127,IN,Porter County,18127,NA,NA,NA,0,27,0.2064063035286057,0.13768184321877885,0.27513076383843255,1205,5838,0.08440880268556508,0.06163833411065677,0.10717927126047339,2263,26810,0.3219678519240136,0.20325837260311502,0.4406773312449122,661,2053,0.03470715835140998,0,0.2182122600317092,16,461,NA
18,129,IN,Posey County,18129,NA,NA,NA,0,0,0.37209302325581395,0,0.9755381225066379,32,86,0.09782135076252724,0.053057040571718596,0.14258566095333589,449,4590,0.16666666666666666,0,0.8865609621101463,10,60,NA,NA,NA,0,0,NA
18,131,IN,Pulaski County,18131,NA,NA,NA,0,0,0.1206896551724138,0,0.3083564915714871,21,174,0.12861458782908933,0.07715645901630294,0.1800727166418757,298,2317,NA,NA,NA,3,3,NA,NA,NA,0,9,NA
18,133,IN,Putnam County,18133,NA,NA,NA,0,0,NA,NA,NA,0,231,0.10307051380959728,0.06772376549320769,0.13841726212598687,668,6481,NA,NA,NA,0,60,NA,NA,NA,0,149,NA
18,135,IN,Randolph County,18135,NA,NA,NA,7,7,0.5421455938697318,0.41725968117838674,0.6670315065610769,283,522,0.19853574504737295,0.14246117558325155,0.25461031451149435,922,4644,NA,NA,NA,94,94,NA,NA,NA,0,33,NA
18,137,IN,Ripley County,18137,NA,NA,NA,7,7,0.10047846889952153,0,0.29857947103303983,21,209,0.11984126984126985,0.07409779952746261,0.16558474015507707,755,6300,NA,NA,NA,0,79,NA,NA,NA,0,10,NA
18,139,IN,Rush County,18139,NA,NA,NA,0,0,0.7014925373134329,0.30353364809942407,1,94,134,0.10586847537599528,0.06384286439794946,0.1478940863540411,359,3391,NA,NA,NA,0,0,NA,NA,NA,0,0,NA
18,141,IN,St. Joseph County,18141,0.2619047619047619,0.05805407060160664,0.4657554532079172,44,168,0.22172211350293541,0.17803800794675095,0.2654062190591199,2266,10220,0.10430904668133904,0.08538329014435195,0.12323480321832614,3602,34532,0.4187348188826698,0.35438618150931356,0.483083456256026,3965,9469,0.14460784313725492,0.04983449004784221,0.23938119622666762,236,1632,NA
18,143,IN,Scott County,18143,NA,NA,NA,0,0,0.15422885572139303,0,0.3633423683189293,31,201,0.19768934531450577,0.12886109498383833,0.2665175956451732,924,4674,NA,NA,NA,15,15,NA,NA,NA,0,0,NA
18,145,IN,Shelby County,18145,NA,NA,NA,0,23,0.4798792756539235,0.34011213834887666,0.6196464129589704,477,994,0.1764211032327845,0.1300819828537774,0.22276022361179162,1468,8321,0.4163265306122449,0,0.916844026176499,102,245,NA,NA,NA,0,143,NA
18,147,IN,Spencer County,18147,NA,NA,NA,0,0,0.08614232209737828,0,0.2348365433896687,23,267,0.08210137275607181,0.04678592100946666,0.11741682450267696,311,3788,NA,NA,NA,21,29,NA,NA,NA,0,2,NA
18,149,IN,Starke County,18149,NA,NA,NA,0,4,0.16314199395770393,0,0.3316272900395944,54,331,0.16803551609322975,0.11657440707900818,0.21949662510745133,757,4505,NA,NA,NA,0,0,NA,NA,NA,5,58,NA
18,151,IN,Steuben County,18151,NA,NA,NA,0,0,0.24897119341563786,0,0.5045200516554592,121,486,0.11596463858554343,0.0630503102085183,0.16887896696256854,669,5769,NA,NA,NA,0,72,NA,NA,NA,4,35,NA
18,153,IN,Sullivan County,18153,NA,NA,NA,0,9,NA,NA,NA,0,112,0.1821219715956558,0.12175595926604325,0.24248798392526832,654,3591,NA,NA,NA,0,0,NA,NA,NA,0,0,NA
18,155,IN,Switzerland County,18155,NA,NA,NA,0,9,NA,NA,NA,0,39,0.15027573529411764,0.0710018831268406,0.2295495874613947,327,2176,NA,NA,NA,0,0,NA,NA,NA,0,0,NA
18,157,IN,Tippecanoe County,18157,NA,NA,NA,0,6,0.1824735661646908,0.12576278800842094,0.23918434432096064,1139,6242,0.11985002397872434,0.09184104613814253,0.14785900181930614,2749,22937,0.42293333333333333,0.3594610649978346,0.48640560166883207,1586,3750,0.011826544021024968,0,0.06961143944318535,18,1522,NA
18,159,IN,Tipton County,18159,NA,NA,NA,0,0,0.7484276729559748,0.52192933452897206,0.9749260113829775,119,159,0.1656284353242946,0.0958829212078194,0.23537394944076984,452,2729,NA,NA,NA,0,28,NA,NA,NA,0,0,NA
18,161,IN,Union County,18161,NA,NA,NA,0,0,NA,NA,NA,0,76,0.1535635562086701,0.07910321947029296,0.22802389294704722,209,1361,NA,NA,NA,0,0,NA,NA,NA,0,0,NA
18,163,IN,Vanderburgh County,18163,NA,NA,NA,101,110,0.35630383711824587,0.28476209410041786,0.4278455801360739,910,2554,0.13335840541556976,0.1075283456926994,0.15918846513844012,3546,26590,0.35841775205016885,0.2448709901428834,0.4719645139574543,1486,4146,0.09114249037227215,0,0.18608528638328262,71,779,NA
18,165,IN,Vermillion County,18165,NA,NA,NA,0,0,0.0125,0,0.4347515674718783,1,80,0.20584457289659602,0.14880574751256218,0.2628833982806299,641,3114,NA,NA,NA,0,0,NA,NA,NA,0,0,NA
18,167,IN,Vigo County,18167,NA,NA,NA,0,3,0.40352811466372657,0.2666183513813408,0.5404378779461123,366,907,0.2158924061784225,0.1723179615675558,0.2594668507892892,3676,17027,0.2813738441215324,0.1491555649542828,0.4135921232887819,213,757,0.2874617737003058,0,0.8037484226336736,94,327,NA
18,169,IN,Wabash County,18169,NA,NA,NA,0,0,0.1554959785522788,0,0.3489469029179052,58,373,0.13504304160688665,0.08763984381242057,0.18244623940135274,753,5576,NA,NA,NA,0,26,NA,NA,NA,0,41,NA
18,171,IN,Warren County,18171,NA,NA,NA,0,0,0.125,0,0.6591100192415406,8,64,0.1274804570054119,0.06681564887325031,0.18814526513757351,212,1663,NA,NA,NA,4,4,NA,NA,NA,0,23,NA
18,173,IN,Warrick County,18173,NA,NA,NA,3,35,0.3422459893048128,0.11502507331774625,0.5694669052918794,192,561,0.07991138539441411,0.0525182632271662,0.10730450756166203,1010,12639,0.32790224032586557,0.07236097779611772,0.5834435028556134,161,491,NA,NA,NA,0,278,NA
18,175,IN,Washington County,18175,NA,NA,NA,0,0,0.5147679324894515,0.09522244928636009,0.934313415692543,122,237,0.15648260342738446,0.10410588689176599,0.20885931996300294,904,5777,NA,NA,NA,20,20,NA,NA,NA,0,0,NA
18,177,IN,Wayne County,18177,NA,NA,NA,68,68,0.46336822074215034,0.336279641488748,0.5904567999955527,487,1051,0.2068241469816273,0.16851153860448653,0.24513675535876805,2364,11430,0.18414918414918416,2.8014308645810115e-4,0.3680182252119102,79,429,NA,NA,NA,44,91,NA
18,179,IN,Wells County,18179,NA,NA,NA,0,0,0.035955056179775284,0,0.07901374474006462,16,445,0.0741820537738905,0.046183539485523006,0.102180568062258,458,6174,NA,NA,NA,0,189,NA,NA,NA,0,0,NA
18,181,IN,White County,18181,NA,NA,NA,0,0,0.24714828897338403,0.14132100546174747,0.3529755724850206,260,1052,0.10027855153203342,0.051880837001534764,0.1486762660625321,432,4308,NA,NA,NA,3,16,NA,NA,NA,3,6,NA
18,183,IN,Whitley County,18183,NA,NA,NA,0,0,0.08383233532934131,0,0.20593205101129736,28,334,0.16837112790870015,0.11954521266244009,0.21719704315496022,1136,6747,NA,NA,NA,0,6,NA,NA,NA,0,0,NA
19,000,IA,Iowa,19000,0.259656652360515,0.19501641550035045,0.32429688922067956,726,2796,0.20483395838016255,0.19006192719026113,0.21960598957006397,17314,84527,0.09144028452848196,0.08791431907934448,0.09496624997761945,48669,532249,0.37456140350877193,0.34127719385949734,0.4078456131580465,14518,38760,0.15991436981535992,0.13487824725316433,0.1849504923775555,2988,18685,NA
19,001,IA,Adair County,19001,NA,NA,NA,0,10,0.09090909090909091,0,0.37999941110812374,9,99,0.10923803101820634,0.053354121105002844,0.16512194093140983,162,1483,NA,NA,NA,41,49,NA,NA,NA,0,1,NA
19,003,IA,Adams County,19003,NA,NA,NA,0,5,0.04878048780487805,0,0.3494010784443027,2,41,0.06834030683403068,0.027253801463255505,0.10942681220480585,49,717,NA,NA,NA,0,0,NA,NA,NA,0,0,NA
19,005,IA,Allamakee County,19005,NA,NA,NA,0,66,0.36468646864686466,0.22027971991993295,0.5090932173737963,221,606,0.06346153846153846,0.028940077654791764,0.09798299926828516,165,2600,0.4491525423728814,0.3927084232437878,0.505596661501975,53,118,NA,NA,NA,0,4,NA
19,007,IA,Appanoose County,19007,NA,NA,NA,0,0,NA,NA,NA,0,124,0.2629598662207358,0.16581822780940447,0.36010150463206714,629,2392,NA,NA,NA,0,0,NA,NA,NA,0,0,NA
19,009,IA,Audubon County,19009,NA,NA,NA,0,2,0.07142857142857142,0,0.5170765161140027,3,42,0.13711151736745886,0.04883050944204598,0.22539252529287174,150,1094,NA,NA,NA,0,0,NA,NA,NA,0,3,NA
19,011,IA,Benton County,19011,NA,NA,NA,3,8,0.143646408839779,0.001254285909012831,0.28603853177054517,26,181,0.0638093407649433,0.04210082567314674,0.08551785585673985,332,5203,NA,NA,NA,0,5,NA,NA,NA,0,0,NA
19,013,IA,Black Hawk County,19013,NA,NA,NA,0,107,0.2628053585500394,0.1670136589149354,0.3585970581851434,667,2538,0.11098208360982084,0.0845613088086479,0.13740285841099378,2007,18084,0.41855561412756986,0.31302598322999053,0.5240852450251492,1588,3794,0.22594440484675696,0.12918974432908534,0.3226990653644286,317,1403,NA
19,015,IA,Boone County,19015,NA,NA,NA,0,10,0.12648221343873517,0,0.4033703542644723,32,253,0.07530941892175372,0.04248043654217619,0.10813840130133125,359,4767,0.012987012987012988,0,0.22304750806821017,2,154,NA,NA,NA,0,0,NA
19,017,IA,Bremer County,19017,NA,NA,NA,0,0,0.19553072625698323,0.05348089766275177,0.3375805548512147,35,179,0.0704083685375176,0.043358162379620827,0.09745857469541437,350,4971,NA,NA,NA,0,59,NA,NA,NA,0,17,NA
19,019,IA,Buchanan County,19019,NA,NA,NA,0,32,NA,NA,NA,0,104,0.09236703207470565,0.060393389291541096,0.1243406748578702,455,4926,NA,NA,NA,0,47,NA,NA,NA,0,0,NA
19,021,IA,Buena Vista County,19021,NA,NA,NA,0,0,0.09384822631342614,0.04030802550810771,0.14738842711874456,209,2227,0.059893048128342244,0.027420571945372937,0.09236552431131155,112,1870,0.23376623376623376,0,0.6101001020061806,36,154,0.17208182912154033,0.03625200393156794,0.3079116543115127,143,831,NA
19,023,IA,Butler County,19023,NA,NA,NA,0,3,0.14583333333333334,0,0.3318131126435516,14,96,0.09878213802435724,0.06028791782910704,0.13727635821960743,292,2956,NA,NA,NA,0,0,NA,NA,NA,0,25,NA
19,025,IA,Calhoun County,19025,NA,NA,NA,0,0,0.12359550561797752,0,0.28097846769206763,11,89,0.06881948120698782,0.041880788383258497,0.09575817403071714,130,1889,NA,NA,NA,4,8,NA,NA,NA,0,0,NA
19,027,IA,Carroll County,19027,NA,NA,NA,0,0,0.019083969465648856,0,0.1492109367605904,5,262,0.05943268797838811,0.033995375903376146,0.08487000005340008,264,4442,NA,NA,NA,0,35,NA,NA,NA,0,0,NA
19,029,IA,Cass County,19029,NA,NA,NA,0,0,0.19306930693069307,0,0.39729824320595986,39,202,0.19279819954988747,0.12675062235826107,0.2588457767415139,514,2666,NA,NA,NA,21,21,NA,NA,NA,64,67,NA
19,031,IA,Cedar County,19031,NA,NA,NA,0,0,0.6049382716049383,0.40938263022972365,0.8004939129801529,98,162,0.0667843483377464,0.038839699507294455,0.09472899716819833,227,3399,NA,NA,NA,0,37,NA,NA,NA,0,18,NA
19,033,IA,Cerro Gordo County,19033,NA,NA,NA,18,23,0.25786924939467315,0.1362294929743472,0.37950900581499913,213,826,0.1188161281098084,0.0758193544195227,0.1618129018000941,831,6994,0.024630541871921183,0,0.1426587780166865,10,406,0.30256410256410254,0,0.6243035061541349,59,195,NA
19,035,IA,Cherokee County,19035,NA,NA,NA,0,0,0.41568627450980394,0.23014672387142732,0.6012258251481806,106,255,0.12074913750616068,0.040774238743285174,0.20072403626903618,245,2029,NA,NA,NA,51,51,NA,NA,NA,0,21,NA
19,037,IA,Chickasaw County,19037,NA,NA,NA,5,5,0.515625,0.03750845794002111,0.9937415420599789,99,192,0.047639123102866776,0.013999363302994512,0.08127888290273905,113,2372,0.06382978723404255,0,0.6466532580237903,3,47,NA,NA,NA,0,0,NA
19,039,IA,Clarke County,19039,NA,NA,NA,0,0,0.07099697885196375,0,0.15529463547450215,47,662,0.2,0.1166403059995655,0.28335969400043454,325,1625,NA,NA,NA,0,0,NA,NA,NA,0,0,NA
19,041,IA,Clay County,19041,NA,NA,NA,0,0,0.6925566343042071,0.2811148145969575,1,214,309,0.14299153339604892,0.0797490106632103,0.20623405612888754,456,3189,NA,NA,NA,0,24,NA,NA,NA,0,12,NA
19,043,IA,Clayton County,19043,NA,NA,NA,0,2,0.39855072463768115,0.11978869659387648,0.6773127526814858,55,138,0.11248120300751879,0.07026469831044924,0.15469770770458835,374,3325,NA,NA,NA,0,11,NA,NA,NA,0,22,NA
19,045,IA,Clinton County,19045,0.22826086956521738,0,0.5488639864785034,21,92,0.1872852233676976,0.035162788995427685,0.3394076577399675,109,582,0.14266731094467264,0.09940186979601928,0.185932752093326,1181,8278,0.8123569794050344,0.6585493716823179,0.9661645871277509,355,437,NA,NA,NA,0,66,NA
19,047,IA,Crawford County,19047,NA,NA,NA,0,9,0.16177228232869656,0.04231459806971223,0.2812299665876809,314,1941,0.18454001088731628,0.11611755949718487,0.2529624622774477,339,1837,NA,NA,NA,5,5,0.9850746268656716,0.4801981484943705,1,132,134,NA
19,049,IA,Dallas County,19049,NA,NA,NA,0,39,0.15366146458583432,0.07302970556635102,0.23429322360531762,384,2499,0.05256039548549576,0.0381264501303412,0.06699434084065031,1127,21442,0.19446640316205532,0.0018083936392229716,0.3871244126848877,246,1265,NA,NA,NA,0,1347,NA
19,051,IA,Davis County,19051,NA,NA,NA,0,0,NA,NA,NA,0,66,0.08203125,0.0267238274932953,0.1373386725067047,210,2560,NA,NA,NA,0,0,NA,NA,NA,0,0,NA
19,053,IA,Decatur County,19053,NA,NA,NA,0,0,0.45454545454545453,0.2472766740936507,0.6618142349972583,30,66,0.20067340067340067,0.13074319345549462,0.2706036078913067,298,1485,NA,NA,NA,0,8,NA,NA,NA,0,0,NA
19,055,IA,Delaware County,19055,NA,NA,NA,0,56,0.008695652173913044,0,0.24401505111725688,1,115,0.05134541460735859,0.02275576263265041,0.07993506658206678,187,3642,NA,NA,NA,0,2,NA,NA,NA,0,0,NA
19,057,IA,Des Moines County,19057,NA,NA,NA,0,0,0.11023622047244094,0,0.292133857555776,56,508,0.15748400187295145,0.11588723309203686,0.19908077065386603,1009,6407,0.4,0.09609460799140851,0.7039053920085916,174,435,0.05921052631578947,0,0.4806436324075186,9,152,NA
19,059,IA,Dickinson County,19059,NA,NA,NA,0,0,0.029556650246305417,0,0.13155498137638047,6,203,0.08755451190875545,0.04263357550920469,0.1324754483083062,261,2981,NA,NA,NA,0,0,NA,NA,NA,0,7,NA
19,061,IA,Dubuque County,19061,NA,NA,NA,0,10,0.10626029654036244,0.0167372280961557,0.19578336498456916,129,1214,0.0670542416887735,0.04683784210749106,0.08727064127005593,1188,17717,0.6297071129707112,0.47076967823850524,0.7886445477029173,602,956,0.1608832807570978,0,0.47654883472279586,102,634,NA
19,063,IA,Emmet County,19063,NA,NA,NA,0,0,0.018404907975460124,0,0.0848246513288164,6,326,0.0966183574879227,0.03500872177558585,0.15822799320025954,120,1242,NA,NA,NA,0,1,NA,NA,NA,0,0,NA
19,065,IA,Fayette County,19065,NA,NA,NA,0,0,0.587378640776699,0.29632677040994376,0.8784305111434543,121,206,0.09922178988326848,0.05542441287734742,0.14301916688918953,357,3598,NA,NA,NA,0,8,NA,NA,NA,0,19,NA
19,067,IA,Floyd County,19067,NA,NA,NA,0,0,0.4682926829268293,0.005543225203115287,0.9310421406505434,96,205,0.13153340256143994,0.0776811856044773,0.1853856195184026,380,2889,NA,NA,NA,0,18,NA,NA,NA,0,47,NA
19,069,IA,Franklin County,19069,NA,NA,NA,3,3,0.4542857142857143,0.289708961980811,0.6188624665906176,318,700,0.10467289719626169,0.04248344466432933,0.16686234972819405,168,1605,NA,NA,NA,0,0,NA,NA,NA,17,17,NA
19,071,IA,Fremont County,19071,NA,NA,NA,0,0,0.20512820512820512,0,0.6117342735005089,16,78,0.04905968928863451,0.022540107402042354,0.07557927117522667,60,1223,NA,NA,NA,16,22,NA,NA,NA,0,0,NA
19,073,IA,Greene County,19073,NA,NA,NA,0,3,0.28695652173913044,0,0.7444501104277294,33,115,0.10312315851502651,0.05042090389560086,0.15582541313445217,175,1697,NA,NA,NA,0,0,NA,NA,NA,0,11,NA
19,075,IA,Grundy County,19075,NA,NA,NA,0,0,NA,NA,NA,0,64,0.06231231231231231,0.035052551834684816,0.08957207278993981,166,2664,NA,NA,NA,0,58,NA,NA,NA,0,18,NA
19,077,IA,Guthrie County,19077,NA,NA,NA,0,0,0.32407407407407407,0.16287696693088743,0.4852711812172607,35,108,0.12581453634085213,0.07781350771011708,0.17381556497158718,251,1995,0.7333333333333333,0.40398847806861143,1,22,30,NA,NA,NA,13,13,NA
19,079,IA,Hamilton County,19079,NA,NA,NA,0,15,0.026113671274961597,0,0.07942214916523342,17,651,0.06553493880773786,0.02582257190093308,0.10524730571454265,166,2533,NA,NA,NA,0,49,NA,NA,NA,0,111,NA
19,081,IA,Hancock County,19081,NA,NA,NA,0,0,0.47244094488188976,0.29400822309063046,0.650873666673149,120,254,0.12252346193952034,0.07299001971914926,0.17205690415989142,235,1918,NA,NA,NA,11,11,NA,NA,NA,0,0,NA
19,083,IA,Hardin County,19083,0.6610169491525424,0.1415504626273314,1,39,59,0.12074303405572756,0,0.2657082229303972,39,323,0.10087370929308975,0.05435487004766096,0.14739254853851855,254,2518,NA,NA,NA,0,30,NA,NA,NA,0,16,NA
19,085,IA,Harrison County,19085,NA,NA,NA,3,7,0.05263157894736842,0,0.3097596470482222,6,114,0.09961563100576554,0.061369936725312955,0.1378613252862181,311,3122,NA,NA,NA,0,0,NA,NA,NA,0,8,NA
19,087,IA,Henry County,19087,NA,NA,NA,0,0,0.22070844686648503,0.051202401008491355,0.3902144927244787,81,367,0.13570370370370372,0.09031556651403258,0.18109184089337485,458,3375,0.1206896551724138,0,0.698181990886579,7,58,NA,NA,NA,0,9,NA
19,089,IA,Howard County,19089,NA,NA,NA,0,9,0.5275590551181102,0.33301706722715496,0.7221010430090654,67,127,0.10444964871194379,0.055524572063843994,0.1533747253600436,223,2135,NA,NA,NA,0,71,NA,NA,NA,0,11,NA
19,091,IA,Humboldt County,19091,NA,NA,NA,0,4,0.620253164556962,0.5110390514890978,0.7294672776248262,147,237,0.1671858774662513,0.0971855791413885,0.2371861757911141,322,1926,NA,NA,NA,0,8,NA,NA,NA,0,60,NA
19,093,IA,Ida County,19093,NA,NA,NA,0,13,0.24,0,0.6272031725829568,24,100,0.10209601081812035,0.05571121222500822,0.14848080941123248,151,1479,NA,NA,NA,0,0,NA,NA,NA,0,7,NA
19,095,IA,Iowa County,19095,NA,NA,NA,0,0,NA,NA,NA,0,225,0.12375790424570912,0.0677396579871328,0.17977615050428544,411,3321,NA,NA,NA,0,0,NA,NA,NA,0,0,NA
19,097,IA,Jackson County,19097,NA,NA,NA,0,0,0.05357142857142857,0,0.32529756584910013,6,112,0.08375298171216539,0.05821358020518007,0.1092923832191507,316,3773,NA,NA,NA,0,0,NA,NA,NA,0,13,NA
19,099,IA,Jasper County,19099,NA,NA,NA,0,0,0.18983957219251338,0,0.3912404942416398,71,374,0.07616124982563817,0.04764008104919895,0.10468241860207739,546,7169,NA,NA,NA,0,39,NA,NA,NA,0,95,NA
19,101,IA,Jefferson County,19101,NA,NA,NA,60,60,0.30456852791878175,0,0.7224057806777682,60,197,0.07170356111645813,0,0.14369499732721364,149,2078,0.3088235294117647,0,0.9125465683120415,21,68,0.245,0,0.7844020805734209,49,200,NA
19,103,IA,Johnson County,19103,NA,NA,NA,0,75,0.2814637482900137,0.1827794383068697,0.3801480582731577,823,2924,0.048240370120081096,0.030186969840726878,0.06629377039943532,928,19237,0.30395299145299143,0.20049790841001194,0.40740807449597094,1138,3744,0.011111111111111112,0,0.06313718683184544,13,1170,NA
19,105,IA,Jones County,19105,NA,NA,NA,0,0,NA,NA,NA,0,133,0.18356691398735916,0.1239937788113733,0.24314004916334503,668,3639,NA,NA,NA,3,18,NA,NA,NA,0,15,NA
19,107,IA,Keokuk County,19107,NA,NA,NA,0,0,0.05952380952380952,0,0.2902286795898766,5,84,0.1199400299850075,0.07278917284520775,0.16709088712480724,240,2001,NA,NA,NA,5,12,NA,NA,NA,0,11,NA
19,109,IA,Kossuth County,19109,NA,NA,NA,9,9,0.05825242718446602,0,0.2201792360363321,12,206,0.10444524756053487,0.06517233911697203,0.1437181560040977,289,2767,NA,NA,NA,14,32,NA,NA,NA,0,0,NA
19,111,IA,Lee County,19111,NA,NA,NA,0,0,0.1766304347826087,0,0.3936160305136651,65,368,0.15983745343718253,0.10994749966969872,0.20972740720466634,944,5906,0.4713375796178344,0.09166641380833412,0.8510087454273347,74,157,NA,NA,NA,13,13,NA
19,113,IA,Linn County,19113,NA,NA,NA,0,142,0.2096530920060332,0.12491655317349068,0.2943896308385757,695,3315,0.0585807012302762,0.045671480768533314,0.07148992169201908,2157,36821,0.2693811824246607,0.20391196012735663,0.33485040472196476,1171,4347,0.10295291300877893,0.009228727653261173,0.1966770983642967,129,1253,NA
19,115,IA,Louisa County,19115,NA,NA,NA,0,14,0.06666666666666667,0,0.15839946122338147,34,510,0.16236626809314034,0.09531620843596149,0.22941632775031917,258,1589,NA,NA,NA,0,39,0.36082474226804123,0,0.825783300752058,35,97,NA
19,117,IA,Lucas County,19117,NA,NA,NA,0,0,0.02830188679245283,0,0.2086172899759754,3,106,0.17302525523911874,0.0973364849221863,0.24871402555605118,322,1861,NA,NA,NA,0,0,NA,NA,NA,0,22,NA
19,119,IA,Lyon County,19119,NA,NA,NA,0,0,0.057291666666666664,0,0.21708256858977173,11,192,0.04952129415648729,0.025965748156438397,0.07307684015653618,150,3029,NA,NA,NA,0,7,NA,NA,NA,0,40,NA
19,121,IA,Madison County,19121,NA,NA,NA,0,0,NA,NA,NA,0,144,0.08302967204580948,0.03716449796692735,0.1288948461246916,319,3842,0.18085106382978725,0,0.6253872087157978,17,94,NA,NA,NA,15,23,NA
19,123,IA,Mahaska County,19123,NA,NA,NA,0,0,NA,NA,NA,0,183,0.1409652076318743,0.08981933164077388,0.19211108362297474,628,4455,NA,NA,NA,0,15,0.017543859649122806,0,0.9092262050414992,1,57,NA
19,125,IA,Marion County,19125,NA,NA,NA,0,3,0.007547169811320755,0,0.10979467557364511,2,265,0.0546150448991609,0.032128683685906656,0.07710140611241514,371,6793,NA,NA,NA,0,21,0.5535714285714286,0.06781253682050292,1,62,112,NA
19,127,IA,Marshall County,19127,0.10077519379844961,0,0.354322280574909,26,258,0.24109516214779372,0.1676339541004849,0.3145563701951025,907,3762,0.09478768363855906,0.04542849438496401,0.1441468728921541,471,4969,0.5898617511520737,0.1548309461764672,1,128,217,0.1875,0,0.48813372311047504,99,528,NA
19,129,IA,Mills County,19129,NA,NA,NA,0,0,0.12315270935960591,0,0.37881534690031293,25,203,0.06427854034147974,0.03418041893363337,0.09437666174932612,192,2987,NA,NA,NA,0,0,NA,NA,NA,3,34,NA
19,131,IA,Mitchell County,19131,NA,NA,NA,0,8,0.2967032967032967,0.08281113262937398,0.5105954607772194,27,91,0.07663157894736843,0.03554521201754269,0.11771794587719417,182,2375,NA,NA,NA,0,0,NA,NA,NA,0,4,NA
19,133,IA,Monona County,19133,NA,NA,NA,3,3,0.06329113924050633,0,0.4155273104865813,5,79,0.12576687116564417,0.06003926790391756,0.19149447442737078,205,1630,NA,NA,NA,0,7,NA,NA,NA,0,0,NA
19,135,IA,Monroe County,19135,NA,NA,NA,0,0,NA,NA,NA,0,28,0.0725094577553594,0.01648055361506004,0.12853836189565876,115,1586,NA,NA,NA,59,59,NA,NA,NA,0,0,NA
19,137,IA,Montgomery County,19137,NA,NA,NA,0,0,NA,NA,NA,0,11,0.20598680872653474,0.125328050449461,0.2866455670036085,406,1971,NA,NA,NA,0,23,NA,NA,NA,0,25,NA
19,139,IA,Muscatine County,19139,NA,NA,NA,0,23,0.1537602382725242,0.0841730021115776,0.22334747443347078,413,2686,0.16237623762376238,0.11591980727608002,0.20883266797144473,1066,6565,0.40725806451612906,0.044034581118676974,0.7704815479135811,101,248,NA,NA,NA,12,67,NA
19,141,IA,O'Brien County,19141,NA,NA,NA,0,2,0.5576519916142557,0.41505639056683047,0.7002475926616809,266,477,0.12096168294515403,0.07086053839597725,0.1710628274943308,322,2662,0.9787234042553191,0.2158326578579458,1,92,94,NA,NA,NA,0,4,NA
19,143,IA,Osceola County,19143,NA,NA,NA,0,0,0.8244897959183674,0.41607378202551654,1,202,245,0.20901246404602108,0.11795585082394935,0.30006907726809284,218,1043,NA,NA,NA,0,0,NA,NA,NA,0,0,NA
19,145,IA,Page County,19145,NA,NA,NA,0,10,NA,NA,NA,0,143,0.16384915474642392,0.09758044322075073,0.23011786627209713,378,2307,NA,NA,NA,0,9,NA,NA,NA,0,36,NA
19,147,IA,Palo Alto County,19147,NA,NA,NA,0,3,0.16822429906542055,0.003753552242445307,0.3326950458883958,18,107,0.18610271903323264,0.10262138873668923,0.26958404932977603,308,1655,NA,NA,NA,0,26,NA,NA,NA,0,16,NA
19,149,IA,Plymouth County,19149,NA,NA,NA,0,21,0.41846153846153844,0.2884028464392313,0.5485202304838456,272,650,0.047804119704624955,0.023981444256823692,0.07162679515242622,246,5146,NA,NA,NA,0,257,NA,NA,NA,35,61,NA
19,151,IA,Pocahontas County,19151,NA,NA,NA,0,1,0.030120481927710843,0,0.19262048374172158,5,166,0.0889894419306184,0.04485454914621103,0.13312433471502577,118,1326,NA,NA,NA,20,51,NA,NA,NA,0,19,NA
19,153,IA,Polk County,19153,0.28087167070217917,0.001164878229383215,0.5605784631749751,116,413,0.1912004899959167,0.1598115969651602,0.22258938302667322,3746,19592,0.06283413366707023,0.05123430429100753,0.07443396304313293,4619,73511,0.44487308078080395,0.37749704520386534,0.5122491163577425,5766,12961,0.2,0.1462366127840882,0.2537633872159118,1211,6055,NA
19,155,IA,Pottawattamie County,19155,0.64,0.002204481142226822,1,32,50,0.2576419213973799,0.18946661881287366,0.3258172239818862,767,2977,0.16274930960417305,0.13348107557434177,0.19201754363400433,2652,16295,0.07228915662650602,0,0.14469716088567666,48,664,0.2182741116751269,0,0.48662707771840735,43,197,NA
19,157,IA,Poweshiek County,19157,0.029411764705882353,0,0.8282934738336264,1,34,NA,NA,NA,0,177,0.09695463020509633,0.050313060824185775,0.1435961995860069,312,3218,NA,NA,NA,3,5,NA,NA,NA,0,34,NA
19,159,IA,Ringgold County,19159,NA,NA,NA,0,0,NA,NA,NA,0,35,0.07452165156092648,0.0327300974891824,0.11631320563267056,74,993,NA,NA,NA,0,0,NA,NA,NA,0,0,NA
19,161,IA,Sac County,19161,NA,NA,NA,0,0,0.03314917127071823,0,0.1846845264698967,6,181,0.13080619327282433,0.06792925373829262,0.19368313280735605,245,1873,NA,NA,NA,0,15,NA,NA,NA,0,12,NA
19,163,IA,Scott County,19163,NA,NA,NA,10,30,0.1751280857009781,0.1195265806248896,0.2307295907770666,752,4294,0.07199078517949703,0.05321706061975233,0.09076450973924173,1875,26045,0.3687308085977482,0.2787811944498015,0.4586804227456949,1441,3908,NA,NA,NA,0,917,NA
19,165,IA,Shelby County,19165,NA,NA,NA,0,16,0.022988505747126436,0,0.1389247188645942,4,174,0.02276707530647986,0.006577673231070037,0.03895647738188968,52,2284,NA,NA,NA,0,0,NA,NA,NA,0,17,NA
19,167,IA,Sioux County,19167,NA,NA,NA,0,6,0.15236051502145923,0.046154160608380845,0.2585668694345376,355,2330,0.0371883363854064,0.019415882231387342,0.05496079053942545,264,7099,NA,NA,NA,0,46,NA,NA,NA,0,18,NA
19,169,IA,Story County,19169,0.1926605504587156,0,0.6969887114581734,21,109,0.0656525220176141,0,0.13746763228089642,82,1249,0.08742852407392061,0.06113796743506926,0.11371908071277197,1055,12067,0.3317307692307692,0.14913470197050369,0.5143268364910347,207,624,0.16727716727716727,0.051929526602749826,0.28262480795158473,137,819,NA
19,171,IA,Tama County,19171,0.44363636363636366,0.3119076658259715,0.5753650614467558,122,275,0.3589108910891089,0.24877307522927072,0.46904870694894707,290,808,0.18397510696227148,0.12292741018158698,0.24502280374295599,473,2571,NA,NA,NA,0,15,NA,NA,NA,11,42,NA
19,173,IA,Taylor County,19173,NA,NA,NA,0,0,NA,NA,NA,0,126,0.15964912280701754,0.10382177024870784,0.21547647536532724,182,1140,NA,NA,NA,0,0,NA,NA,NA,0,0,NA
19,175,IA,Union County,19175,NA,NA,NA,0,0,0.07317073170731707,0,0.30555446770505407,12,164,0.12020244622522143,0.06781192561457737,0.1725929668358655,285,2371,0.11206896551724138,0,0.45027539714804427,13,116,NA,NA,NA,0,0,NA
19,177,IA,Van Buren County,19177,NA,NA,NA,0,0,0.18604651162790697,0,0.7049574729336942,8,43,0.166875,0.0932037725055362,0.2405462274944638,267,1600,NA,NA,NA,0,17,NA,NA,NA,0,0,NA
19,179,IA,Wapello County,19179,NA,NA,NA,0,13,0.09421965317919075,0.04220037587199028,0.14623893048639122,163,1730,0.22324687800192122,0.15422949106422273,0.2922642649396197,1162,5205,0.25675675675675674,0.014582115806929585,0.4989313977065839,76,296,0.4095394736842105,0.2706863127741262,0.5483926345942949,249,608,NA
19,181,IA,Warren County,19181,NA,NA,NA,0,98,0.005681818181818182,0,0.06432901330157145,4,704,0.0327627939142462,0.016626512551735168,0.04889907527675723,379,11568,NA,NA,NA,0,22,0.058823529411764705,0,0.6939028584423997,6,102,NA
19,183,IA,Washington County,19183,NA,NA,NA,0,0,0.013605442176870748,0,0.06346263246423413,10,735,0.09845947756195579,0.06703823140861954,0.12988072371529202,441,4479,0.6705882352941176,0.018591040834839312,1,57,85,NA,NA,NA,0,2,NA
19,185,IA,Wayne County,19185,NA,NA,NA,0,0,NA,NA,NA,0,13,0.11046511627906977,0.06952059166575483,0.1514096408923847,171,1548,NA,NA,NA,8,8,NA,NA,NA,0,6,NA
19,187,IA,Webster County,19187,NA,NA,NA,0,25,0.38100436681222705,0.1995183935864536,0.5624903400380005,349,916,0.13080021012081947,0.08144516051990988,0.18015525972172905,747,5711,0.20491803278688525,0,0.6373102050035045,25,122,NA,NA,NA,0,53,NA
19,189,IA,Winnebago County,19189,NA,NA,NA,0,0,0.6150234741784038,0.3385722912904381,0.8914746570663694,131,213,0.08074534161490683,0.039955242432884064,0.1215354407969296,156,1932,NA,NA,NA,0,2,NA,NA,NA,0,29,NA
19,191,IA,Winneshiek County,19191,NA,NA,NA,0,15,0.4888888888888889,0.1535193126764577,0.8242584651013201,110,225,0.054994054696789536,0.019169202215189952,0.09081890717838911,185,3364,NA,NA,NA,0,0,NA,NA,NA,0,1,NA
19,193,IA,Woodbury County,19193,0.5053995680345572,0.36420550129853035,0.6465936347705841,234,463,0.20732329675937738,0.15827533817940795,0.2563712553393468,1625,7838,0.11426568524360323,0.08193355910805822,0.14659781137914824,1630,14265,0.43663594470046085,0.2878174234162305,0.5854544659846912,758,1736,0.01639344262295082,0,0.092764916331952,9,549,NA
19,195,IA,Worth County,19195,NA,NA,NA,0,3,0.22972972972972974,0,0.5441589233350987,17,74,0.11667859699355762,0.058465685762625945,0.1748915082244893,163,1397,NA,NA,NA,0,16,NA,NA,NA,0,3,NA
19,197,IA,Wright County,19197,NA,NA,NA,0,22,0.586352148272957,0.48782451504213464,0.6848797815037794,696,1187,0.11236531554643407,0.06210411455598625,0.1626265165368819,219,1949,NA,NA,NA,26,26,NA,NA,NA,0,0,NA
20,000,KS,Kansas,20000,0.1934673366834171,0.1425974811812265,0.24433719218560768,1078,5572,0.20066591397772138,0.18721810147565798,0.21411372647978477,27904,139057,0.08903902022215893,0.08464997213624942,0.09342806830806843,39077,438875,0.31323703661908253,0.27966934809728716,0.3468047251408779,11103,35446,0.13373746043667184,0.10526086707769106,0.16221405379565262,2493,18641,NA
20,001,KS,Allen County,20001,NA,NA,NA,0,0,0.1437908496732026,0,0.41022515419675015,22,153,0.14261603375527426,0.0784346633167934,0.20679740419375514,338,2370,NA,NA,NA,0,91,NA,NA,NA,0,19,NA
20,003,KS,Anderson County,20003,NA,NA,NA,0,0,NA,NA,NA,7,7,0.16140350877192983,0.07180388130216374,0.2510031362416959,276,1710,NA,NA,NA,0,0,NA,NA,NA,0,0,NA
20,005,KS,Atchison County,20005,NA,NA,NA,0,12,0.4888888888888889,0.23274575944985348,0.7450320183279242,88,180,0.07296137339055794,0.016896044788193593,0.1290267019929223,204,2796,NA,NA,NA,82,82,NA,NA,NA,0,7,NA
20,007,KS,Barber County,20007,NA,NA,NA,0,21,NA,NA,NA,0,30,0.22193211488250653,0.08291058610590449,0.36095364365910854,170,766,NA,NA,NA,1,1,NA,NA,NA,0,0,NA
20,009,KS,Barton County,20009,NA,NA,NA,0,64,0.3346482577251808,0.22808937603396995,0.44120713941639167,509,1521,0.17479774454523167,0.12363335604825387,0.22596213304220947,713,4079,NA,NA,NA,0,0,NA,NA,NA,0,29,NA
20,011,KS,Bourbon County,20011,NA,NA,NA,0,0,NA,NA,NA,0,45,0.19372865569698852,0.12997798142755557,0.2574793299664215,624,3221,NA,NA,NA,0,0,NA,NA,NA,13,13,NA
20,013,KS,Brown County,20013,0.087248322147651,0,0.23024885698020042,13,149,0.17,0.05649594108680904,0.28350405891319097,34,200,0.1326341764342998,0.07901278629108838,0.18625556657751124,215,1621,NA,NA,NA,0,12,NA,NA,NA,5,9,NA
20,015,KS,Butler County,20015,0.010309278350515464,0,0.4799128944457291,1,97,0.23058823529411765,0.09908847938866097,0.36208799119957435,294,1275,0.10122431132487976,0.06692540112822473,0.1355232215215348,1389,13722,NA,NA,NA,0,56,0.06607929515418502,0,0.25612804505414244,30,454,NA
20,017,KS,Chase County,20017,NA,NA,NA,0,0,NA,NA,NA,24,55,0.0659090909090909,0.01807423448549355,0.11374394733268825,29,440,NA,NA,NA,0,0,NA,NA,NA,0,0,NA
20,019,KS,Chautauqua County,20019,NA,NA,NA,0,34,0.29310344827586204,0,0.6574001665204965,17,58,0.11818181818181818,0.04789520550441251,0.18846843085922385,65,550,NA,NA,NA,0,0,NA,NA,NA,0,0,NA
20,021,KS,Cherokee County,20021,NA,NA,NA,0,85,0.3401639344262295,0.10530051098669496,0.5750273578657641,83,244,0.11539602491842184,0.06971613409452487,0.1610759157423188,389,3371,NA,NA,NA,0,28,NA,NA,NA,0,0,NA
20,023,KS,Cheyenne County,20023,NA,NA,NA,0,5,0.30337078651685395,0.021942536191920936,0.584799036841787,27,89,0.2682926829268293,0.13150500706250123,0.40508035879115734,132,492,NA,NA,NA,0,0,NA,NA,NA,0,0,NA
20,025,KS,Clark County,20025,NA,NA,NA,0,6,0.046511627906976744,0,0.4835013972891812,2,43,0.11171662125340599,0.009668452124605029,0.21376479038220697,41,367,NA,NA,NA,0,0,NA,NA,NA,0,5,NA
20,027,KS,Clay County,20027,NA,NA,NA,0,0,0.21495327102803738,0,0.5489891879966033,23,107,0.19762351469668543,0.11665587361537712,0.27859115577799376,316,1599,NA,NA,NA,0,72,NA,NA,NA,0,9,NA
20,029,KS,Cloud County,20029,NA,NA,NA,0,1,0.0782608695652174,0,0.20480655862844094,9,115,0.0794813979706877,0.03513571714086355,0.12382707880051186,141,1774,NA,NA,NA,0,0,NA,NA,NA,0,19,NA
20,031,KS,Coffey County,20031,NA,NA,NA,0,27,0.02631578947368421,0,0.26832753182902014,3,114,0.10898282694848084,0.048376106350302435,0.16958954754665925,165,1514,NA,NA,NA,0,2,NA,NA,NA,0,11,NA
20,033,KS,Comanche County,20033,NA,NA,NA,0,0,NA,NA,NA,0,6,0.13268608414239483,0.046214244855587075,0.2191579234292026,41,309,NA,NA,NA,0,0,NA,NA,NA,0,0,NA
20,035,KS,Cowley County,20035,0.042105263157894736,0,0.47338958341302584,4,95,0.22424242424242424,0.08908037167935987,0.3594044768054886,370,1650,0.16089731193192805,0.11244349149977725,0.20935113236407885,832,5171,0.18791946308724833,0,0.5027398118354769,28,149,0.5660377358490566,0.06784610056860418,1,90,159,NA
20,037,KS,Crawford County,20037,NA,NA,NA,40,40,0.2929493545183714,0.125244946056293,0.4606537629804498,295,1007,0.21951219512195122,0.1610780781375909,0.27794631210631154,1422,6478,NA,NA,NA,0,113,0.6722689075630253,0.10518815820487804,1,80,119,NA
20,039,KS,Decatur County,20039,NA,NA,NA,0,0,0.3829787234042553,0.009516923669847965,0.7564405231386626,18,47,0.26394849785407726,0.09205402178181976,0.43584297392633475,123,466,NA,NA,NA,0,0,NA,NA,NA,0,0,NA
20,041,KS,Dickinson County,20041,NA,NA,NA,30,30,0.20857142857142857,0.06588660489741721,0.35125625224543994,73,350,0.10134554823933581,0.05489393691568903,0.1477971595629826,354,3493,NA,NA,NA,0,1,NA,NA,NA,0,0,NA
20,043,KS,Doniphan County,20043,NA,NA,NA,4,6,0.7058823529411765,0.4492690651737398,0.9624956407086132,48,68,0.06263982102908278,0.025435730194142844,0.09984391186402271,84,1341,NA,NA,NA,0,7,NA,NA,NA,4,4,NA
20,045,KS,Douglas County,20045,0.13259668508287292,0,0.3796733449613971,24,181,0.17927773000859845,0.06756311055776366,0.29099234945943325,417,2326,0.04611348888582079,0.028643543782719622,0.06358343398892197,668,14486,0.36531007751937983,0.14042946146533736,0.5901906935734222,377,1032,0.10028653295128939,0,0.25709424824987637,70,698,NA
20,047,KS,Edwards County,20047,NA,NA,NA,0,0,0.6497695852534562,0.5982404938467933,0.701298676660119,141,217,0.13172043010752688,0.05876202218829443,0.20467883802675932,49,372,NA,NA,NA,0,0,NA,NA,NA,0,0,NA
20,049,KS,Elk County,20049,NA,NA,NA,0,0,0.08823529411764706,0,0.668772973394777,3,34,0.16233766233766234,0.07451604328697091,0.25015928138835375,75,462,NA,NA,NA,0,0,NA,NA,NA,0,2,NA
20,051,KS,Ellis County,20051,NA,NA,NA,0,1,0.3756019261637239,0.204714876494619,0.5464889758328288,234,623,0.12465550137799448,0.07831550626969522,0.17099549648629375,588,4717,NA,NA,NA,72,78,0.12087912087912088,0,0.782427221640669,11,91,NA
20,053,KS,Ellsworth County,20053,NA,NA,NA,0,0,0.09876543209876543,0,0.36218257267214776,8,81,0.16523605150214593,0.10239293293176885,0.228079170072523,154,932,NA,NA,NA,0,10,NA,NA,NA,0,0,NA
20,055,KS,Finney County,20055,NA,NA,NA,0,45,0.14351336302895323,0.08252396163186182,0.20450276442604465,1031,7184,0.04568023833167825,0.006102255980046663,0.08525822068330985,138,3021,0.6541737649063032,0.5267570327141455,0.7815904970984608,384,587,NA,NA,NA,0,422,NA
20,057,KS,Ford County,20057,NA,NA,NA,0,104,0.20813904196693514,0.15210294459143375,0.2641751393424365,1473,7077,0.050746268656716415,0.00918277942885884,0.09230975788457399,119,2345,0.46396396396396394,0.3251640850594396,0.6027638428684883,103,222,NA,NA,NA,0,12,NA
20,059,KS,Franklin County,20059,0.07894736842105263,0,0.1617652179108832,3,38,0.11441647597254005,0,0.2823469773250645,50,437,0.06039740310840055,0.028567159295837564,0.09222764692096352,307,5083,NA,NA,NA,0,42,NA,NA,NA,0,78,NA
20,061,KS,Geary County,20061,NA,NA,NA,0,75,0.3088299260548064,0.2225437224439857,0.39511612966562715,710,2299,0.16449746926970354,0.10673956143718634,0.22225537710222076,910,5532,0.36394790952707334,0.24220373056334846,0.48569208849079826,531,1459,0.43575418994413406,0.34350615596737055,0.5280022239208976,156,358,NA
20,063,KS,Gove County,20063,NA,NA,NA,0,0,NA,NA,NA,0,20,0.007836990595611285,0,0.030377123442226414,5,638,NA,NA,NA,0,2,NA,NA,NA,0,0,NA
20,065,KS,Graham County,20065,NA,NA,NA,0,0,0.03225806451612903,0,0.6340650014466358,1,31,0.22142857142857142,0.11631343807745904,0.3265437047796838,93,420,NA,NA,NA,0,0,NA,NA,NA,6,6,NA
20,067,KS,Grant County,20067,NA,NA,NA,39,39,0.039030955585464336,0,0.1088416974340456,58,1486,0.18580060422960726,0.06416485594700468,0.30743635251220985,123,662,NA,NA,NA,0,0,NA,NA,NA,0,9,NA
20,069,KS,Gray County,20069,NA,NA,NA,0,3,0.4680232558139535,0.26221003698759515,0.6738364746403118,161,344,0.06825938566552901,0.0016727419180882774,0.13484602941296975,80,1172,NA,NA,NA,0,0,NA,NA,NA,0,0,NA
20,071,KS,Greeley County,20071,NA,NA,NA,0,5,0.09876543209876543,0,0.3763486879329012,8,81,0.12345679012345678,0.009934515067836339,0.23697906517907724,40,324,NA,NA,NA,0,0,NA,NA,NA,0,0,NA
20,073,KS,Greenwood County,20073,NA,NA,NA,31,33,0.36046511627906974,0,0.8588610738084838,31,86,0.16375344986200552,0.08507542809764942,0.2424314716263616,178,1087,0.7333333333333333,0.080824422375535,1,22,30,NA,NA,NA,0,0,NA
20,075,KS,Hamilton County,20075,NA,NA,NA,0,0,NA,NA,NA,0,438,0.015384615384615385,0,0.0623506685360177,6,390,NA,NA,NA,0,0,NA,NA,NA,0,0,NA
20,077,KS,Harper County,20077,NA,NA,NA,0,11,0.372972972972973,0.0898685057804196,0.6560774401655264,69,185,0.23076923076923078,0.1480885396645232,0.3134499218739384,255,1105,NA,NA,NA,0,19,NA,NA,NA,0,0,NA
20,079,KS,Harvey County,20079,NA,NA,NA,0,202,0.1425438596491228,0.02616282993559242,0.2589248893626532,195,1368,0.06740217203930357,0.03076253866842891,0.10404180541017824,391,5801,NA,NA,NA,0,24,NA,NA,NA,0,57,NA
20,081,KS,Haskell County,20081,NA,NA,NA,0,22,0.14965986394557823,0,0.3573457459183401,44,294,0.19006849315068494,0.06793506234721092,0.31220192395415897,111,584,NA,NA,NA,0,4,NA,NA,NA,0,0,NA
20,083,KS,Hodgeman County,20083,NA,NA,NA,0,0,0.2619047619047619,0,0.6645196247615387,11,42,0.059782608695652176,0.01813892556631485,0.1014262918249895,22,368,NA,NA,NA,0,0,NA,NA,NA,0,0,NA
20,085,KS,Jackson County,20085,0.20304568527918782,0.05335753980963112,0.35273383074874454,40,197,NA,NA,NA,0,346,0.02448815736651947,0.0064272564516720705,0.042549058281366875,61,2491,NA,NA,NA,0,0,NA,NA,NA,0,0,NA
20,087,KS,Jefferson County,20087,NA,NA,NA,0,4,0.014492753623188406,0,0.17184239977712704,3,207,0.038159371492704826,0.017388321801170396,0.05893042118423926,136,3564,NA,NA,NA,0,12,NA,NA,NA,0,0,NA
20,089,KS,Jewell County,20089,NA,NA,NA,0,0,NA,NA,NA,0,45,0.14285714285714285,0.03578028226130134,0.24993400345298436,77,539,NA,NA,NA,5,5,NA,NA,NA,0,5,NA
20,091,KS,Johnson County,20091,0.15748031496062992,0,0.3177562946503444,60,381,0.08486755835300289,0.060389378561703316,0.10934573814430246,1618,19065,0.03456001285953967,0.027564189324498133,0.04155583639458121,3440,99537,0.1869673528254884,0.13744321790686576,0.23649148774411105,1426,7627,0.0535191637630662,0.025776388531134647,0.08126193899499776,384,7175,NA
20,093,KS,Kearny County,20093,NA,NA,NA,0,0,0.048582995951417005,0,0.11764480493856133,24,494,0.04114490161001789,0,0.08940765025108285,23,559,NA,NA,NA,0,0,NA,NA,NA,0,5,NA
20,095,KS,Kingman County,20095,NA,NA,NA,0,4,NA,NA,NA,0,93,0.11014492753623188,0.05010479370577285,0.17018506136669093,152,1380,NA,NA,NA,0,0,NA,NA,NA,0,0,NA
20,097,KS,Kiowa County,20097,NA,NA,NA,0,0,NA,NA,NA,0,29,0.05410821643286573,0.001709318577681966,0.10650711428804949,27,499,NA,NA,NA,0,0,NA,NA,NA,0,6,NA
20,099,KS,Labette County,20099,0.06060606060606061,0,0.39156854598217616,4,66,0.10355029585798817,0,0.304259269939553,35,338,0.09852079263187273,0.059379338268685085,0.13766224699506038,353,3583,NA,NA,NA,50,89,NA,NA,NA,0,0,NA
20,101,KS,Lane County,20101,NA,NA,NA,0,2,0.26373626373626374,0,0.5894636201231211,24,91,NA,NA,NA,0,268,NA,NA,NA,0,0,NA,NA,NA,0,0,NA
20,103,KS,Leavenworth County,20103,NA,NA,NA,0,58,0.1618685497012493,0.06998604855492879,0.2537510508475698,298,1841,0.06488011283497884,0.04519576561496255,0.08456446005499513,920,14180,0.04398826979472141,0,0.1317600414299742,30,682,0.05668016194331984,0,0.372950751727937,14,247,NA
20,105,KS,Lincoln County,20105,NA,NA,NA,0,0,NA,NA,NA,0,49,0.09252669039145907,0.043032156768663725,0.1420212240142544,52,562,NA,NA,NA,0,0,NA,NA,NA,0,0,NA
20,107,KS,Linn County,20107,NA,NA,NA,0,0,0.0594059405940594,0,0.2638466029841535,6,101,0.06900328587075576,0.03410032955763483,0.10390624218387667,126,1826,NA,NA,NA,0,34,NA,NA,NA,0,2,NA
20,109,KS,Logan County,20109,NA,NA,NA,0,0,NA,NA,NA,0,15,0.2508650519031142,0.15248100479283117,0.34924909901339724,145,578,NA,NA,NA,0,0,NA,NA,NA,0,0,NA
20,111,KS,Lyon County,20111,NA,NA,NA,0,22,0.14514835605453089,0.05989460725090147,0.23040210485816032,362,2494,0.16009791921664626,0.10446416391447029,0.21573167451882225,654,4085,0.6984126984126984,0.3163288593085477,1,44,63,0.20809248554913296,0,0.6062820924726469,36,173,NA
20,113,KS,McPherson County,20113,NA,NA,NA,0,15,0.17525773195876287,0.011380223414779761,0.339135240502746,102,582,0.05710727628535848,0.02605025894654558,0.08816429362417137,321,5621,NA,NA,NA,0,49,NA,NA,NA,0,7,NA
20,115,KS,Marion County,20115,NA,NA,NA,0,14,0.024390243902439025,0,0.21807504025018676,4,164,0.05534883720930232,0.028996146141040586,0.08170152827756406,119,2150,NA,NA,NA,0,7,NA,NA,NA,1,7,NA
20,117,KS,Marshall County,20117,NA,NA,NA,0,1,0.45871559633027525,0.10363326138896384,0.8137979312715866,50,109,0.11000474158368895,0.05483588455698246,0.16517359861039543,232,2109,NA,NA,NA,0,4,NA,NA,NA,0,4,NA
20,119,KS,Meade County,20119,NA,NA,NA,0,15,0.27932960893854747,0.10559977938538637,0.4530594384917086,100,358,0.07329842931937172,0.010259429603175371,0.13633742903556806,42,573,NA,NA,NA,0,3,NA,NA,NA,0,36,NA
20,121,KS,Miami County,20121,NA,NA,NA,0,130,NA,NA,NA,0,451,0.056897784131522515,0.03077129495112979,0.08302427331191524,398,6995,NA,NA,NA,57,68,NA,NA,NA,0,0,NA
20,123,KS,Mitchell County,20123,NA,NA,NA,0,0,NA,NA,NA,0,18,0.173015873015873,0.056197361871615864,0.2898343841601302,218,1260,NA,NA,NA,0,0,NA,NA,NA,0,0,NA
20,125,KS,Montgomery County,20125,0.09411764705882353,0,0.20909350011113437,24,255,0.3167701863354037,0.19157760260818654,0.44196277006262086,306,966,0.1777509068923821,0.12989501318999247,0.22560680059477173,882,4962,0.44298245614035087,0.29991489491311113,0.5860500173675907,101,228,NA,NA,NA,0,0,NA
20,127,KS,Morris County,20127,NA,NA,NA,0,0,NA,NA,NA,0,66,0.2090032154340836,0.1153070567421928,0.30269937412597436,195,933,NA,NA,NA,0,0,NA,NA,NA,0,2,NA
20,129,KS,Morton County,20129,NA,NA,NA,0,0,0.32608695652173914,0,0.6781523508301728,75,230,0.13019390581717452,0.008930833293296858,0.2514569783410522,47,361,NA,NA,NA,0,9,NA,NA,NA,0,0,NA
20,131,KS,Nemaha County,20131,NA,NA,NA,2,5,NA,NA,NA,0,125,0.11855241264559069,0.06597906491903849,0.1711257603721429,285,2404,NA,NA,NA,0,29,NA,NA,NA,0,8,NA
20,133,KS,Neosho County,20133,NA,NA,NA,0,0,0.1897018970189702,0.0013730848707203258,0.37803070916722004,70,369,0.15180568871844038,0.09988980160665678,0.203721575830224,475,3129,NA,NA,NA,0,24,NA,NA,NA,0,0,NA
20,135,KS,Ness County,20135,NA,NA,NA,0,0,0.24444444444444444,0.006272137425011343,0.4826167514638775,44,180,0.13580246913580246,0.066021566766978207,0.20558337150462672,44,324,NA,NA,NA,0,0,NA,NA,NA,0,0,NA
20,137,KS,Norton County,20137,NA,NA,NA,0,0,NA,NA,NA,0,126,0.04287369640787949,0,0.09202630222911007,37,863,NA,NA,NA,0,0,NA,NA,NA,0,0,NA
20,139,KS,Osage County,20139,NA,NA,NA,27,27,0.3191489361702128,0.056208819008667865,0.5820890533317578,60,188,0.11233053582956747,0.07338294772503247,0.15127812393410245,348,3098,NA,NA,NA,0,13,NA,NA,NA,0,0,NA
20,141,KS,Osborne County,20141,NA,NA,NA,0,0,NA,NA,NA,5,17,0.09131075110456553,0.04266239211547173,0.13995911009365933,62,679,NA,NA,NA,0,12,NA,NA,NA,0,0,NA
20,143,KS,Ottawa County,20143,NA,NA,NA,0,1,0.25,0,0.5986705170649629,20,80,0.10353535353535354,0.050645749684057266,0.1564249573866498,123,1188,NA,NA,NA,0,0,NA,NA,NA,0,0,NA
20,145,KS,Pawnee County,20145,NA,NA,NA,0,1,NA,NA,NA,0,149,0.07646176911544228,0.010781125903867664,0.1421424123270169,51,667,NA,NA,NA,11,11,NA,NA,NA,0,0,NA
20,147,KS,Phillips County,20147,NA,NA,NA,16,16,0.1111111111111111,0,0.40500962801286305,6,54,0.30128205128205127,0.20858411460223664,0.3939799879618659,282,936,NA,NA,NA,0,2,NA,NA,NA,3,10,NA
20,149,KS,Pottawatomie County,20149,NA,NA,NA,2,22,0.23483670295489892,0.10600410893108347,0.36366929697871436,151,643,0.04833836858006042,0.027799361160152528,0.06887737599996832,304,6289,NA,NA,NA,0,118,NA,NA,NA,0,23,NA
20,151,KS,Pratt County,20151,NA,NA,NA,0,0,0.13131313131313133,0,0.36953183676903845,39,297,0.14328899637243048,0.0591283653131847,0.22744962743167624,237,1654,NA,NA,NA,0,0,NA,NA,NA,0,14,NA
20,153,KS,Rawlins County,20153,NA,NA,NA,0,0,0.10810810810810811,0,0.3376965378434207,8,74,0.03253796095444685,0,0.0664635657799392,15,461,NA,NA,NA,0,0,NA,NA,NA,0,0,NA
20,155,KS,Reno County,20155,NA,NA,NA,0,91,0.12759787336877718,0.04381525726665035,0.211380489470904,264,2069,0.14411971477352617,0.09181455843737035,0.196424871109682,1435,9957,0.20245398773006135,0,0.457495718560593,33,163,NA,NA,NA,7,67,NA
20,157,KS,Republic County,20157,NA,NA,NA,0,0,NA,NA,NA,0,74,0.19870410367170627,0.12501875290682646,0.2723894544365861,184,926,NA,NA,NA,0,17,NA,NA,NA,0,0,NA
20,159,KS,Rice County,20159,NA,NA,NA,0,0,NA,NA,NA,0,491,0.09426751592356689,0.029021436815308832,0.15951359503182494,148,1570,NA,NA,NA,0,4,NA,NA,NA,0,0,NA
20,161,KS,Riley County,20161,0.11409395973154363,0,0.5703548607077084,17,149,0.39005392450569204,0.28839688374763905,0.491710965263745,651,1669,0.07711757269279393,0.0387760240022183,0.11545912138336956,549,7119,0.23040380047505937,0.054336764359219136,0.4064708365908996,194,842,0.10588235294117647,0,0.3940334882427161,27,255,NA
20,163,KS,Rooks County,20163,NA,NA,NA,0,0,0.08108108108108109,0,0.4607170164813535,3,37,0.030601092896174863,0,0.06458398841114987,28,915,NA,NA,NA,0,0,NA,NA,NA,0,10,NA
20,165,KS,Rush County,20165,NA,NA,NA,11,11,0.2,0,0.5936461587835374,10,50,0.07311827956989247,0.008214844005830682,0.13802171513395428,34,465,NA,NA,NA,0,0,NA,NA,NA,0,0,NA
20,167,KS,Russell County,20167,NA,NA,NA,0,1,0.66,0.27533903120482717,1,66,100,0.2066326530612245,0.10601370938921355,0.30725159673323543,243,1176,NA,NA,NA,0,0,NA,NA,NA,0,3,NA
20,169,KS,Saline County,20169,NA,NA,NA,0,3,0.09328508242862887,0.021758364191048374,0.16481180066620937,232,2487,0.08920129385419258,0.052455810093988905,0.12594677761439627,717,8038,0.2124031007751938,0,0.49510431399635757,137,645,NA,NA,NA,0,41,NA
20,171,KS,Scott County,20171,NA,NA,NA,0,0,0.32281553398058255,0,0.6500248557911379,133,412,NA,NA,NA,0,709,NA,NA,NA,0,0,NA,NA,NA,0,0,NA
20,173,KS,Sedgwick County,20173,0.42503987240829344,0.287001224999888,0.5630785198166989,533,1254,0.26739600559725224,0.2333192387054394,0.30147277248906507,8408,31444,0.09831855613899171,0.08528402454141774,0.11135308773656567,6853,69702,0.3832246039142591,0.30731491116197,0.4591342966665482,4112,10730,0.18706212050443718,0.1172701751835659,0.25685406582530845,801,4282,NA
20,175,KS,Seward County,20175,NA,NA,NA,0,178,0.18264755166635635,0.10087325044894638,0.2644218528837663,981,5371,0.10509885535900104,0,0.2190140228248271,101,961,NA,NA,NA,28,28,NA,NA,NA,0,30,NA
20,177,KS,Shawnee County,20177,0.5446428571428571,0.20844886198119206,0.8808368523045221,61,112,0.19783167542192914,0.14422380597498183,0.2514395448688765,1770,8947,0.11231590181430096,0.08515752856614704,0.13947427506245488,2631,23425,0.32755371277798717,0.1943390124761788,0.46076841307979555,869,2653,0.08536585365853659,0,0.21781342125613917,49,574,NA
20,179,KS,Sheridan County,20179,NA,NA,NA,0,5,0.32786885245901637,0.011168500516195445,0.6445692044018373,20,61,0.04743083003952569,0,0.09562840445468765,24,506,NA,NA,NA,0,0,NA,NA,NA,0,0,NA
20,181,KS,Sherman County,20181,NA,NA,NA,0,0,0.036290322580645164,0,0.17989953917233198,9,248,0.1112176414189837,0.013332214028526801,0.2091030688094406,116,1043,NA,NA,NA,0,4,NA,NA,NA,0,0,NA
20,183,KS,Smith County,20183,NA,NA,NA,0,3,NA,NA,NA,0,23,0.0368,0.007370305740170637,0.06622969425982936,23,625,NA,NA,NA,0,0,NA,NA,NA,1,1,NA
20,185,KS,Stafford County,20185,0.7142857142857143,0.13914704033696368,1,15,21,0.29081632653061223,0.08465184834198716,0.49698080471923733,57,196,0.12850812407680945,0.074462394527573,0.1825538536260459,87,677,NA,NA,NA,0,1,NA,NA,NA,0,0,NA
20,187,KS,Stanton County,20187,NA,NA,NA,0,47,NA,NA,NA,0,299,NA,NA,NA,0,97,NA,NA,NA,0,0,NA,NA,NA,0,0,NA
20,189,KS,Stevens County,20189,NA,NA,NA,0,0,0.2046936114732725,0,0.4209000907181497,157,767,0.005934718100890208,0,0.036585115187314825,4,674,NA,NA,NA,0,0,NA,NA,NA,0,0,NA
20,191,KS,Sumner County,20191,NA,NA,NA,0,152,0.008456659619450317,0,0.09113614483827194,4,473,0.13513513513513514,0.09011118074003283,0.18015908953023746,575,4255,NA,NA,NA,0,28,NA,NA,NA,0,16,NA
20,193,KS,Thomas County,20193,NA,NA,NA,0,0,0.13278008298755187,0,0.3523974501764502,32,241,0.06987179487179487,0.013648457057076714,0.12609513268651304,109,1560,NA,NA,NA,0,41,NA,NA,NA,0,0,NA
20,195,KS,Trego County,20195,NA,NA,NA,0,0,NA,NA,NA,0,0,0.09475806451612903,0.02486861455041703,0.16464751448184103,47,496,NA,NA,NA,0,0,NA,NA,NA,0,0,NA
20,197,KS,Wabaunsee County,20197,NA,NA,NA,0,0,0.2,0,0.4668959328311746,21,105,0.07180254300673149,0.04005021324559021,0.10355487276787276,96,1337,NA,NA,NA,0,0,NA,NA,NA,0,4,NA
20,199,KS,Wallace County,20199,NA,NA,NA,0,3,0.4,0,0.9201775648360903,8,20,0.22426470588235295,0.08130589730888124,0.3672235144558247,61,272,NA,NA,NA,0,3,NA,NA,NA,0,0,NA
20,201,KS,Washington County,20201,NA,NA,NA,0,0,0.3884297520661157,0.10862589227044939,0.668233611861782,47,121,0.07293497363796134,0.03933611650565898,0.1065338307702637,83,1138,NA,NA,NA,0,3,NA,NA,NA,0,2,NA
20,203,KS,Wichita County,20203,NA,NA,NA,0,0,0.4351851851851852,0.2418253401029652,0.6285450302674052,94,216,0.051094890510948905,0,0.11210573494580808,21,411,NA,NA,NA,0,0,NA,NA,NA,0,0,NA
20,205,KS,Wilson County,20205,NA,NA,NA,1,3,0.22522522522522523,0.010095601303105411,0.440354849147345,25,111,0.1362088535754824,0.08129638377782869,0.19112132337313611,240,1762,NA,NA,NA,0,2,NA,NA,NA,0,0,NA
20,207,KS,Woodson County,20207,NA,NA,NA,0,0,NA,NA,NA,0,43,0.16201117318435754,0.07000575314185536,0.2540165932268597,87,537,NA,NA,NA,0,0,NA,NA,NA,0,0,NA
20,209,KS,Wyandotte County,20209,0.0871559633027523,0,0.20027673128663503,76,872,0.23943249963434254,0.20556592756251943,0.27329907170616563,4911,20511,0.11957700650759219,0.08412039050622677,0.1550336225089576,1323,11064,0.3403111739745403,0.2647745381739147,0.4158478097751659,2406,7070,0.23175542406311636,0.1133554752831633,0.3501553728430694,705,3042,NA
21,000,KY,Kentucky,21000,0.40609874152952563,0.26219385360217695,0.5500036294568743,839,2066,0.2781244625703265,0.2584541503274998,0.29779477481315325,22641,81406,0.17465596085219137,0.1697320431470515,0.17957987855733124,130774,748752,0.3596917660499656,0.3350887458282013,0.3842947862717299,30854,85779,0.1721122112211221,0.1403632631043366,0.2038611593379076,3129,18180,NA
21,001,KY,Adair County,21001,NA,NA,NA,0,0,0.3901345291479821,0.12022461986571248,0.6600444384302517,87,223,0.24770361298224128,0.18498349689985338,0.3104237290646292,809,3266,NA,NA,NA,0,0,NA,NA,NA,0,10,NA
21,003,KY,Allen County,21003,NA,NA,NA,0,0,NA,NA,NA,0,252,0.1988425925925926,0.11740632055678817,0.280278864628397,859,4320,NA,NA,NA,8,8,NA,NA,NA,0,0,NA
21,005,KY,Anderson County,21005,NA,NA,NA,0,0,0.00816326530612245,0,0.17379343044827783,2,245,0.14358660130718953,0.07397254589280879,0.2132006567215703,703,4896,NA,NA,NA,85,180,NA,NA,NA,0,0,NA
21,007,KY,Ballard County,21007,NA,NA,NA,0,0,NA,NA,NA,2,8,0.166156202143951,0.10591985459317738,0.2263925496947246,217,1306,NA,NA,NA,34,34,NA,NA,NA,0,0,NA
21,009,KY,Barren County,21009,NA,NA,NA,10,10,0.46463414634146344,0.32161298994748766,0.6076553027354392,381,820,0.2538656819755366,0.1960447970456926,0.3116865669053806,2200,8666,0.033482142857142856,0,0.16025661133353905,15,448,NA,NA,NA,0,104,NA
21,011,KY,Bath County,21011,NA,NA,NA,3,3,0.12048192771084337,0,0.4458910982384362,10,83,0.40066666666666667,0.33506473443949225,0.4662685988938411,1202,3000,NA,NA,NA,16,16,NA,NA,NA,0,0,NA
21,013,KY,Bell County,21013,NA,NA,NA,0,0,NA,NA,NA,0,72,0.3172477487878088,0.24908671859460096,0.38540877898101666,1374,4331,0.10975609756097561,0,0.6300085454171183,9,82,NA,NA,NA,0,0,NA
21,015,KY,Boone County,21015,0.3255269320843091,0.001703400828986068,0.6493504633396321,139,427,0.18025078369905956,0.09818118430714798,0.26232038309097117,575,3190,0.05304247133091779,0.03633054421533173,0.06975439844650384,1420,26771,0.11683483802442911,0,0.2356197741137696,220,1883,NA,NA,NA,0,679,NA
21,017,KY,Bourbon County,21017,NA,NA,NA,0,0,0.0423861852433281,0,0.11764286208048982,27,637,0.17513290017720023,0.11031127257189793,0.23995452778250254,593,3386,0.04597701149425287,0,0.1726827455402191,4,87,NA,NA,NA,5,5,NA
21,019,KY,Boyd County,21019,NA,NA,NA,0,0,0.2364341085271318,0.07962965853384649,0.3932385585204171,61,258,0.1755733689601425,0.13680052601066675,0.21434621190961825,1577,8982,0.4269005847953216,0.1678009241468696,0.6860002454437737,73,171,NA,NA,NA,0,4,NA
21,021,KY,Boyle County,21021,NA,NA,NA,0,0,0.04770992366412214,0,0.1426294990991101,25,524,0.14754098360655737,0.10447042781122591,0.19061153940188885,720,4880,0.6212121212121212,0.3317030861305582,0.9107211562936842,123,198,0.7884615384615384,0.4075489665811271,1,82,104,NA
21,023,KY,Bracken County,21023,NA,NA,NA,0,56,NA,NA,NA,2,21,0.33907056798623064,0.2575265085147227,0.4206146274577386,591,1743,NA,NA,NA,1,1,NA,NA,NA,0,0,NA
21,025,KY,Breathitt County,21025,NA,NA,NA,0,0,NA,NA,NA,79,79,0.4161758932076953,0.34079299698766696,0.4915587894277237,1060,2547,NA,NA,NA,0,0,NA,NA,NA,0,17,NA
21,027,KY,Breckinridge County,21027,NA,NA,NA,0,0,0.20224719101123595,0,0.45748803033036906,36,178,0.27297099683158665,0.19994952598938126,0.34599246767379205,1120,4103,0.88,0.5776654498002994,1,44,50,NA,NA,NA,0,14,NA
21,029,KY,Bullitt County,21029,NA,NA,NA,1,1,0.34953464322647365,0.1870343399505817,0.5120349465023656,338,967,0.11350177654954599,0.07716274126989725,0.14984081182919473,1725,15198,0.4780701754385965,0.10584485530544424,0.8502954955717488,109,228,NA,NA,NA,0,154,NA
21,031,KY,Butler County,21031,NA,NA,NA,0,0,0.6655737704918033,0.443896399012489,0.8872511419711177,203,305,0.19370567375886524,0.1017505359229152,0.28566081159481527,437,2256,NA,NA,NA,0,0,NA,NA,NA,0,9,NA
21,033,KY,Caldwell County,21033,NA,NA,NA,0,0,NA,NA,NA,0,53,0.17230401910067647,0.09340913847417658,0.25119889972717635,433,2513,0.16666666666666666,0,0.5501455672107758,22,132,NA,NA,NA,0,0,NA
21,035,KY,Calloway County,21035,NA,NA,NA,37,37,0.3757700205338809,0.17463191983889584,0.576908121228866,183,487,0.14020692115590438,0.09034337072641031,0.19007047158539847,786,5606,0.4389438943894389,0.1883832019318965,0.6895045868469813,133,303,NA,NA,NA,0,173,NA
21,037,KY,Campbell County,21037,NA,NA,NA,0,1,0.13302752293577982,0.03721151438311157,0.22884353148844808,116,872,0.08696203333967167,0.06411562196012574,0.10980844471921761,1372,15777,0.3574074074074074,0.12606629039150644,0.5887485244233084,193,540,NA,NA,NA,0,138,NA
21,039,KY,Carlisle County,21039,NA,NA,NA,0,0,0.13157894736842105,0,0.5701375050357593,5,38,0.20781893004115226,0.12044700217228545,0.2951908579100191,202,972,NA,NA,NA,0,0,NA,NA,NA,0,0,NA
21,041,KY,Carroll County,21041,NA,NA,NA,0,0,0.4845360824742268,0.31148382855436024,0.6575883363940933,188,388,0.3077258838934963,0.22136458204437043,0.3940871857426222,705,2291,NA,NA,NA,0,50,NA,NA,NA,0,0,NA
21,043,KY,Carter County,21043,NA,NA,NA,0,0,NA,NA,NA,0,133,0.23388414744870165,0.1791690137945425,0.28859928110286076,1288,5507,NA,NA,NA,0,30,NA,NA,NA,0,0,NA
21,045,KY,Casey County,21045,NA,NA,NA,0,0,0.03508771929824561,0,0.19641358956737334,8,228,0.25669099756691,0.15740428218983105,0.35597771294398894,844,3288,NA,NA,NA,0,0,NA,NA,NA,0,0,NA
21,047,KY,Christian County,21047,NA,NA,NA,3,8,0.1735159817351598,0.0772496832676627,0.26978228020265693,418,2409,0.13775110879206887,0.10288017614971033,0.1726220414344274,1584,11499,0.3744669509594883,0.26957979794275383,0.47935410397622275,1405,3752,0.11673151750972763,0,0.39225812990336284,30,257,NA
21,049,KY,Clark County,21049,NA,NA,NA,23,71,0.44212523719165087,0.42623678294083334,0.4580136914424684,233,527,0.17864630128781073,0.116616282971294,0.24067631960432745,1193,6678,NA,NA,NA,0,151,NA,NA,NA,0,72,NA
21,051,KY,Clay County,21051,NA,NA,NA,0,0,0.6935483870967742,0.3028452732245481,1,43,62,0.4382360996987127,0.3738731474428398,0.5025990519545855,1600,3651,NA,NA,NA,60,60,NA,NA,NA,24,24,NA
21,053,KY,Clinton County,21053,NA,NA,NA,0,0,0.06666666666666667,0,0.3454908085903219,6,90,0.21094640820980615,0.11825549761774727,0.303637318801865,370,1754,NA,NA,NA,0,0,NA,NA,NA,0,84,NA
21,055,KY,Crittenden County,21055,NA,NA,NA,0,0,0.1509433962264151,0,0.48330399263693713,16,106,0.30640818524501884,0.2194073152647158,0.3934090552253219,569,1857,NA,NA,NA,0,0,NA,NA,NA,0,0,NA
21,057,KY,Cumberland County,21057,NA,NA,NA,0,0,NA,NA,NA,48,48,0.07456140350877193,0.017185513385369403,0.13193729363217443,85,1140,NA,NA,NA,11,33,NA,NA,NA,0,0,NA
21,059,KY,Daviess County,21059,NA,NA,NA,0,112,0.33995157384987895,0.1985390751758265,0.48136407252393143,702,2065,0.15120366425223689,0.11810470120481491,0.18430262729965885,2839,18776,0.38445078459343796,0.20258454482358446,0.5663170243632915,539,1402,0.023391812865497075,0,0.1337814083753161,16,684,NA
21,061,KY,Edmonson County,21061,NA,NA,NA,0,0,0.8169014084507042,0.5629202659312049,1,58,71,0.1344299489506523,0.0678488624083906,0.201011035492914,237,1763,NA,NA,NA,0,5,NA,NA,NA,0,0,NA
21,063,KY,Elliott County,21063,NA,NA,NA,0,10,NA,NA,NA,48,48,0.4160839160839161,0.30625598229841955,0.5259118498694126,476,1144,NA,NA,NA,48,48,NA,NA,NA,0,0,NA
21,065,KY,Estill County,21065,NA,NA,NA,0,0,NA,NA,NA,5,8,0.2062780269058296,0.1343349860285184,0.2782210677831408,552,2676,NA,NA,NA,6,6,NA,NA,NA,0,32,NA
21,067,KY,Fayette County,21067,0.15942028985507245,0,0.9336029115469089,11,69,0.3148180854821618,0.24167959320235527,0.3879565777619683,3565,11324,0.07496455911539553,0.05418007553631629,0.09574904269447476,2644,35270,0.3498906306963179,0.2697725843774461,0.43000867701518963,3839,10972,0.13946488294314383,0.07360032091608426,0.2053294449702034,417,2990,NA
21,069,KY,Fleming County,21069,NA,NA,NA,0,0,NA,NA,NA,0,141,0.24653979238754326,0.15771852058474184,0.33536106419034467,855,3468,NA,NA,NA,0,0,NA,NA,NA,0,0,NA
21,071,KY,Floyd County,21071,NA,NA,NA,0,0,NA,NA,NA,12,51,0.40879090015447267,0.3456927453699377,0.4718890549390076,2911,7121,NA,NA,NA,11,13,NA,NA,NA,0,0,NA
21,073,KY,Franklin County,21073,NA,NA,NA,0,10,0.3438202247191011,0.1481638941891491,0.5394765552490531,306,890,0.1576022231044065,0.1083726616247977,0.2068317845840153,1191,7557,0.4454203262233375,0.23669421066139879,0.6541464417852763,355,797,NA,NA,NA,0,197,NA
21,075,KY,Fulton County,21075,NA,NA,NA,20,20,NA,NA,NA,0,35,0.2817073170731707,0.14256916276319745,0.420845471383144,231,820,0.609271523178808,0.2963238319149004,0.9222192144427155,276,453,NA,NA,NA,0,0,NA
21,077,KY,Gallatin County,21077,NA,NA,NA,0,0,0.06282722513089005,0,0.21459252526530342,12,191,0.21909424724602203,0.11834091711066409,0.31984757738138,358,1634,0.6111111111111112,0.2148342882010219,1,33,54,NA,NA,NA,0,25,NA
21,079,KY,Garrard County,21079,NA,NA,NA,0,0,0.27205882352941174,0.006670072694472007,0.5374475743643514,37,136,0.21092335546167773,0.1523856767026763,0.26946103422067913,699,3314,NA,NA,NA,18,47,NA,NA,NA,0,0,NA
21,081,KY,Grant County,21081,NA,NA,NA,0,2,0.057803468208092484,0,0.21929110598001175,20,346,0.12778348749571772,0.07885231347276292,0.17671466151867252,746,5838,NA,NA,NA,27,27,NA,NA,NA,0,0,NA
21,083,KY,Graves County,21083,NA,NA,NA,9,18,0.3562300319488818,0.22731005770770613,0.4851500061900575,446,1252,0.21108343711083438,0.15391888012666397,0.26824799409500477,1356,6424,0.24423963133640553,0.0448863342073742,0.44359292846543685,106,434,NA,NA,NA,0,21,NA
21,085,KY,Grayson County,21085,NA,NA,NA,0,0,0.3235294117647059,0.005241389963891785,0.64181743356552,44,136,0.2820867161858698,0.22086228165280114,0.3433111507189384,1633,5789,NA,NA,NA,0,0,NA,NA,NA,0,97,NA
21,087,KY,Green County,21087,NA,NA,NA,0,0,NA,NA,NA,0,0,0.20964749536178107,0.14019825738089248,0.27909673334266966,452,2156,NA,NA,NA,32,32,NA,NA,NA,0,0,NA
21,089,KY,Greenup County,21089,NA,NA,NA,0,0,0.23015873015873015,0,0.511336191138059,29,126,0.187815065533631,0.1365990992797841,0.23903103178747792,1304,6943,NA,NA,NA,4,49,NA,NA,NA,0,52,NA
21,091,KY,Hancock County,21091,NA,NA,NA,0,0,NA,NA,NA,0,10,0.21550387596899226,0.1494052212808328,0.2816025306571517,417,1935,NA,NA,NA,0,44,NA,NA,NA,0,4,NA
21,093,KY,Hardin County,21093,NA,NA,NA,6,29,0.20811778750497414,0.12099101088888845,0.2952445641210598,523,2513,0.10905622383551482,0.08055834934526668,0.13755409832576296,2058,18871,0.31520572450805007,0.21946716161508972,0.4109442874010104,881,2795,0.11338289962825279,0,0.3017332192058618,61,538,NA
21,095,KY,Harlan County,21095,NA,NA,NA,0,0,NA,NA,NA,0,25,0.33642433234421365,0.2705654909632839,0.4022831737251434,1814,5392,0.6774193548387096,0.5551697731577263,0.799668936519693,84,124,NA,NA,NA,0,0,NA
21,097,KY,Harrison County,21097,NA,NA,NA,0,0,0.6196319018404908,0.27249080293611994,0.9667730007448616,101,163,0.18497555955749936,0.1119098876350511,0.2580412314799476,719,3887,NA,NA,NA,24,24,NA,NA,NA,0,0,NA
21,099,KY,Hart County,21099,NA,NA,NA,18,27,0.27011494252873564,0,0.7350424156950383,47,174,0.20227779153255757,0.1320355310081795,0.27252005205693564,817,4039,0.8857142857142857,0.6463083883131898,1,124,140,NA,NA,NA,0,0,NA
21,101,KY,Henderson County,21101,NA,NA,NA,2,2,0.3294314381270903,0.18914748673670706,0.46971538951747355,197,598,0.1682615629984051,0.1213862114651629,0.21513691453164732,1266,7524,0.5531177829099307,0.4350276379263786,0.6712079278934828,479,866,NA,NA,NA,0,64,NA
21,103,KY,Henry County,21103,NA,NA,NA,0,29,0.4511627906976744,0.25431474707317336,0.6480108343221754,97,215,0.20366277233975372,0.14345255110820973,0.26387299357129773,645,3167,NA,NA,NA,0,74,NA,NA,NA,0,50,NA
21,105,KY,Hickman County,21105,NA,NA,NA,0,0,0.16666666666666666,0,0.8655821564916502,8,48,0.35121951219512193,0.21075561805297485,0.49168340633726904,216,615,0.7380952380952381,0.33218333187169496,1,31,42,NA,NA,NA,0,12,NA
21,107,KY,Hopkins County,21107,NA,NA,NA,171,181,0.6608695652173913,0.09935435297834416,1,228,345,0.27000857948277973,0.21485022444402457,0.3251669345215349,2203,8159,0.4954954954954955,0.3270051700774147,0.6639858209135763,220,444,NA,NA,NA,0,2,NA
21,109,KY,Jackson County,21109,NA,NA,NA,0,4,0.12037037037037036,0,0.5351802214939002,13,108,0.09699115044247787,0.03528323783217316,0.15869906305278259,274,2825,NA,NA,NA,0,0,NA,NA,NA,0,6,NA
21,111,KY,Jefferson County,21111,0.07142857142857142,0,0.3982457926602464,12,168,0.2620112473984856,0.22463691024076987,0.2993855845562013,5917,22583,0.10195911413969336,0.0869919398120568,0.11692628846732991,8379,82180,0.35746927547806023,0.3204518788750572,0.39448667208106325,16114,45078,0.19375476009139375,0.14228734492500905,0.24522217525777845,1272,6565,NA
21,113,KY,Jessamine County,21113,NA,NA,NA,0,19,0.12673267326732673,0.02730067074951148,0.226164675785142,128,1010,0.12070696927093794,0.07995951236314544,0.16145442617873043,1202,9958,0.4074803149606299,0.15603948171359638,0.6589211482076635,207,508,0.1867704280155642,0,0.6170145320983352,48,257,NA
21,115,KY,Johnson County,21115,NA,NA,NA,0,0,NA,NA,NA,0,12,0.2834503056373104,0.19525283241503721,0.37164777885958356,1252,4417,NA,NA,NA,26,26,NA,NA,NA,0,98,NA
21,117,KY,Kenton County,21117,NA,NA,NA,0,29,0.409778812572759,0.3018045595374771,0.5177530656080409,1408,3436,0.10822439729356895,0.08675176620870408,0.12969702837843383,3295,30446,0.5649902024820379,0.4234908058581892,0.7064895991058866,865,1531,0.08264462809917356,0,0.3842242733587531,30,363,NA
21,119,KY,Knott County,21119,NA,NA,NA,0,4,NA,NA,NA,0,10,0.3206963249516441,0.23886742223644325,0.4025252276668449,829,2585,NA,NA,NA,0,0,NA,NA,NA,0,0,NA
21,121,KY,Knox County,21121,NA,NA,NA,0,0,0.39805825242718446,0,0.837265089783865,41,103,0.44357197844495766,0.372426088679498,0.5147178682104173,2881,6495,NA,NA,NA,28,54,NA,NA,NA,0,0,NA
21,123,KY,Larue County,21123,NA,NA,NA,0,0,0.4340659340659341,0.2964823128156473,0.5716495553162209,79,182,0.25448275862068964,0.16825018483837045,0.34071533240300883,738,2900,NA,NA,NA,28,28,NA,NA,NA,0,0,NA
21,125,KY,Laurel County,21125,NA,NA,NA,0,0,NA,NA,NA,0,283,0.27655108070284556,0.2287378491817479,0.32436431222394324,3557,12862,NA,NA,NA,0,63,NA,NA,NA,16,69,NA
21,127,KY,Lawrence County,21127,NA,NA,NA,0,0,NA,NA,NA,0,40,0.2866206896551724,0.21190250913929973,0.36133887017104505,1039,3625,NA,NA,NA,0,0,NA,NA,NA,0,0,NA
21,129,KY,Lee County,21129,NA,NA,NA,0,0,NA,NA,NA,14,27,0.36863711001642036,0.2325644535385435,0.5047097664942972,449,1218,NA,NA,NA,33,33,NA,NA,NA,0,0,NA
21,131,KY,Leslie County,21131,NA,NA,NA,0,0,NA,NA,NA,0,5,0.45295829291949563,0.3413186730206772,0.5645979128183141,934,2062,NA,NA,NA,0,0,NA,NA,NA,0,0,NA
21,133,KY,Letcher County,21133,NA,NA,NA,0,0,NA,NA,NA,36,63,0.27294803302574067,0.20659138348354728,0.33930468256793406,1124,4118,NA,NA,NA,30,30,NA,NA,NA,0,6,NA
21,135,KY,Lewis County,21135,NA,NA,NA,0,0,NA,NA,NA,0,0,0.29818311364446026,0.20686817298508475,0.3894980543038358,837,2807,NA,NA,NA,0,0,NA,NA,NA,0,0,NA
21,137,KY,Lincoln County,21137,NA,NA,NA,0,0,0.28110599078341014,0,0.5741990030166555,61,217,0.09587191358024691,0.06035064997691453,0.1313931771835793,497,5184,NA,NA,NA,32,81,NA,NA,NA,0,0,NA
21,139,KY,Livingston County,21139,NA,NA,NA,0,0,0.6526946107784432,0.21499836835462238,1,109,167,0.279901356350185,0.16793741464153383,0.39186529805883613,454,1622,NA,NA,NA,68,71,NA,NA,NA,0,0,NA
21,141,KY,Logan County,21141,NA,NA,NA,9,9,0.12698412698412698,0,0.2633804872398102,48,378,0.2073518915060671,0.14073346651778884,0.27397031649434533,1162,5604,0.30945558739255014,0.15732041101721483,0.46159076376788544,108,349,NA,NA,NA,13,29,NA
21,143,KY,Lyon County,21143,NA,NA,NA,0,0,NA,NA,NA,0,21,0.11398040961709706,0.022025392560736504,0.2059354266734576,128,1123,NA,NA,NA,0,20,NA,NA,NA,0,0,NA
21,145,KY,McCracken County,21145,NA,NA,NA,16,16,0.32196969696969696,0.18238388739851136,0.46155550654088257,255,792,0.17198362060756117,0.1214810095514561,0.22248623166366624,1806,10501,0.3860716700473293,0.24648564057322012,0.5256576995214385,571,1479,NA,NA,NA,0,84,NA
21,147,KY,McCreary County,21147,NA,NA,NA,0,0,NA,NA,NA,37,37,0.4134232301562979,0.33966262831405947,0.4871838319985363,1349,3263,NA,NA,NA,0,21,NA,NA,NA,13,13,NA
21,149,KY,McLean County,21149,NA,NA,NA,5,5,0.08196721311475409,0,0.6039517730410174,5,61,0.056733828207847295,0.02072614473119007,0.09274151168450452,107,1886,NA,NA,NA,0,9,NA,NA,NA,15,15,NA
21,151,KY,Madison County,21151,NA,NA,NA,0,11,0.20186915887850468,0.08122923011698746,0.3225090876400219,216,1070,0.16493980954662515,0.13656211609315055,0.19331750300009976,2754,16697,0.27580372250423013,0.13089171606473066,0.4207157289437296,163,591,0.06766917293233082,0,0.7576716905307967,9,133,NA
21,153,KY,Magoffin County,21153,NA,NA,NA,0,0,NA,NA,NA,44,44,0.4636707265854683,0.37583960636407593,0.5515018468068607,1104,2381,NA,NA,NA,0,0,NA,NA,NA,8,8,NA
21,155,KY,Marion County,21155,NA,NA,NA,0,4,0.5298245614035088,0.32334498948631746,0.7363041333207001,151,285,0.22916129032258065,0.16023346989917014,0.29808911074599115,888,3875,NA,NA,NA,0,295,NA,NA,NA,0,70,NA
21,157,KY,Marshall County,21157,NA,NA,NA,0,0,0.19704433497536947,0,0.5047337217195957,40,203,0.1403936596411775,0.09587318380292514,0.18491413547942986,806,5741,NA,NA,NA,0,60,NA,NA,NA,4,22,NA
21,159,KY,Martin County,21159,NA,NA,NA,0,0,NA,NA,NA,0,0,0.46724225495175215,0.36334677454213987,0.5711377353613645,920,1969,NA,NA,NA,0,0,NA,NA,NA,0,0,NA
21,161,KY,Mason County,21161,NA,NA,NA,34,34,0.7627118644067796,0.41183189500900363,1,45,59,0.17175212330921674,0.09360382099344025,0.24990042562499323,546,3179,0.28421052631578947,0,0.5979493207068372,54,190,NA,NA,NA,0,41,NA
21,163,KY,Meade County,21163,NA,NA,NA,0,4,0.2611764705882353,0.1034578978290028,0.41889504334746774,111,425,0.17700425847065357,0.12386022127243146,0.23014829566887568,956,5401,0.28846153846153844,0,0.6410954402124177,45,156,0.09230769230769231,0,0.662619174062035,12,130,NA
21,165,KY,Menifee County,21165,NA,NA,NA,0,0,NA,NA,NA,90,90,0.37052810902896083,0.2589851938309643,0.48207102422695736,435,1174,NA,NA,NA,0,0,NA,NA,NA,0,0,NA
21,167,KY,Mercer County,21167,NA,NA,NA,20,20,0.23711340206185566,0,0.5278424731590138,46,194,0.1186833565136764,0.06122638544848356,0.17614032757886924,512,4314,NA,NA,NA,0,123,NA,NA,NA,0,0,NA
21,169,KY,Metcalfe County,21169,NA,NA,NA,0,0,NA,NA,NA,103,103,0.46831460674157305,0.3655219848743416,0.5711072286088045,1042,2225,NA,NA,NA,0,76,NA,NA,NA,0,0,NA
21,171,KY,Monroe County,21171,NA,NA,NA,0,6,0.12292358803986711,0,0.40219987234943033,37,301,0.31364031277150306,0.22965741158407355,0.3976232139589326,722,2302,NA,NA,NA,0,32,NA,NA,NA,0,0,NA
21,173,KY,Montgomery County,21173,NA,NA,NA,0,78,NA,NA,NA,0,332,0.18285214348206474,0.12632140733248215,0.23938287963164734,1045,5715,NA,NA,NA,0,63,NA,NA,NA,0,58,NA
21,175,KY,Morgan County,21175,NA,NA,NA,0,0,NA,NA,NA,0,312,0.1835334476843911,0.10764238432247153,0.25942451104631065,428,2332,NA,NA,NA,109,109,NA,NA,NA,0,0,NA
21,177,KY,Muhlenberg County,21177,NA,NA,NA,0,12,0.5054945054945055,0.21328327364968397,0.797705737339327,138,273,0.2518273581621998,0.19182479840921207,0.31182991791518755,1447,5746,0.03389830508474576,0,0.8077565835479666,2,59,NA,NA,NA,13,25,NA
21,179,KY,Nelson County,21179,NA,NA,NA,10,10,0.26905829596412556,0.05878326843360229,0.47933332349464886,120,446,0.1448608371685295,0.09818922397789262,0.19153245035916636,1322,9126,0.3878787878787879,0.1633605523048248,0.6123970234527509,256,660,NA,NA,NA,0,0,NA
21,181,KY,Nicholas County,21181,NA,NA,NA,0,0,NA,NA,NA,0,31,0.1555683122847302,0.07051190102903972,0.2406247235404207,271,1742,NA,NA,NA,5,28,NA,NA,NA,0,0,NA
21,183,KY,Ohio County,21183,NA,NA,NA,26,42,0.13537117903930132,0,0.33813608962934794,62,458,0.1294559099437148,0.09095077671598895,0.16796104317144067,621,4797,NA,NA,NA,0,14,NA,NA,NA,0,5,NA
21,185,KY,Oldham County,21185,NA,NA,NA,0,42,0.1484593837535014,0.04236330282776146,0.25455546467924134,159,1071,0.024043249395362072,0.012457354199774605,0.03562914459094954,338,14058,0.07570977917981073,0,0.22923492601663828,24,317,0.004464285714285714,0,0.36190645323613696,1,224,NA
21,187,KY,Owen County,21187,NA,NA,NA,0,0,0.8424242424242424,0.25626129528556796,1,139,165,0.1572617946345976,0.08949751787979347,0.22502607138940173,340,2162,NA,NA,NA,0,0,NA,NA,NA,0,0,NA
21,189,KY,Owsley County,21189,NA,NA,NA,0,0,NA,NA,NA,0,0,0.326984126984127,0.15480919918798433,0.4991590547802697,206,630,NA,NA,NA,0,0,NA,NA,NA,0,7,NA
21,191,KY,Pendleton County,21191,NA,NA,NA,0,0,0.2,0,0.995700824824018,10,50,0.15616748396831384,0.08917947685908886,0.22315549107753882,414,2651,NA,NA,NA,0,37,NA,NA,NA,0,4,NA
21,193,KY,Perry County,21193,NA,NA,NA,0,0,NA,NA,NA,0,14,0.30977973568281936,0.22406675115629776,0.39549272020934095,1758,5675,0.03496503496503497,0,0.33142990081583923,5,143,NA,NA,NA,0,22,NA
21,195,KY,Pike County,21195,NA,NA,NA,0,0,0.4591439688715953,0.23346668640697554,0.6848212513362151,118,257,0.297100764944754,0.25602415125062533,0.3381773786388827,3146,10589,NA,NA,NA,0,41,NA,NA,NA,0,91,NA
21,197,KY,Powell County,21197,NA,NA,NA,0,0,NA,NA,NA,183,183,0.20150862068965517,0.13963565370081907,0.2633815876784913,561,2784,NA,NA,NA,81,81,NA,NA,NA,0,0,NA
21,199,KY,Pulaski County,21199,NA,NA,NA,0,31,0.32566585956416466,0.18386469603195954,0.4674670230963698,269,826,0.206232887743598,0.16530680936250763,0.24715896612468835,2561,12418,NA,NA,NA,12,20,NA,NA,NA,0,260,NA
21,201,KY,Robertson County,21201,NA,NA,NA,0,0,NA,NA,NA,0,8,0.14258188824662812,0.0074048840409385586,0.27775889245231766,74,519,NA,NA,NA,0,51,NA,NA,NA,0,0,NA
21,203,KY,Rockcastle County,21203,NA,NA,NA,0,0,0.2608695652173913,0,0.6069613733012853,30,115,0.361591131398761,0.28195966199962047,0.4412226007979015,1109,3067,NA,NA,NA,22,22,NA,NA,NA,19,19,NA
21,205,KY,Rowan County,21205,NA,NA,NA,0,60,0.2,0,0.7135606093577751,25,125,0.3234378740723007,0.23548723715155614,0.4113885109930452,1351,4177,NA,NA,NA,0,56,NA,NA,NA,0,78,NA
21,207,KY,Russell County,21207,NA,NA,NA,0,0,0.23529411764705882,0.006107181006697271,0.46448105428742037,88,374,0.2260894998537584,0.15762016972881876,0.29455882997869803,773,3419,NA,NA,NA,6,21,NA,NA,NA,0,14,NA
21,209,KY,Scott County,21209,NA,NA,NA,0,14,0.4152479644707624,0.2881763381722894,0.5423195907692354,561,1351,0.08557988058621313,0.06126501360517162,0.10989474756725465,946,11054,0.24444444444444444,0.08739353295711025,0.40149535593177865,143,585,NA,NA,NA,0,91,NA
21,211,KY,Shelby County,21211,NA,NA,NA,0,24,0.11248654467168999,0.03443199547736528,0.1905410938660147,209,1858,0.10704822469528352,0.06177684372710476,0.15231960566346228,808,7548,0.011111111111111112,0,0.14930828172183058,4,360,NA,NA,NA,24,96,NA
21,213,KY,Simpson County,21213,NA,NA,NA,0,4,0.6681034482758621,0.42498922184889953,0.9112176747028247,155,232,0.11206896551724138,0.04941297402166531,0.17472495701281746,416,3712,0.25136612021857924,0.06215592898412717,0.44057631145303133,92,366,NA,NA,NA,0,8,NA
21,215,KY,Spencer County,21215,NA,NA,NA,0,0,0.07253886010362694,0,0.32569166681661416,14,193,0.14549429196016517,0.08540571025025129,0.20558287367007905,599,4117,NA,NA,NA,0,43,NA,NA,NA,16,31,NA
21,217,KY,Taylor County,21217,NA,NA,NA,0,0,NA,NA,NA,0,290,0.24127557160048135,0.16082297963046138,0.3217281635705013,1203,4986,0.1111111111111111,0,0.39192644410943905,18,162,NA,NA,NA,0,115,NA
21,219,KY,Todd County,21219,NA,NA,NA,0,0,0.19924812030075187,0,0.4151184366727896,53,266,0.2965050732807215,0.19036649547090043,0.40264365109054256,789,2661,0.732484076433121,0.4063062203856132,1,115,157,NA,NA,NA,0,0,NA
21,221,KY,Trigg County,21221,NA,NA,NA,0,0,0.3671875,0,0.790177042663851,47,128,0.35742496050552924,0.2717965244310461,0.44305339658001236,905,2532,0.5053763440860215,0.035295701411280855,0.9754569867607621,47,93,NA,NA,NA,0,8,NA
21,223,KY,Trimble County,21223,NA,NA,NA,0,0,NA,NA,NA,0,22,0.1028391167192429,0.02802757354093499,0.1776506598975508,163,1585,NA,NA,NA,0,42,NA,NA,NA,0,0,NA
21,225,KY,Union County,21225,NA,NA,NA,0,0,0.25,0,0.939153173083479,14,56,0.2353217472992015,0.15132794020682924,0.3193155543915738,501,2129,0.4041095890410959,0.03469844066312894,0.7735207374190629,59,146,NA,NA,NA,0,5,NA
21,227,KY,Warren County,21227,NA,NA,NA,254,254,0.3267409470752089,0.22265497570365717,0.43082691844676063,1173,3590,0.10680745462507907,0.08062156607906448,0.13299334317109365,2195,20551,0.49002280501710377,0.38452387053368464,0.5955217395005229,1719,3508,0.39763939763939765,0.2808885850202514,0.5143902102585439,977,2457,NA
21,229,KY,Washington County,21229,NA,NA,NA,0,0,NA,NA,NA,6,6,0.11820947414167753,0.06310764025161719,0.17331130803173786,272,2301,NA,NA,NA,0,117,NA,NA,NA,0,1,NA
21,231,KY,Wayne County,21231,NA,NA,NA,0,0,0.3870967741935484,0.18010459411166244,0.5940889542754343,132,341,0.2909356725146199,0.21389356983760757,0.3679777751916322,995,3420,NA,NA,NA,4,4,NA,NA,NA,0,0,NA
21,233,KY,Webster County,21233,NA,NA,NA,0,0,NA,NA,NA,0,438,0.1045510455104551,0.05231193764449569,0.15679015337641453,255,2439,0.25,0,0.9532731877607233,18,72,NA,NA,NA,0,19,NA
21,235,KY,Whitley County,21235,NA,NA,NA,0,3,0.1694915254237288,0,0.41950932241187205,50,295,0.3031776546420898,0.24578143040988923,0.3605738788742904,2681,8843,0.5735294117647058,0.08012706730441588,1,39,68,NA,NA,NA,0,8,NA
21,237,KY,Wolfe County,21237,NA,NA,NA,0,0,NA,NA,NA,18,18,0.46007326007326005,0.32757233949913334,0.5925741806473868,628,1365,NA,NA,NA,0,0,NA,NA,NA,0,0,NA
21,239,KY,Woodford County,21239,NA,NA,NA,0,36,0.3386034255599473,0.10360246884101215,0.5736043822788826,257,759,0.08850344674227263,0.05083989052037051,0.12616700296417477,398,4497,NA,NA,NA,0,101,NA,NA,NA,4,9,NA
22,000,LA,Louisiana,22000,0.2321266968325792,0.15283337435810979,0.3114200193070486,1539,6630,0.29281612694725206,0.27296096315031276,0.31267129074419137,31259,106753,0.13204086001653728,0.12590500606765745,0.13817671396541711,67229,509153,0.41733701725029326,0.4058758980746004,0.42879813642598613,150142,359762,0.15263447516852388,0.11190310084300392,0.19336584949404384,2219,14538,NA
22,001,LA,Acadia Parish,22001,NA,NA,NA,0,0,0.7076461769115442,0.5761094583346645,0.8391828954884238,472,667,0.2588683670477866,0.2026016623376633,0.3151350717579099,2649,10233,0.404434250764526,0.2997458064268332,0.5091226951022189,1058,2616,NA,NA,NA,0,0,NA
22,003,LA,Allen Parish,22003,NA,NA,NA,10,15,NA,NA,NA,17,17,0.20619524405506884,0.1294041279144822,0.2829863601956555,659,3196,0.6365264100268576,0.4999707700514392,0.773082050002276,711,1117,NA,NA,NA,0,5,NA
22,005,LA,Ascension Parish,22005,NA,NA,NA,0,122,0.19186351706036744,0.09710545015459192,0.28662158396614296,731,3810,0.045386636443253824,0.027649528265524744,0.0631237446209829,881,19411,0.3016627078384798,0.21582144758846522,0.3875039680884944,2540,8420,NA,NA,NA,0,229,NA
22,007,LA,Assumption Parish,22007,NA,NA,NA,25,27,0.029411764705882353,0,0.20145660208017252,8,272,0.11233573548113608,0.05034002241156785,0.17433144855070432,265,2359,0.15987933634992457,0.0529542768996665,0.26680439580018267,212,1326,NA,NA,NA,0,0,NA
22,009,LA,Avoyelles Parish,22009,0.11904761904761904,0,0.39033544836765244,5,42,0.24146981627296588,0,0.5322314608488539,92,381,0.250332383665717,0.1824300099470968,0.31823475738433715,1318,5265,0.6271656271656272,0.5473280458619926,0.7070032084692618,1810,2886,NA,NA,NA,0,0,NA
22,011,LA,Beauregard Parish,22011,NA,NA,NA,0,8,0.0671785028790787,0.0038901520641943244,0.13046685369396308,35,521,0.116206652512385,0.07954032733571188,0.1528729776890581,821,7065,0.49125168236877526,0.37837201091242867,0.6041313538251218,365,743,NA,NA,NA,15,36,NA
22,013,LA,Bienville Parish,22013,NA,NA,NA,0,0,NA,NA,NA,0,102,0.2961165048543689,0.1933169330139668,0.398916076694771,427,1442,0.836996336996337,0.7817566961348884,0.8922359778577856,914,1092,NA,NA,NA,0,0,NA
22,015,LA,Bossier Parish,22015,NA,NA,NA,10,20,0.4325628651257303,0.33556441244872387,0.5295613178027367,1703,3937,0.1042433753848011,0.07920650047688282,0.1292802502927194,1727,16567,0.44248642124321064,0.3656348504047788,0.5193379920816426,3666,8285,0.0392156862745098,0,0.3326592946888136,12,306,NA
22,017,LA,Caddo Parish,22017,NA,NA,NA,0,88,0.35894876912840984,0.2745402426856909,0.4433572955711288,1079,3006,0.13683596030356102,0.09878842052131814,0.1748835000858039,2344,17130,0.4004969197780879,0.36893687699743083,0.43205696255874493,11767,29381,0.0700280112044818,0,0.318779394058744,25,357,NA
22,019,LA,Calcasieu Parish,22019,NA,NA,NA,0,103,0.3114001530221882,0.2062141538824003,0.41658615216197614,1221,3921,0.09940447337442006,0.07568495486873497,0.12312399188010514,2871,28882,0.4709046825276557,0.3971453579802347,0.5446640070750768,6215,13198,0.12217194570135746,0,0.33777339350654756,81,663,NA
22,021,LA,Caldwell Parish,22021,NA,NA,NA,0,0,NA,NA,NA,0,12,0.23266666666666666,0.1523469746625561,0.31298635867077723,349,1500,0.7222222222222222,0.6379582275357809,0.8064862169086635,312,432,NA,NA,NA,0,0,NA
22,023,LA,Cameron Parish,22023,NA,NA,NA,0,13,NA,NA,NA,0,0,0.01964839710444674,0,0.05370289030041673,19,967,NA,NA,NA,0,43,NA,NA,NA,0,0,NA
22,025,LA,Catahoula Parish,22025,NA,NA,NA,0,0,NA,NA,NA,14,14,0.22162645218945487,0.08302849984707758,0.36022440453183213,248,1119,0.5227606461086637,0.38586795214588443,0.6596533400714429,356,681,NA,NA,NA,0,0,NA
22,027,LA,Claiborne Parish,22027,NA,NA,NA,0,0,NA,NA,NA,0,8,0.25286160249739853,0.10291338120386864,0.40280982379092845,243,961,0.7144790257104194,0.6119533614413748,0.8170046899794641,1056,1478,NA,NA,NA,0,0,NA
22,029,LA,Concordia Parish,22029,NA,NA,NA,0,0,0.13953488372093023,0,0.5035780588468141,12,86,0.15092592592592594,0.0801982930539407,0.22165355879791115,326,2160,0.790929203539823,0.7397593963498926,0.84209901072975335,1430,1808,NA,NA,NA,0,0,NA
22,031,LA,De Soto Parish,22031,NA,NA,NA,0,0,NA,NA,NA,0,299,0.14177001127395716,0.07486054820082179,0.20867947434709255,503,3548,0.5149828767123288,0.42346388525686696,0.6065018681677906,1203,2336,NA,NA,NA,0,25,NA
22,033,LA,East Baton Rouge Parish,22033,NA,NA,NA,0,237,0.34640277647500234,0.27129612288861094,0.42150943006139374,3693,10661,0.06433667124811833,0.04298082855902492,0.08569251393721174,1966,30558,0.3442469977280104,0.3094963578619243,0.37899763759409644,16970,49296,0.052740863787375414,0,0.10805242077696552,127,2408,NA
22,035,LA,East Carroll Parish,22035,NA,NA,NA,0,0,NA,NA,NA,0,0,0.17692307692307693,0,0.39310626045252617,46,260,0.6337488015340365,0.4966480767615928,0.7708495263064801,661,1043,NA,NA,NA,0,0,NA
22,037,LA,East Feliciana Parish,22037,NA,NA,NA,0,3,NA,NA,NA,0,119,0.027746319365798414,0.004084183549074964,0.051408455182521864,49,1766,0.23914643119941134,0.09067240362188178,0.3876204587769409,325,1359,NA,NA,NA,0,3,NA
22,039,LA,Evangeline Parish,22039,NA,NA,NA,0,0,0.3178294573643411,0,0.7688715355879958,164,516,0.18767037114699098,0.12681267496384124,0.2485280673301407,895,4769,0.5096525096525096,0.424006559757649,0.5952984595473703,1188,2331,NA,NA,NA,0,22,NA
22,041,LA,Franklin Parish,22041,NA,NA,NA,0,0,NA,NA,NA,0,21,0.2021978021978022,0.12927239814421004,0.27512320625139436,552,2730,0.6672683513838749,0.5439447806991051,0.7905919220686446,1109,1662,NA,NA,NA,0,12,NA
22,043,LA,Grant Parish,22043,NA,NA,NA,0,61,0.7814207650273224,0.48901256551296063,1,143,183,0.13346557098328138,0.07985585467593799,0.18707528729062478,471,3529,0.42094017094017094,0.2132364043550714,0.6286439375252705,197,468,NA,NA,NA,0,40,NA
22,045,LA,Iberia Parish,22045,NA,NA,NA,102,164,0.31412786108918705,0.17362245053565786,0.4546332716427163,398,1267,0.16956793988728866,0.1164533419213416,0.22268253785323572,1354,7985,0.5226510067114094,0.45411036393269993,0.5911916494901188,3115,5960,0.5207100591715976,0.28533988370883123,0.756080234634364,176,338,NA
22,047,LA,Iberville Parish,22047,NA,NA,NA,0,0,0.0661764705882353,0,0.43029539994887644,9,136,0.07384615384615385,0.016872907052844686,0.130819400639463,168,2275,0.39120715350223545,0.27426725394035967,0.5081470530641112,1050,2684,NA,NA,NA,0,0,NA
22,049,LA,Jackson Parish,22049,NA,NA,NA,0,0,0.18811881188118812,0,0.7086544255377976,19,101,0.2873015873015873,0.19978476462322847,0.3748184099799461,543,1890,0.5644329896907216,0.4376728391115505,0.6911931402698928,438,776,NA,NA,NA,0,0,NA
22,051,LA,Jefferson Parish,22051,0.39943342776203966,0.25506960299212367,0.5437972525319557,564,1412,0.31005097164702133,0.2652518248070074,0.3548501184870353,7786,25112,0.09714702840805402,0.07687189767302335,0.11742215914308468,3194,32878,0.3724973463636031,0.3311217701092913,0.4138729226179149,10177,27321,0.1766833611574847,0.09024424192376235,0.26312248039120706,635,3594,NA
22,053,LA,Jefferson Davis Parish,22053,NA,NA,NA,0,0,0.3155893536121673,0,0.6385924705719533,83,263,0.11491011632005639,0.07560860959318524,0.15421162304692754,652,5674,0.3370913190529876,0.1887061291956727,0.48547650891030253,299,887,NA,NA,NA,0,0,NA
22,055,LA,Lafayette Parish,22055,NA,NA,NA,0,37,0.23700934579439253,0.15096427972832638,0.3230544118604587,1268,5350,0.10830566905005107,0.0842000811083558,0.13241125699174633,3393,31328,0.4498724851232644,0.3875569543148121,0.5121880159317167,7938,17645,0.29266211604095566,0.12841423273661595,0.45690999934529536,343,1172,NA
22,057,LA,Lafourche Parish,22057,0.14965986394557823,0.04183224482541417,0.2574874830657423,110,735,0.08379327646763673,0.022302369010348475,0.14528418392492498,167,1993,0.14007976071784647,0.10458303487963708,0.17557648655605587,1967,14042,0.6083735909822866,0.49157894161316107,0.7251682403514121,1889,3105,NA,NA,NA,0,107,NA
22,059,LA,LaSalle Parish,22059,NA,NA,NA,1,1,NA,NA,NA,0,429,0.19550038789759502,0.12278130499956416,0.2682194707956259,504,2578,0.5146443514644351,0.08944836808408663,0.9398403348447836,123,239,NA,NA,NA,0,58,NA
22,061,LA,Lincoln Parish,22061,0.8529411764705882,0.4738085849642762,1,145,170,0.5217391304347826,0.177378640949306,0.8660996199202592,336,644,0.1341409691629956,0.07391081850324485,0.19437111982274632,609,4540,0.6260951188986232,0.5541990562562126,0.6979911815410339,2001,3196,NA,NA,NA,0,76,NA
22,063,LA,Livingston Parish,22063,NA,NA,NA,0,75,0.2474622770919067,0.13622063178306115,0.3587039224007523,902,3645,0.13412308369397785,0.1073404693515706,0.1609056980363851,3657,27266,0.1603017444601603,0.061850835901779616,0.258752653018541,680,4242,0.08278145695364239,0,0.41763721514119656,25,302,NA
22,065,LA,Madison Parish,22065,NA,NA,NA,0,0,0.5,0.08125687520329689,0.9187431247967031,58,116,0.31020408163265306,0.1520993425704144,0.4683088206948917,152,490,0.5856550088915234,0.4876374719965397,0.6836725457865072,988,1687,NA,NA,NA,0,0,NA
22,067,LA,Morehouse Parish,22067,NA,NA,NA,0,0,0.943089430894309,0.14587445358551265,1,116,123,0.33467922835352176,0.21114576150455033,0.4582126952024932,746,2229,0.5793499043977055,0.4933605097079934,0.6653392990874176,1818,3138,NA,NA,NA,17,26,NA
22,069,LA,Natchitoches Parish,22069,NA,NA,NA,0,64,0.007766990291262136,0,0.10764093805415403,4,515,0.17740112994350282,0.12862274618919478,0.22617951369781086,628,3540,0.43517260125033974,0.3789684527545836,0.4913767497460959,1601,3679,NA,NA,NA,0,60,NA
22,071,LA,Orleans Parish,22071,NA,NA,NA,17,61,0.2953622831836634,0.23348865741518576,0.3572359089521411,2401,8129,0.04308327598072952,0.029251302263045252,0.05691524969841379,626,14530,0.44056040107135497,0.4083431815776863,0.47277762056502365,19245,43683,0.12356792144026187,0.03560209243393085,0.2115337504465929,151,1222,NA
22,073,LA,Ouachita Parish,22073,NA,NA,NA,15,21,0.16760404949381327,0.033603369309541165,0.3016047296780854,298,1778,0.12803732999487852,0.09916737189087628,0.15690728809888077,2250,17573,0.5234691446271146,0.47743090139277544,0.5695073878614537,8788,16788,0.3934010152284264,0,0.8473518805058597,155,394,NA
22,075,LA,Plaquemines Parish,22075,NA,NA,NA,0,69,0.2603626943005181,0.051638490063406456,0.46908689853762975,201,772,0.14945280437756497,0.059031770499361966,0.23987383825576797,437,2924,0.1670362158167036,0.030615793675012215,0.303456637958395,226,1353,NA,NA,NA,0,115,NA
22,077,LA,Pointe Coupee Parish,22077,NA,NA,NA,0,0,NA,NA,NA,0,228,0.1753398968588842,0.08023023726803476,0.2704495564497337,374,2133,0.34750462107208874,0.20964040702224204,0.4853688351219354,564,1623,NA,NA,NA,0,0,NA
22,079,LA,Rapides Parish,22079,0.0650887573964497,0,0.31427473270809314,11,169,0.3359253499222395,0.22213894682459034,0.44971175301988864,648,1929,0.1534686867447709,0.12280935412189119,0.1841280193676506,2502,16303,0.45779791069612646,0.3989292719058806,0.5166665494863723,4952,10817,0.014814814814814815,0,0.3411643891899297,4,270,NA
22,081,LA,Red River Parish,22081,NA,NA,NA,0,0,NA,NA,NA,0,79,0.14265335235378032,0.047201295596380574,0.23810540911118006,100,701,0.6373193166885677,0.5198203927517598,0.7548182406253755,485,761,NA,NA,NA,0,0,NA
22,083,LA,Richland Parish,22083,NA,NA,NA,0,2,0.05737704918032787,0,0.39270425497120925,7,122,0.15397215397215397,0.08027211971082543,0.2276721882334825,376,2442,0.5358755644756649,0.47696170206261684,0.594789426888713,1068,1993,NA,NA,NA,6,6,NA
22,085,LA,Sabine Parish,22085,0.13537117903930132,0.05855653543534767,0.21218582264325497,62,458,0.14785992217898833,0.019338983574412966,0.2763808607835637,38,257,0.2606852702225362,0.19016528727307577,0.33120525317199656,738,2831,0.6364902506963789,0.48332531844033955,0.7896551829524182,457,718,NA,NA,NA,10,10,NA
22,087,LA,St. Bernard Parish,22087,0.10810810810810811,0,0.6171206728189004,8,74,0.382306477093207,0.2898029376552383,0.47481001653117566,726,1899,0.24435437174290678,0.1624264951429641,0.32628224834284947,1266,5181,0.3628817076786244,0.26892167739665773,0.456841737960591,1224,3373,0.03414634146341464,0,0.3502133422712773,7,205,NA
22,089,LA,St. Charles Parish,22089,NA,NA,NA,0,161,0.1474074074074074,0.02348909601072531,0.2713257188040895,199,1350,0.09682562690244963,0.056192000026648925,0.13745925377825033,668,6899,0.358652812611967,0.206884975378025,0.5104206498459091,1001,2791,NA,NA,NA,0,111,NA
22,091,LA,St. Helena Parish,22091,NA,NA,NA,0,0,NA,NA,NA,0,8,0.06976744186046512,0,0.17355238894358774,54,774,0.6581593194122196,0.5335885899407237,0.7827300488837156,851,1293,NA,NA,NA,0,16,NA
22,093,LA,St. James Parish,22093,NA,NA,NA,0,0,NA,NA,NA,0,160,0.012364760432766615,0,0.032297109252401084,24,1941,0.24415941365093907,0.12445775495683054,0.3638610723450476,533,2183,NA,NA,NA,0,0,NA
22,095,LA,St. John the Baptist Parish,22095,NA,NA,NA,5,17,0.18067556952081698,0.01659574239681999,0.34475539664481397,230,1273,0.15826612903225806,0.04954590085298066,0.26698635721153546,314,1984,0.15864648869239925,0.09776420686664838,0.21952877051815012,933,5881,NA,NA,NA,0,0,NA
22,097,LA,St. Landry Parish,22097,NA,NA,NA,2,2,0.33604060913705586,0.20953162756767765,0.4625495907064341,331,985,0.1611140867702196,0.1004756717278548,0.22175250181258438,1504,9335,0.47551229508196724,0.42298265200451046,0.528041938159424,4641,9760,NA,NA,NA,0,41,NA
22,099,LA,St. Martin Parish,22099,NA,NA,NA,0,21,0.04227642276422764,0,0.11862473306924712,26,615,0.06520781318842708,0.038005293891964685,0.09241033248488947,444,6809,0.3596386974090801,0.28220210121640604,0.4370752936017542,1513,4207,NA,NA,NA,30,78,NA
22,101,LA,St. Mary Parish,22101,0.20408163265306123,0.054842681746137295,0.3533205835599852,40,196,0.2639425731639978,0.16020786849893087,0.3676772778290647,478,1811,0.20451040863531225,0.14133320021458295,0.26768761705604155,1061,5188,0.3709964412811388,0.26930722490907344,0.47268565765320414,1251,3372,NA,NA,NA,0,41,NA
22,103,LA,St. Tammany Parish,22103,0.332579185520362,0.03413586991825879,0.6310225011224652,147,442,0.30781758957654726,0.22461958484969877,0.3910155943033957,2079,6754,0.10598307181141318,0.08051001859834357,0.1314561250244828,4370,41233,0.22529686174724342,0.16478774931289442,0.2858059741815924,2125,9432,0.1540785498489426,0,0.4137963743677029,153,993,NA
22,105,LA,Tangipahoa Parish,22105,NA,NA,NA,10,10,0.35366307177389367,0.23618263208184523,0.47114351146594213,951,2689,0.17991366175723716,0.1332542763972563,0.22657304711721804,2834,15752,0.4119584055459272,0.34823186924857785,0.4756849418432766,4754,11540,NA,NA,NA,0,238,NA
22,107,LA,Tensas Parish,22107,NA,NA,NA,0,0,NA,NA,NA,0,0,0.02877697841726619,0,0.14868885077507546,8,278,0.8086785009861933,0.7542721159084591,0.8630848860639275,410,507,NA,NA,NA,0,0,NA
22,109,LA,Terrebonne Parish,22109,0.1628440366972477,0.02709859568650888,0.2985894777079865,213,1308,0.3013698630136986,0.15414972428323234,0.44859000174416486,902,2993,0.15335116766683538,0.1110174876499958,0.19568484768367495,2121,13831,0.23924592973436162,0.1512692518660627,0.32722260760266053,1396,5835,NA,NA,NA,0,251,NA
22,111,LA,Union Parish,22111,NA,NA,NA,0,0,0.7031963470319634,0.5058294142491748,0.900563279814752,308,438,0.4640088593576966,0.3624317721201067,0.5655859465952865,1257,2709,0.7051383399209487,0.5992163147715999,0.8110603650702974,892,1265,NA,NA,NA,0,0,NA
22,113,LA,Vermilion Parish,22113,NA,NA,NA,0,14,0.3322784810126582,0.15104305742183363,0.5135139046034828,315,948,0.16799265605875152,0.12083643335570507,0.21514887876179797,1647,9804,0.5668421052631579,0.3723807939559519,0.7613034165703639,1077,1900,0.6416666666666667,0.15927559935227176,1,231,360,NA
22,115,LA,Vernon Parish,22115,0.21893491124260356,0,0.5519914847185057,37,169,0.13472222222222222,0.025881739764345532,0.24356270468009888,194,1440,0.2506098343818205,0.20230210145754868,0.2989175673060923,1952,7789,0.398923904688701,0.3146770032561415,0.48317080612126045,519,1301,0.07692307692307693,0,0.42956193411551924,16,208,NA
22,117,LA,Washington Parish,22117,NA,NA,NA,0,16,0.36925795053003535,0,0.7862498516558454,209,566,0.1922488526262111,0.126151848479158,0.2583458567732642,1131,5883,0.6012311901504788,0.4753076373276002,0.7271547429733574,1758,2924,NA,NA,NA,0,76,NA
22,119,LA,Webster Parish,22119,NA,NA,NA,0,23,0.24605678233438485,0.13794436615052064,0.3541691985182491,78,317,0.16557191392978482,0.10911999356694879,0.22202383429262085,731,4415,0.4872621734924218,0.4121253855754226,0.5623989614094209,1511,3101,NA,NA,NA,0,0,NA
22,121,LA,West Baton Rouge Parish,22121,NA,NA,NA,0,0,NA,NA,NA,0,430,0.10617204988807163,0.03024488450673342,0.18209921526940986,332,3127,0.2913621262458472,0.20222138969702508,0.38050286279466927,877,3010,NA,NA,NA,0,29,NA
22,123,LA,West Carroll Parish,22123,NA,NA,NA,0,0,0.859375,0.5041611387723239,1,110,128,0.14486279514996808,0.05149234132926864,0.23823324897066753,227,1567,0.38903394255874674,0.177834245305309,0.6002336398121845,149,383,NA,NA,NA,0,13,NA
22,125,LA,West Feliciana Parish,22125,NA,NA,NA,0,0,NA,NA,NA,0,130,0.11934426229508197,0.04885597695032956,0.18983254763983437,182,1525,0.4272300469483568,0.25583908664028465,0.598621007256429,273,639,NA,NA,NA,0,22,NA
22,127,LA,Winn Parish,22127,NA,NA,NA,0,0,NA,NA,NA,0,278,0.32243589743589746,0.22324052219756044,0.4216312726742345,503,1560,0.6332899869960988,0.47647276154029394,0.7901072124519037,487,769,NA,NA,NA,0,0,NA
23,000,ME,Maine,23000,0.16389548693586697,0.12350352157002464,0.2042874523017093,207,1263,0.10510475749508046,0.07530660310470083,0.13490291188546008,908,8639,0.12309469826981925,0.11477284622713052,0.13141655031250798,25463,206857,0.35170076565834063,0.2920194225247815,0.41138210879189974,2802,7967,0.14022603599832567,0.03418994108506948,0.24626213091158186,335,2389,NA
23,001,ME,Androscoggin County,23001,NA,NA,NA,0,64,0.2598105548037889,0.1396011521753867,0.3800199574321911,192,739,0.20013684570646595,0.16168470956366546,0.23858898184926644,3510,17538,0.5262972114366397,0.44036782434050603,0.6122265985327733,1491,2833,0.18081180811808117,0,0.45462768263573683,49,271,NA
23,003,ME,Aroostook County,23003,0.3197969543147208,0.16870053797814946,0.4708933706512922,63,197,0.10982658959537572,0,0.23124286911599035,38,346,0.15704004428861412,0.1252531252655047,0.18882696331172355,1702,10838,0.3357664233576642,0,0.7361090928793175,46,137,NA,NA,NA,0,44,NA
23,005,ME,Cumberland County,23005,NA,NA,NA,0,95,0.038863351441704976,0.001397261842096896,0.07632944104131306,93,2393,0.06018431446304307,0.04627039234516611,0.07409823658092003,2560,42536,0.3337468982630273,0.2371775789543324,0.43031621757172217,1076,3224,0.2457627118644068,0,0.49333216303260885,232,944,NA
23,007,ME,Franklin County,23007,NA,NA,NA,0,3,0.14049586776859505,0,0.4096551190395741,17,121,0.1356805495920996,0.08608727762769258,0.18527382155650662,632,4658,NA,NA,NA,0,72,NA,NA,NA,0,14,NA
23,009,ME,Hancock County,23009,NA,NA,NA,0,49,0.06484641638225255,0,0.20022637425511383,19,293,0.11407978128495092,0.08357153495727293,0.1445880276126289,918,8047,NA,NA,NA,0,62,NA,NA,NA,0,63,NA
23,011,ME,Kennebec County,23011,NA,NA,NA,0,61,0.14238042269187987,0.053283438294200916,0.23147740708955883,128,899,0.1545610173636586,0.11927700177586519,0.189845032951452,3160,20445,0.058823529411764705,0,0.22579747144686368,14,238,NA,NA,NA,0,146,NA
23,013,ME,Knox County,23013,NA,NA,NA,0,14,0.016129032258064516,0,0.13245290018704764,4,248,0.06181940023454515,0.03276324155822573,0.09087555891086457,369,5969,NA,NA,NA,2,18,0.7222222222222222,0.0718668065223299,1,13,18,NA
23,015,ME,Lincoln County,23015,NA,NA,NA,0,8,NA,NA,NA,0,119,0.08890158004949553,0.056274071220490156,0.12152908887850089,467,5253,NA,NA,NA,0,75,NA,NA,NA,0,26,NA
23,017,ME,Oxford County,23017,NA,NA,NA,0,8,0.12186379928315412,0.026436307846400886,0.21729129071990735,34,279,0.1849246231155779,0.1390361112020058,0.23081313502915,1656,8955,NA,NA,NA,0,3,NA,NA,NA,0,68,NA
23,019,ME,Penobscot County,23019,0.040160642570281124,0,0.17641337143639896,10,249,0.12646121147715197,0.02745453276350711,0.22546789019079683,119,941,0.15375962620057107,0.12714761927116594,0.1803716331299762,3554,23114,0.2505800464037123,0.07346698307728838,0.4276931097301362,108,431,0.021052631578947368,0,0.20692981711793074,8,380,NA
23,021,ME,Piscataquis County,23021,NA,NA,NA,0,3,0.15217391304347827,0,0.6329373361421982,7,46,0.13238289205702647,0.08099929415298981,0.18376648996106312,325,2455,NA,NA,NA,0,0,NA,NA,NA,0,5,NA
23,023,ME,Sagadahoc County,23023,NA,NA,NA,0,30,0.006369426751592357,0,0.25363506338807,1,157,0.09058033407955915,0.04244433758884806,0.13871633057027025,526,5807,NA,NA,NA,0,50,NA,NA,NA,0,43,NA
23,025,ME,Somerset County,23025,NA,NA,NA,0,2,NA,NA,NA,0,239,0.15112462006079028,0.11459721303338402,0.18765202708819653,1243,8225,0.711864406779661,0.0569656783744672,1,42,59,NA,NA,NA,0,3,NA
23,027,ME,Waldo County,23027,NA,NA,NA,0,16,0.16265060240963855,0,0.3836116855515349,27,166,0.16323886639676113,0.12292892295240071,0.20354880984112156,1008,6175,NA,NA,NA,0,67,NA,NA,NA,0,20,NA
23,029,ME,Washington County,23029,0.29398148148148145,0.18366996003224137,0.40429300293072157,127,432,0.19732441471571907,0.08430818491915647,0.31034064451228166,59,299,0.1835256845440145,0.14933174190994553,0.21771962717808346,811,4419,0.20535714285714285,0,0.49071069752591834,23,112,NA,NA,NA,0,10,NA
23,031,ME,York County,23031,NA,NA,NA,7,32,0.1255539143279173,8.666569714686767e-4,0.2502411716843659,170,1354,0.09320544058230269,0.07363922891361367,0.11277165225099171,3022,32423,NA,NA,NA,0,586,0.09880239520958084,0,0.3608357977282258,33,334,NA
24,000,MD,Maryland,24000,0.11344865201807698,0.06950642812091656,0.1573908759152374,728,6417,0.15480027920911665,0.14404476911355027,0.16555578930468304,39475,255006,0.056719702965229137,0.052590215605913926,0.06084919032454435,28811,507954,0.17265840533002477,0.1642592275233875,0.18105758313666204,68467,396546,0.08642432760493196,0.0741926999982661,0.09865595521159783,6764,78265,NA
24,001,MD,Allegany County,24001,NA,NA,NA,7,25,0.12643678160919541,0,0.3131748722928588,44,348,0.21137724550898204,0.16401792570110352,0.25873656531686057,2118,10020,0.45980707395498394,0.14275443551580158,0.7768597123941663,143,311,0.15217391304347827,0,0.9828496815739652,14,92,NA
24,003,MD,Anne Arundel County,24003,0.12292817679558012,0,0.30533373704241273,89,724,0.09602963096797507,0.06501878681511992,0.12704047512083022,2126,22139,0.029503128669312286,0.020567182179586113,0.03843907515903846,1985,67281,0.06821486435960285,0.04436467681376271,0.09206505190544298,1642,24071,0.16234347048300538,0.08337427340897965,0.2413126675570311,726,4472,NA
24,005,MD,Baltimore County,24005,0.1242603550295858,0,0.2771818149641321,63,507,0.1726947290457968,0.1340187726027349,0.2113706854888587,4197,24303,0.07199808755079944,0.0584794248557279,0.08551675024587098,5120,71113,0.15170602013040452,0.1297851626854668,0.17362687757534223,9586,63188,0.1507330348520762,0.11148268967176213,0.1899833800323903,1717,11391,NA
24,009,MD,Calvert County,24009,NA,NA,NA,0,15,0.028049575994781473,0,0.07429586307045576,43,1533,0.02660932670340008,0.013669237990002974,0.039549415416797185,396,14882,0.04588744588744589,0,0.09255504835799527,106,2310,NA,NA,NA,0,323,NA
24,011,MD,Caroline County,24011,NA,NA,NA,94,167,0.212333566923616,0.11358485879967009,0.3110822750475619,303,1427,0.1304621848739496,0.08524562949486769,0.17567874025303148,621,4760,0.40370751802265703,0.26047435625541127,0.5469406797899028,392,971,NA,NA,NA,92,115,NA
24,013,MD,Carroll County,24013,NA,NA,NA,0,41,0.16554959785522788,0.10837378744807984,0.2227254082623759,494,2984,0.025804100831428665,0.014538975612890486,0.03706922604996685,779,30189,0.17214584578601316,0.04191145660012524,0.3023802349719011,288,1673,0.11212121212121212,0,0.22693479905173752,111,990,NA
24,015,MD,Cecil County,24015,NA,NA,NA,0,8,0.14265335235378032,0.051440782732644685,0.23386592197491596,300,2103,0.1122098022355976,0.08158691710108232,0.14283268737011287,1827,16282,0.42718968296614723,0.22205441813781499,0.6323249477944795,795,1861,0.2248995983935743,0,0.6257042169272116,56,249,NA
24,017,MD,Charles County,24017,NA,NA,NA,0,314,0.08606474964809974,0.021485596630742274,0.15064390266545719,428,4973,0.06737335643665274,0.033037200941272535,0.10170951193203294,661,9811,0.054476889364521226,0.03285299963561533,0.07610077909342712,1069,19623,0.017825311942959002,0,0.09371811276014903,20,1122,NA
24,019,MD,Dorchester County,24019,NA,NA,NA,0,0,0.03901170351105332,0,0.13175871050648144,30,769,0.13053691275167786,0.06665752266442998,0.19441630283892575,389,2980,0.6449834619625138,0.5410992071152207,0.7488677168098068,1170,1814,NA,NA,NA,0,112,NA
24,021,MD,Frederick County,24021,0.12213740458015267,0,0.44324818696894597,16,131,0.1249079754601227,0.07640336712897473,0.17341258379127067,1527,12225,0.03863134657836645,0.025590996420151016,0.05167169673658188,1400,36240,0.14352657651626724,0.09027784282655887,0.1967753102059756,1072,7469,0.023644307375995887,0,0.052324382006819145,92,3891,NA
24,023,MD,Garrett County,24023,NA,NA,NA,0,0,0.1415929203539823,0.02668433322634603,0.2565015074816186,16,113,0.12911003945637878,0.0844384833774146,0.17378159553534295,589,4562,NA,NA,NA,0,29,NA,NA,NA,0,11,NA
24,025,MD,Harford County,24025,0.1837837837837838,0,0.5321003991358311,34,185,0.11801746902295349,0.060119814973429025,0.17591512307247795,581,4923,0.05432281393819855,0.03903189535752627,0.06961373251887083,1983,36504,0.14141991539956555,0.09429056196416347,0.18854926883496764,1237,8747,0.024345709068776627,0,0.07357803656683179,40,1643,NA
24,027,MD,Howard County,24027,0.11,0,0.2664436761639137,44,400,0.07867854814170833,0.041800771865727705,0.11555632441768895,724,9202,0.014930103172646925,0.007687106429772543,0.022173099915521306,424,28399,0.16100539451064083,0.12048145609591696,0.2015293329253647,2716,16869,0.02371080590826639,0.012394113364933295,0.035027498451599484,366,15436,NA
24,029,MD,Kent County,24029,NA,NA,NA,0,0,0.2724358974358974,0.04251909778016699,0.5023526970916279,85,312,0.056,0.022340207264330773,0.08965979273566924,105,1875,0.3223938223938224,0.18502982991582143,0.45975781487182343,167,518,NA,NA,NA,0,36,NA
24,031,MD,Montgomery County,24031,0.09872611464968153,0.014465537033213807,0.18298669226614928,155,1570,0.14065146382772803,0.12083442189794646,0.1604685057575096,9301,66128,0.02450947203076548,0.018870041364604115,0.030148902696926848,1810,73849,0.15484521918337554,0.1333896175750385,0.17630082079171258,7213,46582,0.06543342509903982,0.04526546708739665,0.085601383110683,1949,29786,NA
24,033,MD,Prince George's County,24033,0.14030261348005502,0.012694425298577311,0.2679108016615327,204,1454,0.1859680334349938,0.16344797856900523,0.20848808830098237,13171,70824,0.09114906832298136,0.05793228044381387,0.12436585620214885,1174,12880,0.1228371923461614,0.10615709974122786,0.13951728495109494,13141,106979,0.2234398216939079,0.16869773461416673,0.278181908773649,1203,5384,NA
24,035,MD,Queen Anne's County,24035,NA,NA,NA,0,8,0.23509075194468454,0.10470586747973315,0.36547563640963593,272,1157,0.043025418474891504,0.025072211792018538,0.06097862515776447,347,8065,0.19821826280623608,0,0.4263323441117502,89,449,NA,NA,NA,12,62,NA
24,037,MD,St. Mary's County,24037,NA,NA,NA,0,45,0.047230571060541,0,0.10467875234868769,110,2329,0.04754468158944994,0.026907336218553967,0.0681820269603459,822,17289,0.2225991649269311,0.13448053550580596,0.31071779434805624,853,3832,0.06431535269709543,0,0.2659044947270419,31,482,NA
24,039,MD,Somerset County,24039,NA,NA,NA,0,5,0.2973568281938326,0.13107023775344856,0.4636434186342166,135,454,0.07819782496116003,0.02506440705132098,0.13133124287099907,151,1931,0.18689788053949905,0.06098115750445099,0.3128146035745471,291,1557,NA,NA,NA,0,36,NA
24,041,MD,Talbot County,24041,0.027777777777777776,0,0.7109172497574793,2,72,0.05110961667787491,0,0.12269639012607153,76,1487,0.11919346605410924,0.05639062383128958,0.18199630827692892,467,3918,0.16717325227963525,0.04813064033332021,0.2862158642259503,165,987,NA,NA,NA,3,68,NA
24,043,MD,Washington County,24043,0.3389830508474576,0,0.9862682989228992,20,59,0.22674017918676775,0.15017015381608445,0.30331020455745106,987,4353,0.10282110203882071,0.08031494075458849,0.1253272633230529,2103,20453,0.4167150319210679,0.31040913272912973,0.5230209311130061,1436,3446,0.0625,0,0.25697979735756143,33,528,NA
24,045,MD,Wicomico County,24045,NA,NA,NA,0,19,0.1296725107509097,0.03297133532058384,0.22637368618123554,392,3023,0.12605554990334725,0.07812221282615409,0.1739888869805404,1239,9829,0.24670167798129883,0.18428685089773555,0.3091165050648621,1926,7807,0.02040816326530612,0,0.6020466606937803,3,147,NA
24,047,MD,Worcester County,24047,NA,NA,NA,0,0,0.20447284345047922,0.07174993159702109,0.33719575530393736,128,626,0.0566452485627325,0.02694303039795408,0.08634746672751092,335,5914,0.3667711598746082,0.2452097315985684,0.48833258815064795,585,1595,0.30303030303030304,0,0.9057735254407204,30,99,NA
24,510,MD,Baltimore city,24510,NA,NA,NA,0,668,0.23189161021365295,0.17635190362364564,0.2874313168036603,4005,17271,0.10386728655959425,0.07994538531158374,0.12778918780760476,1966,18928,0.3030815889950987,0.2794819085386106,0.32668126945158676,22385,73858,0.14860335195530727,0.06697723735096942,0.23022946655964513,266,1790,NA
25,000,MA,Massachusetts,25000,0.23867243867243867,0.16675098892041257,0.3105938884244648,827,3465,0.25018010940515023,0.2396013470267517,0.2607588717835488,69105,276221,0.06338297898628419,0.05972562188363089,0.06704033608893747,46170,728429,0.20371757154319337,0.18693055905683886,0.22050458402954787,22851,112170,0.0770846956167526,0.06685328475657132,0.08731610647693389,7191,93287,NA
25,001,MA,Barnstable County,25001,0.08333333333333333,0,0.35338215763733616,13,156,0.27615062761506276,0.13977264320682925,0.41252861202329627,726,2629,0.054358577387863934,0.03552838064386075,0.07318877413186711,1264,23253,0.08763897972531066,0,0.18489017896913806,134,1529,0.23366834170854273,0.07305003324302489,0.39428665017406056,186,796,NA
25,003,MA,Berkshire County,25003,NA,NA,NA,0,145,0.4309859154929577,0.30136495708597294,0.5606068738999426,918,2130,0.11465367211973547,0.07999011385472106,0.14931723038474987,1647,14365,0.2947103274559194,0.08249217898195182,0.506928475929887,234,794,0.13053613053613053,0,0.3519520012396321,56,429,NA
25,005,MA,Bristol County,25005,0.25680933852140075,0.006838460025769488,0.506780217017032,66,257,0.3269438065332521,0.28168787718694166,0.37219973587956257,6976,21337,0.0931965021722179,0.07840750058497604,0.10798550375945974,6693,71816,0.1724960254372019,0.1219573185046615,0.2230347323697423,1302,7548,0.08606271777003484,0.026897723979385647,0.14522771156068404,247,2870,NA
25,007,MA,Dukes County,25007,NA,NA,NA,0,137,NA,NA,NA,0,0,0.015402843601895734,0,0.04123378566074454,39,2532,NA,NA,NA,0,119,NA,NA,NA,0,102,NA
25,009,MA,Essex County,25009,0.12479740680713128,0,0.25233624619012607,77,617,0.20169833669775278,0.1805200110312884,0.22287666236421716,12090,59941,0.06532319938620888,0.052808759937153955,0.07783763883526382,5449,83416,0.16158985392367795,0.10343610120343107,0.21974360664392484,1427,8831,0.10113484646194927,0.05149249458544624,0.1507771983384523,606,5992,NA
25,011,MA,Franklin County,25011,NA,NA,NA,0,0,0.2640402347024308,0.16746331582540622,0.36061715357945545,315,1193,0.1355893965031021,0.09742228412121354,0.17375650888499064,1202,8865,0.4072164948453608,0.04080441587397815,0.7736285738167434,79,194,0.18974358974358974,0,0.5394144792912108,37,195,NA
25,013,MA,Hampden County,25013,0.6512455516014235,0.34838635648282495,0.9541047467200221,183,281,0.401326485844796,0.3761962427688134,0.4264567289207786,15551,38749,0.07991387727511705,0.06291572627457259,0.0969120282756615,3192,39943,0.2696949539104818,0.2115904878387097,0.3277994199822539,2838,10523,0.16587155963302752,0.08287044963993839,0.24887266962611665,452,2725,NA
25,015,MA,Hampshire County,25015,NA,NA,NA,7,38,0.3110289172831204,0.2073995407032141,0.41465829386302666,925,2974,0.07273293861015893,0.04839483521762214,0.09707104200269573,1167,16045,0.35771065182829886,0.17870425790608724,0.5367170457505105,225,629,NA,NA,NA,0,607,NA
25,017,MA,Middlesex County,25017,0.31414473684210525,0.011147783914804865,0.6171416897694056,191,608,0.17706788362806616,0.15202190955735537,0.20211385769877696,7760,43825,0.04418962464075246,0.03760086851584347,0.050778380765661456,7611,172235,0.2174879585031493,0.1770055739834737,0.2579703430228249,4109,18893,0.06217871980846419,0.04682468973956545,0.07753274987736293,2649,42603,NA
25,019,MA,Nantucket County,25019,NA,NA,NA,0,0,0.012850467289719626,0,0.07552081538919175,11,856,0.008089607965152458,0,0.04044549019940766,13,1607,0.03985507246376811,0,0.2315321090457857,11,276,NA,NA,NA,0,133,NA
25,021,MA,Norfolk County,25021,NA,NA,NA,0,82,0.10376415722851433,0.07123619822101426,0.1362921162360144,1246,12008,0.03992592675226738,0.03284642756012158,0.04700542594441318,3579,89641,0.14985750474984166,0.10928022305141398,0.19043478644826933,1893,12632,0.04376875601608063,0.029497385230061866,0.05804012680209939,773,17661,NA
25,023,MA,Plymouth County,25023,NA,NA,NA,0,110,0.199383228561262,0.1413668833671258,0.25739957375539824,1681,8431,0.04492540216153141,0.03324930286355198,0.05660150145951084,3234,71986,0.12236644093303235,0.07939985333311556,0.16533302853294915,1301,10632,0.12086659064994298,0.03932359552940626,0.2024095857704797,212,1754,NA
25,025,MA,Suffolk County,25025,0.07036247334754797,0,0.2143924397541517,33,469,0.2900854625160519,0.26324247040904825,0.3169284546230555,13102,45166,0.07921563737257224,0.05906031854393239,0.09937095620121209,2541,32077,0.24930648124797347,0.2109702560467776,0.28764270644916934,6920,27757,0.16446826051112942,0.12509643519595337,0.20384008582630547,1197,7278,NA
25,027,MA,Worcester County,25027,0.45486725663716815,0.3257658169456964,0.5839686963286399,257,565,0.2110215780650046,0.183833150820623,0.2382100053093862,7804,36982,0.08484023527541532,0.0713162207760174,0.09836424977481323,8539,100648,0.20130364852281385,0.1474097475436523,0.2551975495019754,2378,11813,0.07651350818379019,0.04681488003453799,0.10621213633304238,776,10142,NA
26,000,MI,Michigan,26000,0.25181598062953997,0.21432993784806423,0.28930202341101574,2704,10738,0.22609312046867752,0.21506601800972552,0.23712022292762952,43378,191859,0.12420127468711245,0.12077172596634911,0.1276308234078758,166948,1344173,0.37378934718681395,0.3621340813934316,0.3854446129801963,120374,322037,0.12513806211001938,0.11168807068215864,0.13858805353788012,8724,69715,NA
26,001,MI,Alcona County,26001,NA,NA,NA,0,7,NA,NA,NA,7,20,0.17673179396092362,0.11775104239516555,0.2357125455266817,199,1126,NA,NA,NA,0,0,NA,NA,NA,0,0,NA
26,003,MI,Alger County,26003,0.03571428571428571,0,0.5331689120987392,2,56,0.2708333333333333,0,0.8854531156913565,13,48,0.04720616570327553,0.021187381188477128,0.07322495021807393,49,1038,NA,NA,NA,0,0,NA,NA,NA,0,12,NA
26,005,MI,Allegan County,26005,0.08974358974358974,0,0.3019141221808262,14,156,0.1565040650406504,0.09009788191999527,0.22291024816130553,539,3444,0.10238313473877177,0.07990718010210036,0.12485908937544317,2234,21820,0.049281314168377825,0,0.16115299060009997,24,487,NA,NA,NA,16,87,NA
26,007,MI,Alpena County,26007,NA,NA,NA,2,2,0.4557823129251701,0.36008616729257215,0.551478458557768,67,147,0.24017467248908297,0.19060453539491443,0.28974480958325155,1100,4580,0.010526315789473684,0,0.38482340187680064,1,95,NA,NA,NA,0,4,NA
26,009,MI,Antrim County,26009,NA,NA,NA,19,22,0.018072289156626505,0,0.23691861236784562,3,166,0.13748191027496381,0.09606935552662713,0.1788944650233005,475,3455,NA,NA,NA,0,28,NA,NA,NA,0,11,NA
26,011,MI,Arenac County,26011,NA,NA,NA,0,16,0.06542056074766354,0,0.3646808445101661,7,107,0.13294557540506854,0.0910254921440124,0.1748656586661247,320,2407,NA,NA,NA,34,34,NA,NA,NA,0,0,NA
26,013,MI,Baraga County,26013,0.2350597609561753,0.11668375580521685,0.3534357661071338,59,251,NA,NA,NA,0,33,0.23561946902654868,0.1306929937626646,0.3405459442904327,213,904,NA,NA,NA,0,2,NA,NA,NA,0,0,NA
26,015,MI,Barry County,26015,NA,NA,NA,0,48,0.2862547288776797,0.12879480060731546,0.443714657148044,227,793,0.07634543178973717,0.05139274596052788,0.10129811761894646,915,11985,NA,NA,NA,0,35,NA,NA,NA,0,75,NA
26,017,MI,Bay County,26017,0.16666666666666666,0,0.7396164352101251,10,60,0.1429261226460647,0.053021094274823904,0.23283115101730548,296,2071,0.15058956347215252,0.11561984616801477,0.18555928077629028,2401,15944,0.5119047619047619,0.16114975459717484,0.8626597692123489,129,252,NA,NA,NA,0,59,NA
26,019,MI,Benzie County,26019,NA,NA,NA,0,0,0.5838926174496645,0.3070138231060803,0.8607714117932487,87,149,0.06817311374952126,0.0428921541354831,0.09345407336355942,178,2611,NA,NA,NA,5,16,NA,NA,NA,64,64,NA
26,021,MI,Berrien County,26021,NA,NA,NA,85,115,0.13657142857142857,0.06464043672752197,0.20850242041533518,478,3500,0.16694910902274945,0.1264515131158651,0.2074467049296338,3251,19473,0.4776205049732211,0.41022217878732553,0.5450188311591168,2497,5228,0.0556792873051225,0,0.19102922800901742,25,449,NA
26,023,MI,Branch County,26023,NA,NA,NA,0,43,0.24660018132366274,0.0932202339871964,0.3999801286601291,272,1103,0.2588946869070209,0.21026374339198156,0.3075256304220602,2183,8432,NA,NA,NA,6,6,NA,NA,NA,0,35,NA
26,025,MI,Calhoun County,26025,NA,NA,NA,16,23,0.12723214285714285,0.06933871845729522,0.18512556725699048,342,2688,0.16367968507199834,0.13703267643502615,0.19032669370897054,3160,19306,0.4137821530644649,0.2856244204974971,0.5419398856314328,1303,3149,0.08524590163934426,0,0.20876203448442232,78,915,NA
26,027,MI,Cass County,26027,0.17318435754189945,0,0.41507562199003006,31,179,0.21818181818181817,0.10976194939004526,0.3266016869735911,192,880,0.18680215782210513,0.1417303303273449,0.23187398531686537,1489,7971,0.19207317073170732,0.017456184538720665,0.366690156924694,63,328,NA,NA,NA,0,41,NA
26,029,MI,Charlevoix County,26029,NA,NA,NA,0,44,0.006578947368421052,0,0.24055308116440902,1,152,0.0963018118639861,0.05938663371105501,0.1332169900169172,388,4029,NA,NA,NA,1,29,NA,NA,NA,3,30,NA
26,031,MI,Cheboygan County,26031,NA,NA,NA,0,103,0.16101694915254236,0,0.43091997316738107,19,118,0.1811706410653453,0.1433040618499476,0.21903722028074302,585,3229,NA,NA,NA,0,0,NA,NA,NA,0,39,NA
26,033,MI,Chippewa County,26033,0.25920679886685555,0.1793054012294467,0.3391081965042644,366,1412,0.532319391634981,0.32618221261765934,0.7384565706523026,140,263,0.15226689478186484,0.10019469804146658,0.2043390915222631,534,3507,NA,NA,NA,0,0,NA,NA,NA,28,58,NA
26,035,MI,Clare County,26035,NA,NA,NA,5,5,0.4749034749034749,0.2726648002201864,0.6771421495867633,123,259,0.30275568707231365,0.2499198379267157,0.3555915362179116,1637,5407,NA,NA,NA,21,38,NA,NA,NA,12,16,NA
26,037,MI,Clinton County,26037,0.08620689655172414,0,0.872490191879083,5,58,0.13636363636363635,0.04221320447384448,0.23051406825342824,159,1166,0.11682075539310542,0.0846760286145096,0.14896548217170125,1630,13953,0.04714640198511166,0,0.142772821722028,19,403,NA,NA,NA,0,140,NA
26,039,MI,Crawford County,26039,NA,NA,NA,0,3,NA,NA,NA,0,39,0.12810327706057598,0.08250047745182397,0.17370607666932797,258,2014,NA,NA,NA,18,18,NA,NA,NA,25,25,NA
26,041,MI,Delta County,26041,0.2713178294573643,0,0.6686198008868639,35,129,NA,NA,NA,0,197,0.1634427684117125,0.123764495628648,0.20312104119477703,921,5635,NA,NA,NA,2,3,NA,NA,NA,27,31,NA
26,043,MI,Dickinson County,26043,NA,NA,NA,0,25,0.021621621621621623,0,0.2233335738491294,4,185,0.07026906826773405,0.030833913603157785,0.1097042229323103,316,4497,NA,NA,NA,0,18,NA,NA,NA,0,4,NA
26,045,MI,Eaton County,26045,0.2909090909090909,0,0.9772259788557269,16,55,0.10606060606060606,0.04927634159922426,0.16284487052198787,203,1914,0.07094048950180147,0.055175550739188686,0.08670542826441426,1142,16098,0.36743092298647856,0.2426002693051463,0.4922615766678108,625,1701,NA,NA,NA,0,540,NA
26,047,MI,Emmet County,26047,0.4380165289256198,0.19874282670098806,0.6772902311502516,53,121,0.23113207547169812,0.08840038168153272,0.3738637692618635,49,212,0.08334979261307525,0.053734317704431114,0.11296526752171938,422,5063,NA,NA,NA,0,73,NA,NA,NA,0,32,NA
26,049,MI,Genesee County,26049,0.2752808988764045,0,0.568307005549266,49,178,0.26495568685376664,0.19408493131718813,0.33582644239034515,1435,5416,0.14220457172688966,0.12424695784739326,0.16016218560638606,7627,53634,0.42852808818324317,0.3894508592300886,0.46760531713639775,8475,19777,0.34365781710914456,0.1890733450816406,0.49824228913664853,233,678,NA
26,051,MI,Gladwin County,26051,NA,NA,NA,6,37,0.28804347826086957,0,0.6050645068053253,53,184,0.1967445152158528,0.1529429868415186,0.24054604359018697,834,4239,NA,NA,NA,0,0,NA,NA,NA,0,0,NA
26,053,MI,Gogebic County,26053,NA,NA,NA,0,111,0.30337078651685395,0,0.6196292232397083,27,89,0.19136765470618824,0.12041951811224524,0.2623157913001313,368,1923,NA,NA,NA,0,0,NA,NA,NA,0,0,NA
26,055,MI,Grand Traverse County,26055,0.104,0,0.5163015594561858,13,125,0.10932798395185557,0,0.2241607233310501,109,997,0.13729626078619367,0.09683338512786148,0.17775913644452584,2148,15645,NA,NA,NA,0,220,NA,NA,NA,23,52,NA
26,057,MI,Gratiot County,26057,NA,NA,NA,0,12,0.448943661971831,0.3377655778794475,0.5601217460642145,510,1136,0.15927452596867273,0.11630321493667484,0.20224583700067061,966,6065,NA,NA,NA,0,72,NA,NA,NA,0,3,NA
26,059,MI,Hillsdale County,26059,NA,NA,NA,0,2,0.3436754176610978,0.20082502896280244,0.48652580635939324,144,419,0.20754495240333765,0.16702389329255812,0.24806601151411717,1766,8509,NA,NA,NA,11,51,NA,NA,NA,0,12,NA
26,061,MI,Houghton County,26061,NA,NA,NA,0,31,0.23952095808383234,0,0.5323935144102089,40,167,0.1146714137368343,0.08475127835983651,0.1445915491138321,773,6741,NA,NA,NA,4,10,NA,NA,NA,0,123,NA
26,063,MI,Huron County,26063,NA,NA,NA,8,8,0.18456375838926176,0,0.38186457725955736,55,298,0.14032749428789032,0.11255417915417806,0.16810080942160258,737,5252,NA,NA,NA,0,1,NA,NA,NA,14,36,NA
26,065,MI,Ingham County,26065,0.20355731225296442,0,0.4279645459486263,103,506,0.21686564908568837,0.1570435043504914,0.2766877938208853,1435,6617,0.09893565553942912,0.07592970590371638,0.12194160517514187,2863,28938,0.4126498002663116,0.3245165271637499,0.5007830733688733,3099,7510,0.23053711526855764,0.15458656763931178,0.3064876628978035,764,3314,NA
26,067,MI,Ionia County,26067,NA,NA,NA,0,0,0.091324200913242,0.027776598037649314,0.1548718037888347,100,1095,0.12533310410040402,0.09259472398621184,0.15807148421459621,1458,11633,0.27848101265822783,0,0.821583906378883,22,79,NA,NA,NA,0,51,NA
26,069,MI,Iosco County,26069,NA,NA,NA,0,0,0.16580310880829016,0,0.3926397117372594,32,193,0.23480662983425415,0.18634240200693256,0.2832708576615757,850,3620,NA,NA,NA,48,48,NA,NA,NA,14,47,NA
26,071,MI,Iron County,26071,NA,NA,NA,11,34,0.26732673267326734,0.07787909593783676,0.4567743694086979,27,101,0.21773659827928524,0.14028547846827452,0.295187718090296,329,1511,NA,NA,NA,8,34,NA,NA,NA,0,20,NA
26,073,MI,Isabella County,26073,0.163135593220339,0.03256238770745007,0.2937087987332279,77,472,0.08739837398373984,0.004372072138154326,0.17042467582932536,86,984,0.21750849642564163,0.17418800118096736,0.2608289916703159,1856,8533,0.017985611510791366,0,0.18694438724660387,5,278,NA,NA,NA,0,181,NA
26,075,MI,Jackson County,26075,0.3384615384615385,0,0.8529796338456974,22,65,0.18738489871086556,0.08944888511522106,0.28532091230651,407,2172,0.13927072187011277,0.11390176045295207,0.16463968328727346,3384,24298,0.38354531001589826,0.27137950846073644,0.49571111157106007,965,2516,0.06748466257668712,0,0.5228346325707869,11,163,NA
26,077,MI,Kalamazoo County,26077,0.06639004149377593,0,0.2258660945136663,16,241,0.20402785620176925,0.13926978041054483,0.26878593199299367,1084,5313,0.07162300102075536,0.05698283423658759,0.08626316780492313,2526,35268,0.26899383983572894,0.2124826825492248,0.3255049971222331,1965,7305,0.04509283819628647,0,0.11748495189425029,51,1131,NA
26,079,MI,Kalkaska County,26079,NA,NA,NA,0,6,0.10967741935483871,0,0.4115019913438025,17,155,0.17350746268656717,0.12359270642728723,0.2234222189458471,558,3216,NA,NA,NA,0,0,NA,NA,NA,0,5,NA
26,081,MI,Kent County,26081,0.4249699879951981,0.25907394411867346,0.5908660318717227,354,833,0.25243857719105245,0.22064141872095172,0.2842357356611532,6884,27270,0.06295399515738499,0.0529501223863027,0.07295786792846728,5720,90860,0.3118848555402688,0.261609848223295,0.36215986285724255,5894,18898,0.05539423721241903,0.012515544797615512,0.09827292962722256,248,4477,NA
26,083,MI,Keweenaw County,26083,NA,NA,NA,0,0,NA,NA,NA,0,1,0.38996138996138996,0.21485917079023634,0.5650636091325436,101,259,NA,NA,NA,0,0,NA,NA,NA,0,0,NA
26,085,MI,Lake County,26085,0.7142857142857143,0.29101774624852705,1,5,7,0.32510288065843623,0.11174023378922554,0.5384655275276469,79,243,0.22006472491909385,0.1660666194414306,0.2740628303967571,272,1236,0.42657342657342656,0.21087340778262548,0.6422734453642276,61,143,NA,NA,NA,0,0,NA
26,087,MI,Lapeer County,26087,NA,NA,NA,0,46,0.28296067848882034,0.15693851490276683,0.40898284207487384,367,1297,0.10830591553078628,0.08096050369521011,0.13565132736636243,1613,14893,0.6162790697674418,0.08115781756738982,1,53,86,NA,NA,NA,0,36,NA
26,089,MI,Leelanau County,26089,0.6222222222222222,0.25772841787582135,0.9867160265686231,140,225,0.5439739413680782,0.2784475847485297,0.8095002979876267,167,307,0.042877906976744186,0.024441818059927595,0.06131399589356078,118,2752,NA,NA,NA,0,13,NA,NA,NA,16,31,NA
26,091,MI,Lenawee County,26091,NA,NA,NA,28,45,0.2456205739843459,0.18002051222614077,0.311220635742551,659,2683,0.10899042477989847,0.08400024787878042,0.1339806016810165,1696,15561,0.4476744186046512,0.1844232572507295,0.7109255799585729,77,172,NA,NA,NA,1,27,NA
26,093,MI,Livingston County,26093,0.023809523809523808,0,0.6002889148480817,2,84,0.0096045197740113,0,0.034849674064049194,17,1770,0.05366915957477292,0.038869281792001276,0.06846903735754456,1873,34899,NA,NA,NA,0,172,0.3284823284823285,0.18516784022128244,0.4717968167433746,158,481,NA
26,095,MI,Luce County,26095,0.23076923076923078,0,0.5847802683343739,24,104,NA,NA,NA,25,25,0.25123762376237624,0.16387186506577692,0.3386033824589756,203,808,NA,NA,NA,20,20,NA,NA,NA,0,0,NA
26,097,MI,Mackinac County,26097,0.38762214983713356,0.2703320554011422,0.504912244273125,119,307,0.125,0,0.5774719260167509,6,48,0.19517102615694165,0.1148231737702066,0.27551887854367674,194,994,NA,NA,NA,0,0,NA,NA,NA,0,0,NA
26,099,MI,Macomb County,26099,0.5010615711252654,0.08279002347787906,0.9193331187726517,236,471,0.16111978853778686,0.11288128094512812,0.2093582961304456,1341,8323,0.12199148492484142,0.10973285191520746,0.1342501179344754,14040,115090,0.2405649059061461,0.2093561117269942,0.271773700085298,7018,29173,0.1918615189414537,0.14714930368434231,0.2365737341985651,2117,11034,NA
26,101,MI,Manistee County,26101,NA,NA,NA,0,49,0.16666666666666666,0,0.3637576842040625,50,300,0.23309352517985613,0.18077459338900365,0.2854124569707086,810,3475,NA,NA,NA,0,135,NA,NA,NA,0,14,NA
26,103,MI,Marquette County,26103,0.13761467889908258,0,0.2930328507592902,15,109,0.053763440860215055,0,0.12964744178163218,20,372,0.11246943765281174,0.08048937959627425,0.14444949570934923,1150,10225,NA,NA,NA,26,40,NA,NA,NA,0,48,NA
26,105,MI,Mason County,26105,NA,NA,NA,1,7,0.15670103092783505,0.08177191755542153,0.23163014430024859,76,485,0.24725997369574748,0.18771210178059686,0.30680784561089813,1128,4562,NA,NA,NA,0,74,NA,NA,NA,0,6,NA
26,107,MI,Mecosta County,26107,NA,NA,NA,19,51,0.3875338753387534,0.19286479265826334,0.5822029580192434,143,369,0.23372162485065712,0.18832404381794604,0.2791192058833682,1565,6696,NA,NA,NA,70,79,NA,NA,NA,0,22,NA
26,109,MI,Menominee County,26109,0.40601503759398494,0.2299399277024306,0.5820901474855393,54,133,0.1330049261083744,0,0.2906717756090188,27,203,0.11114494518879416,0.07824920963241822,0.1440406807451701,365,3284,NA,NA,NA,8,8,NA,NA,NA,3,4,NA
26,111,MI,Midland County,26111,NA,NA,NA,17,29,0.15812431842966193,0.06972633092752646,0.24652230593179741,145,917,0.11685082872928176,0.08902633043947396,0.14467532701908956,1692,14480,0.2127659574468085,0,0.5022539886420089,60,282,0.012531328320802004,0,0.19432446790140842,5,399,NA
26,113,MI,Missaukee County,26113,NA,NA,NA,0,1,0.16129032258064516,0.06882156521304877,0.25375907994824154,35,217,0.1426062521952933,0.09926084183183717,0.18595166255874943,406,2847,NA,NA,NA,0,0,NA,NA,NA,2,15,NA
26,115,MI,Monroe County,26115,NA,NA,NA,0,0,0.17700453857791226,0.09051954931441442,0.2634895278414101,351,1983,0.11609848484848485,0.09103588261502599,0.14116108708194372,3065,26400,0.3548387096774194,0.2104895586569172,0.49918786069792154,264,744,NA,NA,NA,5,52,NA
26,117,MI,Montcalm County,26117,NA,NA,NA,0,14,0.2759009009009009,0.13977598889798004,0.4120258129038218,245,888,0.16530388603220095,0.13417870440670074,0.19642906765770116,1961,11863,0.07534246575342465,0,0.3085870361876695,11,146,NA,NA,NA,0,12,NA
26,119,MI,Montmorency County,26119,NA,NA,NA,0,0,NA,NA,NA,0,27,0.2048,0.11243149558667709,0.29716850441332293,256,1250,NA,NA,NA,0,2,NA,NA,NA,0,7,NA
26,121,MI,Muskegon County,26121,0.21686746987951808,0,0.5388395436079524,36,166,0.2543615676359039,0.1874608850790377,0.3212622501927701,1006,3955,0.11166800320769847,0.09096614466874747,0.13236986174664947,2785,24940,0.49551656920077974,0.42013432925158756,0.5708988091499719,2542,5130,0.03496503496503497,0,0.5412508811090315,5,143,NA
26,123,MI,Newaygo County,26123,NA,NA,NA,0,10,0.1390728476821192,0.08248854434020303,0.19565715102403536,147,1057,0.13653345409260728,0.10686285144800094,0.1662040567372136,1206,8833,NA,NA,NA,0,86,NA,NA,NA,25,54,NA
26,125,MI,Oakland County,26125,0.09791666666666667,0,0.24934848774714558,47,480,0.1610445591699664,0.1260452839334527,0.1960438344064801,3213,19951,0.061194567504882044,0.053671226515697196,0.06871790849406689,9683,158233,0.19173497896902153,0.16000664899448566,0.2234633089435574,6245,32571,0.04416280981011289,0.026307327817488697,0.06201829180273709,1021,23119,NA
26,127,MI,Oceana County,26127,NA,NA,NA,0,11,0.2466765140324963,0.18126049412207576,0.3120925339429168,334,1354,0.16732026143790849,0.13354084922675225,0.20109967364906473,640,3825,NA,NA,NA,12,41,NA,NA,NA,0,7,NA
26,129,MI,Ogemaw County,26129,NA,NA,NA,9,16,0.35714285714285715,0.14222710053300172,0.5720586137527126,50,140,0.2280060882800609,0.16901392077159283,0.28699825578852894,749,3285,NA,NA,NA,16,16,NA,NA,NA,2,10,NA
26,131,MI,Ontonagon County,26131,NA,NA,NA,0,4,NA,NA,NA,0,24,0.17045454545454544,0.08793277782983888,0.252976313079252,105,616,NA,NA,NA,0,0,NA,NA,NA,0,0,NA
26,133,MI,Osceola County,26133,NA,NA,NA,4,21,0.1891891891891892,0.06787315528636848,0.3105052230920099,35,185,0.18663077613279497,0.15332283049692902,0.21993872176866092,832,4458,NA,NA,NA,0,23,NA,NA,NA,0,24,NA
26,135,MI,Oscoda County,26135,NA,NA,NA,0,8,0.09523809523809523,0,0.5736685670523569,4,42,0.24584717607973422,0.17991066538441927,0.3117836867750492,370,1505,NA,NA,NA,0,0,NA,NA,NA,0,0,NA
26,137,MI,Otsego County,26137,NA,NA,NA,4,13,0.025252525252525252,0,0.06382049735439055,5,198,0.10625133347557073,0.07155177520105402,0.14095089175008743,498,4687,NA,NA,NA,11,25,NA,NA,NA,0,8,NA
26,139,MI,Ottawa County,26139,0.08067542213883677,0.0046152572464930736,0.15673558703118046,43,533,0.13049057348731616,0.0824853318192306,0.17849581515540172,1322,10131,0.059286607282387875,0.04488483994529605,0.07368837461947969,3035,51192,0.21594349142280525,0.0863377186048293,0.3455492642407812,214,991,0.22200647249190938,0.06990057240152756,0.37411237258229124,343,1545,NA
26,141,MI,Presque Isle County,26141,NA,NA,NA,0,5,0.5555555555555556,0.24089290818388776,0.8702182029272234,40,72,0.23068309070548712,0.15642650837721525,0.304939673033759,412,1786,NA,NA,NA,0,20,NA,NA,NA,0,2,NA
26,143,MI,Roscommon County,26143,NA,NA,NA,0,17,0.01639344262295082,0,0.30894792860328973,2,122,0.2490566037735849,0.1817590675358834,0.3163541400112864,726,2915,NA,NA,NA,0,13,NA,NA,NA,0,0,NA
26,145,MI,Saginaw County,26145,0.7142857142857143,0.022321844992444606,1,55,77,0.41777854791197366,0.34954363856955983,0.4860134572543875,2411,5771,0.144828846944838,0.11277362801270407,0.17688406587697192,3169,21881,0.48799043582219326,0.40829631977527886,0.5676845518691076,4490,9201,0.014373716632443531,0,0.16648199277341863,7,487,NA
26,147,MI,St. Clair County,26147,NA,NA,NA,4,20,0.2278270509977827,0.1398435642006175,0.3158105377949479,411,1804,0.1329492827290184,0.11217174630213125,0.15372681915590555,3531,26559,0.2838002436053593,0.11329957279639624,0.4543009144143224,233,821,NA,NA,NA,0,167,NA
26,149,MI,St. Joseph County,26149,NA,NA,NA,0,96,0.1177739430543572,0.057341040300353946,0.17820684580836046,273,2318,0.12770155985716972,0.09692052347006605,0.15848259624427338,1359,10642,0.334841628959276,0.17817401300991922,0.4915092449086328,74,221,NA,NA,NA,1,64,NA
26,151,MI,Sanilac County,26151,NA,NA,NA,0,1,0.18886679920477137,0.10060819047045388,0.27712540793908885,95,503,0.24077090119435396,0.20656975947266665,0.27497204291604127,1774,7368,NA,NA,NA,2,21,NA,NA,NA,0,10,NA
26,153,MI,Schoolcraft County,26153,0.17197452229299362,0.04356701066629745,0.30038203391968976,27,157,0.043478260869565216,0,0.6425813454373246,2,46,0.19095477386934673,0.11737449618877882,0.26453505154991463,190,995,NA,NA,NA,0,0,NA,NA,NA,1,7,NA
26,155,MI,Shiawassee County,26155,NA,NA,NA,2,31,0.2657580919931857,0.03469086539482816,0.4968253185915432,156,587,0.1510034263338228,0.11964853496816621,0.18235831769947938,1851,12258,NA,NA,NA,0,46,NA,NA,NA,0,20,NA
26,157,MI,Tuscola County,26157,0.10606060606060606,0,0.8174756908878651,7,66,0.07898894154818326,0.025146192287552806,0.1328316908088137,50,633,0.16463143872113678,0.13590963406647896,0.1933532433757946,1483,9008,0.49523809523809526,0.18747149343854264,0.8030046970376479,52,105,NA,NA,NA,16,43,NA
26,159,MI,Van Buren County,26159,0.19545454545454546,0,0.4562936565002256,43,220,0.2306145893164848,0.16719898730116667,0.2940301913318029,803,3482,0.15504807692307693,0.11827958174139637,0.1918165721047575,1806,11648,0.7536704730831973,0.5903802279502827,0.916960718216112,462,613,NA,NA,NA,0,64,NA
26,161,MI,Washtenaw County,26161,NA,NA,NA,0,145,0.12028301886792453,0.0800950161623444,0.16047102157350465,663,5512,0.07952950782027403,0.06589690788821317,0.09316210775233488,3117,39193,0.3145196989818504,0.2619838195076478,0.36705557845605297,2842,9036,0.08542413381123058,0.03132162930080881,0.13952663832165235,429,5022,NA
26,163,MI,Wayne County,26163,0.2806236080178174,0.152195198695021,0.4090520173406138,378,1347,0.31370873217425277,0.28725709251161413,0.3401603718368914,12847,40952,0.2005491024287223,0.18682248436455054,0.21427572049289403,33236,165725,0.43136376193253323,0.41583091740973344,0.446896606455333,70267,162895,0.21380115252753665,0.17242789578657475,0.25517440926849855,2931,13709,NA
26,165,MI,Wexford County,26165,0.4444444444444444,0.09923521126804591,0.7896536776208429,8,18,0.27483443708609273,0.13426766903325374,0.41540120513893175,83,302,0.16771488469601678,0.13783784474868063,0.19759192464335293,1120,6678,NA,NA,NA,0,131,NA,NA,NA,0,62,NA
27,000,MN,Minnesota,27000,0.3226252913752914,0.2951301517371868,0.35012043101339596,4429,13728,0.16982953970268733,0.15480589897316605,0.1848531804322086,21809,128417,0.061074809330047844,0.05838303680647767,0.06376658185361803,50538,827477,0.24644228771098062,0.22807993996577552,0.2648046354561857,32020,129929,0.14902548725637182,0.13000788001751717,0.16804309449522647,11431,76705,NA
27,001,MN,Aitkin County,27001,0.16216216216216217,0,0.44467186023684474,12,74,0.0967741935483871,0,0.44190021253845835,6,62,0.1333021515434986,0.09236421242660442,0.17424009066039275,285,2138,NA,NA,NA,0,31,NA,NA,NA,10,12,NA
27,003,MN,Anoka County,27003,0.058823529411764705,0,0.14041091542209955,26,442,0.16288175411119812,0.10972807053886337,0.2160354376835329,1248,7662,0.06764291748803154,0.05454091592236286,0.08074491905370022,3603,53265,0.1417640628941394,0.10004742724655012,0.18348069854172866,1686,11893,0.12352214575613199,0.0645138561710753,0.18253043534118868,700,5667,NA
27,005,MN,Becker County,27005,0.696798493408663,0.5861284190283274,0.8074685677889986,370,531,0.5305466237942122,0.400376225305057,0.6607170222833675,165,311,0.11662531017369727,0.0808843576194775,0.15236626272791703,705,6045,NA,NA,NA,101,109,NA,NA,NA,0,65,NA
27,007,MN,Beltrami County,27007,0.3273921200750469,0.2433138028045066,0.41147043734558725,1047,3198,0.24253731343283583,0.07733297317345625,0.4077416536922154,130,536,0.09585579514824798,0.07450112267393506,0.11721046762256089,569,5936,0.5046728971962616,0.17624388621694537,0.8331019081755779,54,107,NA,NA,NA,0,57,NA
27,009,MN,Benton County,27009,NA,NA,NA,3,32,0.11231884057971014,0.03438677301872027,0.1902509081407,62,552,0.06874221668742217,0.04285424215903669,0.09463019121580765,552,8030,0.4925925925925926,0.1305301377414702,0.8546550474437149,399,810,NA,NA,NA,3,59,NA
27,011,MN,Big Stone County,27011,NA,NA,NA,0,0,0.2391304347826087,0,0.637501536507737,11,46,0.18551587301587302,0.12750139396188792,0.24353035206985812,187,1008,NA,NA,NA,0,0,NA,NA,NA,0,0,NA
27,013,MN,Blue Earth County,27013,0.1111111111111111,0,0.7495644070157776,7,63,0.14035087719298245,0.07103922722297724,0.20966252716298767,136,969,0.10711857822666797,0.07711191486503725,0.1371252415882987,1103,10297,0.10384615384615385,0.004616636461531293,0.2030756712307764,108,1040,0.013422818791946308,0,0.42728613761492373,2,149,NA
27,015,MN,Brown County,27015,NA,NA,NA,0,12,0.11811023622047244,0.0026371131759230365,0.23358335926502183,60,508,0.05757017004712149,0.035146356648521684,0.0799939834457213,281,4881,0.046153846153846156,0,0.567230908639027,3,65,NA,NA,NA,0,2,NA
27,017,MN,Carlton County,27017,0.24034334763948498,0.12256098046137534,0.3581257148175946,56,233,0.29310344827586204,0.11871600097279811,0.467490895578926,51,174,0.13549883990719258,0.09483206134242361,0.17616561847196155,876,6465,NA,NA,NA,0,100,NA,NA,NA,24,75,NA
27,019,MN,Carver County,27019,0.23636363636363636,0.11659084423748065,0.3561364284897921,26,110,0.05780051150895141,0.01682651029984203,0.09877451271806079,113,1955,0.03243663647177235,0.021062505999115924,0.04381076694442877,709,21858,0.09482758620689655,0.005572973866965855,0.18408219854682722,66,696,NA,NA,NA,0,786,NA
27,021,MN,Cass County,27021,0.386952636282395,0.32125215189850886,0.45265312066628116,433,1119,0.21888412017167383,0.0876350157158158,0.3501332246275318,51,233,0.12010376134889754,0.0966545783957101,0.14355294430208498,463,3855,NA,NA,NA,3,35,NA,NA,NA,6,51,NA
27,023,MN,Chippewa County,27023,NA,NA,NA,76,80,0.3933333333333333,0.21926157747422387,0.5674050891924427,236,600,0.131888836552049,0.0630815651422102,0.2006961079618878,280,2123,NA,NA,NA,0,8,0.14388489208633093,0,0.46172131073952893,20,139,NA
27,025,MN,Chisago County,27025,NA,NA,NA,0,15,0.2421875,0.1345460949688219,0.34982890503117814,124,512,0.06115536024901584,0.03824824016937361,0.08406248032865807,668,10923,NA,NA,NA,0,87,0.14496314496314497,0,0.3096552321728234,59,407,NA
27,027,MN,Clay County,27027,0.449438202247191,0,0.9811494993539689,40,89,0.24624624624624625,0.05731743407964546,0.43517505841284704,328,1332,0.08021968877423649,0.05094179585858593,0.10949758168988705,964,12017,0.48626373626373626,0.3166633666113253,0.6558641059161472,531,1092,NA,NA,NA,0,329,NA
27,029,MN,Clearwater County,27029,0.19858156028368795,0.08159575152372665,0.31556736904364924,28,141,0.06451612903225806,0,0.6116565804929424,2,31,0.1220110361741263,0.0827704001372204,0.1612516722110322,199,1631,NA,NA,NA,0,0,NA,NA,NA,9,30,NA
27,031,MN,Cook County,27031,0.24705882352941178,0.029083679352218228,0.4650339677066053,21,85,NA,NA,NA,0,32,0.22651006711409397,0.12919599754263436,0.32382413668555354,135,596,NA,NA,NA,0,0,NA,NA,NA,0,7,NA
27,033,MN,Cottonwood County,27033,0.7285714285714285,0.2136495775029832,1,51,70,0.4627659574468085,0.35748145931924397,0.5680504555743731,261,564,0.12653061224489795,0.0729259614854322,0.1801352630043637,248,1960,NA,NA,NA,0,75,0.34285714285714286,0.07016913192714547,0.6155451537871403,48,140,NA
27,035,MN,Crow Wing County,27035,NA,NA,NA,0,54,0.1242603550295858,0.011329209105902072,0.23719150095326952,42,338,0.1255832992222677,0.0880874446741581,0.16307915377037732,1534,12215,NA,NA,NA,0,130,NA,NA,NA,9,33,NA
27,037,MN,Dakota County,27037,0.11377245508982035,0,0.29232528101344946,57,501,0.122563496751329,0.08898705670003987,0.15613993680261815,1660,13544,0.029987674160984818,0.02185100228865943,0.038124346033310205,1922,64093,0.16885670867971753,0.12170146644347848,0.21601195091595657,1889,11187,0.06424682395644284,0.028536370444825647,0.09995727746806002,354,5510,NA
27,039,MN,Dodge County,27039,NA,NA,NA,1,19,0.2662037037037037,0.134228167313993,0.39817924009341443,115,432,0.060359281437125746,0.03175223224165283,0.08896633063259866,252,4175,0.8518518518518519,0.5362881798211793,1,69,81,NA,NA,NA,0,6,NA
27,041,MN,Douglas County,27041,NA,NA,NA,0,1,0.03757225433526012,0,0.13294796675183804,13,346,0.07670942996958074,0.0543973986707245,0.09902146126843699,580,7561,0.26785714285714285,0,0.755364011088684,15,56,0.6707317073170732,0.2831147215417105,1,55,82,NA
27,043,MN,Faribault County,27043,NA,NA,NA,0,2,0.28329297820823246,0.13223049912619983,0.4343554572902651,117,413,0.07285595337218984,0.04756928650912332,0.09814262023525636,175,2402,NA,NA,NA,5,5,NA,NA,NA,0,12,NA
27,045,MN,Fillmore County,27045,NA,NA,NA,0,0,0.06451612903225806,0,0.4085529587112429,6,93,0.12067528136723635,0.09594338293758331,0.14540717979688939,579,4798,NA,NA,NA,4,17,NA,NA,NA,0,59,NA
27,047,MN,Freeborn County,27047,NA,NA,NA,0,23,0.3007456503728252,0.1989153665028235,0.4025759342428269,363,1207,0.05787709497206704,0.030636737988844195,0.08511745195528989,259,4475,0.4017857142857143,0,0.9350514338385657,45,112,0.1881720430107527,0,0.4135756500490187,70,372,NA
27,049,MN,Goodhue County,27049,0.4342105263157895,0.3053914282090404,0.5630296244225386,66,152,0.23728813559322035,0.13023124645744438,0.3443450247289963,168,708,0.06951685783802572,0.03537885205949655,0.10365486361655489,600,8631,0.8429003021148036,0.6791507004940057,1,279,331,NA,NA,NA,0,70,NA
27,051,MN,Grant County,27051,NA,NA,NA,0,2,0.2,0.006772896712190668,0.39322710328780935,12,60,0.1501230516817063,0.10201610776979517,0.19822999559361745,183,1219,NA,NA,NA,1,5,NA,NA,NA,0,0,NA
27,053,MN,Hennepin County,27053,0.2364192807957154,0.11481945256289085,0.35801910902853995,309,1307,0.1787267455907224,0.14419344745649437,0.21326004372495044,5918,33112,0.03147307192857088,0.02501126345200877,0.03793488040513299,4096,130143,0.2673070299644101,0.238153134742092,0.2964609251867282,13970,52262,0.08547784842062771,0.06312949393761125,0.10782620290364417,1694,19818,NA
27,055,MN,Houston County,27055,NA,NA,NA,0,7,0.024,0,0.2445926282774353,3,125,0.024411013340902638,0.014264696331468636,0.03455733035033664,86,3523,NA,NA,NA,0,12,NA,NA,NA,0,27,NA
27,057,MN,Hubbard County,27057,0.3111111111111111,0.031814765228869446,0.5904074569933528,28,90,0.16101694915254236,0.00863315154958677,0.31340074675549795,38,236,0.11587639850825786,0.0794339668411636,0.1523188301753521,435,3754,NA,NA,NA,0,29,NA,NA,NA,0,6,NA
27,059,MN,Isanti County,27059,NA,NA,NA,0,26,0.09887005649717515,0,0.27429399120488196,35,354,0.07672758078179838,0.0557328601120637,0.09772230145153306,634,8263,NA,NA,NA,46,81,0.02032520325203252,0,0.25068923264076404,5,246,NA
27,061,MN,Itasca County,27061,0.5582089552238806,0.4084936449076677,0.7079242655400935,187,335,0.08487084870848709,0,0.23168409382259675,23,271,0.11833733917715256,0.08698368720748598,0.14969099114681914,837,7073,0.24210526315789474,0,0.5486769158007015,23,95,NA,NA,NA,0,37,NA
27,063,MN,Jackson County,27063,NA,NA,NA,0,8,0.03468208092485549,0,0.18065263323266806,6,173,0.06556442417331813,0.03255626467968162,0.09857258366695465,115,1754,NA,NA,NA,0,30,NA,NA,NA,0,0,NA
27,065,MN,Kanabec County,27065,NA,NA,NA,0,13,0.07692307692307693,0,0.18177586856464245,7,91,0.09839291571006888,0.05828160472293562,0.13850422669720214,300,3049,NA,NA,NA,0,79,NA,NA,NA,3,13,NA
27,067,MN,Kandiyohi County,27067,NA,NA,NA,70,76,0.17637605464041783,0.06864949623096078,0.2841026130498749,439,2489,0.06333490491906334,0.039151501494039134,0.08751830834408754,403,6363,0.27218344965104685,0.09863073429236355,0.4457361650097301,273,1003,0.2032520325203252,0,0.45452721110971855,50,246,NA
27,069,MN,Kittson County,27069,NA,NA,NA,0,1,NA,NA,NA,0,7,0.06934306569343066,0.03952400812419177,0.09916212326266954,57,822,NA,NA,NA,0,2,NA,NA,NA,0,6,NA
27,071,MN,Koochiching County,27071,0.15,0,0.32756539738522816,6,40,NA,NA,NA,25,25,0.18143961927424151,0.0978390060345502,0.2650402325139328,305,1681,NA,NA,NA,0,0,NA,NA,NA,0,9,NA
27,073,MN,Lac qui Parle County,27073,NA,NA,NA,0,0,0.24731182795698925,0,0.4964137603755957,23,93,0.0888529886914378,0.05517461250702171,0.1225313648758539,110,1238,NA,NA,NA,0,5,NA,NA,NA,0,4,NA
27,075,MN,Lake County,27075,NA,NA,NA,0,0,0.05084745762711865,0,0.5280673359149537,3,59,0.06494900697799248,0.02557967131419244,0.10431834264179252,121,1863,NA,NA,NA,17,17,NA,NA,NA,7,7,NA
27,077,MN,Lake of the Woods County,27077,NA,NA,NA,0,0,NA,NA,NA,0,23,0.06587837837837837,1.9261668051273606e-5,0.13173749508870547,39,592,NA,NA,NA,0,0,NA,NA,NA,0,0,NA
27,079,MN,Le Sueur County,27079,NA,NA,NA,0,6,0.07783641160949868,0,0.16404773340077203,59,758,0.04428518926865123,0.02468406858369385,0.06388630995360861,241,5442,NA,NA,NA,0,5,NA,NA,NA,0,9,NA
27,081,MN,Lincoln County,27081,NA,NA,NA,0,0,NA,NA,NA,23,23,0.1072961373390558,0.07474238896782007,0.13984988571029153,125,1165,NA,NA,NA,0,5,NA,NA,NA,0,6,NA
27,083,MN,Lyon County,27083,0.05555555555555555,0,0.9180907730765115,2,36,0.2531500572737686,0,0.5146065801222028,221,873,0.06662269129287599,0.03929041805362617,0.0939549645321258,303,4548,0.957345971563981,0.8276314961822727,1,202,211,0.07142857142857142,0,0.24770761928562549,25,350,NA
27,085,MN,McLeod County,27085,NA,NA,NA,0,35,0.20266666666666666,0.09063001246197609,0.3147033208713572,228,1125,0.07870297497245396,0.04686730331616961,0.1105386466287383,500,6353,NA,NA,NA,13,15,NA,NA,NA,0,89,NA
27,087,MN,Mahnomen County,27087,0.3159420289855073,0.2441510923602795,0.38773296561073506,218,690,0.3050847457627119,0.13312085073159974,0.47704864079382403,36,118,0.06881720430107527,0.02738345679229698,0.11025095180985356,32,465,NA,NA,NA,0,0,NA,NA,NA,7,7,NA
27,089,MN,Marshall County,27089,NA,NA,NA,1,4,0.17123287671232876,0,0.36640269373573275,25,146,0.09809578765147144,0.06514444701196828,0.1310471282909746,170,1733,NA,NA,NA,0,2,NA,NA,NA,0,3,NA
27,091,MN,Martin County,27091,NA,NA,NA,0,16,0.0730050933786078,0,0.15736146070108498,43,589,0.160876993166287,0.10265022506177654,0.21910376127079748,565,3512,0.2857142857142857,0,0.9877651856970063,12,42,NA,NA,NA,0,0,NA
27,093,MN,Meeker County,27093,0.875,0.3800707698595281,1,14,16,0.036458333333333336,0,0.14684985832346314,14,384,0.08282082820828209,0.05170633663924649,0.11393531977731769,404,4878,NA,NA,NA,0,6,NA,NA,NA,0,7,NA
27,095,MN,Mille Lacs County,27095,0.3744292237442922,0.26534908455186357,0.48350936293672087,164,438,0.1092436974789916,0,0.22598430108816414,26,238,0.08697402858868532,0.06106826279172346,0.11287979438564717,432,4967,NA,NA,NA,12,17,0.011235955056179775,0,0.5514980595091578,1,89,NA
27,097,MN,Morrison County,27097,NA,NA,NA,0,8,0.12790697674418605,0.05350774589863325,0.20230620758973886,33,258,0.11333333333333333,0.08371382889727742,0.14295283776938925,799,7050,NA,NA,NA,0,24,NA,NA,NA,7,14,NA
27,099,MN,Mower County,27099,0.15384615384615385,0,0.3457595358051033,42,273,0.3733021077283372,0.2438259767897971,0.5027782386668773,797,2135,0.08143034165338998,0.0497649633420488,0.11309571996473117,460,5649,0.06070826306913996,0,0.19432764702231914,36,593,0.17668161434977578,0.02281181025115067,0.33055141844840086,197,1115,NA
27,101,MN,Murray County,27101,NA,NA,NA,0,3,0.058394160583941604,0,0.12081136714244596,8,137,0.10633802816901408,0.06622864816768514,0.14644740817034302,151,1420,NA,NA,NA,0,14,NA,NA,NA,6,6,NA
27,103,MN,Nicollet County,27103,NA,NA,NA,1,13,0.271513353115727,0.09594330028507261,0.4470834059463814,183,674,0.033925686591276254,0.013740300688415155,0.05411107249413735,189,5571,0.05199306759098787,0,0.19138228639976665,30,577,NA,NA,NA,0,71,NA
27,105,MN,Nobles County,27105,0.3181818181818182,0.24560220337509014,0.3907614329885462,105,330,0.25332920408795295,0.1714186906746626,0.3352397175012433,818,3229,0.07545412203074056,0.044062046369591185,0.10684619769188994,162,2147,0.18673218673218672,0,0.3819078512085337,76,407,0.04838709677419355,0,0.3216124100179788,9,186,NA
27,107,MN,Norman County,27107,NA,NA,NA,4,26,0.15789473684210525,0,0.3191399745972368,21,133,0.10995670995670996,0.07352357385785632,0.1463898460555636,127,1155,NA,NA,NA,0,9,NA,NA,NA,0,5,NA
27,109,MN,Olmsted County,27109,NA,NA,NA,0,35,0.0389573188198224,0,0.07982397303428258,136,3491,0.036463597040869954,0.024140418137013633,0.048786775944726274,902,24737,0.2703474535935269,0.16198446696346036,0.37871044022359346,1136,4202,0.04845045831514622,0.008812228893225783,0.08808868773706666,111,2291,NA
27,111,MN,Otter Tail County,27111,NA,NA,NA,10,26,0.16591928251121077,0.040636784049876196,0.29120178097254534,148,892,0.06925411569943898,0.05406391027410023,0.08444432112477773,753,10873,0.1037344398340249,0,0.2609488167747441,25,241,NA,NA,NA,0,86,NA
27,113,MN,Pennington County,27113,NA,NA,NA,0,0,0.23809523809523808,0,0.7916919300178349,15,63,0.12981744421906694,0.07509675377881606,0.18453813465931782,320,2465,NA,NA,NA,0,0,NA,NA,NA,0,76,NA
27,115,MN,Pine County,27115,0.5450236966824644,0.4024201452588564,0.6876272481060725,115,211,0.30603448275862066,0.127365929763266,0.48470303575397533,71,232,0.08669489636728327,0.060348677434774525,0.11304111529979201,389,4487,0.0875,0,0.3917785116606869,7,80,0.22131147540983606,0,0.7575926693185225,27,122,NA
27,117,MN,Pipestone County,27117,NA,NA,NA,0,28,0.1330049261083744,0,0.28174539280524125,54,406,0.07920258620689655,0.032512826698565214,0.1258923457152279,147,1856,NA,NA,NA,31,31,NA,NA,NA,0,0,NA
27,119,MN,Polk County,27119,NA,NA,NA,0,4,0.3486682808716707,0.19604273061376262,0.5012938311295787,288,826,0.06716818914562063,0.04409757785443434,0.09023880043680692,375,5583,NA,NA,NA,156,170,NA,NA,NA,0,59,NA
27,121,MN,Pope County,27121,NA,NA,NA,0,12,0.4411764705882353,0,0.9380159019858183,30,68,0.0933572710951526,0.04980351747041955,0.13691102471988564,208,2228,NA,NA,NA,4,4,NA,NA,NA,0,19,NA
27,123,MN,Ramsey County,27123,0.34081346423562414,0.23809841341460536,0.4435285150566429,243,713,0.15223283427981416,0.11670062918945057,0.18776503937017774,2359,15496,0.059888790324325494,0.0466546862609038,0.07312289438774719,2768,46219,0.27164306756628337,0.21959884699293292,0.3236872881396338,5717,21046,0.2725060827250608,0.22784245857140445,0.3171697068787172,7056,25893,NA
27,125,MN,Red Lake County,27125,NA,NA,NA,0,11,NA,NA,NA,0,54,0.04701397712833545,0.026376875401021068,0.06765107885564983,37,787,NA,NA,NA,0,19,NA,NA,NA,0,0,NA
27,127,MN,Redwood County,27127,0.20689655172413793,0.05047502482839317,0.3633180786198827,36,174,0.08394160583941605,0,0.19128503620364667,23,274,0.11716621253405994,0.07550097755255472,0.15883144751556516,344,2936,NA,NA,NA,15,45,0.636986301369863,0.4683673367071433,0.8056052660325828,93,146,NA
27,129,MN,Renville County,27129,NA,NA,NA,0,24,0.28500823723228996,0.20406217145724365,0.3659543030073363,173,607,0.1,0.07500504556630735,0.12499495443369266,256,2560,0.5555555555555556,0.2059862675357479,0.9051248435753633,30,54,NA,NA,NA,0,25,NA
27,131,MN,Rice County,27131,0.9316239316239316,0.7226914974976412,1,109,117,0.1995876288659794,0.11394766052371122,0.28522759720824753,484,2425,0.08687773158511886,0.057669462211442216,0.1160860009587955,815,9381,0.3028685790527018,0.10983642737545304,0.49590073072995056,454,1499,0.04182509505703422,0,0.2869385063747122,11,263,NA
27,133,MN,Rock County,27133,0.7333333333333333,0.04159014579603537,1,22,30,0.2808219178082192,0.0677530786576715,0.4938907569587669,41,146,0.0944527736131934,0.053466308588647544,0.13543923863773927,189,2001,NA,NA,NA,0,0,NA,NA,NA,0,5,NA
27,135,MN,Roseau County,27135,0.23333333333333334,0,0.796461371982204,14,60,0.4083333333333333,0.18274329938879577,0.6339233672778709,49,120,0.13197278911564625,0.09008398459760088,0.17386159363369164,388,2940,NA,NA,NA,0,40,NA,NA,NA,0,89,NA
27,137,MN,St. Louis County,27137,0.4725085910652921,0.29567225034444694,0.6493449317861373,275,582,0.20135746606334842,0.09776633380812655,0.3049485983185703,267,1326,0.1012531328320802,0.08283031868301584,0.11967594698114457,3030,29925,0.4891067538126362,0.3194800769821462,0.6587334306431262,449,918,0.08116883116883117,0,0.29731140172114634,25,308,NA
27,139,MN,Scott County,27139,0.056074766355140186,0.0136907153966207,0.09845881731365967,18,321,0.050768784450246594,0.01738286153032742,0.08415470737016577,175,3447,0.020861833105335157,0.012290568690392651,0.029433097520277663,549,26316,0.28791270285394516,0.17403501025559776,0.40179039545229256,1029,3574,0.028832951945080093,0,0.0676059316884089,63,2185,NA
27,141,MN,Sherburne County,27141,NA,NA,NA,0,26,0.038294168842471714,0,0.0956634818849838,44,1149,0.03887165568049632,0.020096145105309826,0.05764716625568281,802,20632,0.0109460516028147,0,0.044541950094850846,14,1279,0.06016597510373444,0,0.19663951542610375,29,482,NA
27,143,MN,Sibley County,27143,NA,NA,NA,6,16,0.2084130019120459,0.02227450783041343,0.39455149599367834,109,523,0.061886792452830186,0.039066020401253704,0.08470756450440667,164,2650,NA,NA,NA,0,31,NA,NA,NA,1,15,NA
27,145,MN,Stearns County,27145,NA,NA,NA,0,1,0.20433333333333334,0.1463856118936123,0.2622810547730544,613,3000,0.07387323666941727,0.05735415311045586,0.09039232022837868,1880,25449,0.351565129585998,0.24121415686101172,0.4619161023109843,2089,5942,0.302491103202847,0.08978926678036195,0.5151929396253321,170,562,NA
27,147,MN,Steele County,27147,NA,NA,NA,0,25,0.0848,0,0.17034330901975533,106,1250,0.07993376486527172,0.04852465188307693,0.1113428778474665,531,6643,0.5056689342403629,0.30113394428309603,0.7102039241976297,223,441,NA,NA,NA,0,50,NA
27,149,MN,Stevens County,27149,NA,NA,NA,5,5,0.09090909090909091,0,0.225779711978533,30,330,0.029807130333138514,0.011207587857740127,0.0484066728085369,51,1711,NA,NA,NA,2,2,0.2631578947368421,0,0.8788273789819405,15,57,NA
27,151,MN,Swift County,27151,NA,NA,NA,0,51,0.10861423220973783,0.026399690183251542,0.19082877423622413,29,267,0.06484848484848485,0.040852983232339504,0.0888439864646302,107,1650,0.07142857142857142,0,0.6319128423627741,3,42,0.9761904761904762,0.16871214843655247,1,82,84,NA
27,153,MN,Todd County,27153,NA,NA,NA,0,0,0.34990253411306044,0.14088746230798205,0.5589176059181389,359,1026,0.1469440832249675,0.11795299227882894,0.17593517417110605,678,4614,NA,NA,NA,0,77,NA,NA,NA,0,14,NA
27,155,MN,Traverse County,27155,NA,NA,NA,0,33,0.19402985074626866,0,0.49343932197597395,13,67,0.08858267716535433,0.03898152579505798,0.13818382853565067,45,508,NA,NA,NA,0,4,NA,NA,NA,0,0,NA
27,157,MN,Wabasha County,27157,NA,NA,NA,0,22,0.19480519480519481,0,0.513778932296808,60,308,0.044032723772858516,0.02869793857043687,0.05936750897528016,183,4156,NA,NA,NA,4,14,NA,NA,NA,20,54,NA
27,159,MN,Wadena County,27159,NA,NA,NA,0,15,NA,NA,NA,0,81,0.14915604547020322,0.096908307846661,0.20140378309374546,433,2903,0.7333333333333333,0.23756526039060727,1,77,105,NA,NA,NA,0,4,NA
27,161,MN,Waseca County,27161,NA,NA,NA,0,6,0.11419753086419752,0,0.31624105225759436,37,324,0.05547652916073969,0.031912800260713275,0.0790402580607661,195,3515,NA,NA,NA,0,30,NA,NA,NA,0,89,NA
27,163,MN,Washington County,27163,NA,NA,NA,0,49,0.14686914915747867,0.0789112699287985,0.21482702838615886,706,4807,0.03130245429388014,0.0209164232429642,0.041688485344796085,1380,44086,0.0435228905768836,0.016769318020238417,0.07027646313352878,212,4871,0.054049819833933886,0.012156704933117018,0.09594293473475075,345,6383,NA
27,165,MN,Watonwan County,27165,NA,NA,NA,65,65,0.33651026392961875,0.2206821495022567,0.45233837835698076,459,1364,0.1092217135382603,0.06330264817503957,0.15514077890148104,167,1529,NA,NA,NA,0,0,NA,NA,NA,3,6,NA
27,167,MN,Wilkin County,27167,NA,NA,NA,0,13,0.045871559633027525,0,0.26851677480613145,5,109,0.1220136518771331,0.05084774679336858,0.1931795569608976,143,1172,NA,NA,NA,0,0,NA,NA,NA,0,0,NA
27,169,MN,Winona County,27169,NA,NA,NA,21,38,0.07589285714285714,0,0.16112592107383217,51,672,0.05943262411347518,0.040758148957469986,0.07810709926948037,419,7050,0.9122807017543859,0.8524183682473496,0.9721430352614222,364,399,NA,NA,NA,0,145,NA
27,171,MN,Wright County,27171,0.09090909090909091,0,0.40783234565809456,12,132,0.16591251885369532,0.07508041166152704,0.25674462604586357,330,1989,0.04949812734082397,0.03483288593165796,0.06416336874998999,1652,33375,0.009523809523809525,0,0.036177489156818,11,1155,NA,NA,NA,0,692,NA
27,173,MN,Yellow Medicine County,27173,0.18421052631578946,0,0.6919967911095557,7,38,0.05555555555555555,0,0.11156014564254019,10,180,0.07288135593220339,0.045816444714526186,0.0999462671498806,129,1770,NA,NA,NA,0,0,NA,NA,NA,0,6,NA
28,000,MS,Mississippi,28000,0.3563398692810458,0.26548121944866115,0.4471985191134304,1363,3825,0.3396682066358673,0.3144112411701316,0.36492517210160297,12940,38096,0.12987508930991154,0.12296649850998245,0.13678368010984063,42172,324712,0.41141770597835037,0.3995236928892926,0.4233117190674081,109916,267164,0.14142319412081017,0.10103584811619798,0.18181054012542236,789,5579,NA
28,001,MS,Adams County,28001,NA,NA,NA,0,0,0.18181818181818182,6.992613491614286e-4,0.3629371022872022,8,44,0.04377487208641274,0.008714198119149849,0.07883554605367563,77,1759,0.5988372093023255,0.5279585323711306,0.6697158862335205,2369,3956,NA,NA,NA,0,0,NA
28,003,MS,Alcorn County,28003,NA,NA,NA,0,0,0.02564102564102564,0,0.14105036859065542,13,507,0.1112488928255093,0.06917912019700283,0.1533186654540158,628,5645,0.3836150845253576,0.28435033889519673,0.48287983015551844,295,769,NA,NA,NA,0,99,NA
28,005,MS,Amite County,28005,NA,NA,NA,0,0,NA,NA,NA,0,0,0.20795795795795796,0.06752397370457103,0.3483919422113449,277,1332,0.6451342281879194,0.4955333947755345,0.7947350616003044,769,1192,NA,NA,NA,0,0,NA
28,007,MS,Attala County,28007,NA,NA,NA,5,5,0.34177215189873417,0,0.8839165343191946,54,158,0.10344827586206896,0.03600776209274778,0.17088878963139015,198,1914,0.42651685393258426,0.3415427379479551,0.5114909699172134,949,2225,NA,NA,NA,0,18,NA
28,009,MS,Benton County,28009,NA,NA,NA,0,2,0.373134328358209,0,0.9628492655201819,25,67,0.25,0.12678762634402438,0.3732123736559756,232,928,0.6135084427767354,0.42144997399442957,0.8055669115590414,327,533,NA,NA,NA,0,6,NA
28,011,MS,Bolivar County,28011,NA,NA,NA,0,0,0.4323308270676692,0.019690128344023283,0.8449715257913151,115,266,0.11334867663981588,0.019417235211505512,0.20728011806812624,197,1738,0.5875555555555556,0.5362285572465211,0.6388825538645901,2644,4500,NA,NA,NA,36,77,NA
28,013,MS,Calhoun County,28013,NA,NA,NA,0,0,0.6617647058823529,0.6014907091355484,0.7220387026291575,225,340,0.09993674889310562,0.04413606066221468,0.15573743712399657,158,1581,0.4685929648241206,0.322726470491599,0.6144594591566421,373,796,NA,NA,NA,0,0,NA
28,015,MS,Carroll County,28015,NA,NA,NA,0,0,NA,NA,NA,0,0,0.016632016632016633,0,0.04072848377245846,16,962,0.4410919540229885,0.24344601143235525,0.6387378966136218,307,696,NA,NA,NA,0,0,NA
28,017,MS,Chickasaw County,28017,NA,NA,NA,0,0,0.3287671232876712,0,0.8973823377494083,24,73,0.1967670011148272,0.11222032035695906,0.28131368187269534,353,1794,0.40599455040871935,0.32152364357479934,0.49046545724263935,894,2202,NA,NA,NA,0,11,NA
28,019,MS,Choctaw County,28019,NA,NA,NA,0,0,NA,NA,NA,0,49,0.10600375234521577,0.016581398883347698,0.19542610580708383,113,1066,0.31453362255965295,0.2261324548300721,0.4029347902892338,145,461,NA,NA,NA,29,29,NA
28,021,MS,Claiborne County,28021,NA,NA,NA,0,0,NA,NA,NA,0,0,NA,NA,NA,32,47,0.33821805392731535,0.22169326777131224,0.45474284008331844,577,1706,NA,NA,NA,0,0,NA
28,023,MS,Clarke County,28023,NA,NA,NA,0,0,0.1111111111111111,0,0.6207365028558818,6,54,0.09484536082474226,0.042302650532948516,0.147388071116536,184,1940,0.39565217391304347,0.2582589506644152,0.5330453971616718,455,1150,NA,NA,NA,0,0,NA
28,025,MS,Clay County,28025,NA,NA,NA,0,0,NA,NA,NA,0,0,0.08237378210806023,0,0.18138852956723384,93,1129,0.4121838261489134,0.31329578231628047,0.5110718699815464,1157,2807,NA,NA,NA,0,0,NA
28,027,MS,Coahoma County,28027,NA,NA,NA,0,0,0.06944444444444445,0,0.4070183920564263,10,144,0.0584958217270195,4.163897953752341e-4,0.11657525365866375,42,718,0.5750965689615997,0.5008827768987304,0.6493103610244689,2531,4401,NA,NA,NA,10,10,NA
28,029,MS,Copiah County,28029,NA,NA,NA,0,0,0.4214876033057851,0.27776950783867804,0.5652056987728922,255,605,0.19790675547098002,0.12397830796637549,0.27183520297558456,416,2102,0.47780064686856805,0.3979566345638779,0.5576446591732581,1625,3401,NA,NA,NA,0,0,NA
28,031,MS,Covington County,28031,NA,NA,NA,0,0,NA,NA,NA,0,117,0.13171140939597314,0.06206762886561183,0.20135518992633444,314,2384,0.3172043010752688,0.11657340131965499,0.5178352008308826,531,1674,NA,NA,NA,0,0,NA
28,033,MS,DeSoto County,28033,0.36,0,0.942889619172194,45,125,0.1456538762725137,0.07943945170722634,0.21186830083780106,558,3831,0.06566135286514434,0.03626862498209595,0.09505408074819272,1524,23210,0.24362517271699535,0.1958614902801816,0.2913888551538091,3879,15922,0.016129032258064516,0,0.20194823751143187,7,434,NA
28,035,MS,Forrest County,28035,NA,NA,NA,0,74,0.44267274107820803,0.28299791646114436,0.6023475656952717,583,1317,0.11037153576182984,0.0739906349866267,0.146752436537033,912,8263,0.459720420809915,0.3764971536623908,0.5429436879574392,3190,6939,NA,NA,NA,0,44,NA
28,037,MS,Franklin County,28037,NA,NA,NA,0,0,NA,NA,NA,0,0,0.22121212121212122,0.1109241357590798,0.3315001066651626,219,990,0.5903448275862069,0.5164260430858001,0.6642636120866137,428,725,NA,NA,NA,0,0,NA
28,039,MS,George County,28039,NA,NA,NA,0,0,NA,NA,NA,96,216,0.15805187534987872,0.08497261197802214,0.2311311387217353,847,5359,0.8524590163934426,0.7942965976410292,0.9106214351458559,468,549,NA,NA,NA,0,0,NA
28,041,MS,Greene County,28041,NA,NA,NA,0,39,NA,NA,NA,43,58,0.18434873949579833,0.10594991391358524,0.26274756507801145,351,1904,0.390625,0.12049463985103148,0.6607553601489685,175,448,NA,NA,NA,0,0,NA
28,043,MS,Grenada County,28043,NA,NA,NA,0,1,NA,NA,NA,0,52,0.30448430493273543,0.19541714155050366,0.4135514683149672,679,2230,0.3697068403908795,0.27510298928085614,0.4643106915009028,908,2456,NA,NA,NA,0,0,NA
28,045,MS,Hancock County,28045,NA,NA,NA,0,12,0.4396551724137931,0.24750105876388895,0.6318092860636972,204,464,0.15036603221083455,0.098323677561059,0.2024083868606101,1027,6830,0.18823529411764706,0,0.43523041500371384,128,680,NA,NA,NA,0,70,NA
28,047,MS,Harrison County,28047,0.8324607329842932,0.5062848339831003,1,159,191,0.4426487977926685,0.36822821016570273,0.5170693854196343,2246,5074,0.11535001635590449,0.09245255348945185,0.1382474792223571,2821,24456,0.3477711033828644,0.30548614191234563,0.3900560648533831,4400,12652,0.31025641025641026,0.1598256043100365,0.460687216202784,242,780,NA
28,049,MS,Hinds County,28049,0.25806451612903225,0.1064249904711159,0.40970404178694864,48,186,0.2565922920892495,0.14051476767920706,0.37266981649929193,506,1972,0.05267578593712503,0.028564821501161127,0.07678675037308894,439,8334,0.3744885993485342,0.34060819153501654,0.4083690071620518,14371,38375,0.046620046620046623,0,0.21467204654019303,20,429,NA
28,051,MS,Holmes County,28051,NA,NA,NA,0,0,NA,NA,NA,0,15,NA,NA,NA,0,296,0.5486392588303416,0.4846554977472761,0.6126230199134071,1895,3454,NA,NA,NA,0,0,NA
28,053,MS,Humphreys County,28053,NA,NA,NA,0,0,NA,NA,NA,0,0,0.20866141732283464,0.03569136431005707,0.3816314703356122,53,254,0.4358490566037736,0.31596255176307064,0.5557355614444766,693,1590,NA,NA,NA,0,0,NA
28,055,MS,Issaquena County,28055,NA,NA,NA,0,0,NA,NA,NA,0,0,NA,NA,NA,0,3,0.02857142857142857,0,0.7094572288142804,1,35,NA,NA,NA,0,0,NA
28,057,MS,Itawamba County,28057,NA,NA,NA,0,0,0.7115384615384616,0.03487504948239606,1,111,156,0.18128654970760233,0.11714507627880559,0.24542802313639905,713,3933,NA,NA,NA,57,164,NA,NA,NA,0,0,NA
28,059,MS,Jackson County,28059,NA,NA,NA,14,44,0.20406435224386113,0.13124157568817013,0.27688712879955213,723,3543,0.07670498479303056,0.05442122528728502,0.0989887442987761,1488,19399,0.3769802327211552,0.32473391593068984,0.4292265495116206,2689,7133,0.3170731707317073,0.14836657774101344,0.48577976372240117,195,615,NA
28,061,MS,Jasper County,28061,NA,NA,NA,0,0,NA,NA,NA,0,0,0.0512214342001576,0.0015808981578989134,0.10086197024241629,65,1269,0.4853775643823658,0.3545174993976481,0.6162376293670835,1112,2291,NA,NA,NA,0,16,NA
28,063,MS,Jefferson County,28063,NA,NA,NA,0,0,NA,NA,NA,0,12,NA,NA,NA,0,13,0.6249110320284698,0.5340144512193045,0.715807612837635,878,1405,NA,NA,NA,0,6,NA
28,065,MS,Jefferson Davis County,28065,NA,NA,NA,0,0,NA,NA,NA,5,10,0.5769230769230769,0.4551931693743429,0.6986529844718108,405,702,0.49856938483547925,0.39250667504872605,0.6046320946222324,697,1398,NA,NA,NA,0,0,NA
28,067,MS,Jones County,28067,0.10052910052910052,0,0.40813169806238453,19,189,0.48309426229508196,0.31833126889637253,0.6478572556937914,943,1952,0.13663545075031028,0.0912484002105185,0.18202250129010206,1211,8863,0.412054586808188,0.31555540470108434,0.5085537689152917,2174,5276,NA,NA,NA,0,52,NA
28,069,MS,Kemper County,28069,NA,NA,NA,0,67,NA,NA,NA,11,29,0.18251928020565553,0,0.38186012506168604,71,389,0.5450236966824644,0.48200855904737533,0.6080388343175536,575,1055,NA,NA,NA,0,0,NA
28,071,MS,Lafayette County,28071,NA,NA,NA,0,0,0.19237749546279492,0,0.48915047091505365,106,551,0.12266753204608145,0.07238318922649228,0.17295187486567062,756,6163,0.26358595194085027,0.11941882671647372,0.4077530771652268,713,2705,0.13690476190476192,0,0.7458454065599709,23,168,NA
28,073,MS,Lamar County,28073,NA,NA,NA,0,2,0.6107921928817451,0.327177169900351,0.8944072158631393,532,871,0.07950045689917758,0.05499680725021112,0.10400410654814404,783,9849,0.36787695410993443,0.2729917710253511,0.46276213719451775,1459,3966,NA,NA,NA,0,89,NA
28,075,MS,Lauderdale County,28075,NA,NA,NA,0,0,0.5206258890469416,0.37308381703179727,0.668167961062086,366,703,0.27803705275067175,0.21295054921248008,0.34312355628886343,1966,7071,0.5849110728628801,0.5110525281235312,0.6587696176022291,4078,6972,0.7373737373737373,0.5840929892290883,0.8906544855183864,73,99,NA
28,077,MS,Lawrence County,28077,NA,NA,NA,0,0,0.10526315789473684,0,0.2606180630123751,8,76,0.2545348156816852,0.1504550676245635,0.35861456373880685,435,1709,0.3438520130576714,0.19429342124850535,0.4934106048668374,316,919,NA,NA,NA,15,15,NA
28,079,MS,Leake County,28079,0.4634703196347032,0.17754559330661124,0.7493950459627952,203,438,0.41374045801526715,0.20991648685262457,0.6175644291779098,271,655,0.1386904761904762,0.06435140671659015,0.21302954566436225,233,1680,0.4445002511300854,0.33674834963245925,0.5522521526277115,885,1991,NA,NA,NA,0,0,NA
28,081,MS,Lee County,28081,NA,NA,NA,79,87,0.4575513851653262,0.3464616567356253,0.5686411135950271,512,1119,0.06846209648168299,0.042419541642810824,0.09450465132055515,755,11028,0.3002357509360699,0.23675570991101624,0.3637157919611236,2165,7211,NA,NA,NA,0,111,NA
28,083,MS,Leflore County,28083,NA,NA,NA,17,17,0.2056451612903226,0,0.6019237967639093,51,248,0.046788990825688076,0,0.14301917190929017,51,1090,0.515423937951701,0.4367783560679366,0.5940695198354655,2924,5673,NA,NA,NA,0,0,NA
28,085,MS,Lincoln County,28085,NA,NA,NA,0,0,0.045714285714285714,0,0.35185180282614337,8,175,0.2760324046631101,0.20537013254485126,0.3466946767813689,1397,5061,0.37285491419656785,0.24032342504609758,0.5053864033470381,956,2564,NA,NA,NA,0,17,NA
28,087,MS,Lowndes County,28087,0.010416666666666666,0,0.5905086867640174,1,96,0.2641509433962264,0.06683590306412898,0.4614659837283238,112,424,0.08976851033751546,0.04946044278924144,0.13007657788578947,508,5659,0.4431514389054883,0.35808510351742306,0.5282177742935535,2818,6359,NA,NA,NA,0,171,NA
28,089,MS,Madison County,28089,NA,NA,NA,0,1,0.3732283464566929,0.24498624748852757,0.5014704454248582,711,1905,0.04872353673723537,0.022846990311469816,0.07460008316300092,626,12848,0.25939264161962233,0.20263592701539918,0.3161493562238455,2665,10274,0.006756756756756757,0,0.10727893419653622,6,888,NA
28,091,MS,Marion County,28091,NA,NA,NA,0,17,0.5894736842105263,0.23046519247115155,0.9484821759499009,112,190,0.2838833707145146,0.18476958620317713,0.38299715522585204,886,3121,0.32150900900900903,0.2111623331433635,0.43185568487465453,571,1776,NA,NA,NA,0,7,NA
28,093,MS,Marshall County,28093,NA,NA,NA,0,30,0.22126929674099485,0.009014358759830254,0.43352423472215945,129,583,0.23868175765645805,0.1309256157799883,0.3464378995329278,717,3004,0.49829584185412407,0.41232747809297116,0.5842642056152769,1462,2934,NA,NA,NA,0,7,NA
28,095,MS,Monroe County,28095,NA,NA,NA,38,38,0.18536585365853658,0,0.4522040477918179,38,205,0.16514733941064236,0.0939697972823481,0.2363248815389366,779,4717,0.2875912408759124,0.15740805618400144,0.4177744255678234,591,2055,NA,NA,NA,0,1,NA
28,097,MS,Montgomery County,28097,NA,NA,NA,0,0,NA,NA,NA,0,0,0.1315240083507307,0.004034475971858048,0.25901354072960336,126,958,0.549645390070922,0.40208862253067257,0.6972021576111713,620,1128,NA,NA,NA,0,0,NA
28,099,MS,Neshoba County,28099,0.31375259156876295,0.15804770144336608,0.4694574816941598,454,1447,NA,NA,NA,0,21,0.2596638655462185,0.18578670557700588,0.33354102551543113,927,3570,0.43585614600107353,0.2954542560344038,0.5762580359677433,812,1863,NA,NA,NA,0,28,NA
28,101,MS,Newton County,28101,NA,NA,NA,100,166,0.10526315789473684,0,0.8963470178863614,6,57,0.17177242888402625,0.09723148370586433,0.24631337406218817,471,2742,0.5813382443216697,0.45959418756752835,0.703082301075811,947,1629,NA,NA,NA,8,8,NA
28,103,MS,Noxubee County,28103,NA,NA,NA,0,0,NA,NA,NA,0,0,0.009124087591240875,0,0.02172025866408471,5,548,0.5,0.3841240114276071,0.6158759885723929,973,1946,NA,NA,NA,0,0,NA
28,105,MS,Oktibbeha County,28105,NA,NA,NA,0,59,0.013468013468013467,0,0.16484147472979266,4,297,0.09613826627059141,0.04646007987615058,0.14581645266503224,356,3703,0.33610188261351054,0.2210212587822957,0.45118250644472535,1214,3612,0.2987012987012987,0,0.7560755947816078,92,308,NA
28,107,MS,Panola County,28107,NA,NA,NA,0,6,0.8736059479553904,0.26781122172893046,1,235,269,0.1336150845253576,0.056535562556195074,0.21069460649452015,411,3076,0.3796520057999033,0.3023641193363431,0.45693989226346354,1571,4138,NA,NA,NA,0,135,NA
28,109,MS,Pearl River County,28109,NA,NA,NA,0,0,0.3115151515151515,0.14413199018242293,0.4788983128478801,257,825,0.17629115388660987,0.12812906108269054,0.2244532466905292,1676,9507,0.2386634844868735,0.11721203640193043,0.3601149325718166,400,1676,NA,NA,NA,0,0,NA
28,111,MS,Perry County,28111,NA,NA,NA,0,0,0.8309859154929577,0.5560116739633292,1,59,71,0.1474320241691843,0.04430945174530758,0.250554596593061,244,1655,0.46786632390745503,0.23852361619582277,0.6972090316190873,182,389,NA,NA,NA,5,5,NA
28,113,MS,Pike County,28113,NA,NA,NA,0,0,NA,NA,NA,154,236,0.18717201166180758,0.09736508642632088,0.27697893689729425,642,3430,0.5122902186811324,0.4209901781341538,0.603590259228111,3022,5899,NA,NA,NA,0,44,NA
28,115,MS,Pontotoc County,28115,NA,NA,NA,0,0,0.19294605809128632,0.06204786692545658,0.3238442492571161,186,964,0.18312130442573016,0.12408051758896303,0.24216209126249727,1022,5581,0.39960629921259844,0.21538418413961366,0.5838284142855832,406,1016,NA,NA,NA,0,0,NA
28,117,MS,Prentiss County,28117,NA,NA,NA,0,15,0.08928571428571429,0,0.5414511267474773,10,112,0.17840038314176246,0.11543815104299557,0.24136261524052935,745,4176,0.19773095623987033,0.03675866317317342,0.3587032493065673,122,617,NA,NA,NA,0,0,NA
28,119,MS,Quitman County,28119,NA,NA,NA,0,0,NA,NA,NA,0,0,0.2550607287449393,0,0.5148299174401958,63,247,0.44542772861356933,0.3324880758205552,0.5583673814065835,453,1017,NA,NA,NA,0,0,NA
28,121,MS,Rankin County,28121,0.48231511254019294,0.1944577550996427,0.7701724699807432,150,311,0.1702002355712603,0.06821288371001394,0.27218758743250665,289,1698,0.08566352214560684,0.05406633036840642,0.11726071392280726,2025,23639,0.2638281450990481,0.1957198298287038,0.3319364603693924,2051,7774,0.014423076923076924,0,0.22893221819142995,6,416,NA
28,123,MS,Scott County,28123,NA,NA,NA,0,0,0.3242249080399369,0.132423211308495,0.5160266047713788,617,1903,0.16955139526669022,0.07400702922149423,0.2650957613118862,480,2831,0.5307725883893496,0.4157921481050006,0.6457530286736985,1216,2291,NA,NA,NA,0,0,NA
28,125,MS,Sharkey County,28125,NA,NA,NA,0,0,NA,NA,NA,11,11,0.1987179487179487,0,0.45689864790493806,31,156,0.40086830680173663,0.27980930788076414,0.5219273057227092,277,691,NA,NA,NA,11,11,NA
28,127,MS,Simpson County,28127,NA,NA,NA,0,0,0.14285714285714285,0,0.6497869550022339,15,105,0.14180704441041347,0.06849957980201385,0.2151145090188131,463,3265,0.4997830802603037,0.3803498946615249,0.6192162658590825,1152,2305,NA,NA,NA,0,0,NA
28,129,MS,Smith County,28129,NA,NA,NA,0,0,NA,NA,NA,82,82,0.14786169244767972,0.07348216946968347,0.22224121542567596,325,2198,0.33492252681764006,0.10446408632157014,0.56538096731371,281,839,NA,NA,NA,0,0,NA
28,131,MS,Stone County,28131,NA,NA,NA,0,0,0.26666666666666666,0.014216428205022336,0.519116905128311,44,165,0.15987350667603653,0.06418626017212074,0.2555607531799523,455,2846,0.592891760904685,0.37465961213592386,0.8111239096734462,367,619,NA,NA,NA,0,0,NA
28,133,MS,Sunflower County,28133,NA,NA,NA,0,0,NA,NA,NA,41,63,0.07847800237812129,0.002361978896843961,0.15459402585939863,66,841,0.4990543735224586,0.42342909927408157,0.5746796477708357,2111,4230,NA,NA,NA,0,40,NA
28,135,MS,Tallahatchie County,28135,NA,NA,NA,0,0,NA,NA,NA,0,6,0.252112676056338,0.0635296256607065,0.4406957264519695,179,710,0.5456182472989196,0.4595419087598539,0.6316945858379853,909,1666,NA,NA,NA,0,0,NA
28,137,MS,Tate County,28137,NA,NA,NA,0,0,NA,NA,NA,0,304,0.16606397774687065,0.047910733622314905,0.2842172218714264,597,3595,0.4510469722693831,0.35409300765739504,0.5480009368813712,797,1767,NA,NA,NA,0,0,NA
28,139,MS,Tippah County,28139,NA,NA,NA,4,4,0.7609195402298851,0.589177529886186,0.9326615505735841,331,435,0.2958612975391499,0.20149921522052536,0.39022337985777444,1058,3576,0.130568356374808,0.01023508941026105,0.25090162333935495,85,651,NA,NA,NA,0,0,NA
28,141,MS,Tishomingo County,28141,NA,NA,NA,0,53,0.798941798941799,0.5318630941835485,1,151,189,0.20946138500997435,0.13786721550586675,0.28105555451408193,735,3509,NA,NA,NA,21,25,NA,NA,NA,0,32,NA
28,143,MS,Tunica County,28143,NA,NA,NA,0,0,NA,NA,NA,60,60,0.2848101265822785,0,0.571859825015593,90,316,0.4838862559241706,0.3397436990127102,0.6280288128356311,1021,2110,NA,NA,NA,0,0,NA
28,145,MS,Union County,28145,NA,NA,NA,0,0,0.5557620817843866,0.35961362867204316,0.75191053489673,299,538,0.17076612903225807,0.12016811951786095,0.2213641385466552,847,4960,0.22451081359423275,0.034767020658608205,0.4142546065298573,218,971,NA,NA,NA,0,28,NA
28,147,MS,Walthall County,28147,NA,NA,NA,0,21,0.7419354838709677,0.3515095208500993,1,69,93,0.08314436885865457,0.008845748452862193,0.15744298926444694,110,1323,0.27013177159590046,0.11482037680617452,0.4254431663856264,369,1366,NA,NA,NA,0,11,NA
28,149,MS,Warren County,28149,NA,NA,NA,0,0,NA,NA,NA,0,110,0.0929936305732484,0.04266300493389298,0.1433242562126038,365,3925,0.4637155297532656,0.3840919976205978,0.5433390618859334,2556,5512,NA,NA,NA,0,39,NA
28,151,MS,Washington County,28151,NA,NA,NA,0,0,0.8388429752066116,0.3032293509661942,1,203,242,0.08793969849246232,0.03159890020649479,0.14428049677842986,175,1990,0.4567214700193424,0.39825449199129814,0.5151884480473866,3778,8272,NA,NA,NA,0,116,NA
28,153,MS,Wayne County,28153,NA,NA,NA,0,1,NA,NA,NA,0,178,0.2655482815057283,0.1626003721043982,0.3684961909070584,649,2444,0.3587009209888512,0.2160870889995985,0.5013147529781039,740,2063,NA,NA,NA,0,78,NA
28,155,MS,Webster County,28155,NA,NA,NA,0,0,0.6,0.16261697753832288,1,57,95,0.14699331848552338,0.08533293024162676,0.20865370672942002,264,1796,0.4144329896907217,0.31315842024738466,0.5157075591340587,201,485,NA,NA,NA,11,11,NA
28,157,MS,Wilkinson County,28157,NA,NA,NA,0,0,NA,NA,NA,0,0,NA,NA,NA,0,350,0.37131782945736436,0.272273796593068,0.4703618623216607,479,1290,NA,NA,NA,0,0,NA
28,159,MS,Winston County,28159,0.3333333333333333,0,0.9890133394074059,27,81,NA,NA,NA,0,0,0.1875,0.09410473915428198,0.28089526084571803,291,1552,0.6328871892925431,0.5436503554319375,0.7221240231531486,1324,2092,NA,NA,NA,0,0,NA
28,161,MS,Yalobusha County,28161,NA,NA,NA,0,0,NA,NA,NA,0,97,0.10326086956521739,0.01766768396391269,0.1888540551665221,133,1288,0.6374045801526718,0.5288983364941826,0.7459108238111609,668,1048,NA,NA,NA,0,0,NA
28,163,MS,Yazoo County,28163,NA,NA,NA,0,0,NA,NA,NA,40,40,0.05917513448894202,0.0010927688901545968,0.11725750008772945,99,1673,0.6140724946695096,0.5565569757742957,0.6715880135647235,2304,3752,NA,NA,NA,0,0,NA
29,000,MO,Missouri,29000,0.17557251908396945,0.12738887484675288,0.22375616332118603,690,3930,0.22497104386853917,0.20818395169984305,0.24175813603723528,24862,110512,0.11554828185747229,0.11158738105175314,0.11950918266319144,107529,930598,0.33962006530127636,0.3235783630191748,0.3556617675833779,57209,168450,0.09577536787526929,0.07951013531690074,0.11204060043363784,2623,27387,NA
29,001,MO,Adair County,29001,NA,NA,NA,0,24,0.42677824267782427,0.20961708526660044,0.6439394000890482,102,239,0.12947731493764925,0.08755296538483398,0.1714016644904645,488,3769,0.031446540880503145,0,0.1652948017407519,10,318,NA,NA,NA,0,86,NA
29,003,MO,Andrew County,29003,NA,NA,NA,0,0,0.1056338028169014,0,0.3313844449524038,15,142,0.029553850525717535,0.012428224021827087,0.04667947702960798,104,3519,NA,NA,NA,0,62,NA,NA,NA,0,0,NA
29,005,MO,Atchison County,29005,NA,NA,NA,0,0,0.3953488372093023,0.18884912562460454,0.6018485487940001,17,43,0.16395222584147665,0.09000841304993737,0.23789603863301592,151,921,NA,NA,NA,0,0,NA,NA,NA,4,4,NA
29,007,MO,Audrain County,29007,NA,NA,NA,44,44,0.7590027700831025,0.3878998421676066,1,274,361,0.23144399460188933,0.17051134874032492,0.29237664046345374,1029,4446,0.5783132530120482,0.18398197282526463,0.9726445331988317,48,83,NA,NA,NA,0,24,NA
29,009,MO,Barry County,29009,0.07575757575757576,0,0.5506268456254735,5,66,0.22686567164179106,0.11054743236475222,0.3431839109188299,304,1340,0.20881368538490144,0.15491628221524578,0.2627110885545571,1123,5378,NA,NA,NA,0,0,0.009111617312072893,0,0.16835113119978307,4,439,NA
29,011,MO,Barton County,29011,NA,NA,NA,0,6,0.125,0,0.3696996558173722,17,136,0.27988090174393876,0.1969694213408195,0.362792382147058,658,2351,NA,NA,NA,0,0,NA,NA,NA,0,0,NA
29,013,MO,Bates County,29013,NA,NA,NA,0,5,0.05343511450381679,0,0.23801337457513802,7,131,0.21745883814849332,0.15379567451622234,0.2811220017807643,700,3219,NA,NA,NA,0,8,NA,NA,NA,0,44,NA
29,015,MO,Benton County,29015,NA,NA,NA,0,10,0.28440366972477066,0,0.7653513495509889,31,109,0.25972269191748393,0.18350294115671706,0.3359424426782508,768,2957,NA,NA,NA,0,102,NA,NA,NA,0,28,NA
29,017,MO,Bollinger County,29017,NA,NA,NA,0,0,NA,NA,NA,0,116,0.14258095698405027,0.07046229888409108,0.21469961508400945,295,2069,NA,NA,NA,0,6,NA,NA,NA,0,0,NA
29,019,MO,Boone County,29019,NA,NA,NA,0,20,0.33607520564042304,0.2364207924735145,0.4357296188073316,858,2553,0.07798721786263248,0.05719298056982727,0.09878145515543768,1928,24722,0.4006608839322594,0.29570090715472275,0.5056208607097961,1940,4842,0.16035788024776323,0.07344695040864362,0.24726881008688284,233,1453,NA
29,021,MO,Buchanan County,29021,NA,NA,NA,0,51,0.27454811919882754,0.1500058688727273,0.3990903695249278,562,2047,0.1560812352627976,0.12539076801036944,0.18677170251522576,2052,13147,0.47304347826086957,0.3038272729871652,0.642259683534574,544,1150,0.2962962962962963,0,0.6983305966717949,56,189,NA
29,023,MO,Butler County,29023,NA,NA,NA,1,1,0.1570048309178744,0.001193597192418988,0.3128160646433298,65,414,0.22721970187945562,0.17475330269465217,0.27968610106425906,1753,7715,0.5277777777777778,0.2740586273101339,0.7814969282454216,228,432,NA,NA,NA,0,0,NA
29,025,MO,Caldwell County,29025,NA,NA,NA,0,3,NA,NA,NA,0,58,0.11098961180973209,0.06673212441029644,0.15524709920916774,203,1829,NA,NA,NA,0,42,NA,NA,NA,0,3,NA
29,027,MO,Callaway County,29027,NA,NA,NA,27,27,0.2420749279538905,0,0.4846413201755374,84,347,0.14417379855167872,0.07865294001695548,0.20969465708640195,1095,7595,0.6637931034482759,0.20326758610796247,1,77,116,NA,NA,NA,0,0,NA
29,029,MO,Camden County,29029,NA,NA,NA,0,0,0.26788990825688075,0.05251235436365062,0.48326746215011085,146,545,0.14210273643783006,0.09592769662531885,0.18827777625034126,888,6249,NA,NA,NA,85,85,NA,NA,NA,0,34,NA
29,031,MO,Cape Girardeau County,29031,NA,NA,NA,0,118,0.3518957345971564,0.14748842723479533,0.5563030419595174,297,844,0.07573270808909731,0.04386985545199433,0.10759556072620029,969,12795,0.35920293654955426,0.22528268857543032,0.4931231845236782,685,1907,0.28879310344827586,0,0.6680911973027622,67,232,NA
29,033,MO,Carroll County,29033,NA,NA,NA,0,0,NA,NA,NA,26,26,0.17517814726840855,0.10064729084797204,0.24970900368884508,295,1684,NA,NA,NA,18,18,NA,NA,NA,0,0,NA
29,035,MO,Carter County,29035,NA,NA,NA,0,0,NA,NA,NA,0,60,0.33980582524271846,0.2077373106394281,0.4718743398460088,385,1133,NA,NA,NA,0,0,NA,NA,NA,0,0,NA
29,037,MO,Cass County,29037,NA,NA,NA,11,23,0.0728744939271255,0.004655745327194011,0.141093242527057,162,2223,0.0774557578866376,0.05299510431538512,0.10191641145789007,1510,19495,0.19736842105263158,0.06503133895094446,0.3297055031543187,225,1140,NA,NA,NA,0,137,NA
29,039,MO,Cedar County,29039,NA,NA,NA,0,13,0.01834862385321101,0,0.2308717218384967,2,109,0.2118617189977799,0.12227785157068326,0.3014455864248765,668,3153,NA,NA,NA,0,0,NA,NA,NA,0,0,NA
29,041,MO,Chariton County,29041,NA,NA,NA,0,22,NA,NA,NA,0,38,0.10208062418725618,0.05487584905543252,0.14928539931907983,157,1538,NA,NA,NA,6,11,NA,NA,NA,0,4,NA
29,043,MO,Christian County,29043,NA,NA,NA,4,40,0.1975806451612903,0.09590057958465831,0.2992607107379223,245,1240,0.08731158945405051,0.055745785910582824,0.1188773929975182,1732,19837,0.20512820512820512,0,0.6790107566680632,32,156,0.1519756838905775,0,0.39314066498178557,50,329,NA
29,045,MO,Clark County,29045,NA,NA,NA,0,0,NA,NA,NA,0,48,0.09709425939050319,0.04363066544187932,0.15055785333912705,137,1411,NA,NA,NA,60,65,NA,NA,NA,0,0,NA
29,047,MO,Clay County,29047,0.23645320197044334,0,0.7233342371171227,48,203,0.11559432933478735,0.07413129135672542,0.15705736731284928,742,6419,0.0711629479377958,0.05038165476810165,0.09194424110748996,2947,41412,0.3530113297555158,0.2726688358316812,0.4333538236793504,1776,5031,0.05247070809984717,0,0.11394941981720505,103,1963,NA
29,049,MO,Clinton County,29049,NA,NA,NA,0,0,0.3448275862068966,0,0.9804376168373318,70,203,0.11447034387260559,0.06558646484869912,0.16335422289651205,496,4333,NA,NA,NA,0,9,NA,NA,NA,0,0,NA
29,051,MO,Cole County,29051,NA,NA,NA,0,42,0.06903765690376569,0,0.17718369741569978,66,956,0.057157266537782636,0.03873468609035534,0.07557984698520993,680,11897,0.2942958101968703,0.18440201419077712,0.40418960620296346,583,1981,NA,NA,NA,0,227,NA
29,053,MO,Cooper County,29053,NA,NA,NA,0,5,NA,NA,NA,0,147,0.11272957568081064,0.07187528613863377,0.1535838652229875,356,3158,0.5679012345679012,0.12030538378759709,1,46,81,NA,NA,NA,0,0,NA
29,055,MO,Crawford County,29055,NA,NA,NA,0,9,0.3423913043478261,0.054504126230893846,0.6302784824647584,63,184,0.13268971710821734,0.08496507594209647,0.18041435827433822,591,4454,NA,NA,NA,51,51,NA,NA,NA,0,26,NA
29,057,MO,Dade County,29057,NA,NA,NA,0,0,0.09836065573770492,0,0.5960471597397027,6,61,0.1266713581984518,0.0763719153075544,0.1769708010893492,180,1421,NA,NA,NA,0,0,NA,NA,NA,0,4,NA
29,059,MO,Dallas County,29059,NA,NA,NA,0,1,0.45121951219512196,0.015463198725187255,0.8869758256650566,37,82,0.29714439655172414,0.19854925371180004,0.39573953939164824,1103,3712,NA,NA,NA,0,0,NA,NA,NA,2,2,NA
29,061,MO,Daviess County,29061,NA,NA,NA,0,0,NA,NA,NA,0,52,0.12751677852348994,0.06776341897584949,0.1872701380711304,247,1937,NA,NA,NA,0,0,NA,NA,NA,8,8,NA
29,063,MO,DeKalb County,29063,NA,NA,NA,0,0,0.3170731707317073,0,0.7162452164276562,26,82,0.06386292834890965,0.017484505807365366,0.11024135089045393,123,1926,NA,NA,NA,0,8,NA,NA,NA,0,11,NA
29,065,MO,Dent County,29065,NA,NA,NA,0,0,0.39855072463768115,0,0.8733235077205201,55,138,0.10261707988980716,0.06468684417118101,0.1405473156084333,298,2904,NA,NA,NA,10,24,NA,NA,NA,0,29,NA
29,067,MO,Douglas County,29067,NA,NA,NA,0,25,0.8333333333333334,0.8059383309814205,0.8607283356852462,85,102,0.1770747740345111,0.11870593756292194,0.23544361050610027,431,2434,NA,NA,NA,0,22,NA,NA,NA,0,0,NA
29,069,MO,Dunklin County,29069,NA,NA,NA,8,8,0.34467120181405897,0.23542127943416435,0.4539211241939536,304,882,0.2687719298245614,0.21165547601318388,0.3258883836359389,1149,4275,0.4944852941176471,0.22699249179092906,0.7619780964443651,269,544,NA,NA,NA,0,34,NA
29,071,MO,Franklin County,29071,NA,NA,NA,0,0,0.19194312796208532,0.05654612517403443,0.32734013075013624,162,844,0.07473910374462861,0.05589127429291473,0.09358693319634248,1461,19548,0.10266159695817491,0,0.29600922821207826,27,263,0.01904761904761905,0,0.7559976363144616,2,105,NA
29,073,MO,Gasconade County,29073,NA,NA,NA,1,2,0.13953488372093023,0,0.928377955843568,6,43,0.17285766826038984,0.11870538950594242,0.22700994701483726,470,2719,NA,NA,NA,0,29,NA,NA,NA,0,16,NA
29,075,MO,Gentry County,29075,NA,NA,NA,0,0,NA,NA,NA,1,1,0.2341160220994475,0.16218371847704183,0.3060483257218532,339,1448,NA,NA,NA,0,0,NA,NA,NA,0,11,NA
29,077,MO,Greene County,29077,0.24444444444444444,0,0.674890051538223,33,135,0.14495049504950494,0.061145056322440855,0.22875593377656903,732,5050,0.1354769470339429,0.11500125887879262,0.15595263518909316,6438,47521,0.3342995169082126,0.2189528404639013,0.44964619335252387,692,2070,0.08471615720524017,0.010851158002985695,0.15858115640749465,97,1145,NA
29,079,MO,Grundy County,29079,NA,NA,NA,3,3,0.3761467889908257,0.06147650606426747,0.690817071917384,41,109,0.18779123951537743,0.11876661661327245,0.25681586241748244,403,2146,NA,NA,NA,6,18,NA,NA,NA,1,33,NA
29,081,MO,Harrison County,29081,NA,NA,NA,0,0,NA,NA,NA,0,0,0.28230500582072177,0.17517375365922708,0.3894362579822165,485,1718,NA,NA,NA,15,21,NA,NA,NA,0,70,NA
29,083,MO,Henry County,29083,NA,NA,NA,0,13,0.39763779527559057,0.21977784612474868,0.5754977444264324,101,254,0.169310916410135,0.1032384702481813,0.2353833625720887,715,4223,NA,NA,NA,0,0,NA,NA,NA,0,2,NA
29,085,MO,Hickory County,29085,NA,NA,NA,0,0,NA,NA,NA,20,30,0.16925465838509315,0.0950250109422864,0.24348430582789993,218,1288,NA,NA,NA,0,0,NA,NA,NA,0,24,NA
29,087,MO,Holt County,29087,NA,NA,NA,0,0,0.14705882352941177,0,0.7772390375066636,5,34,0.13214739517153748,0.06714969666551049,0.19714509367756447,104,787,NA,NA,NA,0,0,NA,NA,NA,0,5,NA
29,089,MO,Howard County,29089,NA,NA,NA,0,90,NA,NA,NA,0,104,0.07728065078442765,0.04189941122274383,0.11266189034611149,133,1721,NA,NA,NA,0,96,NA,NA,NA,0,15,NA
29,091,MO,Howell County,29091,NA,NA,NA,40,67,0.23579545454545456,0.008372530358807362,0.46321837873210175,83,352,0.22967359050445105,0.1694395715586053,0.2899076094502968,1935,8425,NA,NA,NA,0,0,NA,NA,NA,6,39,NA
29,093,MO,Iron County,29093,NA,NA,NA,6,9,0.7246376811594203,0.46090106415365484,0.9883742981651857,50,69,0.24346310284718187,0.17067174896652257,0.31625445672784114,419,1721,NA,NA,NA,0,3,NA,NA,NA,0,13,NA
29,095,MO,Jackson County,29095,0.11235955056179775,0,0.23327013541810032,80,712,0.2818807965084561,0.24372058470381214,0.32004100831310006,8267,29328,0.0842035878612418,0.07257798510151248,0.09582919062097112,6515,77372,0.3390379604197479,0.3088463311895007,0.369229589649995,14442,42597,0.13773368943151468,0.07248472827019609,0.20298265059283327,361,2621,NA
29,097,MO,Jasper County,29097,0.17712177121771217,0.056320404938616744,0.2979231374968076,48,271,0.2907844323452309,0.21728071501711338,0.3642881496733484,1442,4959,0.19808800787290876,0.15457470762385453,0.24160130812196298,4227,21339,0.24802110817941952,0.04450081356930821,0.4515414027895308,94,379,0.10191082802547771,0,0.23663141060791265,48,471,NA
29,099,MO,Jefferson County,29099,NA,NA,NA,0,55,0.2150698602794411,0.10291338323195333,0.3272263373269289,431,2004,0.0862857549114866,0.07062541274576281,0.10194609707721039,3641,42197,0.38421733505821476,0.1769663475724399,0.5914683225439896,297,773,0.2532894736842105,0.002768973635405847,0.5038099737330152,154,608,NA
29,101,MO,Johnson County,29101,NA,NA,NA,0,13,0.07093821510297482,0.008949800117791708,0.13292663008815794,62,874,0.12391717726600465,0.0850372209334577,0.1627971335985516,1173,9466,0.35365853658536583,0.013474293224096878,0.6938427799466348,87,246,NA,NA,NA,41,95,NA
29,103,MO,Knox County,29103,NA,NA,NA,0,0,NA,NA,NA,0,8,0.1335978835978836,0.06452766009265398,0.20266810710311323,101,756,NA,NA,NA,0,0,NA,NA,NA,0,76,NA
29,105,MO,Laclede County,29105,NA,NA,NA,0,43,0.3047619047619048,0.14717962748523392,0.46234418203857564,128,420,0.23741765480895916,0.1835027158399323,0.29133259377798604,1802,7590,NA,NA,NA,72,72,NA,NA,NA,0,75,NA
29,107,MO,Lafayette County,29107,NA,NA,NA,0,31,0.23927765237020315,0.059476277137568895,0.41907902760283744,106,443,0.11655961146796177,0.0753132746946635,0.15780594824126004,744,6383,NA,NA,NA,0,21,NA,NA,NA,0,96,NA
29,109,MO,Lawrence County,29109,NA,NA,NA,0,36,0.3222713864306785,0.20644436637923713,0.43809840648211984,437,1356,0.18013513513513513,0.12509045039652103,0.23517981987374922,1333,7400,NA,NA,NA,0,0,NA,NA,NA,0,0,NA
29,111,MO,Lewis County,29111,NA,NA,NA,0,0,NA,NA,NA,0,3,0.1503916449086162,0.061642901288858465,0.23914038852837394,288,1915,0.05128205128205128,0,0.43107052110833327,4,78,NA,NA,NA,0,0,NA
29,113,MO,Lincoln County,29113,NA,NA,NA,0,43,0.3220338983050847,0.12226847930585563,0.5217993173043138,228,708,0.10243400250018384,0.06741895715979175,0.13744904784057593,1393,13599,0.3946360153256705,0,0.7936978765635776,103,261,NA,NA,NA,7,45,NA
29,115,MO,Linn County,29115,NA,NA,NA,0,1,0.3047619047619048,0.01352988303769509,0.5959939264861145,32,105,0.16660148611654282,0.10458478186439142,0.22861819036869424,426,2557,NA,NA,NA,0,0,NA,NA,NA,0,0,NA
29,117,MO,Livingston County,29117,NA,NA,NA,5,13,NA,NA,NA,0,52,0.13728323699421965,0.08060025545241074,0.19396621853602858,380,2768,NA,NA,NA,0,47,NA,NA,NA,0,0,NA
29,119,MO,McDonald County,29119,0.18584070796460178,0.021549997287212574,0.350131418641991,21,113,0.3111495246326707,0.2203403136241765,0.4019587356411649,360,1157,0.17168405365126677,0.1147773229852119,0.22859078431732163,576,3355,0.518918918918919,0.17154055826461262,0.8662972795732253,96,185,0.02053388090349076,0,0.1397122509214649,10,487,NA
29,121,MO,Macon County,29121,NA,NA,NA,0,0,0.4574468085106383,0.09891483654287386,0.8159787804784027,43,94,0.09062203978528575,0.048614303608647706,0.1326297759619238,287,3167,0.25806451612903225,0,0.8841163020816835,16,62,NA,NA,NA,0,13,NA
29,123,MO,Madison County,29123,NA,NA,NA,41,41,NA,NA,NA,0,168,0.21699960830395612,0.11156664548907012,0.3224325711188421,554,2553,NA,NA,NA,0,0,NA,NA,NA,0,0,NA
29,125,MO,Maries County,29125,NA,NA,NA,9,9,NA,NA,NA,66,86,0.08161953727506427,0.025252660792495572,0.13798641375763296,127,1556,NA,NA,NA,0,0,NA,NA,NA,0,0,NA
29,127,MO,Marion County,29127,NA,NA,NA,0,32,NA,NA,NA,0,367,0.12186379928315412,0.06982777713262642,0.17389982143368182,680,5580,0.39748953974895396,0.1673041101187338,0.6276749693791741,95,239,NA,NA,NA,0,84,NA
29,129,MO,Mercer County,29129,NA,NA,NA,0,8,NA,NA,NA,0,51,0.19680851063829788,0.07171010337493108,0.3219069179016647,148,752,NA,NA,NA,0,0,NA,NA,NA,0,15,NA
29,131,MO,Miller County,29131,NA,NA,NA,0,0,0.7034883720930233,0.35201332399115487,1,121,172,0.1689931137167318,0.09507736798555319,0.24290885944791044,908,5373,NA,NA,NA,32,32,NA,NA,NA,0,38,NA
29,133,MO,Mississippi County,29133,NA,NA,NA,0,0,0.8636363636363636,0.3221733918697981,1,38,44,0.16154276131917272,0.09085524803622783,0.23223027460211762,289,1789,0.09090909090909091,0,0.2235978787344436,32,352,NA,NA,NA,0,14,NA
29,135,MO,Moniteau County,29135,NA,NA,NA,0,0,0.10231023102310231,0,0.27542393956748346,31,303,0.1366120218579235,0.09080455670122393,0.18241948701462307,450,3294,NA,NA,NA,0,7,NA,NA,NA,0,25,NA
29,137,MO,Monroe County,29137,NA,NA,NA,0,1,0.23214285714285715,0,0.49266038833729453,13,56,0.18235995232419547,0.09593633992472161,0.2687835647236693,306,1678,NA,NA,NA,0,79,NA,NA,NA,0,0,NA
29,139,MO,Montgomery County,29139,NA,NA,NA,0,32,0.2923076923076923,0,0.7971114581963645,19,65,0.13608156028368795,0.09783975531828401,0.1743233652490919,307,2256,NA,NA,NA,9,11,NA,NA,NA,0,0,NA
29,141,MO,Morgan County,29141,NA,NA,NA,0,11,NA,NA,NA,0,152,0.21359003397508494,0.1636840859520287,0.26349598199814117,943,4415,NA,NA,NA,0,14,NA,NA,NA,0,0,NA
29,143,MO,New Madrid County,29143,NA,NA,NA,0,0,0.096,0,0.40068089262997453,12,125,0.21672077922077923,0.16517016231784548,0.268271396123713,534,2464,0.13333333333333333,0.037149490100313445,0.22951717656635323,74,555,NA,NA,NA,0,0,NA
29,145,MO,Newton County,29145,0.021739130434782608,0,0.20275143274995833,6,276,0.41515544041450775,0.30706963384147556,0.5232412469875399,641,1544,0.14733479736474347,0.10850413899048902,0.18616545573899793,1476,10018,NA,NA,NA,0,195,0.20430107526881722,0.06810146368860076,0.3405006868490337,152,744,NA
29,147,MO,Nodaway County,29147,NA,NA,NA,0,18,0.3,0,0.7320894731548395,36,120,0.1550663645192619,0.10193515912270815,0.20819756991581564,479,3089,NA,NA,NA,0,11,NA,NA,NA,2,9,NA
29,149,MO,Oregon County,29149,NA,NA,NA,0,0,0.6666666666666666,0.41535482449966493,0.9179785088336683,26,39,0.3540445486518171,0.2575875851062191,0.45050151219741513,604,1706,NA,NA,NA,0,0,NA,NA,NA,0,13,NA
29,151,MO,Osage County,29151,NA,NA,NA,3,3,0.05454545454545454,0,0.6665805502414487,3,55,0.06638859923531457,0.03703880310443877,0.09573839536619036,191,2877,NA,NA,NA,0,0,NA,NA,NA,0,0,NA
29,153,MO,Ozark County,29153,NA,NA,NA,0,0,0.4915254237288136,0.05929788465704039,0.9237529628005867,29,59,0.2727864583333333,0.19059275570289957,0.35498016096376706,419,1536,NA,NA,NA,0,14,NA,NA,NA,0,0,NA
29,155,MO,Pemiscot County,29155,NA,NA,NA,0,1,0.22905027932960895,0,0.5099688466209662,41,179,0.21967049425861207,0.1312131733675691,0.30812781514965504,440,2003,0.6503322259136213,0.6109584875681568,0.6897059642590857,783,1204,NA,NA,NA,0,0,NA
29,157,MO,Perry County,29157,NA,NA,NA,0,0,0.18716577540106952,0.01214159713150395,0.3621899536706351,35,187,0.18209283163965945,0.11571406036122014,0.24847160291809875,663,3641,NA,NA,NA,0,21,NA,NA,NA,0,41,NA
29,159,MO,Pettis County,29159,NA,NA,NA,0,46,0.272305909617613,0.16780312504182643,0.3768086941933995,470,1726,0.1713132332534376,0.12540123057856922,0.217225235928306,1358,7927,0.3192771084337349,0.07949109252734918,0.5590631243401206,53,166,NA,NA,NA,0,106,NA
29,161,MO,Phelps County,29161,NA,NA,NA,8,8,0.44562899786780386,0.1329118237038618,0.7583461720317459,209,469,0.13381578947368422,0.08585298316944945,0.181778595777919,1017,7600,0.047619047619047616,0,0.23895331655809865,12,252,0.14925373134328357,0,0.4721610756408031,40,268,NA
29,163,MO,Pike County,29163,NA,NA,NA,0,0,NA,NA,NA,53,84,0.2223784087714366,0.14996346081080925,0.29479335673206397,791,3557,0.3448275862068966,0,0.8431146451657254,30,87,NA,NA,NA,0,11,NA
29,165,MO,Platte County,29165,0.09523809523809523,0,0.8833682240437299,6,63,0.10906811533639783,0.04537880029564487,0.1727574303771508,261,2393,0.07500986971969996,0.053055600359158704,0.09696413908024121,1330,17731,0.1820294345468629,0.0743574543038464,0.28970141478987943,470,2582,0.07236842105263158,0,0.26175501016689207,33,456,NA
29,167,MO,Polk County,29167,NA,NA,NA,0,17,0.3717948717948718,0.10166753776453252,0.6419222058252111,116,312,0.17680667078443485,0.13131671956665386,0.22229662200221584,1145,6476,NA,NA,NA,0,72,NA,NA,NA,0,95,NA
29,169,MO,Pulaski County,29169,0.25,0,0.9687451464426018,17,68,0.09621212121212121,0,0.21742747900326642,127,1320,0.06945220793739519,0.029647870146023644,0.10925654572876674,497,7156,0.725314183123878,0.5636755241162963,0.8869528421314596,808,1114,NA,NA,NA,84,186,NA
29,171,MO,Putnam County,29171,NA,NA,NA,9,9,NA,NA,NA,9,16,0.1295387634936212,0.034896653747146,0.2241808732400964,132,1019,NA,NA,NA,0,0,NA,NA,NA,0,0,NA
29,173,MO,Ralls County,29173,NA,NA,NA,0,0,0.25,0,0.7513362538853396,24,96,0.08187435633367662,0.03731932500769918,0.12642938765965406,159,1942,NA,NA,NA,0,22,NA,NA,NA,0,7,NA
29,175,MO,Randolph County,29175,NA,NA,NA,0,0,0.5117370892018779,0.07080585262191774,0.952668325781838,109,213,0.16574340793263903,0.09924997714267361,0.23223683872260445,748,4513,NA,NA,NA,0,28,NA,NA,NA,0,0,NA
29,177,MO,Ray County,29177,0.03007518796992481,0,0.3241964179733291,4,133,NA,NA,NA,0,249,0.15862068965517243,0.11134920873500967,0.20589217057533518,736,4640,NA,NA,NA,4,21,NA,NA,NA,2,4,NA
29,179,MO,Reynolds County,29179,NA,NA,NA,0,0,NA,NA,NA,0,9,0.1958762886597938,0.12259167974150567,0.2691608975780819,190,970,NA,NA,NA,0,8,NA,NA,NA,0,8,NA
29,181,MO,Ripley County,29181,NA,NA,NA,0,2,0.5645161290322581,0.22345442872255017,0.9055778293419661,35,62,0.2866296454506621,0.2038755780041907,0.3693837128971335,671,2341,NA,NA,NA,2,2,NA,NA,NA,0,0,NA
29,183,MO,St. Charles County,29183,NA,NA,NA,0,61,0.13669692737430167,0.08617234135967658,0.18722151338892676,783,5728,0.035965929992359716,0.02898193606736089,0.04294992391735854,2542,70678,0.17576939748591244,0.11715176617074588,0.234387028801079,811,4614,0.09109149277688604,0.02507115259920044,0.15711183295457165,227,2492,NA
29,185,MO,St. Clair County,29185,NA,NA,NA,4,4,0.6885245901639344,0.4777475313249405,0.8993016490029283,42,61,0.12085441259134345,0.06567998804685443,0.17602883713583248,215,1779,NA,NA,NA,3,9,NA,NA,NA,0,7,NA
29,186,MO,Ste. Genevieve County,29186,NA,NA,NA,0,0,NA,NA,NA,0,74,0.08632692843219159,0.041964855791559626,0.13068900107282355,310,3591,NA,NA,NA,0,0,NA,NA,NA,0,0,NA
29,187,MO,St. Francois County,29187,NA,NA,NA,52,61,0.2608695652173913,0,0.5898789648692361,108,414,0.15285795593137652,0.10887646947256124,0.1968394423901918,1880,12299,NA,NA,NA,11,50,NA,NA,NA,1,44,NA
29,189,MO,St. Louis County,29189,0.014354066985645933,0,0.25048635603453345,3,209,0.15680912571294633,0.10793382817566567,0.205684423250227,2007,12799,0.045530820002237384,0.03727190858870608,0.053789731415768684,4884,107268,0.3126211996713229,0.2842469548658714,0.3409954444767744,19023,60850,0.057186858316221764,0.033712457762671996,0.08066125886977153,557,9740,NA
29,195,MO,Saline County,29195,NA,NA,NA,0,3,0.14818880351262348,0.03589172268005514,0.2604858843451918,135,911,0.2474715549936789,0.18882714481957422,0.3061159651677836,783,3164,0.1328125,0,0.5901111671284894,17,128,NA,NA,NA,19,83,NA
29,197,MO,Schuyler County,29197,NA,NA,NA,0,9,NA,NA,NA,0,13,0.0263671875,0.003577188247725297,0.049157186752274706,27,1024,NA,NA,NA,0,2,NA,NA,NA,0,0,NA
29,199,MO,Scotland County,29199,NA,NA,NA,0,0,NA,NA,NA,0,0,0.05308352849336456,0.009977872348294323,0.0961891846384348,68,1281,NA,NA,NA,0,0,NA,NA,NA,0,0,NA
29,201,MO,Scott County,29201,NA,NA,NA,0,0,0.13270142180094788,0,0.31967437518338504,56,422,0.13072289156626507,0.08973060446788082,0.1717151786646493,868,6640,0.23390557939914164,0.11469333789899819,0.3531178208992851,218,932,NA,NA,NA,0,28,NA
29,203,MO,Shannon County,29203,NA,NA,NA,0,0,NA,NA,NA,0,20,0.2576489533011272,0.15030124277358597,0.3649966638286684,320,1242,NA,NA,NA,0,0,NA,NA,NA,0,0,NA
29,205,MO,Shelby County,29205,NA,NA,NA,0,0,NA,NA,NA,0,13,0.16733708769107,0.10229227206415857,0.23238190331798142,208,1243,NA,NA,NA,10,20,NA,NA,NA,6,6,NA
29,207,MO,Stoddard County,29207,0.049019607843137254,0,0.4428168077369567,5,102,0.23651452282157676,0.06489876032880837,0.40813028531434514,57,241,0.17069943289224954,0.1124256407781864,0.22897322500631268,903,5290,NA,NA,NA,77,115,NA,NA,NA,0,26,NA
29,209,MO,Stone County,29209,NA,NA,NA,24,28,0.40725806451612906,0.12575484155546451,0.6887612874767937,101,248,0.18641810918774968,0.14203004466737637,0.23080617370812298,840,4506,NA,NA,NA,0,5,NA,NA,NA,0,25,NA
29,211,MO,Sullivan County,29211,NA,NA,NA,4,10,0.040697674418604654,0,0.11127348244163703,14,344,0.20657276995305165,0.0886689298273919,0.3244766100787114,176,852,NA,NA,NA,0,46,NA,NA,NA,0,22,NA
29,213,MO,Taney County,29213,NA,NA,NA,6,21,0.17377466581795034,0.07976415414474905,0.2677851774911516,273,1571,0.2345524761472058,0.17185236147467853,0.2972525908197331,2065,8804,0.8973607038123167,0.44414865930945685,1,306,341,NA,NA,NA,0,149,NA
29,215,MO,Texas County,29215,NA,NA,NA,0,0,0.47368421052631576,0.149501905629297,0.7978665154233345,72,152,0.265937302756154,0.19614242476699417,0.33573218074531386,1264,4753,NA,NA,NA,121,121,NA,NA,NA,0,4,NA
29,217,MO,Vernon County,29217,NA,NA,NA,2,3,0.11891891891891893,0,0.2933597944153343,22,185,0.23662248404516445,0.1649884577432266,0.30825651034710233,964,4074,NA,NA,NA,0,41,NA,NA,NA,15,69,NA
29,219,MO,Warren County,29219,0.07407407407407407,0,0.6173496700316751,6,81,0.1085814360770578,0,0.3076465391365537,62,571,0.06772733907458765,0.03508512170561602,0.10036955644355929,464,6851,NA,NA,NA,0,89,NA,NA,NA,0,0,NA
29,221,MO,Washington County,29221,NA,NA,NA,0,0,0.07526881720430108,0,0.5171540454058142,7,93,0.2588916459884202,0.19133395500360764,0.32644933697323275,1252,4836,NA,NA,NA,0,0,NA,NA,NA,0,0,NA
29,223,MO,Wayne County,29223,NA,NA,NA,0,0,NA,NA,NA,0,27,0.4063641105894627,0.28967758061890186,0.5230506405600236,779,1917,NA,NA,NA,0,0,NA,NA,NA,17,17,NA
29,225,MO,Webster County,29225,NA,NA,NA,11,11,0.19452054794520549,0,0.4365907380789873,71,365,0.19788425637834475,0.14299304681199074,0.25277546594469874,1908,9642,NA,NA,NA,0,24,NA,NA,NA,0,59,NA
29,227,MO,Worth County,29227,NA,NA,NA,0,3,NA,NA,NA,0,0,0.3170028818443804,0.1267357642843131,0.5072699994044477,110,347,NA,NA,NA,0,0,NA,NA,NA,0,0,NA
29,229,MO,Wright County,29229,NA,NA,NA,0,0,0.015544041450777202,0,0.13801672892457256,3,193,0.24678308823529413,0.1593358724578926,0.33423030401269566,1074,4352,NA,NA,NA,0,30,NA,NA,NA,4,4,NA
29,510,MO,St. Louis city,29510,0.6538461538461539,0.3529717338511971,0.9547205738411106,85,130,0.25067144136078784,0.18186922613033357,0.3194736565912421,1120,4468,0.11879034012618754,0.08237680356985919,0.1552038766825159,1638,13789,0.40675342947590576,0.3675475631974762,0.4459592957543353,11564,28430,0.18867924528301888,0.06985280429584376,0.30750568627019403,210,1113,NA
30,000,MT,Montana,30000,0.3869370308590492,0.3552412370836099,0.4186328246344885,7423,19184,0.1758782336940795,0.14602336446484965,0.20573310292330937,3039,17279,0.0932093450433385,0.08558439519628541,0.10083429489039158,16238,174210,0.04318689501116903,0,0.08734255872638608,58,1343,0.18653576437587657,0.1071549613259052,0.26591656742584796,266,1426,NA
30,001,MT,Beaverhead County,30001,NA,NA,NA,0,11,NA,NA,NA,0,131,0.07883211678832117,0.018452691652949216,0.13921154192369312,108,1370,NA,NA,NA,0,0,NA,NA,NA,0,0,NA
30,003,MT,Big Horn County,30003,0.3252365930599369,0.2579930323344327,0.3924801537854411,1031,3170,0.2571428571428571,0,0.7504287328613302,45,175,0.04063604240282685,0,0.09890939033355804,23,566,NA,NA,NA,0,0,NA,NA,NA,0,0,NA
30,005,MT,Blaine County,30005,0.2521968365553603,0.1666987363669003,0.3376949367438203,287,1138,0.04411764705882353,0,0.45343368987406585,3,68,0.02252252252252252,0.0052064482436918885,0.039838596801353154,15,666,NA,NA,NA,0,0,NA,NA,NA,0,0,NA
30,007,MT,Broadwater County,30007,NA,NA,NA,0,0,NA,NA,NA,0,77,0.13180741910023677,0.05260861545496345,0.2110062227455101,167,1267,NA,NA,NA,0,0,NA,NA,NA,0,0,NA
30,009,MT,Carbon County,30009,NA,NA,NA,0,3,0.5,0.04454131152879348,0.9554586884712065,36,72,0.056186491332934844,0.017208965342025,0.09516401732384469,94,1673,NA,NA,NA,0,10,NA,NA,NA,0,8,NA
30,011,MT,Carter County,30011,NA,NA,NA,0,0,NA,NA,NA,0,17,0.18064516129032257,0.02158219616475701,0.3397081264158881,28,155,NA,NA,NA,1,1,NA,NA,NA,0,0,NA
30,013,MT,Cascade County,30013,0.45795795795795796,0.26857418203338096,0.6473417338825349,305,666,0.29081947011706716,0.15355116784787234,0.42808777238626194,472,1623,0.13767373811265546,0.09607042665223559,0.17927704957307533,1882,13670,0.0410958904109589,0,0.2614083353764268,9,219,0.5664739884393064,0.12322681204164904,1,98,173,NA
30,015,MT,Chouteau County,30015,0.21973094170403587,0.08303854511720613,0.3564233382908656,49,223,0.13385826771653545,0,0.27982013530466826,17,127,0.06923950056753689,0.03229902217949902,0.10617997895557475,61,881,NA,NA,NA,0,0,NA,NA,NA,0,0,NA
30,017,MT,Custer County,30017,NA,NA,NA,0,43,NA,NA,NA,0,123,0.0633990410229089,0.015269444106253985,0.11152863793956382,119,1877,NA,NA,NA,0,0,NA,NA,NA,0,12,NA
30,019,MT,Daniels County,30019,NA,NA,NA,0,0,NA,NA,NA,0,22,0.19827586206896552,0,0.4400322099436745,46,232,NA,NA,NA,0,0,NA,NA,NA,0,0,NA
30,021,MT,Dawson County,30021,NA,NA,NA,0,0,NA,NA,NA,0,136,0.050733496332518335,0,0.10502374695519237,83,1636,NA,NA,NA,0,0,NA,NA,NA,0,0,NA
30,023,MT,Deer Lodge County,30023,NA,NA,NA,3,3,NA,NA,NA,0,79,0.11522633744855967,0.032126363198662536,0.19832631169845683,112,972,NA,NA,NA,2,3,NA,NA,NA,0,0,NA
30,025,MT,Fallon County,30025,NA,NA,NA,0,0,NA,NA,NA,0,0,0.04584040747028863,0,0.12450666723704486,27,589,NA,NA,NA,0,0,NA,NA,NA,0,0,NA
30,027,MT,Fergus County,30027,NA,NA,NA,0,35,0.08888888888888889,0,0.47476327357940945,8,90,0.28780934922089824,0.17277444945182063,0.40284424898997584,628,2182,NA,NA,NA,2,29,NA,NA,NA,0,0,NA
30,029,MT,Flathead County,30029,0.248,0,0.7298031689869304,31,125,0.21648690292758088,0.09115026694385958,0.3418235389113022,281,1298,0.07609655578451575,0.05431476762842612,0.09787834394060539,1551,20382,NA,NA,NA,0,42,NA,NA,NA,0,88,NA
30,031,MT,Gallatin County,30031,0.4270833333333333,1.9199486233045793e-4,0.8539746718043362,41,96,0.10200845665961945,0.042724218302930494,0.1612926950163084,193,1892,0.057653457653457654,0.03281126881328182,0.08249564649363349,1113,19305,0.3177570093457944,0,0.7053797351315941,34,107,0.09049773755656108,0,0.39657461264074223,20,221,NA
30,033,MT,Garfield County,30033,NA,NA,NA,0,0,NA,NA,NA,0,0,0.08208955223880597,0,0.1714775157694195,22,268,NA,NA,NA,0,0,NA,NA,NA,0,0,NA
30,035,MT,Glacier County,30035,0.39950980392156865,0.32488169089550595,0.47413791694763135,1141,2856,0.3988439306358382,0,0.848862494569558,69,173,0.0389321468298109,0,0.11885728831451103,35,899,NA,NA,NA,0,0,NA,NA,NA,0,47,NA
30,037,MT,Golden Valley County,30037,NA,NA,NA,0,0,NA,NA,NA,0,21,0.07407407407407407,0,0.18714070942415822,10,135,NA,NA,NA,0,0,NA,NA,NA,0,0,NA
30,039,MT,Granite County,30039,NA,NA,NA,0,0,NA,NA,NA,0,41,0.013793103448275862,0,0.050360940147900976,6,435,NA,NA,NA,0,0,NA,NA,NA,0,0,NA
30,041,MT,Hill County,30041,0.478494623655914,0.3870797057702329,0.5699095415415951,712,1488,0.40772532188841204,0.016482481144041772,0.7989681626327823,95,233,0.1844619858745326,0.09910335820214122,0.269820613546924,444,2407,NA,NA,NA,0,0,NA,NA,NA,0,3,NA
30,043,MT,Jefferson County,30043,NA,NA,NA,0,13,0.12264150943396226,0,0.38371195477167774,13,106,0.04083526682134571,0.013684037141699242,0.06798649650099217,88,2155,NA,NA,NA,0,0,NA,NA,NA,0,0,NA
30,045,MT,Judith Basin County,30045,NA,NA,NA,9,9,NA,NA,NA,0,70,0.24533333333333332,0.07610504187457831,0.41456162479208836,92,375,NA,NA,NA,0,0,NA,NA,NA,0,0,NA
30,047,MT,Lake County,30047,0.24572317262830481,0.16174027475388592,0.3297060705027237,474,1929,0.31716417910447764,0.13857777742842609,0.4957505807805292,170,536,0.1742586365025986,0.108444655495598,0.24007261750959918,570,3271,NA,NA,NA,0,0,NA,NA,NA,7,49,NA
30,049,MT,Lewis and Clark County,30049,0.18222222222222223,0,0.37897349878073616,41,225,0.11872586872586872,0.013371957084226185,0.22407978036751125,123,1036,0.04840843645419877,0.02529233435075832,0.07152453855763921,622,12849,NA,NA,NA,0,132,NA,NA,NA,0,79,NA
30,051,MT,Liberty County,30051,NA,NA,NA,0,1,NA,NA,NA,0,0,0.3584158415841584,0.19095007512939108,0.5258816080389257,181,505,NA,NA,NA,0,0,NA,NA,NA,0,0,NA
30,053,MT,Lincoln County,30053,NA,NA,NA,20,31,0.03208556149732621,0,0.23557747272942053,6,187,0.27995034140285535,0.1733755726333065,0.3865251101724042,902,3222,NA,NA,NA,0,0,NA,NA,NA,0,4,NA
30,055,MT,McCone County,30055,NA,NA,NA,0,19,NA,NA,NA,0,0,0.03806228373702422,0,0.10380301230101582,11,289,NA,NA,NA,0,0,NA,NA,NA,0,0,NA
30,057,MT,Madison County,30057,NA,NA,NA,3,6,NA,NA,NA,0,108,0.08095238095238096,0.041189938831001374,0.12071482307376054,102,1260,NA,NA,NA,0,0,NA,NA,NA,0,20,NA
30,059,MT,Meagher County,30059,NA,NA,NA,0,0,0.3333333333333333,0,0.8185041260553889,12,36,0.010050251256281407,0,0.10616131181970712,2,199,NA,NA,NA,0,0,NA,NA,NA,0,0,NA
30,061,MT,Mineral County,30061,NA,NA,NA,0,15,NA,NA,NA,0,79,0.2506234413965087,0.15330118377546326,0.3479456990175542,201,802,NA,NA,NA,0,0,NA,NA,NA,0,0,NA
30,063,MT,Missoula County,30063,0.444636678200692,0.19059612936251175,0.6986772270388724,257,578,0.07193396226415094,0.01216250682587059,0.1317054177024313,122,1696,0.05704601597058655,0.037021452362653993,0.0770705795785191,993,17407,NA,NA,NA,0,235,NA,NA,NA,0,188,NA
30,065,MT,Musselshell County,30065,0.19402985074626866,0,0.5079966466541219,13,67,0.3114754098360656,0,0.8956763032281999,19,61,0.24069148936170212,0.08975998282551281,0.3916229958978914,181,752,NA,NA,NA,0,0,NA,NA,NA,0,0,NA
30,067,MT,Park County,30067,NA,NA,NA,41,72,0.32941176470588235,0.09986067151790867,0.558962857893856,56,170,0.18545594459407463,0.10645808108782599,0.26445380810032326,482,2599,NA,NA,NA,0,0,NA,NA,NA,0,9,NA
30,069,MT,Petroleum County,30069,NA,NA,NA,0,2,NA,NA,NA,0,0,0.03125,0,0.32556437990249193,2,64,NA,NA,NA,0,0,NA,NA,NA,0,0,NA
30,071,MT,Phillips County,30071,NA,NA,NA,0,38,NA,NA,NA,0,5,0.0792507204610951,0.01038986601535112,0.14811157490683907,55,694,NA,NA,NA,10,10,NA,NA,NA,0,0,NA
30,073,MT,Pondera County,30073,0.4006514657980456,0.3220427266566273,0.4792602049394639,123,307,0.7183098591549296,0.4449702888238349,0.9916494294860243,51,71,0.22110552763819097,0.14378990343373957,0.2984211518426424,220,995,NA,NA,NA,0,0,NA,NA,NA,0,0,NA
30,075,MT,Powder River County,30075,NA,NA,NA,0,20,NA,NA,NA,0,0,0.065625,0.010138921837062033,0.12111107816293798,21,320,NA,NA,NA,0,0,NA,NA,NA,0,0,NA
30,077,MT,Powell County,30077,NA,NA,NA,0,0,NA,NA,NA,0,6,0.060723514211886306,0,0.12548957072138242,47,774,NA,NA,NA,0,0,NA,NA,NA,0,0,NA
30,079,MT,Prairie County,30079,NA,NA,NA,0,0,NA,NA,NA,0,0,0.11052631578947368,0,0.2899804307461636,21,190,NA,NA,NA,0,0,NA,NA,NA,0,0,NA
30,081,MT,Ravalli County,30081,NA,NA,NA,0,67,0.006896551724137931,0,0.08887527557213554,4,580,0.11338582677165354,0.056568051005838955,0.17020360253746813,792,6985,NA,NA,NA,0,37,NA,NA,NA,0,122,NA
30,083,MT,Richland County,30083,NA,NA,NA,0,1,0.19907407407407407,0.0073576565914462155,0.3907904915567019,43,216,0.04086845466155811,0.00913592707387173,0.0726009822492445,96,2349,NA,NA,NA,0,12,NA,NA,NA,0,6,NA
30,085,MT,Roosevelt County,30085,0.507728337236534,0.41603026407323696,0.599426410399831,1084,2135,0.47674418604651164,0.28865900624478447,0.6648293658482388,82,172,0.06493506493506493,0.028775884739601083,0.10109424513052878,45,693,NA,NA,NA,0,0,NA,NA,NA,0,25,NA
30,087,MT,Rosebud County,30087,0.5844262295081967,0.442144076133616,0.7267083828827774,713,1220,0.02158273381294964,0,0.08082928381204865,3,139,0.17158931082981715,0.03915245074011342,0.3040261709195209,122,711,NA,NA,NA,0,0,NA,NA,NA,23,29,NA
30,089,MT,Sanders County,30089,0.5714285714285714,0.38087627358508924,0.7619808692720536,64,112,0.22627737226277372,0.03834513469043083,0.4142096098351166,31,137,0.21440536013400335,0.11264389427936723,0.3161668259886395,384,1791,NA,NA,NA,0,0,NA,NA,NA,10,10,NA
30,091,MT,Sheridan County,30091,NA,NA,NA,0,11,NA,NA,NA,38,43,0.08727810650887574,0.017375523222603426,0.15718068979514804,59,676,NA,NA,NA,0,0,NA,NA,NA,0,7,NA
30,093,MT,Silver Bow County,30093,NA,NA,NA,86,144,0.3856088560885609,0.20384490716186487,0.5673728050152569,209,542,0.12946580469547464,0.080121035262195,0.17881057412875428,761,5878,NA,NA,NA,0,8,NA,NA,NA,0,10,NA
30,095,MT,Stillwater County,30095,NA,NA,NA,0,0,NA,NA,NA,0,97,0.06601466992665037,0.029788993659913797,0.10224034619338693,108,1636,NA,NA,NA,0,0,NA,NA,NA,0,11,NA
30,097,MT,Sweet Grass County,30097,NA,NA,NA,0,0,NA,NA,NA,0,0,0.11209439528023599,0.03229104324818474,0.19189774731228723,76,678,NA,NA,NA,0,0,NA,NA,NA,0,0,NA
30,099,MT,Teton County,30099,NA,NA,NA,0,26,NA,NA,NA,0,64,0.20821325648414984,0.1336867065329188,0.2827398064353809,289,1388,NA,NA,NA,0,0,NA,NA,NA,0,0,NA
30,101,MT,Toole County,30101,0.043478260869565216,0,0.6368573298468401,2,46,NA,NA,NA,0,37,0.11943793911007025,0.026452450065458016,0.2124234281546825,102,854,NA,NA,NA,0,27,NA,NA,NA,4,32,NA
30,103,MT,Treasure County,30103,NA,NA,NA,0,0,NA,NA,NA,9,11,0.05217391304347826,0,0.19098075690024202,6,115,NA,NA,NA,0,0,NA,NA,NA,0,0,NA
30,105,MT,Valley County,30105,0.4576271186440678,0.30449604314996537,0.6107581941381702,108,236,0.47692307692307695,0.2519208167521615,0.7019253370939924,31,65,0.09667194928684628,0.027317930083662817,0.16602596849002974,122,1262,NA,NA,NA,0,1,NA,NA,NA,0,0,NA
30,107,MT,Wheatland County,30107,NA,NA,NA,11,11,NA,NA,NA,11,32,0.2366412213740458,0.10588835859942669,0.3673940841486649,93,393,NA,NA,NA,0,20,NA,NA,NA,0,0,NA
30,109,MT,Wibaux County,30109,NA,NA,NA,0,0,NA,NA,NA,16,25,0.19488817891373802,0.05988392160573963,0.3298924362217364,61,313,NA,NA,NA,0,0,NA,NA,NA,0,0,NA
30,111,MT,Yellowstone County,30111,0.38972809667673713,0.2533546137728032,0.526101579580671,774,1986,0.16930171277997366,0.09484912521403566,0.24375430034591167,771,4554,0.06223624951239406,0.0456652609163575,0.07880723810843061,1755,28199,NA,NA,NA,0,450,0.38095238095238093,0.09264872707291011,0.6692560348318517,104,273,NA
31,000,NE,Nebraska,31000,0.283790207574077,0.23702591796881348,0.3305544971793406,1791,6311,0.1993653421633554,0.1840276502542135,0.21470303407249733,18785,94224,0.06991601230865314,0.06462835397531937,0.07520367064198692,21494,307426,0.35984904543436436,0.31639117483771473,0.403306916031014,9726,27028,0.12562604340567612,0.09003181912947718,0.16122026768187508,1505,11980,NA
31,001,NE,Adams County,31001,NA,NA,NA,7,7,0.35626702997275206,0.2239767688857397,0.4885572910597644,523,1468,0.07387140902872777,0.02545718394877141,0.12228563410868412,378,5117,0.3333333333333333,0,0.7194069833976973,87,261,NA,NA,NA,0,44,NA
31,003,NE,Antelope County,31003,NA,NA,NA,0,0,0.09195402298850575,0,0.3215022493072159,8,87,0.06978417266187051,0.026045076813703757,0.11352326851003726,97,1390,NA,NA,NA,0,51,NA,NA,NA,0,0,NA
31,005,NE,Arthur County,31005,NA,NA,NA,0,0,NA,NA,NA,0,1,0.08870967741935484,0,0.23728660894146214,11,124,NA,NA,NA,0,0,NA,NA,NA,0,3,NA
31,007,NE,Banner County,31007,NA,NA,NA,0,0,NA,NA,NA,3,17,0.10743801652892562,0.01057296541057999,0.20430306764727124,13,121,NA,NA,NA,0,0,NA,NA,NA,0,0,NA
31,009,NE,Blaine County,31009,NA,NA,NA,0,0,NA,NA,NA,0,0,0.0975609756097561,0,0.2729566063724017,8,82,NA,NA,NA,0,0,NA,NA,NA,0,0,NA
31,011,NE,Boone County,31011,NA,NA,NA,16,16,0.7777777777777778,0.10782548445077611,1,56,72,0.07764505119453925,0.039651824027693586,0.11563827836138492,91,1172,NA,NA,NA,0,0,NA,NA,NA,0,0,NA
31,013,NE,Box Butte County,31013,NA,NA,NA,0,54,0.0149812734082397,0,0.09162593722567768,8,534,0.03677277716794731,0,0.08087019324674802,67,1822,NA,NA,NA,0,0,NA,NA,NA,0,0,NA
31,015,NE,Boyd County,31015,NA,NA,NA,0,33,NA,NA,NA,1,2,0.16326530612244897,0.07575644765689936,0.25077416458799856,48,294,NA,NA,NA,0,0,NA,NA,NA,0,0,NA
31,017,NE,Brown County,31017,NA,NA,NA,4,4,0.03773584905660377,0,0.374074736707114,2,53,0.13333333333333333,0.04074102074049345,0.2259256459261732,64,480,NA,NA,NA,0,0,NA,NA,NA,0,0,NA
31,019,NE,Buffalo County,31019,0.7924528301886793,0.5689965240882029,1,42,53,0.06418554476806904,0.02467583527435513,0.10369525426178294,119,1854,0.08285252711747057,0.05137965993825145,0.1143253942966897,718,8666,0.09523809523809523,0,0.5981685085751347,8,84,0.11707317073170732,0,0.47366878010094826,24,205,NA
31,021,NE,Burt County,31021,NA,NA,NA,4,22,0.9354838709677419,0.015607491827299036,1,58,62,0.14609375,0.07782295727002322,0.21436454272997676,187,1280,NA,NA,NA,0,0,NA,NA,NA,3,12,NA
31,023,NE,Butler County,31023,NA,NA,NA,3,20,0.1542056074766355,0,0.3286281602537547,33,214,0.13012477718360071,0.08083098656861919,0.17941856779858223,219,1683,NA,NA,NA,0,3,NA,NA,NA,0,0,NA
31,025,NE,Cass County,31025,NA,NA,NA,0,0,0.09788359788359788,0,0.22095780087820202,37,378,0.04926108374384237,0.027249375422205336,0.0712727920654794,260,5278,NA,NA,NA,0,4,NA,NA,NA,0,3,NA
31,027,NE,Cedar County,31027,NA,NA,NA,6,8,0.125,0,0.5214568126092188,9,72,0.05541035023523262,0.025216716991360473,0.08560398347910478,106,1913,NA,NA,NA,0,0,NA,NA,NA,0,0,NA
31,029,NE,Chase County,31029,NA,NA,NA,0,70,0.043668122270742356,0,0.12831323254499755,10,229,0.10130718954248366,0.030714574333303254,0.17189980475166405,62,612,NA,NA,NA,0,12,NA,NA,NA,0,36,NA
31,031,NE,Cherry County,31031,0.03669724770642202,0,0.2835995559766675,4,109,NA,NA,NA,26,40,0.10030090270812438,0.0354037370378156,0.16519806837843315,100,997,NA,NA,NA,0,12,NA,NA,NA,0,0,NA
31,033,NE,Cheyenne County,31033,NA,NA,NA,0,0,0.2634920634920635,0.09971199020243482,0.4272721367816922,83,315,0.14883720930232558,0.048075021463111045,0.2495993971415401,256,1720,NA,NA,NA,0,0,NA,NA,NA,0,0,NA
31,035,NE,Clay County,31035,NA,NA,NA,0,15,0.11160714285714286,0,0.2518388301917657,25,224,0.039182282793867124,0.018620683946808398,0.05974388164092585,46,1174,NA,NA,NA,0,3,NA,NA,NA,0,1,NA
31,037,NE,Colfax County,31037,NA,NA,NA,0,205,0.04826254826254826,0,0.09663841839821735,100,2072,0.05159958720330237,0.01922037645276277,0.08397879795384197,50,969,NA,NA,NA,0,111,NA,NA,NA,0,0,NA
31,039,NE,Cuming County,31039,NA,NA,NA,0,18,0.105,0.02408594763250542,0.1859140523674946,42,400,0.06578947368421052,0.021299413652532094,0.11027953371588894,115,1748,NA,NA,NA,0,0,NA,NA,NA,0,2,NA
31,041,NE,Custer County,31041,NA,NA,NA,0,5,0.01775147928994083,0,0.13653579867895504,3,169,0.0858839652809502,0.0506611692741101,0.1211067612877903,188,2189,NA,NA,NA,0,0,NA,NA,NA,0,9,NA
31,043,NE,Dakota County,31043,0.6624203821656051,0.3363305097492482,0.988510254581962,104,157,0.04856381403612674,0.004722190214510542,0.09240543785774294,164,3377,0.16714697406340057,0.09611907034633188,0.23817487778046925,290,1735,0.6161290322580645,0.46113822427362394,0.771119840242505,382,620,NA,NA,NA,0,135,NA
31,045,NE,Dawes County,31045,NA,NA,NA,0,0,0.6742424242424242,0.09090565698525344,1,89,132,0.009409751924721984,0,0.03081960148436599,11,1169,NA,NA,NA,0,25,NA,NA,NA,0,0,NA
31,047,NE,Dawson County,31047,NA,NA,NA,0,34,0.1296875,0.04854075370270976,0.21083424629729025,415,3200,0.06719653179190752,0.03427218968921997,0.10012087389459506,186,2768,0.35294117647058826,0.24999109040328038,0.45589126253789614,228,646,NA,NA,NA,0,10,NA
31,049,NE,Deuel County,31049,NA,NA,NA,0,1,0.09090909090909091,0,0.4082241065028511,6,66,0.11811023622047244,0.030220204758554664,0.20600026768239021,30,254,NA,NA,NA,0,0,NA,NA,NA,0,0,NA
31,051,NE,Dixon County,31051,NA,NA,NA,0,0,NA,NA,NA,0,363,0.12137486573576799,0.05999142042183768,0.1827583110496983,113,931,NA,NA,NA,0,17,NA,NA,NA,0,0,NA
31,053,NE,Dodge County,31053,0.31221719457013575,0.17592364033521918,0.4485107488050523,138,442,0.16151202749140894,0.06974464868147516,0.2532794063013427,470,2910,0.13509773395606298,0.0896626606558145,0.18053280725631143,781,5781,NA,NA,NA,0,16,NA,NA,NA,0,51,NA
31,055,NE,Douglas County,31055,0.21905609973285842,0.09691489573771478,0.34119730372800205,246,1123,0.2053212550242966,0.1781127736659469,0.2325297363826463,6845,33338,0.05220432773876955,0.04298216447671317,0.06142649100082592,4000,76622,0.4017186402205048,0.3474167029763298,0.4560205774646798,7433,18503,0.13249082755809213,0.08566431305476506,0.1793173420614192,975,7359,NA
31,057,NE,Dundy County,31057,NA,NA,NA,0,0,NA,NA,NA,14,25,0.3119266055045872,0.11621760942818934,0.507635601580985,102,327,NA,NA,NA,0,0,NA,NA,NA,0,0,NA
31,059,NE,Fillmore County,31059,NA,NA,NA,0,0,NA,NA,NA,0,45,0.0935483870967742,0.04806176672878463,0.13903500746476377,87,930,NA,NA,NA,2,14,NA,NA,NA,2,2,NA
31,061,NE,Franklin County,31061,NA,NA,NA,0,0,NA,NA,NA,3,7,0.14285714285714285,0.0868671907234943,0.1988470949907914,77,539,NA,NA,NA,0,0,NA,NA,NA,0,0,NA
31,063,NE,Frontier County,31063,NA,NA,NA,0,5,0.23636363636363636,0,0.6226026559707737,13,55,0.09868421052631579,0.022645434794083666,0.17472298625854793,45,456,NA,NA,NA,3,3,NA,NA,NA,0,0,NA
31,065,NE,Furnas County,31065,NA,NA,NA,0,23,NA,NA,NA,38,66,0.08333333333333333,0.039917958403126313,0.12674870826354034,73,876,NA,NA,NA,0,0,NA,NA,NA,3,3,NA
31,067,NE,Gage County,31067,NA,NA,NA,0,0,0.01567398119122257,0,0.12552335247019175,5,319,0.14312662107993399,0.09190072709990876,0.1943525150599592,607,4241,NA,NA,NA,38,73,NA,NA,NA,0,25,NA
31,069,NE,Garden County,31069,NA,NA,NA,4,4,0.5333333333333333,0.046953077878406024,1,8,15,0.1540785498489426,0.061164054631753284,0.2469930450661319,51,331,NA,NA,NA,0,0,NA,NA,NA,0,0,NA
31,071,NE,Garfield County,31071,NA,NA,NA,0,0,NA,NA,NA,0,20,0.08761329305135952,0.007221014867728179,0.16800557123499088,29,331,NA,NA,NA,0,0,NA,NA,NA,0,0,NA
31,073,NE,Gosper County,31073,NA,NA,NA,0,1,0.08163265306122448,0,0.45086052800100357,4,49,0.22485207100591717,0.04923444248264819,0.40046969952918615,76,338,NA,NA,NA,0,0,NA,NA,NA,0,12,NA
31,075,NE,Grant County,31075,NA,NA,NA,0,0,NA,NA,NA,0,0,0.04827586206896552,0,0.14208446766255856,7,145,NA,NA,NA,0,1,NA,NA,NA,0,2,NA
31,077,NE,Greeley County,31077,NA,NA,NA,0,2,NA,NA,NA,13,13,0.17011494252873563,0.09654883021428759,0.24368105484318367,74,435,NA,NA,NA,0,3,NA,NA,NA,0,0,NA
31,079,NE,Hall County,31079,0.26141078838174275,0,0.6233730097499672,63,241,0.2831364403479164,0.22853027229663625,0.33774260839919656,2181,7703,0.06317028511640073,0.040187089071753196,0.08615348116104826,483,7646,0.17866666666666667,0.053241468852263635,0.30409186448106973,134,750,NA,NA,NA,59,106,NA
31,081,NE,Hamilton County,31081,NA,NA,NA,0,43,0.2064516129032258,0,0.47859164662541454,32,155,0.03007518796992481,0.006650391006688832,0.053499984933160785,60,1995,NA,NA,NA,7,18,NA,NA,NA,0,0,NA
31,083,NE,Harlan County,31083,NA,NA,NA,0,0,NA,NA,NA,0,6,0.025597269624573378,0.004973597596395617,0.04622094165275114,15,586,NA,NA,NA,0,2,NA,NA,NA,0,2,NA
31,085,NE,Hayes County,31085,NA,NA,NA,0,1,NA,NA,NA,7,13,0.09523809523809523,0.015992386795766617,0.17448380368042385,16,168,NA,NA,NA,0,0,NA,NA,NA,0,0,NA
31,087,NE,Hitchcock County,31087,NA,NA,NA,0,2,NA,NA,NA,0,37,0.12104283054003724,0.054984518612298985,0.18710114246777548,65,537,NA,NA,NA,0,0,NA,NA,NA,0,1,NA
31,089,NE,Holt County,31089,NA,NA,NA,0,6,0.3037974683544304,0.009672897904582534,0.5979220388042783,72,237,0.11506849315068493,0.056842191186286806,0.17329479511508306,252,2190,NA,NA,NA,0,9,NA,NA,NA,0,3,NA
31,091,NE,Hooker County,31091,NA,NA,NA,0,0,NA,NA,NA,0,0,NA,NA,NA,0,90,NA,NA,NA,0,0,NA,NA,NA,0,0,NA
31,093,NE,Howard County,31093,NA,NA,NA,0,0,NA,NA,NA,0,87,0.04896710022953328,0.0081362449676320309,0.08979795549143453,64,1307,NA,NA,NA,0,40,NA,NA,NA,0,2,NA
31,095,NE,Jefferson County,31095,NA,NA,NA,0,13,0.30357142857142855,0,0.6759940359649601,17,56,0.030634573304157548,0,0.0682663640096151,42,1371,NA,NA,NA,0,22,NA,NA,NA,0,0,NA
31,097,NE,Johnson County,31097,NA,NA,NA,0,3,0.2111801242236025,0,0.43931054142373976,34,161,0.07040417209908735,0.01944723262791344,0.12136111157026126,54,767,NA,NA,NA,0,0,NA,NA,NA,0,21,NA
31,099,NE,Kearney County,31099,NA,NA,NA,0,0,0.12562814070351758,0,0.32684214338350237,25,199,0.07737226277372262,0.005441088236974201,0.14930343731047105,106,1370,NA,NA,NA,0,0,NA,NA,NA,0,16,NA
31,101,NE,Keith County,31101,NA,NA,NA,0,0,0.17667844522968199,0,0.44698220845987857,50,283,0.11354737666405638,0.04571500624599992,0.18137974708211285,145,1277,NA,NA,NA,0,0,NA,NA,NA,0,0,NA
31,103,NE,Keya Paha County,31103,NA,NA,NA,0,0,NA,NA,NA,0,11,0.055865921787709494,0,0.1697716875413787,10,179,NA,NA,NA,0,0,NA,NA,NA,0,0,NA
31,105,NE,Kimball County,31105,NA,NA,NA,0,0,0.5,0.23358673541087333,0.7664132645891266,53,106,0.19956140350877194,0.07936988697887,0.3197529200386739,91,456,NA,NA,NA,0,15,NA,NA,NA,0,0,NA
31,107,NE,Knox County,31107,0.47151898734177217,0.38069537227002964,0.5623426024135147,149,316,0.5701754385964912,0.4057096731525702,0.7346412040404122,65,114,0.09422694094226941,0.04656687557510397,0.14188700630943485,142,1507,NA,NA,NA,0,0,NA,NA,NA,0,9,NA
31,109,NE,Lancaster County,31109,0.4939516129032258,0.24048226442653597,0.7474209613799156,245,496,0.21830286168521462,0.16711510714850733,0.2694906162219219,2197,10064,0.07588633510977592,0.06005916746198371,0.09171350275756814,3688,48599,0.3389400190415741,0.22140104674674482,0.4564789913364034,1068,3151,0.14285714285714285,0.06220647214911422,0.22350781356517146,311,2177,NA
31,111,NE,Lincoln County,31111,0.18357487922705315,0,0.5327765741751675,38,207,0.23862581244196843,0.10985062238098334,0.3674010025029535,257,1077,0.15762450795824062,0.08147081173541737,0.23377820418106388,921,5843,NA,NA,NA,0,70,NA,NA,NA,3,31,NA
31,113,NE,Logan County,31113,NA,NA,NA,0,0,NA,NA,NA,0,0,0.037037037037037035,0,0.13602659516434523,7,189,NA,NA,NA,0,0,NA,NA,NA,0,0,NA
31,115,NE,Loup County,31115,NA,NA,NA,0,0,NA,NA,NA,0,26,NA,NA,NA,0,96,NA,NA,NA,0,0,NA,NA,NA,0,0,NA
31,117,NE,McPherson County,31117,NA,NA,NA,0,0,NA,NA,NA,0,2,0.07142857142857142,0,0.22239601040353515,7,98,NA,NA,NA,0,0,NA,NA,NA,0,0,NA
31,119,NE,Madison County,31119,0.36464088397790057,0.07652202861718199,0.6527597393386191,66,181,0.37133699633699635,0.24727226408398295,0.49540172859000975,811,2184,0.052330472825172475,0.025502272857493475,0.07915867279285148,311,5943,0.03571428571428571,0,0.49039201791947856,3,84,NA,NA,NA,0,94,NA
31,121,NE,Merrick County,31121,NA,NA,NA,0,24,0.03355704697986577,0,0.16765749522166493,5,149,0.048160535117056855,0.024674449693198902,0.07164662054091481,72,1495,NA,NA,NA,0,0,NA,NA,NA,0,0,NA
31,123,NE,Morrill County,31123,NA,NA,NA,0,11,0.21052631578947367,0.05656559399188574,0.3644870375870616,44,209,0.18641810918774968,0.10896202445077342,0.26387419392472594,140,751,NA,NA,NA,0,0,NA,NA,NA,0,10,NA
31,125,NE,Nance County,31125,NA,NA,NA,0,7,NA,NA,NA,2,10,0.24238227146814403,0.1492622243614407,0.33550231857484736,175,722,NA,NA,NA,0,0,NA,NA,NA,0,0,NA
31,127,NE,Nemaha County,31127,0.09375,0,0.9008473927419246,3,32,NA,NA,NA,19,43,0.14676258992805755,0.06499050216771528,0.2285346776883998,204,1390,NA,NA,NA,0,0,NA,NA,NA,0,0,NA
31,129,NE,Nuckolls County,31129,NA,NA,NA,0,0,NA,NA,NA,0,7,0.025606469002695417,0.003979059157904058,0.047233878847486775,19,742,NA,NA,NA,0,0,NA,NA,NA,0,0,NA
31,131,NE,Otoe County,31131,NA,NA,NA,0,0,0.12736660929432014,0.03499736929723685,0.21973584929140344,74,581,0.05266666666666667,0.024674613101023538,0.0806587202323098,158,3000,NA,NA,NA,53,53,NA,NA,NA,0,0,NA
31,133,NE,Pawnee County,31133,NA,NA,NA,0,0,NA,NA,NA,0,18,0.08897485493230174,0.03758283392800202,0.14036687593660147,46,517,NA,NA,NA,0,1,NA,NA,NA,0,0,NA
31,135,NE,Perkins County,31135,NA,NA,NA,0,6,0.08771929824561403,0,0.3410046753292219,5,57,0.04827586206896552,0.012242911573618454,0.08430881256431258,28,580,NA,NA,NA,0,0,NA,NA,NA,6,11,NA
31,137,NE,Phelps County,31137,NA,NA,NA,0,0,0.7876106194690266,0.5879642719346552,0.9872569670033979,178,226,0.04396782841823056,0,0.08933454601313326,82,1865,NA,NA,NA,0,0,NA,NA,NA,0,8,NA
31,139,NE,Pierce County,31139,NA,NA,NA,0,0,NA,NA,NA,0,93,0.0727810650887574,0.03158703738675746,0.11397509279075733,123,1690,NA,NA,NA,0,0,NA,NA,NA,0,0,NA
31,141,NE,Platte County,31141,NA,NA,NA,89,150,0.21824629271437782,0.13215308897798816,0.30433949645076747,677,3102,0.04128848549563979,0.012552129777448968,0.07002484121383062,232,5619,NA,NA,NA,0,69,NA,NA,NA,0,37,NA
31,143,NE,Polk County,31143,NA,NA,NA,0,0,0.30357142857142855,0.05554422859583047,0.5515986285470267,34,112,0.1087866108786611,0.06213597808350196,0.15543724367382022,104,956,NA,NA,NA,0,9,NA,NA,NA,0,0,NA
31,145,NE,Red Willow County,31145,NA,NA,NA,0,4,0.8235294117647058,0.3022545780124495,1,42,51,0.23523316062176167,0.11961785629520218,0.35084846494832117,454,1930,NA,NA,NA,0,0,NA,NA,NA,0,6,NA
31,147,NE,Richardson County,31147,NA,NA,NA,0,18,0.05263157894736842,0,0.38422070127125224,3,57,0.12154696132596685,0.05675661556167241,0.18633730709026128,176,1448,NA,NA,NA,0,13,NA,NA,NA,0,0,NA
31,149,NE,Rock County,31149,NA,NA,NA,0,0,NA,NA,NA,0,0,0.11969111969111969,0.03261382193279097,0.2067684174494484,31,259,NA,NA,NA,0,1,NA,NA,NA,0,0,NA
31,151,NE,Saline County,31151,NA,NA,NA,0,0,0.12033195020746888,0.038616240523483336,0.20204765989145443,203,1687,0.06594594594594595,0.027733680928063144,0.10415821096382877,122,1850,NA,NA,NA,0,27,NA,NA,NA,0,60,NA
31,153,NE,Sarpy County,31153,NA,NA,NA,0,202,0.1438373253493014,0.09276085921753069,0.19491379148107213,1153,8016,0.03497314108001131,0.02363427981506135,0.04631200234496127,1237,35370,0.130958112662494,0.04282252693036348,0.2190936983946245,272,2077,0.005422153369481022,0,0.05636900810001573,7,1291,NA
31,155,NE,Saunders County,31155,NA,NA,NA,0,0,0.30288461538461536,0.06721927287933827,0.5385499578898925,63,208,0.03417949230461723,0.010254523232159845,0.05810446137707462,171,5003,NA,NA,NA,0,6,NA,NA,NA,0,31,NA
31,157,NE,Scotts Bluff County,31157,0.6341463414634146,0.2921502486417049,0.9761424342851244,130,205,0.34112,0.23914159955864966,0.4430984004413503,1066,3125,0.09695463020509633,0.051660356369848566,0.1422489040403441,468,4827,NA,NA,NA,0,0,NA,NA,NA,0,9,NA
31,159,NE,Seward County,31159,NA,NA,NA,2,2,0.03550295857988166,0,0.21231471523654888,6,169,0.06371490280777538,0.0349293998343276,0.09250040578122315,236,3704,0.0958904109589041,0,0.4955651099225349,7,73,NA,NA,NA,15,15,NA
31,161,NE,Sheridan County,31161,0.48148148148148145,0.3689930698779007,0.5939698930850622,91,189,0.726027397260274,0.6613785814149714,0.7906762131055766,53,73,0.060191518467852256,0.025389417376778557,0.09499361955892596,44,731,NA,NA,NA,0,3,NA,NA,NA,0,12,NA
31,163,NE,Sherman County,31163,NA,NA,NA,0,0,NA,NA,NA,0,22,0.05486725663716814,0,0.10983779093386771,31,565,NA,NA,NA,0,0,NA,NA,NA,0,8,NA
31,165,NE,Sioux County,31165,NA,NA,NA,0,0,NA,NA,NA,5,5,0.09361702127659574,0,0.21398251686163977,22,235,NA,NA,NA,0,0,NA,NA,NA,0,0,NA
31,167,NE,Stanton County,31167,NA,NA,NA,0,0,NA,NA,NA,0,143,0.07725321888412018,0.030737997996654366,0.123768439771586,90,1165,NA,NA,NA,0,0,NA,NA,NA,66,66,NA
31,169,NE,Thayer County,31169,NA,NA,NA,0,8,0.3333333333333333,0.1050733870419962,0.5615932796246704,21,63,0.0541922290388548,0.023123510276496652,0.08526094780121296,53,978,NA,NA,NA,0,0,NA,NA,NA,0,0,NA
31,171,NE,Thomas County,31171,NA,NA,NA,0,0,NA,NA,NA,0,0,0.09523809523809523,0,0.3753236519193966,6,63,NA,NA,NA,0,0,NA,NA,NA,0,0,NA
31,173,NE,Thurston County,31173,0.2130343377715487,0.14240290980544346,0.28366576573765395,304,1427,0.052083333333333336,0,0.1658155575082971,10,192,0.03815261044176707,0.0014678085153083872,0.07483741236822575,19,498,NA,NA,NA,0,0,NA,NA,NA,31,40,NA
31,175,NE,Valley County,31175,NA,NA,NA,0,19,NA,NA,NA,0,0,0.11047180667433831,0.053410826193408686,0.16753278715526793,96,869,NA,NA,NA,0,0,NA,NA,NA,0,0,NA
31,177,NE,Washington County,31177,NA,NA,NA,26,27,0.038910505836575876,0,0.19958178580703928,10,257,0.05826771653543307,0.014560707785550922,0.10197472528531522,259,4445,NA,NA,NA,0,24,NA,NA,NA,0,0,NA
31,179,NE,Wayne County,31179,NA,NA,NA,0,31,NA,NA,NA,0,391,0.0691114245416079,0.02147535551953709,0.11674749356367872,98,1418,NA,NA,NA,0,8,NA,NA,NA,0,0,NA
31,181,NE,Webster County,31181,NA,NA,NA,0,2,0.5625,0.3409029420145071,0.7840970579854929,36,64,0.0768025078369906,0.03356385164711401,0.12004116402686718,49,638,NA,NA,NA,0,1,NA,NA,NA,0,0,NA
31,183,NE,Wheeler County,31183,NA,NA,NA,0,0,NA,NA,NA,0,0,NA,NA,NA,0,157,NA,NA,NA,0,0,NA,NA,NA,0,0,NA
31,185,NE,York County,31185,NA,NA,NA,7,7,0.13548387096774195,0.012772962411501818,0.25819477952398207,42,310,0.09175334323922733,0.045254693078637685,0.13825199339981697,247,2692,0.025,0,0.7090237166924379,1,40,NA,NA,NA,0,0,NA
32,000,NV,Nevada,32000,0.22371214660855962,0.17910900369343022,0.268315289523689,2002,8949,0.19849579550236437,0.1884479929823619,0.20854359802236686,55661,280414,0.09432647293491113,0.08504152395835599,0.10361142191146627,19625,208054,0.2757619738751814,0.2489615803010025,0.3025623674493604,20140,73034,0.11948981427800325,0.10405262139488891,0.13492700716111758,5977,50021,NA
32,001,NV,Churchill County,32001,0.16363636363636364,0,0.3887061742618899,27,165,0.05054432348367029,0,0.10460327195247049,65,1286,0.034232666086451986,0.004547125429777001,0.06391820674312697,118,3447,NA,NA,NA,0,119,NA,NA,NA,0,77,NA
32,003,NV,Clark County,32003,0.17573872472783825,0.12099093106361639,0.2304865183920601,1017,5787,0.20940697536442218,0.198210486153365,0.22060346457547936,45884,219114,0.09762386888565462,0.08488653415740091,0.11036120361390833,12342,126424,0.27552223121600705,0.24813982663367268,0.3029046357983414,19402,70419,0.11859712816216342,0.10161659268746986,0.13557766363685697,5096,42969,NA
32,005,NV,Douglas County,32005,0.08333333333333333,0,0.16928295898490148,12,144,0.10053859964093358,0.024437516573889206,0.17663968270797795,168,1671,0.11397467229504554,0.06959115449933914,0.15835819009075194,513,4501,NA,NA,NA,6,7,0.11848341232227488,0,0.5354606490355809,25,211,NA
32,007,NV,Elko County,32007,0.1875,0.09840177440735784,0.27659822559264213,84,448,0.11822660098522167,0.05851396643792038,0.17793923553252294,552,4669,0.07970430107526882,0.04288387017122024,0.11652473197931741,593,7440,NA,NA,NA,0,73,NA,NA,NA,0,159,NA
32,009,NV,Esmeralda County,32009,NA,NA,NA,0,0,NA,NA,NA,0,72,NA,NA,NA,0,39,NA,NA,NA,0,0,NA,NA,NA,0,0,NA
32,011,NV,Eureka County,32011,NA,NA,NA,0,0,NA,NA,NA,21,21,0.6332179930795848,0.25019235006568324,1,183,289,NA,NA,NA,0,0,NA,NA,NA,0,0,NA
32,013,NV,Humboldt County,32013,0.6857142857142857,0.5118728090492992,0.8595557623792722,96,140,0.2172029702970297,0.12557869085300438,0.308827249741055,351,1616,0.10928742994395517,0.03067043414372557,0.18790442574418476,273,2498,NA,NA,NA,0,14,NA,NA,NA,0,69,NA
32,015,NV,Lander County,32015,NA,NA,NA,4,11,0.18143459915611815,0,0.4047410144201873,43,237,0.18327402135231316,0.038312530532007755,0.3282355121726186,206,1124,NA,NA,NA,0,31,NA,NA,NA,0,0,NA
32,017,NV,Lincoln County,32017,NA,NA,NA,0,57,0.1493212669683258,0,0.33497857116213575,33,221,0.025,0,0.07603468286666892,13,520,NA,NA,NA,0,0,NA,NA,NA,0,0,NA
32,019,NV,Lyon County,32019,0.24475524475524477,0.1586224065773208,0.33088808293316874,35,143,0.17376775271512113,0.0992388964996218,0.24829660893062044,624,3591,0.08739450040838552,0.05420406587352478,0.12058493494324626,642,7346,NA,NA,NA,0,27,NA,NA,NA,14,75,NA
32,021,NV,Mineral County,32021,0.3805309734513274,0.17935005253524552,0.5817118943674093,86,226,0.20670391061452514,0,0.4805432565019698,37,179,0.29637526652452023,0.04771348517589599,0.5450370478731444,139,469,NA,NA,NA,0,0,NA,NA,NA,0,0,NA
32,023,NV,Nye County,32023,NA,NA,NA,0,63,0.21115384615384616,0.0931330163300816,0.32917467597761074,549,2600,0.14409832591650773,0.07388811294326776,0.2143085388897477,680,4719,NA,NA,NA,3,94,NA,NA,NA,12,69,NA
32,027,NV,Pershing County,32027,0.44642857142857145,0.1279971247142216,0.7648600181429213,25,56,0.09770114942528736,0,0.23149936030612572,34,348,0.013816925734024179,0,0.0635146060333114,8,579,NA,NA,NA,0,0,NA,NA,NA,0,0,NA
32,029,NV,Storey County,32029,NA,NA,NA,0,0,NA,NA,NA,0,148,0.08116883116883117,0,0.21947436179005136,25,308,NA,NA,NA,0,0,NA,NA,NA,0,0,NA
32,031,NV,Washoe County,32031,0.33308769344141487,0.14783728501601187,0.5183381018668178,452,1357,0.16681845780206436,0.14222343179611438,0.19141348380801435,6594,39528,0.0830914195973921,0.06352637037765725,0.10265646881712694,3492,42026,0.3162471395881007,0.1717643642473093,0.4607299149288921,691,2185,0.13099301153908663,0.08690924069749613,0.17507678238067714,806,6153,NA
32,033,NV,White Pine County,32033,0.23118279569892472,0.09626929955380284,0.3660962918440466,43,186,0.04218362282878412,0,0.1349477134453348,17,403,0.004347826086956522,0,0.03479805586825588,5,1150,NA,NA,NA,0,4,NA,NA,NA,0,0,NA
32,510,NV,Carson City,32510,0.7289156626506024,0.3917801855622442,1,121,166,0.14628450106157112,0.07567810142067567,0.21689090070246658,689,4710,0.07594202898550724,0.03487310039605597,0.11701095757495851,393,5175,NA,NA,NA,38,61,0.100418410041841,0,0.5069136106500878,24,239,NA
33,000,NH,New Hampshire,33000,0.032640949554896145,0,0.0773532550542435,11,337,0.1868036389655525,0.1558730113789584,0.2177342665521466,3655,19566,0.0680354387536708,0.06077442416193322,0.07529645334540838,13669,200910,0.11882918304936653,0.06671975101736652,0.17093861508136654,544,4578,0.026219104876419506,0.006528476435516271,0.045909733317322746,157,5988,NA
33,001,NH,Belknap County,33001,NA,NA,NA,0,0,0.36637931034482757,0.15030527637427987,0.5824533443153752,170,464,0.10243553008595989,0.07345948267245847,0.1314115774994613,1001,9772,NA,NA,NA,37,53,0.035211267605633804,0,0.5849848683752678,5,142,NA
33,003,NH,Carroll County,33003,NA,NA,NA,0,34,0.003875968992248062,0,0.1946738467843627,1,258,0.06997911071321994,0.03852038177894134,0.10143783964749853,469,6702,NA,NA,NA,0,40,NA,NA,NA,0,81,NA
33,005,NH,Cheshire County,33005,NA,NA,NA,3,18,0.010238907849829351,0,0.09556822025637383,6,586,0.09553198887343532,0.06472586536419951,0.12633811238267115,1099,11504,NA,NA,NA,0,171,NA,NA,NA,0,173,NA
33,007,NH,Coos County,33007,NA,NA,NA,0,0,NA,NA,NA,0,129,0.1602005231037489,0.10433744179313448,0.21606360441436334,735,4588,NA,NA,NA,1,3,NA,NA,NA,6,13,NA
33,009,NH,Grafton County,33009,NA,NA,NA,3,7,0.09107142857142857,0.005514913653792017,0.17662794348906513,51,560,0.09805799878080641,0.06724837594921926,0.12886762161239357,1126,11483,0.030303030303030304,0,0.2450958316164719,5,165,0.031055900621118012,0,0.19533695720255478,15,483,NA
33,011,NH,Hillsborough County,33011,0.04201680672268908,0,0.45990836165531374,5,119,0.2188166993938359,0.17080995193726667,0.26682344685040515,2563,11713,0.06456633005948265,0.05137365926418164,0.07775900085478366,3734,57832,0.14048059149722736,0.062319444552528996,0.21864173844192572,380,2705,0.023842917251051893,0,0.05359633251497005,85,3565,NA
33,013,NH,Merrimack County,33013,NA,NA,NA,0,85,0.27520661157024795,0.1539993731596641,0.3964138499808318,333,1210,0.06836050649673095,0.050408586464823366,0.08631242652863853,1652,24166,0.09784172661870504,0,0.20321683291809178,68,695,NA,NA,NA,0,366,NA
33,015,NH,Rockingham County,33015,NA,NA,NA,0,70,0.10627283800243606,0.040338153575408736,0.17220752242946338,349,3284,0.03952014122933718,0.02705244038484927,0.05198784207382509,1970,49848,0.08310991957104558,0,0.2687787314973703,31,373,0.05405405405405406,0,0.15166725162874106,46,851,NA
33,017,NH,Strafford County,33017,NA,NA,NA,0,4,0.12623985572587917,0.024164750139036864,0.2283149613127215,140,1109,0.07237512742099898,0.051072819081778714,0.09367743576021925,1349,18639,0.0650887573964497,0,0.20628053816511627,22,338,NA,NA,NA,0,300,NA
33,019,NH,Sullivan County,33019,NA,NA,NA,0,0,0.16600790513833993,0,0.4872600939571742,42,253,0.08375156838143036,0.0476528000438744,0.11985033671898632,534,6376,NA,NA,NA,0,35,NA,NA,NA,0,14,NA
34,000,NJ,New Jersey,34000,0.21385563014741504,0.17166371919676884,0.2560475410980612,3090,14449,0.21007029589668139,0.20317910785891427,0.2169614839344485,123360,587232,0.07494620730297497,0.07095211485677982,0.0789402997491701,63079,841657,0.21549402489066263,0.20214982807130347,0.2288382217100218,57452,266606,0.04716321895777456,0.04215824372685844,0.05216819418869068,9179,194622,NA
34,001,NJ,Atlantic County,34001,0.36281179138321995,0.04324911658085395,0.682374466185586,160,441,0.2650379204538876,0.21955252594251312,0.31052331496526203,4578,17273,0.07324767957569384,0.051793310254102554,0.09470204889728512,1602,21871,0.35391140433553253,0.27136361298211753,0.43645919568894753,3004,8488,0.16662913758162576,0.1138603870134163,0.2193978881498352,740,4441,NA
34,003,NJ,Bergen County,34003,0.24,0,0.5029328310848431,192,800,0.13109206195726958,0.11043017839298425,0.1517539455215549,7050,53779,0.05741498722996108,0.046536071731233114,0.06829390272868904,5148,89663,0.16680309231468848,0.11310591775887996,0.220500266870497,1834,10995,0.025710682060735422,0.01669106017914588,0.034730303942324965,795,30921,NA
34,005,NJ,Burlington County,34005,0.05142857142857143,0,0.3850134071158271,9,175,0.12701119596648625,0.09119974303064257,0.16282264890232992,1713,13487,0.051785995899700364,0.037747973765853676,0.06582401803354705,2627,50728,0.17915265635507735,0.1425997926153536,0.2157055200948011,2664,14870,0.08163929094161652,0.03694398482633041,0.12633459705690264,502,6149,NA
34,007,NJ,Camden County,34007,0.4019253910950662,0.16080953741263887,0.6430412447774936,334,831,0.3033186630189128,0.2747362028540206,0.331901123183805,10200,33628,0.051219872213904644,0.037892976994749125,0.06454676743306016,2429,47423,0.2830733679953784,0.2412009884623173,0.3249457475284395,7350,25965,0.09128003627021308,0.05322713481003133,0.12933293773039484,604,6617,NA
34,009,NJ,Cape May County,34009,NA,NA,NA,5,39,0.27441703278134505,0.19013603522087502,0.3586980303418151,812,2959,0.052451948985090716,0.029143031770487382,0.07576086619969405,584,11134,0.06445993031358885,0,0.16356886345635668,37,574,NA,NA,NA,0,51,NA
34,011,NJ,Cumberland County,34011,0.40942562592047127,0.1080437236745907,0.7108075281663518,278,679,0.23660180454397217,0.18638774422221344,0.2868158648657309,4353,18398,0.1256615129189582,0.088620752368161193,0.1627022734697552,1211,9637,0.23027375201288244,0.15155500173434988,0.308992502291415,1430,6210,0.3284823284823285,0,0.7511833721316546,158,481,NA
34,013,NJ,Essex County,34013,0.1524229074889868,0.043468115286313405,0.2613776996916602,173,1135,0.2857745952879666,0.25600665347759877,0.31554253709833446,17600,61587,0.04545033572586247,0.03341781682349235,0.05748285462823259,1963,43190,0.24574232789604644,0.21912448692977216,0.27236016886232073,17777,72340,0.040895632864544784,0.016547136522721582,0.06524412920636799,442,10808,NA
34,015,NJ,Gloucester County,34015,0.5806451612903226,0.310271193520091,0.8510191290605542,72,124,0.17004680187207488,0.1144839560697969,0.22560964767435288,1417,8333,0.05225551374267613,0.03920646860236597,0.0653045588829863,2194,41986,0.20543505360259287,0.14738246849192893,0.2634876387132568,1648,8022,0.05478036175710594,0,0.13714693703898737,106,1935,NA
34,017,NJ,Hudson County,34017,0.10893512851897184,0.014199151936059695,0.203671105101884,178,1634,0.26691531439399635,0.24547206356848308,0.2883585652195096,17748,66493,0.14676539089929433,0.12171891955545588,0.17181186224313277,4222,28767,0.2871332753059239,0.23952135517811612,0.3347451954337317,5608,19531,0.08362388027677949,0.061718145703758914,0.10552961484980006,1559,18643,NA
34,019,NJ,Hunterdon County,34019,NA,NA,NA,0,85,0.05177993527508091,0.012826561835617464,0.09073330871454435,192,3708,0.021462455166030313,0.013412965421796248,0.029511944910264376,371,17286,0.06339144215530904,0,0.20825362620305912,40,631,0.0739385065885798,0,0.19498541892860716,101,1366,NA
34,021,NJ,Mercer County,34021,0.15083477259643063,0.023867877996522235,0.27780166719633903,262,1737,0.20744452397995705,0.16478596131288112,0.250103086647033,5796,27940,0.04028426054413187,0.021263857855039484,0.05930466323322425,958,23781,0.1785826179585187,0.12728210953067,0.2298831263863674,2850,15959,0.039959111606728,0.022157811064806732,0.05776041214864927,430,10761,NA
34,023,NJ,Middlesex County,34023,0.2458416500332668,0.15118183417144318,0.34050146589509045,739,3006,0.21791746772864598,0.1957789718027276,0.24005596365456436,12695,58256,0.05024037420416649,0.03270993034339743,0.06777081806493554,2320,46178,0.11257026060296373,0.07859882566777207,0.14654169553815538,2203,19570,0.037153517082413615,0.027768046243697567,0.04653898792112966,1902,51193,NA
34,025,NJ,Monmouth County,34025,0.19255222524977295,0.04447788299209557,0.34062656750745035,212,1101,0.1189765776517977,0.09436665077907527,0.14358650452452013,3190,26812,0.04398342266136775,0.03435744531718806,0.053609400005547446,3619,82281,0.24407029617795256,0.1850249573736478,0.3031156349822573,1986,8137,0.020268381325132794,0.004194273801652323,0.03634248884861327,145,7154,NA
34,027,NJ,Morris County,34027,0.08843537414965986,0,0.4924128823468587,13,147,0.11643610785463071,0.08981433163951733,0.1430578840697441,2483,21325,0.02976298921774848,0.02138785137859549,0.038138127056901464,1797,60377,0.15037349788892498,0.08274183488507422,0.21800516089277575,463,3079,0.025970772442588726,0.011720309202091458,0.04022123568308599,311,11975,NA
34,029,NJ,Ocean County,34029,0.049099836333878884,0,0.1664251549043741,30,611,0.1265640667916467,0.09629408791050044,0.15683404567279294,2903,22937,0.17555877433759334,0.15918206997991274,0.19193547869527394,21938,124961,0.14011656143759108,0.07773358752230168,0.20249953535288046,577,4118,0.019279128248113998,0,0.05879974369563985,46,2386,NA
34,031,NJ,Passaic County,34031,0.28969957081545067,0.10646270093290264,0.4729364406979987,135,466,0.26635399423701794,0.2462564985776857,0.28645148989635016,17378,65244,0.087332305095597,0.06672440740729196,0.10794020278390204,3001,34363,0.20678513731825526,0.15755927709552411,0.2560109975409864,2560,12380,0.06464714841766796,0.025624391874290137,0.10366990496104578,382,5909,NA
34,033,NJ,Salem County,34033,NA,NA,NA,0,32,0.28981623277182234,0.2003407653817243,0.3792917001619204,757,2612,0.1204834288562173,0.07776482343708505,0.16320203427534954,967,8026,0.4088140451451093,0.3033165304169949,0.5143115598732236,1141,2791,NA,NA,NA,0,81,NA
34,035,NJ,Somerset County,34035,0.14025974025974025,0,0.3108876803402322,54,385,0.12457189295872757,0.08781243238405273,0.16133135353340242,2146,17227,0.0371604305484367,0.02053329915294616,0.05378756194392724,1015,27314,0.12013220290271591,0.05373782347498764,0.18652658233044417,836,6959,0.030690854870775348,0.014683040919762844,0.04669866882178785,494,16096,NA
34,037,NJ,Sussex County,34037,0.17582417582417584,0,0.8576248027416845,16,91,0.06997929606625258,0.03171863368973654,0.10823995844276862,338,4830,0.07668558908475251,0.05445133988505217,0.09891983828445285,1540,20082,0.04656319290465632,0,0.16566433099583763,21,451,NA,NA,NA,0,364,NA
34,039,NJ,Union County,34039,0.26855123674911663,0.10486229145885925,0.432240182039374,228,849,0.16803431887360046,0.1462531275840623,0.1898155101631386,9440,56179,0.06552677642761105,0.04902090319533048,0.08203264965989163,2583,39419,0.12709871704962666,0.10063072525787561,0.1535667088413777,3081,24241,0.07057745187901009,0.02844211844394822,0.11271278531407194,462,6546,NA
34,041,NJ,Warren County,34041,NA,NA,NA,0,81,0.13514792899408284,0.08151830497853246,0.18877755300963323,571,4225,0.07505686125852919,0.04790134995156255,0.10221237256549583,990,13190,0.2640926640926641,0.14948251372125534,0.37870281446407283,342,1295,NA,NA,NA,0,745,NA
35,000,NM,New Mexico,35000,0.38188706622062796,0.3559090826383662,0.40786504980288973,18950,49622,0.2596204716192895,0.24734250744403746,0.2718984357945415,71156,274077,0.13733408586664592,0.12474174181951608,0.14992642991377575,14113,102764,0.3025846702317291,0.23392060163763573,0.37124873882582243,2716,8976,0.157035175879397,0.0973348987611253,0.2167354529976687,1125,7164,NA
35,001,NM,Bernalillo County,35001,0.3246610981788306,0.25304925071223927,0.3962729456454219,2371,7303,0.21999618620837605,0.19505523397526117,0.24493713844149093,18459,83906,0.09888217326314422,0.07748564521662518,0.12027870130966326,3043,30774,0.34970911441499675,0.2412340729207372,0.4581841559092563,1623,4641,0.13393985342431133,0.060260607618020656,0.207619099230602,530,3957,NA
35,003,NM,Catron County,35003,NA,NA,NA,0,0,NA,NA,NA,0,29,0.806060606060606,0.49905228561656845,1,133,165,NA,NA,NA,0,0,NA,NA,NA,0,0,NA
35,005,NM,Chaves County,35005,NA,NA,NA,0,228,0.36114466226888414,0.2964854675505024,0.42580385698726586,3887,10763,0.1986111111111111,0.12892188041372343,0.26830034180849877,715,3600,0.5644599303135889,0.2916388109254635,0.8372810497017142,162,287,NA,NA,NA,0,177,NA
35,006,NM,Cibola County,35006,0.4018164735358597,0.2897328547369601,0.5139000923347593,1283,3193,0.5090748118636564,0.34664530093584406,0.6715043227914688,1150,2259,0.26676176890156916,0.12481737455003625,0.40870616325310205,187,701,NA,NA,NA,0,0,NA,NA,NA,0,70,NA
35,007,NM,Colfax County,35007,NA,NA,NA,0,63,0.36034618410700237,0.2356634717154797,0.48502889649852504,458,1271,0.2776073619631902,0.10983559689355593,0.44537912703282445,181,652,NA,NA,NA,7,7,NA,NA,NA,0,0,NA
35,009,NM,Curry County,35009,0.09722222222222222,0,0.345549068930776,28,288,0.2790922927909229,0.2066604813039551,0.3515241042778907,2017,7227,0.16975857687420584,0.09075955788424302,0.24875759586416868,668,3935,0.22602739726027396,0.07284631853711548,0.37920847598343244,132,584,NA,NA,NA,64,121,NA
35,011,NM,DeBaca County,35011,NA,NA,NA,0,0,0.11739130434782609,0,0.2791816276885909,27,230,NA,NA,NA,0,72,NA,NA,NA,0,0,NA,NA,NA,0,0,NA
35,013,NM,Dona Ana County,35013,0.3490759753593429,0.1900873365553242,0.5080646141633617,170,487,0.29502481539765163,0.26183834175684617,0.3282112890384571,12186,41305,0.14753665301809538,0.09588604232147654,0.1991872637147142,1117,7571,0.10367170626349892,0,0.2499630567376908,48,463,0.4438305709023941,0.22118672597726913,0.6664744158275191,241,543,NA
35,015,NM,Eddy County,35015,0.006622516556291391,0,0.3640087045017627,1,151,0.20637532133676093,0.13726712900333715,0.2754835136701847,2007,9725,0.041674316137323295,0.002976488677670773,0.08037214359697581,227,5447,0.2890625,0,0.8535237920133165,37,128,NA,NA,NA,0,60,NA
35,017,NM,Grant County,35017,0.7933884297520661,0.3865764714939141,1,96,121,0.2838230545689377,0.189872151173384,0.3777739579644914,879,3097,0.2686472819216182,0.11334360795447049,0.42395095588876586,425,1582,NA,NA,NA,0,0,NA,NA,NA,0,17,NA
35,019,NM,Guadalupe County,35019,NA,NA,NA,20,46,0.30138713745271123,0.14463635018870155,0.4581379247167209,239,793,NA,NA,NA,0,96,NA,NA,NA,0,0,NA,NA,NA,8,33,NA
35,021,NM,Harding County,35021,NA,NA,NA,0,0,0.375,0,0.7982169410850268,30,80,0.14814814814814814,0,0.35100595695254544,16,108,NA,NA,NA,0,0,NA,NA,NA,0,0,NA
35,023,NM,Hidalgo County,35023,NA,NA,NA,0,0,0.46471600688468157,0.35157306292143053,0.5778589508479326,270,581,0.30859375,0.17711386291287926,0.4400736370871208,79,256,NA,NA,NA,0,0,NA,NA,NA,0,0,NA
35,025,NM,Lea County,35025,0.45263157894736844,0,0.9550995857441447,43,95,0.25265163543982216,0.20950984818524918,0.2957934226943951,3978,15745,0.1584460934089917,0.08560528729310296,0.23128689952488046,726,4582,0.4118673647469459,0,0.8243888778060988,236,573,0.527972027972028,0.05191882491485822,1,151,286,NA
35,027,NM,Lincoln County,35027,NA,NA,NA,0,37,0.3884393063583815,0.2712492755285207,0.5056293371882423,672,1730,0.2782956058588549,0.17565114139176113,0.3809400703259486,418,1502,NA,NA,NA,6,19,NA,NA,NA,0,20,NA
35,028,NM,Los Alamos County,35028,NA,NA,NA,0,98,0.13465553235908143,0.012163767080692736,0.25714729763747013,129,958,0.012265235722499043,0,0.03998534635084315,32,2609,NA,NA,NA,0,114,NA,NA,NA,0,75,NA
35,029,NM,Luna County,35029,NA,NA,NA,0,29,0.44325037707390647,0.36807462598611673,0.5184261281616962,2351,5304,0.4923391215526047,0.35211776968859804,0.6325604734166113,482,979,NA,NA,NA,0,54,NA,NA,NA,0,173,NA
35,031,NM,McKinley County,35031,0.48213161759563605,0.44475760885884086,0.5195056263324312,6894,14299,0.3317465040166617,0.25671333709539745,0.406779670937926,1115,3361,0.10392609699769054,0,0.2343909552874921,90,866,NA,NA,NA,0,93,0.023178807947019868,0,0.27821709164614317,7,302,NA
35,033,NM,Mora County,35033,NA,NA,NA,0,1,0.2338403041825095,0.02162244341637226,0.44605816494864675,123,526,0.84,0.5268267461367989,1,147,175,NA,NA,NA,0,26,NA,NA,NA,0,0,NA
35,035,NM,Otero County,35035,0.40540540540540543,0.29124337137650813,0.5195674394343027,435,1073,0.32213720658799117,0.26052415160049847,0.38375026157548386,2484,7711,0.18510452961672474,0.11745497344619399,0.2527540857872555,850,4592,0.47368421052631576,0.1555125063263723,0.7918559147262592,207,437,NA,NA,NA,0,139,NA
35,037,NM,Quay County,35037,NA,NA,NA,2,20,0.38645038167938933,0.19020729471812778,0.5826934686406509,405,1048,0.1796116504854369,0.03728229292789795,0.3219410080429759,111,618,NA,NA,NA,0,0,NA,NA,NA,0,0,NA
35,039,NM,Rio Arriba County,35039,0.33634719710669075,0.2236625084078563,0.4490318858055252,558,1659,0.2751210653753027,0.2071270080399638,0.34311512271064154,1818,6608,0.048484848484848485,0,0.13882693443654312,24,495,0.14130434782608695,0.009455691646914649,0.2731530040052592,13,92,NA,NA,NA,11,81,NA
35,041,NM,Roosevelt County,35041,NA,NA,NA,24,24,0.2337972166998012,0.14804101131621014,0.3195534220833922,588,2515,0.5342837746096402,0.4184054749657209,0.6501620742535594,787,1473,NA,NA,NA,0,0,NA,NA,NA,0,34,NA
35,043,NM,Sandoval County,35043,0.2627264883520276,0.20788927765583037,0.31756369904822485,1218,4636,0.12757426644796793,0.09579317857938785,0.15935535431654801,2100,16461,0.03773792496424249,0.021421678036184312,0.05405417189230067,343,9089,0.01694915254237288,0,0.07351508451657551,12,708,NA,NA,NA,0,316,NA
35,045,NM,San Juan County,35045,0.3971355244639457,0.3544002535406138,0.4398707953872776,4797,12079,0.3203278310054254,0.25850688025441937,0.3821487817564314,2775,8663,0.15888093689004554,0.1023708992119905,0.21539097456810058,1221,7685,0.22702702702702704,0,0.5852715768570191,42,185,0.07931034482758621,0,0.3650426175945096,23,290,NA
35,047,NM,San Miguel County,35047,NA,NA,NA,3,3,0.3260754115772703,0.22513565691393342,0.4270151662406072,1228,3766,0.38305084745762713,0.25156851102831174,0.5145331838869425,113,295,NA,NA,NA,0,0,NA,NA,NA,0,0,NA
35,049,NM,Santa Fe County,35049,0.16608996539792387,0.10462782442198416,0.22755210637386358,192,1156,0.20647773279352227,0.1674564527675073,0.24549901281953723,3519,17043,0.09100837277029487,0.03669003658197324,0.1453267089586165,500,5494,0.4973958333333333,0.12336628894101737,0.8714253777256493,191,384,0.015,0,0.44316696366394337,3,200,NA
35,051,NM,Sierra County,35051,NA,NA,NA,0,20,0.25460829493087556,0.1012054658108808,0.4080111240508703,221,868,0.511377245508982,0.4549203661369575,0.5678341248810065,427,835,NA,NA,NA,0,0,NA,NA,NA,0,6,NA
35,053,NM,Socorro County,35053,0.5533553355335533,0.09886593176818625,1,503,909,0.5925740090316106,0.47558321798979547,0.7095648000734258,1181,1993,0.07653910149750416,0,0.23759021885070764,46,601,NA,NA,NA,0,0,NA,NA,NA,0,50,NA
35,055,NM,Taos County,35055,0.47104247104247104,0.2739671068760225,0.6681178352089197,244,518,0.20456375838926175,0.10738572793329866,0.30174178884522485,762,3725,0.026360544217687076,0,0.06465249715146318,31,1176,NA,NA,NA,0,0,NA,NA,NA,0,13,NA
35,057,NM,Torrance County,35057,NA,NA,NA,5,31,0.2604994324631101,0.12803933495521594,0.39295952997100425,459,1762,0.27256637168141595,0.1722885244079101,0.3728442189549218,308,1130,NA,NA,NA,0,150,NA,NA,NA,37,37,NA
35,059,NM,Union County,35059,NA,NA,NA,0,1,0.22506393861892582,0.05721015064644319,0.39291772659140844,88,391,0.1174934725848564,0,0.27425406999527935,45,383,NA,NA,NA,0,12,NA,NA,NA,0,0,NA
35,061,NM,Valencia County,35061,0.05977229601518026,0,0.1499353679810181,63,1054,0.2810892107971187,0.22862397535849233,0.33355444623574504,3551,12633,0.19249845009299443,0.11320049365578097,0.27179640653020787,621,3226,NA,NA,NA,0,19,0.3048780487804878,0,0.8489596501866095,50,164,NA
36,000,NY,New York,36000,0.31408573928258965,0.2783243020052354,0.3498471765599439,8257,26289,0.25165985547861314,0.24562500389596706,0.25769470706125924,253956,1009124,0.12193254265056808,0.11878685010806105,0.12507823519307512,219104,1796928,0.2828094550823728,0.27353072564165426,0.2920881845230914,170085,601412,0.16687896189126705,0.15912502372681217,0.17463290005572193,55942,335225,NA
36,001,NY,Albany County,36001,NA,NA,NA,4,16,0.3101866497943689,0.23345413747548327,0.3869191621132545,1961,6322,0.06607973755565226,0.04597763458454638,0.08618184052675815,1974,29873,0.3277030908881995,0.25276850790752153,0.40263767386887744,2852,8703,0.1651215672555536,0.11223463266807096,0.21800850184303625,944,5717,NA
36,003,NY,Allegany County,36003,NA,NA,NA,0,1,0.3495575221238938,0.1947762732544344,0.5043387709933532,79,226,0.19384167777912475,0.15887623275223442,0.2288071228060151,1599,8249,NA,NA,NA,25,38,NA,NA,NA,13,90,NA
36,005,NY,Bronx County,36005,0.3700139958012596,0.2765488307996288,0.4634791608028904,2115,5716,0.3946097304865243,0.37857670510599617,0.41064275586705246,78918,199990,0.2003146818762907,0.16106161248721862,0.23956775126536278,4074,20338,0.3464577781861619,0.32247853854499253,0.3704370178273313,37705,108830,0.24047904191616767,0.19571963720960572,0.2852384466227296,3012,12525,NA
36,007,NY,Broome County,36007,NA,NA,NA,38,44,0.3630769230769231,0.2783581074048291,0.44779573874901707,1298,3575,0.17414445671029807,0.14239105228637727,0.20589786113421887,4417,25364,0.5725714285714286,0.45091371607901,0.6942291410638473,1503,2625,0.1468668407310705,0.06832818637505354,0.22540549508708746,225,1532,NA
36,009,NY,Cattaraugus County,36009,0.3425925925925926,0.25203329747694664,0.4331518877082386,222,648,0.11756373937677053,0.019476938607682043,0.21565054014585902,83,706,0.28367268536304263,0.2462423046359238,0.3211030660901614,3692,13015,0.1867007672634271,0,0.47574540750790983,73,391,NA,NA,NA,0,132,NA
36,011,NY,Cayuga County,36011,NA,NA,NA,0,7,0.12300123001230012,0.04644259241917015,0.1995598676054301,100,813,0.16378478012814887,0.12679453992461295,0.2007750203316848,1866,11393,0.29347826086956524,0.042235755766636074,0.5447207659724944,108,368,NA,NA,NA,0,61,NA
36,013,NY,Chautauqua County,36013,NA,NA,NA,0,101,0.42790811339198437,0.3577312116567567,0.49808501512721204,1751,4092,0.2063012041568153,0.17690329863689602,0.23569910967673458,3752,18187,0.26762589928057556,0.1367571812321749,0.39849461732897623,186,695,0.3739130434782609,0,0.7696307611412165,86,230,NA
36,015,NY,Chemung County,36015,NA,NA,NA,124,126,0.5450530035335689,0.44517329832594094,0.6449327087411969,617,1132,0.14804052462106337,0.11535709659640417,0.18072395264572258,1885,12733,0.5955983493810179,0.4556326670764591,0.7355640316855766,866,1454,0.10032362459546926,0,0.4296072645126805,31,309,NA
36,017,NY,Chenango County,36017,NA,NA,NA,0,0,0.07180851063829788,0.012090747055383898,0.13152627422121185,27,376,0.12116336633663366,0.0974642400448067,0.14486249262846063,979,8080,NA,NA,NA,0,22,NA,NA,NA,0,18,NA
36,019,NY,Clinton County,36019,NA,NA,NA,0,1,0.20618556701030927,0,0.42005343841945375,100,485,0.16286940729734192,0.13454364051748677,0.19119517407719708,1973,12114,0.4365482233502538,0.16707944943758452,0.7060169972629231,86,197,0.14166666666666666,0,0.6123671826340853,34,240,NA
36,021,NY,Columbia County,36021,NA,NA,NA,0,0,0.03980099502487562,0,0.11778629495723227,48,1206,0.15694042358677435,0.1108442662323938,0.2030365809411549,1030,6563,0.518796992481203,0.3256519261832618,0.7119420587791443,138,266,NA,NA,NA,0,217,NA
36,023,NY,Cortland County,36023,NA,NA,NA,0,3,0.3103448275862069,0.11160831255112802,0.5090813426212858,126,406,0.09394366197183099,0.06305811920902935,0.12482920473463263,667,7100,NA,NA,NA,0,37,NA,NA,NA,12,66,NA
36,025,NY,Delaware County,36025,NA,NA,NA,0,97,0.2938775510204082,0.1747623019988931,0.4129928000419233,144,490,0.14024910424842177,0.10553562332715473,0.17496258516968882,822,5861,0.44680851063829785,0.11741804425980606,0.7761989770167896,21,47,NA,NA,NA,0,13,NA
36,027,NY,Dutchess County,36027,0.008213552361396304,0,0.12009911727577388,4,487,0.1022843237302771,0.07075323264772354,0.13381541481283066,1303,12739,0.04137618516452872,0.0294106600200751,0.05334171030898234,1187,28688,0.18027210884353742,0.11048755176128992,0.2500566659257849,901,4998,0.08389261744966443,0.011175765233069207,0.15660946966625966,150,1788,NA
36,029,NY,Erie County,36029,0.15173237753882915,0.07916568820703364,0.22429906687062467,127,837,0.35759859331826177,0.31425493010236566,0.4009422565341579,7118,19905,0.08932690481144108,0.07867241363883885,0.0999813959840433,9875,110549,0.34196641031830877,0.3058641429400913,0.37806867769652625,9916,28997,0.32093775262732416,0.2760868855503577,0.3657886197042906,4367,13607,NA
36,031,NY,Essex County,36031,NA,NA,NA,0,3,0.34615384615384615,0,0.7750974373884443,54,156,0.1236220472440945,0.08403817656599344,0.16320591792219555,628,5080,NA,NA,NA,0,12,NA,NA,NA,0,25,NA
36,033,NY,Franklin County,36033,0.5231362467866324,0.40972061340929733,0.6365518801639675,407,778,0.25773195876288657,0.010019921167610774,0.5054439963581624,75,291,0.2267582861762328,0.18222512813367053,0.2712914442187951,1683,7422,NA,NA,NA,5,51,NA,NA,NA,0,89,NA
36,035,NY,Fulton County,36035,NA,NA,NA,0,0,0.13370786516853933,0.00452982708094668,0.262885903256132,119,890,0.1789161098737936,0.13245933266891347,0.22537288707867376,1446,8082,NA,NA,NA,9,17,NA,NA,NA,0,110,NA
36,037,NY,Genesee County,36037,NA,NA,NA,13,13,0.19267015706806281,0.08040754907831131,0.3049327650578143,184,955,0.10062960196350443,0.07009970632499264,0.13115949760201623,943,9371,0.24489795918367346,0,0.5925909272706829,48,196,NA,NA,NA,7,54,NA
36,039,NY,Greene County,36039,NA,NA,NA,0,0,0.09500609013398295,0,0.2009925917119294,78,821,0.09969186151894145,0.06246336443054649,0.13692035860733642,550,5517,NA,NA,NA,0,351,NA,NA,NA,6,74,NA
36,041,NY,Hamilton County,36041,NA,NA,NA,0,0,NA,NA,NA,6,25,0.04896421845574388,0.012631085311742736,0.08529735159974502,26,531,NA,NA,NA,0,0,NA,NA,NA,0,0,NA
36,043,NY,Herkimer County,36043,NA,NA,NA,0,22,0.15070921985815602,0,0.3023748194760658,85,564,0.14900694648273163,0.11736338253443515,0.18065051043102812,1523,10221,NA,NA,NA,0,54,NA,NA,NA,9,48,NA
36,045,NY,Jefferson County,36045,NA,NA,NA,0,18,0.22016460905349794,0.1214351089477527,0.3188941091592432,642,2916,0.16210558562238334,0.13887677303940146,0.1853343982053652,3175,19586,0.4474671669793621,0.19129717816946767,0.7036371557892566,477,1066,0.037267080745341616,0,0.1832656972617981,24,644,NA
36,047,NY,Kings County,36047,0.3971868720696584,0.31387754654137606,0.48049619759794077,1779,4479,0.3066345594951424,0.28812900783012807,0.32514011116015673,36928,120430,0.23669819962983044,0.22315006434577725,0.25024633491388365,50643,213956,0.2874040544562336,0.2680969263703391,0.30671118254212815,41525,144483,0.23857407040486098,0.21489229723374187,0.2622558435759801,14449,60564,NA
36,049,NY,Lewis County,36049,NA,NA,NA,0,1,0.5,0.20802726496068036,0.7919727350393196,73,146,0.16472090477927764,0.13332813604175867,0.19611367351679662,903,5482,0.6770833333333334,0.3023397917206767,1,65,96,NA,NA,NA,9,9,NA
36,051,NY,Livingston County,36051,NA,NA,NA,0,16,0.14318706697459585,0.050191363537456776,0.2361827704117349,124,866,0.10572337042925278,0.07473712711127058,0.136709613747235,931,8806,0.15333333333333332,0,0.5985358472990487,23,150,NA,NA,NA,0,74,NA
36,053,NY,Madison County,36053,NA,NA,NA,2,25,0.1504424778761062,0.01022718316500365,0.29065777258720876,68,452,0.11859005311443747,0.087975724087004,0.14920438214187093,1228,10355,0.10833333333333334,0.003740564509355976,0.2129261021573107,13,120,NA,NA,NA,0,11,NA
36,055,NY,Monroe County,36055,0.28888888888888886,0,0.6414322171330651,39,135,0.3106796116504854,0.2763847655089976,0.3449744577919732,7328,23587,0.06977415307402761,0.05788615970925423,0.08166214643880099,5561,79700,0.41644939559137234,0.37796083870666547,0.4549379524760792,12299,29533,0.26291454081632654,0.18468596947525762,0.34114311215739546,1649,6272,NA
36,057,NY,Montgomery County,36057,NA,NA,NA,2,32,0.24595103578154426,0.13934102387825423,0.3525610476848343,653,2655,0.16387607119314437,0.1181148348556932,0.20963730753059556,1243,7585,0.2889447236180904,0.1045878108711587,0.47330163636502215,115,398,NA,NA,NA,70,89,NA
36,059,NY,Nassau County,36059,0.2037037037037037,0,0.4278834947182296,99,486,0.09681579208411864,0.08055481527569547,0.11307676889254181,6832,70567,0.020240377800490903,0.016127498148100775,0.02435325745288103,2713,134039,0.10893543189986367,0.08129978757433454,0.1365710762253928,3516,32276,0.06839685744168511,0.053556279749647134,0.08323743513372309,2812,41113,NA
36,061,NY,New York County,36061,0.605,0.40425829809019603,0.8057417019098039,1452,2400,0.35239577785970805,0.32688904117523043,0.37790251454418566,25807,73233,0.029953132773021234,0.02004558539254305,0.03986068015349942,2288,76386,0.3765840148407493,0.3366999945269433,0.4164680351545553,14413,38273,0.12975505136019866,0.0909110463349708,0.16859905638542652,2299,17718,NA
36,063,NY,Niagara County,36063,0.11940298507462686,0,0.9542928178828868,8,67,0.29922530664945124,0.20620065714110586,0.3922499561577966,927,3098,0.1291885761418703,0.10605165427318577,0.1523254980105548,3759,29097,0.31767955801104975,0.22586317563652858,0.4094959403855709,1035,3258,0.6157024793388429,0.38753372268779396,0.8438712359898919,298,484,NA
36,065,NY,Oneida County,36065,NA,NA,NA,9,27,0.31139196068106023,0.21748348533279177,0.4053004360293287,1774,5697,0.15386064030131827,0.1274880629615043,0.18023321764113223,4902,31860,0.5513525401363536,0.436784525703106,0.6659205545696012,2507,4547,0.39755351681957185,0.2970983947564227,0.498008638882721,1300,3270,NA
36,067,NY,Onondaga County,36067,0.4353182751540041,0.25670353572816096,0.6139330145798473,212,487,0.3982928835870012,0.34849647715835663,0.4480892900156458,3873,9724,0.11218444324756328,0.09629830512692564,0.12807058136820093,6457,57557,0.456285100187201,0.4114260026946323,0.5011441976797696,6581,14423,0.22791963164503976,0.16512229041355647,0.29071697287652304,1089,4778,NA
36,069,NY,Ontario County,36069,NA,NA,NA,0,0,0.3537971805366075,0.2721895058691089,0.43540485520410616,778,2199,0.0793423019431988,0.05802198138371187,0.10066262250268573,1327,16725,NA,NA,NA,0,445,0.04516129032258064,0,0.3310119554228969,14,310,NA
36,071,NY,Orange County,36071,0.17905759162303664,0.040654686427977094,0.3174604968180962,171,955,0.15214448443226467,0.12387002977433166,0.18041893909019768,4608,30287,0.21510167859368215,0.1903627156449828,0.2398406415423815,11392,52961,0.17324324324324325,0.12258955588173229,0.2238969306047542,1923,11100,0.10409698996655518,0.038340857998279354,0.16985312193483101,249,2392,NA
36,073,NY,Orleans County,36073,NA,NA,NA,0,31,0.15323854660347552,0,0.3160487623236162,97,633,0.15924333619948408,0.1170304015904225,0.20145627080854567,926,5815,0.3031674208144796,0,0.7131139408098668,67,221,NA,NA,NA,0,0,NA
36,075,NY,Oswego County,36075,NA,NA,NA,18,70,0.3480032599837001,0.22008604331382656,0.4759204766535736,427,1227,0.23602576808721507,0.20519590244658786,0.26685563372784227,4763,20180,0.4873417721518987,0.09879578649032605,0.8758877578134714,77,158,0.2978723404255319,0,0.753333435249758,56,188,NA
36,077,NY,Otsego County,36077,NA,NA,NA,0,15,0.13263525305410123,0.0443154356653923,0.22095507044281015,76,573,0.1597174123839867,0.12562098721929407,0.19381383754867934,1153,7219,0.6884422110552764,0.47304689669605404,0.9038375254144987,137,199,0.02631578947368421,0,0.775488716839189,3,114,NA
36,079,NY,Putnam County,36079,NA,NA,NA,0,19,0.08553230209281165,0.038148450654488665,0.13291615353113465,470,5495,0.04984141368373358,0.028398836677053826,0.07128399069041333,550,11035,0.01284796573875803,0,0.1304114543095503,6,467,0.11315789473684211,0,0.360047510319726,43,380,NA
36,081,NY,Queens County,36081,0.19627998042094957,0.1268407128477584,0.2657192479941407,802,4086,0.18881646285621936,0.17443007128078783,0.2032028544316509,28040,148504,0.09871254992338042,0.08414802423747014,0.1132770756092907,8181,82877,0.1764682465964279,0.15631052058970568,0.19662597260315012,13299,75362,0.16174747428149652,0.1484542238691993,0.17504072469379375,17531,108385,NA
36,083,NY,Rensselaer County,36083,NA,NA,NA,0,70,0.3283041641520821,0.2306500077656794,0.42595832053848476,1088,3314,0.08736263736263736,0.06262739237011127,0.11209788235516345,1749,20020,0.4793910137393242,0.380324872587105,0.5784571548915434,1291,2693,0.3538767395626243,0.13116257187989008,0.5765909072453584,356,1006,NA
36,085,NY,Richmond County,36085,0.20109689213893966,0,0.45873416758310054,110,547,0.21655862196703093,0.18125948738255837,0.2518577565515035,5846,26995,0.07357481586116436,0.05957918345192999,0.08757044827039874,3646,49555,0.3139758480116914,0.25477611736556843,0.3731755786578144,4082,13001,0.17627613776137763,0.1300861909612857,0.22246608456146955,2293,13008,NA
36,087,NY,Rockland County,36087,0.21621621621621623,0.02573540366131527,0.4066970287711172,96,444,0.23314223314223315,0.18843187705051823,0.27785258923394807,5124,21978,0.3143713054483123,0.29242450837776174,0.3363181025188629,19624,62423,0.10751714322680812,0.05476238588767975,0.1602719005659365,831,7729,0.0603882099209202,0.017022149002129686,0.10375427083971071,252,4173,NA
36,089,NY,St. Lawrence County,36089,NA,NA,NA,8,40,0.08872458410351201,0.014076321733988192,0.16337284647303585,48,541,0.21748133616696638,0.18674127688003328,0.24822139545389948,3991,18351,0.14666666666666667,0,0.45465171613820576,22,150,0.00641025641025641,0,0.5530985617921043,1,156,NA
36,091,NY,Saratoga County,36091,NA,NA,NA,28,55,0.17326732673267325,0.10728539630947348,0.23924925715587303,455,2626,0.07842536357051318,0.06402977241120578,0.09282095472982058,2815,35894,0.0374331550802139,0,0.08166302104870138,28,748,NA,NA,NA,0,1336,NA
36,093,NY,Schenectady County,36093,0.07272727272727272,0,0.5744689314332787,8,110,0.3244933160845192,0.2514332850802273,0.3975533470888111,1505,4638,0.08065416387586515,0.05232936473927893,0.10897896301245136,1445,17916,0.3485446472619635,0.23423316986870443,0.4628561246552225,1413,4054,0.17309340188517566,0.06480326505697541,0.2813835387133759,404,2334,NA
36,095,NY,Schoharie County,36095,NA,NA,NA,0,17,0.25,0.06612238359775885,0.43387761640224115,73,292,0.11562350692785475,0.07863442943546929,0.15261258442024023,484,4186,NA,NA,NA,0,19,NA,NA,NA,0,25,NA
36,097,NY,Schuyler County,36097,NA,NA,NA,0,2,0.036585365853658534,0,0.4714971717629528,3,82,0.20174520069808027,0.1344415683972538,0.26904883299890675,578,2865,NA,NA,NA,21,32,NA,NA,NA,0,20,NA
36,099,NY,Seneca County,36099,NA,NA,NA,0,0,0.09313725490196079,0,0.24479131081262706,38,408,0.16175942549371633,0.1200355803890594,0.20348327059837326,901,5570,0.49612403100775193,0.4092256216240176,0.5830224403914863,64,129,NA,NA,NA,0,35,NA
36,101,NY,Steuben County,36101,NA,NA,NA,0,13,0.42560553633217996,0.285737976429306,0.5654730962350539,246,578,0.17716121495327103,0.15068108250893547,0.2036413473976066,3033,17120,0.44171779141104295,0.2586583810554566,0.6247772017666293,144,326,0.02023121387283237,0,0.26940435350992226,7,346,NA
36,103,NY,Suffolk County,36103,0.06866666666666667,0.021609923190284243,0.1157234101430491,103,1500,0.09517210198344833,0.08129338749576033,0.10905081647113633,9683,101742,0.0415058488213289,0.03531732388432564,0.04769437375833216,6291,151569,0.14430399319649,0.115834616700482,0.172773369692498,3733,25869,0.07826996860830136,0.050299438137908374,0.10624049907869434,1122,14335,NA
36,105,NY,Sullivan County,36105,0.19540229885057472,0.10106510613859931,0.28973949156255013,17,87,0.2304118268215417,0.14882263818631952,0.3120010154567639,1091,4735,0.2399580492920818,0.19251300617594364,0.28740309240822,2288,9535,0.25479282622139765,0.16272747015033506,0.34685818229246024,412,1617,0.03134796238244514,0,0.27596557350524487,10,319,NA
36,107,NY,Tioga County,36107,NA,NA,NA,0,0,0.14133333333333334,0,0.4074271420962571,53,375,0.18356293418109032,0.13900979419313975,0.2281160741690409,1559,8493,0.15384615384615385,0,0.7261397449958569,16,104,0.34234234234234234,0,0.8951689063297354,38,111,NA
36,109,NY,Tompkins County,36109,NA,NA,NA,0,68,0.28594122319301035,0.1684138313870128,0.4034686149990079,360,1259,0.07861307788421491,0.05379749046329098,0.10342866530513885,755,9604,0.41341653666146644,0.24417380278369963,0.5826592705392333,265,641,0.03951612903225806,0,0.12384416631757567,49,1240,NA
36,111,NY,Ulster County,36111,NA,NA,NA,58,142,0.2995121951219512,0.2118294254895532,0.3871949647543492,1842,6150,0.07918902802623733,0.05414453242857607,0.10423352362389858,1328,16770,0.06525198938992043,0.003359785796952508,0.12714419298288834,123,1885,0.15348837209302327,0,0.34437773742366656,99,645,NA
36,113,NY,Warren County,36113,NA,NA,NA,0,3,0.13627992633517497,0,0.2991374704323905,74,543,0.1302516692347201,0.0992873449566765,0.16121599351276367,1268,9735,NA,NA,NA,0,73,0.2318840579710145,0,0.8965641486814321,32,138,NA
36,115,NY,Washington County,36115,NA,NA,NA,4,4,0.0759493670886076,0,0.18695167885113056,36,474,0.12357496235749624,0.09448008587266384,0.15266983884232863,1149,9298,0.12307692307692308,0,0.980665770413315,8,65,NA,NA,NA,0,88,NA
36,117,NY,Wayne County,36117,NA,NA,NA,0,40,0.1557377049180328,0.04214301298693868,0.2693323968491269,247,1586,0.12631302521008403,0.09555971107260458,0.15706633934756348,1924,15232,0.14948453608247422,0,0.4826161785959695,29,194,NA,NA,NA,0,217,NA
36,119,NY,Westchester County,36119,0.19888268156424582,0.05877183711987863,0.338993526008613,178,895,0.16985306395057606,0.14901637736465967,0.19068975053649245,12207,71868,0.045483724133101464,0.03520429129563559,0.055763156970567336,3897,85679,0.18599505881485306,0.14832683360493815,0.22366328402476798,5044,27119,0.0402948814610036,0.02109863823274148,0.05949112468926572,481,11937,NA
36,121,NY,Wyoming County,36121,NA,NA,NA,0,3,0.03571428571428571,0,0.2277990454165511,10,280,0.14424980959634426,0.10903868843947041,0.17946093075321812,947,6565,NA,NA,NA,18,19,NA,NA,NA,2,6,NA
36,123,NY,Yates County,36123,NA,NA,NA,0,0,0.6213592233009708,0.4583789156374348,0.7843395309645068,128,206,0.14931945556445156,0.10125068158909328,0.19738822953980983,746,4996,NA,NA,NA,21,21,NA,NA,NA,5,10,NA
37,000,NC,North Carolina,37000,0.2510410683515221,0.23032302110313013,0.2717591155999141,6993,27856,0.2761438887378399,0.2658333008377437,0.2864544766379361,119847,434002,0.09833403505741542,0.09468861554537036,0.10197945456946048,109303,1111548,0.29074174678778536,0.28290198760531937,0.29858150597025135,138075,474906,0.08664324957218769,0.07590673368276978,0.09737976546160561,6734,77721,NA
37,001,NC,Alamance County,37001,0.25245901639344265,0.017059787619529976,0.4878582451673553,77,305,0.231202818319074,0.18198680158244282,0.2804188350557052,2297,9935,0.07742575412801214,0.05707250414739176,0.09777900410863252,1327,17139,0.25939128050452426,0.18202949120384332,0.3367530698052052,1892,7294,0.0347985347985348,0,0.17617722167543887,19,546,NA
37,003,NC,Alexander County,37003,NA,NA,NA,0,249,0.19895968790637192,0,0.4208939379786802,153,769,0.19014084507042253,0.13023100959358558,0.2500506805472595,1026,5396,0.7096774193548387,0.5081523238896072,0.9112025148200703,264,372,NA,NA,NA,0,0,NA
37,005,NC,Alleghany County,37005,NA,NA,NA,0,0,0.3797752808988764,0.17895245477702917,0.5805981070207237,169,445,0.24024024024024024,0.13669125565171833,0.3437892248287622,320,1332,NA,NA,NA,5,5,NA,NA,NA,0,0,NA
37,007,NC,Anson County,37007,NA,NA,NA,0,0,0.3993808049535604,0.22053565167594627,0.5782259582311745,129,323,0.26827757125154894,0.1631728782390015,0.3733822642640964,433,1614,0.39479277364505844,0.2486654186540272,0.5409201286360896,743,1882,NA,NA,NA,0,72,NA
37,009,NC,Ashe County,37009,NA,NA,NA,0,2,0.099609375,0,0.26635796953297686,51,512,0.17046056114346214,0.10240111999595768,0.2385200022909666,644,3778,NA,NA,NA,0,57,NA,NA,NA,0,0,NA
37,011,NC,Avery County,37011,NA,NA,NA,0,1,NA,NA,NA,0,316,0.10568669527896996,0.05193754719450201,0.1594358433634379,197,1864,NA,NA,NA,0,0,0.07936507936507936,0,0.9792394567067426,5,63,NA
37,013,NC,Beaufort County,37013,NA,NA,NA,0,20,0.37229029217719134,0.2474815298908391,0.4970990544635436,395,1061,0.11543564794338788,0.06778393340208094,0.16308736248469483,522,4522,0.5602045560204556,0.45271515796068285,0.6676939540802284,1205,2151,NA,NA,NA,14,17,NA
37,015,NC,Bertie County,37015,NA,NA,NA,0,0,NA,NA,NA,0,51,0.04014167650531287,0,0.0960186857787781,34,847,0.3561643835616438,0.21558866388962533,0.4967401032336623,624,1752,NA,NA,NA,0,12,NA
37,017,NC,Bladen County,37017,0.3592814371257485,0,0.777295559346655,120,334,0.6435643564356436,0.44689428137497234,0.8402344314963148,715,1111,0.217578125,0.13774764464937017,0.29740860535062985,557,2560,0.4482225656877898,0.3377797754741884,0.5586653559013912,870,1941,NA,NA,NA,17,17,NA
37,019,NC,Brunswick County,37019,0.04065040650406504,0,0.4857433819218004,5,123,0.21886249100071994,0.11519651474452078,0.3225284672569191,608,2778,0.10337768679631525,0.06628589266652293,0.14046948092610756,1414,13678,0.2382297551789077,0.12581144722740428,0.35064806313041114,506,2124,0.03225806451612903,0,0.7223145138045832,4,124,NA
37,021,NC,Buncombe County,37021,NA,NA,NA,27,45,0.2945491336790186,0.2091057792458806,0.3799924881121566,2329,7907,0.09252134182998678,0.0720814869430285,0.11296119671694506,3078,33268,0.4517684887459807,0.3019713696600423,0.6015656078319191,843,1866,NA,NA,NA,0,560,NA
37,023,NC,Burke County,37023,0.5596707818930041,0.12575282146158973,0.9935887423244185,136,243,0.43681025275898894,0.3272500977778965,0.5463704077400814,1227,2809,0.20433702713030188,0.14551804673879754,0.26315600752180623,2139,10468,0.6309067688378033,0.377705473012652,0.8841080646629546,494,783,0.16204379562043797,0.002897134784544758,0.32119045645633115,111,685,NA
37,025,NC,Cabarrus County,37025,0.8125,0.26619284163153756,1,104,128,0.18879759696086226,0.117697075808975,0.25989811811274954,2137,11319,0.08698586479697049,0.06547690874047926,0.10849482085346171,2320,26671,0.1873481357352325,0.11802561874848778,0.25667065272197725,2236,11935,0.011522269000664746,0,0.03828781901309249,52,4513,NA
37,027,NC,Caldwell County,37027,NA,NA,NA,0,5,0.3052577845839714,0.1707600311337561,0.4397555380341867,598,1959,0.1766492323266408,0.13240733107620076,0.22089113357708082,2094,11854,0.05625,0,0.1881147509114366,36,640,NA,NA,NA,0,29,NA
37,029,NC,Camden County,37029,NA,NA,NA,0,0,0.14782608695652175,0,0.47985344773179606,34,230,0.06141304347826087,0,0.12315268978184835,113,1840,NA,NA,NA,0,131,NA,NA,NA,0,0,NA
37,031,NC,Carteret County,37031,0.20408163265306123,0,0.5546966490211449,10,49,0.24471544715447155,0.0830196369449556,0.40641125736398753,301,1230,0.06780242396524125,0.045256186024493744,0.09034866190598875,593,8746,0.18681318681318682,0.027505548442414707,0.3461208251839589,51,273,NA,NA,NA,0,206,NA
37,033,NC,Caswell County,37033,NA,NA,NA,0,0,0.7125890736342043,0.5758639872917897,0.849314159976619,300,421,0.1923837784371909,0.11804316022300032,0.2667243966513815,389,2022,0.22909407665505227,0.10726364252631525,0.3509245107837893,263,1148,NA,NA,NA,0,0,NA
37,035,NC,Catawba County,37035,0.145985401459854,0,0.3696575033592541,40,274,0.2663242846661775,0.20259255179701505,0.33005601753534,1815,6815,0.1082940251572327,0.0775971761405849,0.1389908741738805,2204,20352,0.3994115483633689,0.23886692920731342,0.5599561675194243,1086,2719,0.3083287369001655,0.21018688064403873,0.40647059315629225,559,1813,NA
37,037,NC,Chatham County,37037,0.2413793103448276,0,0.6845058015628342,35,145,0.34825744085474436,0.23759956655840508,0.45891531515108364,1369,3931,0.06781883194278904,0.036676732244435364,0.09896093164114271,569,8390,0.3957845433255269,0.18825341525388303,0.6033156713971708,338,854,NA,NA,NA,0,178,NA
37,039,NC,Cherokee County,37039,0.5647058823529412,0.1773403895454111,0.9520713751604712,48,85,0.09169054441260745,0,0.24320830093892065,32,349,0.12731059619890653,0.07308660010796728,0.18153459228984578,489,3841,0.22916666666666666,0,0.7722566901255606,22,96,NA,NA,NA,0,9,NA
37,041,NC,Chowan County,37041,NA,NA,NA,0,0,NA,NA,NA,0,122,0.2845934379457917,0.20535149764670824,0.3638353782448752,399,1402,0.785234899328859,0.5819044579529309,0.9885653407047872,702,894,NA,NA,NA,0,0,NA
37,043,NC,Clay County,37043,NA,NA,NA,0,0,0.07509881422924901,0,0.26804929523866156,19,253,0.07802547770700637,0,0.17423329222307116,98,1256,NA,NA,NA,27,49,NA,NA,NA,0,26,NA
37,045,NC,Cleveland County,37045,0.184,0,0.726299689000176,23,125,0.17013527575442247,0.07369513549524193,0.266575416013603,327,1922,0.21699298115995566,0.17173741157746902,0.2622485507424423,2937,13535,0.47614699840219127,0.3679150093546726,0.58437898744971,2086,4381,0.049019607843137254,0,0.8923469269246878,5,102,NA
37,047,NC,Columbus County,37047,0.02361111111111111,0,0.08358589592251517,17,720,0.09090909090909091,0,0.1874776550181738,103,1133,0.21953559777393974,0.16414090092599246,0.27493029462188706,1144,5211,0.3363572923935799,0.23906691626311358,0.43364766852404624,964,2866,NA,NA,NA,43,43,NA
37,049,NC,Craven County,37049,NA,NA,NA,60,62,0.17196745562130178,0.06560472020740876,0.2783301910351948,465,2704,0.09739069726852256,0.06312460920205812,0.131656785334987,1116,11459,0.36976942783945344,0.29390542888413523,0.44563342679477164,1732,4684,0.1825813221406086,0.040046582444264595,0.32511606183695263,174,953,NA
37,051,NC,Cumberland County,37051,0.2393048128342246,0.12085856944662135,0.3577510562218279,179,748,0.22835087719298244,0.19578216889276392,0.26091958549320093,3254,14250,0.12055695223361051,0.1005217872731902,0.14059211719403084,3117,25855,0.31887409051670984,0.28780544289701193,0.34994273813640775,10343,32436,0.18689196108550948,0.0918842837766204,0.2818996383943986,365,1953,NA
37,053,NC,Currituck County,37053,NA,NA,NA,0,8,0.11970534069981584,0,0.24627120189105267,65,543,0.055078125,0.021945381986228425,0.08821086801377157,282,5120,0.08045977011494253,0,0.39830606949301073,14,174,NA,NA,NA,15,42,NA
37,055,NC,Dare County,37055,NA,NA,NA,0,0,0.2630597014925373,0.07306595202950958,0.45305345095556504,282,1072,0.04902551737994776,0.014630160293958867,0.08342087446593666,244,4977,0.11363636363636363,0,0.2990925570987446,20,176,NA,NA,NA,0,5,NA
37,057,NC,Davidson County,37057,0.14606741573033707,0,0.7874567569539479,13,89,0.272161480235492,0.18078709716489072,0.36353586330609333,1618,5945,0.14585836820950565,0.11615020196945144,0.17556653444955986,3520,24133,0.3438377535101404,0.22809905485409981,0.459576452166181,1102,3205,0.26497695852534564,0.04853230815384582,0.4814216088968455,115,434,NA
37,059,NC,Davie County,37059,NA,NA,NA,0,91,0.21476014760147602,0.09892040353565498,0.3305998916672971,291,1355,0.11881638846737481,0.060760491456073505,0.17687228547867612,783,6590,0.047619047619047616,0,0.3278918040662911,9,189,NA,NA,NA,0,114,NA
37,061,NC,Duplin County,37061,0.7894736842105263,0.5114644848212624,1,60,76,0.42793095718448776,0.3584309334342415,0.49743098093473403,1909,4461,0.12339154411764706,0.0733819203765429,0.17340116785875123,537,4352,0.3749338974087784,0.27738899128796796,0.4724788035295889,709,1891,NA,NA,NA,0,19,NA
37,063,NC,Durham County,37063,0.1673758865248227,0,0.4118259929150915,118,705,0.252764530160893,0.19905642243036148,0.30647263789142454,4823,19081,0.02763339344436194,0.014125848808475628,0.04114093808024825,521,18854,0.2288483409978737,0.18481081658421783,0.2728858654115296,4628,20223,0.012035010940919038,0,0.06307637876382687,22,1828,NA
37,065,NC,Edgecombe County,37065,0.29411764705882354,0,0.8810544549137624,25,85,0.37457337883959047,0.23594489834151283,0.5132018593376682,439,1172,0.15096359743040685,0.08686571560654426,0.21506147925426944,423,2802,0.488804192472606,0.4200347677939743,0.5575736171512377,3078,6297,NA,NA,NA,0,3,NA
37,067,NC,Forsyth County,37067,0.1711111111111111,0.05118403433603011,0.29103818788619207,77,450,0.36725779680265574,0.3253935705075066,0.4091220230978049,8408,22894,0.07227815967369292,0.05286172622769271,0.09169459311969312,2534,35059,0.30360113294070046,0.25797812092507044,0.3492241449563305,6753,22243,0.11019632678910703,0.01904324099980116,0.20134941257841288,174,1579,NA
37,069,NC,Franklin County,37069,NA,NA,NA,0,5,0.29103989535644215,0.1950624770801223,0.387017313632762,890,3058,0.0778421433743664,0.0338691693201623,0.12181511742857051,645,8286,0.18274111675126903,0.10679866182296986,0.2586835716795682,648,3546,NA,NA,NA,0,260,NA
37,071,NC,Gaston County,37071,0.023809523809523808,0,0.45282420550339686,3,126,0.3715173980628961,0.2841644480860587,0.4588703480397335,3107,8363,0.1024092000873426,0.08230053030391418,0.12251786987077101,2814,27478,0.23755432635322007,0.17295974811141435,0.3021489045950258,2405,10124,0.06641123882503193,0,0.1766925230930243,52,783,NA
37,073,NC,Gates County,37073,NA,NA,NA,0,15,0.21428571428571427,0,0.9190695688069785,12,56,0.065587734241908,0,0.133801710555705,77,1174,0.07557117750439367,0,0.20726915670877427,43,569,NA,NA,NA,0,0,NA
37,075,NC,Graham County,37075,NA,NA,NA,0,290,0.14457831325301204,0,0.48510125154053707,12,83,0.03735144312393888,0,0.09635758240082017,44,1178,NA,NA,NA,0,0,NA,NA,NA,0,0,NA
37,077,NC,Granville County,37077,NA,NA,NA,21,23,0.25310870437224225,0.15402031518495252,0.352197093559532,631,2493,0.06443831840110269,0.03130455999383003,0.09757207680837535,374,5804,0.3371270378345125,0.2496342250680822,0.42461985060094276,1096,3251,NA,NA,NA,0,122,NA
37,079,NC,Greene County,37079,NA,NA,NA,8,8,0.5587958607714016,0.464994545735383,0.6525971758074203,594,1063,0.18110236220472442,0.09394125609568063,0.26826346831376824,253,1397,0.3347732181425486,0.20915870196250422,0.46038773432259306,310,926,NA,NA,NA,0,0,NA
37,081,NC,Guilford County,37081,0.32628398791540786,0.152586506820162,0.4999814690106537,108,331,0.29249387408111216,0.2535383572804244,0.3314493908817999,5849,19997,0.07135645413700843,0.055083296205046275,0.08762961206897059,2827,39618,0.28872681908691794,0.25695439787434704,0.32049924029948884,12035,41683,0.15401540154015403,0.10623945153588055,0.2017913515444275,1120,7272,NA
37,083,NC,Halifax County,37083,0.28102189781021897,0.13873913153423656,0.4233046640862014,77,274,0.4165477888730385,0.25224135249155766,0.5808542252545194,292,701,0.19872867179658749,0.11519642872994937,0.2822609148632256,594,2989,0.3782284293093553,0.29050363143558544,0.46595322718312515,1977,5227,NA,NA,NA,0,31,NA
37,085,NC,Harnett County,37085,0.15047619047619049,0.03102493067590001,0.26992745027648096,79,525,0.17697551123453673,0.12872178876750756,0.2252292337015659,1402,7922,0.16926763691624291,0.1255240469073027,0.21301122692518312,2896,17109,0.26123685049410267,0.1916396738966577,0.33083402709154763,1639,6274,0.029605263157894735,0,0.31574901241585346,9,304,NA
37,087,NC,Haywood County,37087,NA,NA,NA,0,90,0.31685393258426964,0.1215197810718043,0.512188084096735,282,890,0.18566196870491622,0.12907809797502923,0.2422458394348032,1673,9011,NA,NA,NA,0,135,0.72,0.47153678330626636,0.9684632166937336,36,50,NA
37,089,NC,Henderson County,37089,NA,NA,NA,0,472,0.3333953488372093,0.22305239602857238,0.44373830164584616,1792,5375,0.1252839295854628,0.08331448493506655,0.16725337423585906,1765,14088,0.21676646706586827,0.0849864188867504,0.34854651524498614,181,835,0.06896551724137931,0,0.380762106042138,20,290,NA
37,091,NC,Hertford County,37091,0.75,0.052851439154076085,1,75,100,0.6521739130434783,0.4260942784954962,0.8782535475914603,285,437,0.07227615965480043,0.019548839341368238,0.12500347996823263,67,927,0.42714285714285716,0.3605704417346107,0.4937152725511036,897,2100,NA,NA,NA,0,37,NA
37,093,NC,Hoke County,37093,0.1921259842519685,0.0889652231319737,0.2952867453719633,122,635,0.3363309352517986,0.2541376005014648,0.4185242700021324,1122,3336,0.10822610294117647,0.06589803454867232,0.15055417133368063,471,4352,0.32210109018830524,0.2380865549055694,0.4061156254710411,1300,4036,0.29333333333333333,0,0.8802579589113252,66,225,NA
37,095,NC,Hyde County,37095,NA,NA,NA,0,0,0.6149425287356322,0.4320176279700621,0.7978674295012023,107,174,0.22469135802469137,0.07797048647834628,0.3714122295710365,91,405,0.9487179487179487,0.6389762237415677,1,111,117,NA,NA,NA,0,0,NA
37,097,NC,Iredell County,37097,NA,NA,NA,49,88,0.23080749461117558,0.14593637820975885,0.3156786110125923,1392,6031,0.07809118585628874,0.05785516683356745,0.09832720487901003,2129,27263,0.24357736140621983,0.1488694304867324,0.33828529232570725,1261,5177,0.03925417075564279,0,0.13182833776458824,40,1019,NA
37,099,NC,Jackson County,37099,0.26555386949924126,0.13035282301386714,0.4007549159846154,175,659,0.35649756775538566,0.17227437008443178,0.5407207654263395,513,1439,0.16228172293364376,0.1017456948577555,0.22281775100953202,697,4295,NA,NA,NA,0,18,0.1862348178137652,0,0.47928542341976255,46,247,NA
37,101,NC,Johnston County,37101,0.02717391304347826,0,0.08824300175313246,20,736,0.3095109063812492,0.25074004521804377,0.3682817675444546,4569,14762,0.044524261317430196,0.03248787560246584,0.05656064703239455,1314,29512,0.2911864406779661,0.22893296924130013,0.3534399121146321,2577,8850,0.06397306397306397,0,0.3713071682562487,19,297,NA
37,103,NC,Jones County,37103,NA,NA,NA,0,0,0.26900584795321636,0,0.6601207762796362,46,171,0.10103092783505155,0.0233084713711766,0.1787533842989265,98,970,0.556135770234987,0.25282316790209786,0.8594483725678761,213,383,NA,NA,NA,0,43,NA
37,105,NC,Lee County,37105,NA,NA,NA,0,0,0.30017022886324946,0.21645630985619585,0.38388414787030306,1587,5287,0.18136466044415836,0.1329352980893485,0.2297940227989682,1127,6214,0.4680767724245985,0.3748506214402183,0.5613029234089787,1195,2553,NA,NA,NA,0,93,NA
37,107,NC,Lenoir County,37107,NA,NA,NA,4,29,0.33298041291688724,0.2318223205270149,0.43413850530675957,629,1889,0.14594942134590655,0.08804883159669781,0.2038500110951153,681,4666,0.4609017643214986,0.392062997283641,0.5297405313593562,2116,4591,NA,NA,NA,26,55,NA
37,109,NC,Lincoln County,37109,0.072,0,0.5150965894762322,9,125,0.15222876366694701,0.07871312510447756,0.22574440222941647,362,2378,0.11632522860990997,0.07128310477567835,0.16136735244414158,1641,14107,0.6310517529215359,0.5144029537504832,0.7477005520925887,756,1198,NA,NA,NA,0,95,NA
37,111,NC,McDowell County,37111,NA,NA,NA,15,24,0.4511784511784512,0.30411465553349115,0.5982422468234112,536,1188,0.1429004854368932,0.09431333655156632,0.1914876343222201,942,6592,0.14937759336099585,0,0.45208359492790673,36,241,NA,NA,NA,0,136,NA
37,113,NC,Macon County,37113,NA,NA,NA,0,14,0.1608667104399212,0.019558937686379285,0.30217448319346313,245,1523,0.11460488208522962,0.044089795553153316,0.18511996861730592,554,4834,NA,NA,NA,2,2,NA,NA,NA,0,2,NA
37,115,NC,Madison County,37115,NA,NA,NA,0,0,0.3862433862433862,0.029941957094367644,0.7425448153924048,73,189,0.10807453416149068,0.046711124326234206,0.16943794399674716,348,3220,NA,NA,NA,0,0,NA,NA,NA,0,14,NA
37,117,NC,Martin County,37117,NA,NA,NA,0,0,0.5579937304075235,0.3634377534714961,0.752549707343551,178,319,0.0970873786407767,0,0.19589267041168112,190,1957,0.5147147147147147,0.41556699964798405,0.6138624297814455,857,1665,NA,NA,NA,0,44,NA
37,119,NC,Mecklenburg County,37119,0.1870286576168929,0.0926256039228246,0.28143171131096123,248,1326,0.269402061192662,0.23860479053414818,0.30019933185117587,16756,62197,0.052936588877557145,0.03913658628839958,0.0667365914667147,4412,83345,0.17776683810288765,0.15944826909013932,0.196085407115636,13722,77191,0.08118741058655221,0.0576200638062271,0.10475475736687732,1362,16776,NA
37,121,NC,Mitchell County,37121,NA,NA,NA,0,0,0.20962199312714777,0,0.47143118914002535,61,291,0.10620258813029898,0.050482364086508615,0.16192281217408935,238,2241,NA,NA,NA,0,0,NA,NA,NA,0,0,NA
37,123,NC,Montgomery County,37123,0.0963855421686747,0,0.608979284538304,8,83,0.24119076549210205,0.09214319490741152,0.3902383360767926,397,1646,0.15215622457282343,0.0878844544747481,0.21642799467089877,374,2458,0.20871862615587847,0.06897264927409555,0.34846460303766136,158,757,NA,NA,NA,0,14,NA
37,125,NC,Moore County,37125,NA,NA,NA,0,139,0.31385913664394677,0.2292323783318462,0.39848589495604736,967,3081,0.09973208305425318,0.07341054751486903,0.12605361859363734,1489,14930,0.07712248865845756,0,0.17280710764784152,119,1543,NA,NA,NA,0,175,NA
37,127,NC,Nash County,37127,0.08743169398907104,0,0.3145429980199158,16,183,0.08562992125984252,0.027437307389929104,0.14382253512975593,261,3048,0.06112277019937041,0.032475892996919595,0.08976964740182122,466,7624,0.29214684566947846,0.20635415134537055,0.37793953999358637,2459,8417,NA,NA,NA,0,238,NA
37,129,NC,New Hanover County,37129,0.06779661016949153,0,0.9886197697577497,4,59,0.13445510300361693,0.07448876819919194,0.19442143780804194,855,6359,0.09601314605422748,0.07192414326906348,0.12010214883939148,2454,25559,0.4449085123309467,0.32454876961382945,0.565268255048064,2237,5028,0.1037037037037037,0,0.3288645007512792,56,540,NA
37,131,NC,Northampton County,37131,NA,NA,NA,0,26,NA,NA,NA,0,157,0.12004801920768307,0.03119747816363587,0.20889856025173026,100,833,0.4983277591973244,0.39627468115110415,0.6003808372435446,894,1794,NA,NA,NA,0,0,NA
37,133,NC,Onslow County,37133,NA,NA,NA,175,347,0.17689609820254273,0.12252581026520504,0.23126638613988043,1614,9124,0.12636602572969982,0.09551600833333607,0.15721604312606358,3654,28916,0.25074784444835474,0.1633128678530365,0.338182821043673,1425,5683,0.12244897959183673,0,0.33763927408688654,60,490,NA
37,135,NC,Orange County,37135,NA,NA,NA,0,226,0.19328493647912887,0.11608050370699599,0.27048936925126177,1065,5510,0.05109634551495017,0.03296922928623879,0.06922346174366154,769,15050,0.17679558011049723,0.08440726316786808,0.2691838970531264,480,2715,0.18209562563580875,0.07870502294197201,0.2854862283296455,358,1966,NA
37,137,NC,Pamlico County,37137,NA,NA,NA,0,0,0.10638297872340426,0,0.35776287897408704,20,188,0.13543599257884972,0.055048802578342756,0.21582318257935668,146,1078,0.5133689839572193,0.14473959964985544,0.8819983682645831,96,187,NA,NA,NA,5,15,NA
37,139,NC,Pasquotank County,37139,NA,NA,NA,0,7,NA,NA,NA,0,728,0.04976369196552683,0.009702489655430649,0.08982489427562301,179,3597,0.16650278597181253,0.07160755946112105,0.26139801248250405,508,3051,NA,NA,NA,0,204,NA
37,141,NC,Pender County,37141,NA,NA,NA,0,51,0.14450867052023122,0.03467904377076392,0.25433829726969853,325,2249,0.061436280614362807,0.03690310011609275,0.08596946111263287,592,9636,0.27261306532663315,0.14417050681008467,0.4010556238431816,434,1592,NA,NA,NA,0,81,NA
37,143,NC,Perquimans County,37143,NA,NA,NA,0,0,0.2746478873239437,0,0.6921960774256211,39,142,0.07808564231738035,0.01676201031659348,0.13940927431816724,124,1588,0.13345195729537365,0.023151088469911485,0.24375282612083582,75,562,NA,NA,NA,0,0,NA
37,145,NC,Person County,37145,NA,NA,NA,0,6,0.6975446428571429,0.4706031846224036,0.9244861010918822,625,896,0.10178727114210985,0.039212847680579574,0.16436169460364014,467,4588,0.4370023419203747,0.28060098796277283,0.5934036958779765,933,2135,NA,NA,NA,0,0,NA
37,147,NC,Pitt County,37147,0.6666666666666666,0.1724232482754673,1,140,210,0.33208567269702643,0.25545540434090486,0.408715941053148,1597,4809,0.07833840492534144,0.05136402035926304,0.10531278949141984,1107,14131,0.33875856615709016,0.28834765878801993,0.3891694735261604,5141,15176,0.033773861967694566,0,0.16899859683482082,23,681,NA
37,149,NC,Polk County,37149,NA,NA,NA,0,0,0.22408963585434175,0.014151761880269426,0.4340275098284141,80,357,0.1524625267665953,0.08484281206174213,0.22008224147144848,356,2335,0.5988700564971752,0.3803323916601192,0.8174077213342312,106,177,NA,NA,NA,0,16,NA
37,151,NC,Randolph County,37151,0.07329842931937172,0,0.42325859950517,14,191,0.2916499665998664,0.2241072737622663,0.35919265943746653,2183,7485,0.15537569944044763,0.12220143831245024,0.18854996056844503,3110,20016,0.3240982749607946,0.14867532309376685,0.4995212268278223,620,1913,0.08146964856230032,0,0.21817747392018677,51,626,NA
37,153,NC,Richmond County,37153,0.9219512195121952,0.8710142150632797,0.9728882239611106,189,205,0.330763299922899,0.16799906941412696,0.493527530431671,429,1297,0.30127167630057805,0.2026230580056969,0.3999202945954592,1303,4325,0.49401368301026227,0.3934667150352282,0.5945606509852963,1733,3508,0.6885245901639344,0.4110732374719532,0.9659759428559156,42,61,NA
37,155,NC,Robeson County,37155,0.3220747889022919,0.28746422628877993,0.3566853515158039,3471,10777,0.41005074480275006,0.3531686742337917,0.4669328153717084,2505,6109,0.19622889717167288,0.14745921349914726,0.2449985808441985,895,4561,0.5396778042959427,0.49730100916800984,0.5820545994238755,3618,6704,0.26512968299711814,0,0.5691555496309635,92,347,NA
37,157,NC,Rockingham County,37157,NA,NA,NA,12,23,0.3695198329853862,0.2565520110926969,0.48248765487807554,885,2395,0.17144913196006117,0.12536319515470035,0.217535068765422,1906,11117,0.3010801080108011,0.17325154432720025,0.42890867169440194,669,2222,NA,NA,NA,0,65,NA
37,159,NC,Rowan County,37159,NA,NA,NA,0,84,0.41484973482616383,0.33104847226075035,0.4986509973915773,2816,6788,0.12172173254745039,0.08809716801626946,0.15534629707863132,2251,18493,0.40339425587467365,0.31993255293638245,0.48685595881296484,2163,5362,NA,NA,NA,50,147,NA
37,161,NC,Rutherford County,37161,NA,NA,NA,5,11,0.2533532041728763,0.11018812492318514,0.3965182834225675,340,1342,0.1403316130449105,0.09773577773797004,0.18292744835185099,1278,9107,0.43009605122732125,0.28556231242775504,0.5746297900268875,403,937,NA,NA,NA,0,55,NA
37,163,NC,Sampson County,37163,0.06463878326996197,0,0.29273088468001107,17,263,0.5020692249811889,0.4386465793225547,0.5654918706398231,2669,5316,0.14940944881889764,0.07607191127547004,0.22274698636232526,759,5080,0.451529671949871,0.358405063741242,0.5446542801584999,1225,2713,NA,NA,NA,54,68,NA
37,165,NC,Scotland County,37165,0.3320964749536178,0.22892188819853404,0.4352710617087016,358,1078,0.361328125,0.1738090262311432,0.5488472237688569,185,512,0.19827998088867654,0.12689781712458187,0.2696621446527712,415,2093,0.5602471678681772,0.5124937561573815,0.6080005795789729,1632,2913,NA,NA,NA,0,55,NA
37,167,NC,Stanly County,37167,NA,NA,NA,5,5,0.23511214230471772,0.11105075868982717,0.35917352591960827,304,1293,0.1517847796503716,0.11040186272098684,0.19316769657975635,1450,9553,0.7066189624329159,0.5728720460452178,0.840365878820614,1185,1677,NA,NA,NA,0,269,NA
37,169,NC,Stokes County,37169,NA,NA,NA,9,20,0.2984790874524715,0.06405064515551537,0.5329075297494276,157,526,0.1300350262697023,0.07749286482241546,0.1825771877169891,891,6852,0.15719063545150502,0,0.3234706147510438,47,299,NA,NA,NA,0,0,NA
37,171,NC,Surry County,37171,NA,NA,NA,0,77,0.26981839146728165,0.1567074808373251,0.3829293020972382,936,3469,0.15300492610837438,0.11268627007401605,0.1933235821427327,1553,10150,0.5150976909413855,0.2696464647519622,0.7605489171308087,290,563,0.2909090909090909,0,0.8451402974223697,48,165,NA
37,173,NC,Swain County,37173,0.2108294930875576,0.08142659392623264,0.3402323922488826,183,868,0.2088235294117647,0,0.4317891115202358,71,340,0.3593170007423905,0.2795999884685968,0.43903401301618417,484,1347,NA,NA,NA,3,21,NA,NA,NA,0,0,NA
37,175,NC,Transylvania County,37175,NA,NA,NA,0,15,0.5325732899022801,0.25453014389740786,0.8106164359071524,327,614,0.11969111969111969,0.07499861263310487,0.1643836267491345,465,3885,0.4309623430962343,0.0725809184935105,0.7893437676989581,103,239,NA,NA,NA,0,33,NA
37,177,NC,Tyrrell County,37177,NA,NA,NA,0,0,0.32967032967032966,0,0.677041697115347,30,91,0.49038461538461536,0.29249125993528824,0.6882779708339425,153,312,0.20161290322580644,0,0.4737556609559848,25,124,NA,NA,NA,0,0,NA
37,179,NC,Union County,37179,0.15294117647058825,0,0.31541282770121704,78,510,0.20773230459577324,0.1683899831708828,0.24707462602066368,2477,11924,0.054282459533207934,0.04098177436010561,0.06758314470631026,2049,37747,0.2846975088967972,0.216873088543207,0.3525219292503874,1920,6744,0.10912,0.037527823565819726,0.18071217643418025,341,3125,NA
37,181,NC,Vance County,37181,NA,NA,NA,0,309,0.2771672771672772,0.13329082447158272,0.42104372986297167,454,1638,0.18983957219251338,0.10486752875186642,0.27481161563316037,497,2618,0.38931455787947816,0.2962598601120373,0.482369255646919,1880,4829,NA,NA,NA,0,58,NA
37,183,NC,Wake County,37183,0.0188953488372093,0,0.10647617856906524,13,688,0.20646556384473996,0.1757753328115132,0.23715579487796673,9548,46245,0.03909074440182418,0.031206803751342355,0.04697468505230601,4963,126961,0.1789136732915983,0.15305146406423015,0.20477588251896645,8831,49359,0.041398031896844247,0.020424970057059844,0.06237109373662865,976,23576,NA
37,185,NC,Warren County,37185,0.5174129353233831,0.4254394931299523,0.6093863775168138,104,201,0.20848056537102475,0,0.4785077187332285,59,283,0.16216216216216217,0.06643142383334184,0.2578929004909825,150,925,0.3878474466709761,0.2694382562640121,0.5062566370779401,600,1547,NA,NA,NA,5,5,NA
37,187,NC,Washington County,37187,NA,NA,NA,0,0,0.10059171597633136,0,0.27892265718637055,17,169,0.13390928725701945,0,0.31962570761320414,62,463,0.4577338129496403,0.19376615876934622,0.7217014671299343,509,1112,NA,NA,NA,0,0,NA
37,189,NC,Watauga County,37189,NA,NA,NA,0,46,0.1370223978919631,0.05307440511324962,0.2209703906706766,104,759,0.1213181148748159,0.07340675032578134,0.16922947942385047,659,5432,NA,NA,NA,10,12,NA,NA,NA,0,24,NA
37,191,NC,Wayne County,37191,NA,NA,NA,5,12,0.34735872235872234,0.282691338112081,0.41202610660536365,2262,6512,0.11246738725307491,0.08075430236607029,0.14418047214007954,1207,10732,0.397454988493299,0.33064711517519096,0.4642628618114071,2936,7387,0.2564102564102564,0,0.5876329475245801,50,195,NA
37,193,NC,Wilkes County,37193,NA,NA,NA,0,0,0.43847072879330945,0.31904066659094754,0.5579007909956714,734,1674,0.2064575269912406,0.15767392517974319,0.25524112880273797,2027,9818,NA,NA,NA,126,256,NA,NA,NA,0,82,NA
37,195,NC,Wilson County,37195,NA,NA,NA,0,20,0.37503204306588056,0.2888221666742084,0.4612419194575527,1463,3901,0.08627182471756248,0.04891248927782703,0.12363116015729793,504,5842,0.4804344798774544,0.4084766622831927,0.5523922974717161,3450,7181,0.18857142857142858,0,0.6934967934598304,33,175,NA
37,197,NC,Yadkin County,37197,NA,NA,NA,0,44,0.4955406911928651,0.36396381388476784,0.6271175685009623,889,1794,0.09927175162897663,0.06192687594625831,0.13661662731169494,518,5218,NA,NA,NA,10,44,NA,NA,NA,0,0,NA
37,199,NC,Yancey County,37199,NA,NA,NA,0,10,0.3891402714932127,0.27557874429030826,0.5027017986961171,172,442,0.1442551649148242,0.08228789284806311,0.20622243698158532,398,2759,NA,NA,NA,0,0,NA,NA,NA,0,30,NA
38,000,ND,North Dakota,38000,0.3650520519659296,0.3266209912935134,0.4034831126383458,4243,11623,0.19700585810371013,0.14722509112215315,0.2467866250852671,2724,13827,0.06423378539067086,0.05698494983439752,0.07148262094694419,8535,132874,0.3421641351701401,0.26513168899188305,0.41919658134839716,2906,8493,0.2731921110299489,0.16539940441209655,0.38098481764780123,748,2738,NA
38,001,ND,Adams County,38001,NA,NA,NA,0,8,NA,NA,NA,0,21,0.145,0.042349571876960146,0.24765042812303983,58,400,NA,NA,NA,0,0,NA,NA,NA,0,0,NA
38,003,ND,Barnes County,38003,NA,NA,NA,43,43,0.08333333333333333,0,0.4804222278726147,6,72,0.13401476433844406,0.06260445037332724,0.20542507830356088,236,1761,NA,NA,NA,0,0,NA,NA,NA,0,87,NA
38,005,ND,Benson County,38005,0.35633055344958303,0.25770815290405624,0.4549529539951098,470,1319,NA,NA,NA,0,80,0.24843423799582465,0.14873907780058737,0.3481293981910619,119,479,NA,NA,NA,0,0,NA,NA,NA,0,4,NA
38,007,ND,Billings County,38007,NA,NA,NA,0,0,NA,NA,NA,0,6,NA,NA,NA,0,176,NA,NA,NA,0,0,NA,NA,NA,0,0,NA
38,009,ND,Bottineau County,38009,0.6989247311827957,0.47255444299211713,0.9252950193734744,65,93,0.07692307692307693,0,0.5794129407823352,4,52,0.05777400169923534,0.017579804227309564,0.09796819917116112,68,1177,NA,NA,NA,0,0,NA,NA,NA,0,0,NA
38,011,ND,Bowman County,38011,NA,NA,NA,31,31,NA,NA,NA,0,20,0.12080536912751678,0.061425840361232685,0.18018489789380088,72,596,NA,NA,NA,0,0,NA,NA,NA,0,0,NA
38,013,ND,Burke County,38013,NA,NA,NA,0,10,NA,NA,NA,0,13,0.005870841487279843,0,0.031914884584236566,3,511,NA,NA,NA,0,0,NA,NA,NA,0,13,NA
38,015,ND,Burleigh County,38015,0.39303482587064675,0.24116881237531493,0.5449008393659786,395,1005,NA,NA,NA,0,1290,0.03375431840063431,0.016990579708019263,0.05051805709324936,596,17657,0.7890818858560794,0.4622782326311449,1,318,403,0.38219895287958117,0.16487486870181353,0.5995230370573488,146,382,NA
38,017,ND,Cass County,38017,0.6074766355140186,0.5298493680631249,0.6851039029649124,390,642,0.24330708661417322,0.09486568832894204,0.3917484848994044,618,2540,0.0547644397125366,0.03716615631861213,0.07236272310646107,1646,30056,0.3028197793216183,0.2003663995841719,0.4052731590590647,1482,4894,0.3440334961618981,0.15803308868277763,0.5300339036410185,493,1433,NA
38,019,ND,Cavalier County,38019,NA,NA,NA,0,0,NA,NA,NA,0,38,0.06779661016949153,0,0.14112788516573338,48,708,NA,NA,NA,0,0,NA,NA,NA,0,0,NA
38,021,ND,Dickey County,38021,NA,NA,NA,11,16,0.4146341463414634,0.11936917416096715,0.7098991185219596,34,82,0.06777893639207508,0.024523801283128845,0.11103407150102132,65,959,NA,NA,NA,0,0,NA,NA,NA,0,0,NA
38,023,ND,Divide County,38023,NA,NA,NA,0,0,NA,NA,NA,0,45,0.23008849557522124,0.08802217506414131,0.3721548160863012,78,339,NA,NA,NA,0,0,NA,NA,NA,0,0,NA
38,025,ND,Dunn County,38025,0.1810344827586207,0.0565845460792906,0.3054844194379508,21,116,0.10256410256410256,0,0.280916003636557,8,78,0.11267605633802817,0.03320950709948424,0.1921426055765721,88,781,NA,NA,NA,0,2,NA,NA,NA,0,0,NA
38,027,ND,Eddy County,38027,NA,NA,NA,13,32,NA,NA,NA,0,40,0.1834625322997416,0.09321419411405807,0.27371087048542514,71,387,NA,NA,NA,0,0,NA,NA,NA,0,0,NA
38,029,ND,Emmons County,38029,NA,NA,NA,0,9,NA,NA,NA,0,3,0.07859531772575251,0.018489617728657988,0.13870101772284704,47,598,NA,NA,NA,4,4,NA,NA,NA,0,0,NA
38,031,ND,Foster County,38031,NA,NA,NA,0,0,NA,NA,NA,0,1,0.05325443786982249,0,0.10741137138298407,36,676,NA,NA,NA,0,0,NA,NA,NA,0,0,NA
38,033,ND,Golden Valley County,38033,NA,NA,NA,0,0,NA,NA,NA,0,0,0.28957528957528955,0.11699805728338356,0.4621525218671956,75,259,NA,NA,NA,0,0,NA,NA,NA,0,0,NA
38,035,ND,Grand Forks County,38035,0.24056603773584906,0,0.4905342776033127,102,424,0.10801630434782608,0.011728296821646125,0.20430431187400605,159,1472,0.05522429134941748,0.02771408639912764,0.08273449629970733,602,10901,0.4407364787111623,0.3034234426595386,0.578049514762786,383,869,0.2607655502392344,0,0.6541100721699091,109,418,NA
38,037,ND,Grant County,38037,NA,NA,NA,0,19,NA,NA,NA,0,2,0.20353982300884957,0.10489519700475812,0.302184449012941,92,452,NA,NA,NA,0,3,NA,NA,NA,0,0,NA
38,039,ND,Griggs County,38039,NA,NA,NA,0,0,NA,NA,NA,0,15,0.10396039603960396,0.01187716503218017,0.19604362704702774,42,404,NA,NA,NA,0,18,NA,NA,NA,0,1,NA
38,041,ND,Hettinger County,38041,NA,NA,NA,0,0,NA,NA,NA,0,0,0.10401891252955082,0.012045412366203684,0.19599241269289797,44,423,NA,NA,NA,0,4,NA,NA,NA,0,0,NA
38,043,ND,Kidder County,38043,NA,NA,NA,0,0,0.07692307692307693,0,0.7366286316520094,2,26,0.06423982869379015,0.018588150661470237,0.10989150672611006,30,467,NA,NA,NA,0,0,NA,NA,NA,0,0,NA
38,045,ND,LaMoure County,38045,NA,NA,NA,0,0,NA,NA,NA,0,25,0.06723716381418093,0.022930829384840395,0.11154349824352147,55,818,NA,NA,NA,0,0,NA,NA,NA,0,0,NA
38,047,ND,Logan County,38047,NA,NA,NA,0,0,0.2564102564102564,0,0.5957169436455538,10,39,0.07741935483870968,0.02032382073376033,0.13451488894365904,24,310,NA,NA,NA,0,0,NA,NA,NA,0,0,NA
38,049,ND,McHenry County,38049,NA,NA,NA,0,30,0.5769230769230769,0.3239499156046479,0.8298962382415058,30,52,0.13680494263018536,0.08526106129157485,0.18834882396879588,155,1133,NA,NA,NA,1,1,NA,NA,NA,0,0,NA
38,051,ND,McIntosh County,38051,NA,NA,NA,0,0,NA,NA,NA,2,4,0.125,0.04762752363311859,0.2023724763668814,55,440,NA,NA,NA,0,0,NA,NA,NA,0,4,NA
38,053,ND,McKenzie County,38053,0.4113345521023766,0.14486739931995685,0.6778017048847964,225,547,0.32789115646258504,0.11200277747807108,0.543779535447099,241,735,0.0659121171770972,5.966731209254006e-4,0.131227561233269,198,3004,NA,NA,NA,0,18,NA,NA,NA,0,16,NA
38,055,ND,McLean County,38055,0.2753623188405797,0.09282447939530078,0.4579001582858586,38,138,NA,NA,NA,0,49,0.0570430733410943,0.01772256631802467,0.09636358036416393,98,1718,NA,NA,NA,0,0,NA,NA,NA,0,20,NA
38,057,ND,Mercer County,38057,0.5121951219512195,0.13270678876649444,0.8916834551359446,21,41,NA,NA,NA,0,87,0.11733490566037735,0.029298635685868005,0.20537117563488672,199,1696,NA,NA,NA,0,0,NA,NA,NA,0,22,NA
38,059,ND,Morton County,38059,0.002127659574468085,0,0.08135868606297689,1,470,0.11551724137931034,0,0.28304137322494655,67,580,0.07427447122479094,0.030045410705886268,0.11850353174369563,453,6099,NA,NA,NA,0,0,NA,NA,NA,0,5,NA
38,061,ND,Mountrail County,38061,0.2795275590551181,0.15390441381110861,0.4051507042991276,284,1016,0.05367231638418079,0,0.15271305898336623,19,354,0.11409395973154363,0.03959590822797324,0.18859201123511402,136,1192,NA,NA,NA,19,53,NA,NA,NA,0,0,NA
38,063,ND,Nelson County,38063,NA,NA,NA,0,0,0.3142857142857143,0.06390959456077544,0.5646618340106531,11,35,0.13320463320463322,0.06292106397329782,0.2034882024359686,69,518,NA,NA,NA,0,0,NA,NA,NA,0,2,NA
38,065,ND,Oliver County,38065,NA,NA,NA,0,0,NA,NA,NA,0,0,0.02526315789473684,0,0.0750047384103141,12,475,NA,NA,NA,0,0,NA,NA,NA,0,0,NA
38,067,ND,Pembina County,38067,NA,NA,NA,0,0,0.27058823529411763,0.12205723984217406,0.41911923074606117,23,85,0.10608552631578948,0.05682891651808498,0.15534213611349398,129,1216,NA,NA,NA,0,23,NA,NA,NA,0,10,NA
38,069,ND,Pierce County,38069,NA,NA,NA,51,51,NA,NA,NA,1,6,0.056402439024390245,0,0.11596601683894399,37,656,NA,NA,NA,0,0,NA,NA,NA,0,0,NA
38,071,ND,Ramsey County,38071,0.17009345794392525,0,0.411774549757971,91,535,NA,NA,NA,98,133,0.2626531699520511,0.13703160008072335,0.3882747398233789,493,1877,NA,NA,NA,0,1,NA,NA,NA,0,2,NA
38,073,ND,Ransom County,38073,NA,NA,NA,0,2,0.7692307692307693,0.43543907411707733,1,60,78,0.1206896551724138,0.05297429011353877,0.18840502023128883,126,1044,NA,NA,NA,6,6,NA,NA,NA,0,0,NA
38,075,ND,Renville County,38075,NA,NA,NA,0,0,NA,NA,NA,0,10,0.06993006993006994,0.024753621200368343,0.11510651865977153,30,429,NA,NA,NA,0,0,NA,NA,NA,0,0,NA
38,077,ND,Richland County,38077,0.5263157894736842,0.23596723772247596,0.8166643412248924,70,133,0.296,0.08205160262906033,0.5099483973709397,74,250,0.04507337526205451,0.01974381243369523,0.07040293809041379,129,2862,NA,NA,NA,0,3,NA,NA,NA,0,24,NA
38,079,ND,Rolette County,38079,0.3283283283283283,0.2701233541819272,0.38653330247472945,984,2997,NA,NA,NA,0,73,0.05084745762711865,0,0.16352954288271426,18,354,NA,NA,NA,0,0,NA,NA,NA,0,15,NA
38,081,ND,Sargent County,38081,NA,NA,NA,0,0,NA,NA,NA,6,9,0.09237536656891496,0.045123617335141156,0.13962711580268877,63,682,NA,NA,NA,0,28,NA,NA,NA,0,0,NA
38,083,ND,Sheridan County,38083,NA,NA,NA,0,0,NA,NA,NA,0,0,0.1044776119402985,0,0.212879140081923,21,201,NA,NA,NA,0,0,NA,NA,NA,0,0,NA
38,085,ND,Sioux County,38085,0.6251089799476897,0.5818187008901831,0.6683992590051963,717,1147,NA,NA,NA,4,4,0.05555555555555555,0,0.30257589390431466,4,72,NA,NA,NA,0,0,NA,NA,NA,0,0,NA
38,087,ND,Slope County,38087,NA,NA,NA,0,0,NA,NA,NA,0,0,NA,NA,NA,0,122,NA,NA,NA,0,0,NA,NA,NA,0,0,NA
38,089,ND,Stark County,38089,NA,NA,NA,0,72,0.5687103594080338,0.42847727077409925,0.7089434480419684,538,946,0.045327754532775454,0.012648736500694861,0.07800677256485605,325,7170,NA,NA,NA,0,321,NA,NA,NA,0,18,NA
38,091,ND,Steele County,38091,NA,NA,NA,0,0,NA,NA,NA,0,8,0.23782234957020057,0.12083406107229087,0.35481063806811025,83,349,NA,NA,NA,0,3,NA,NA,NA,0,0,NA
38,093,ND,Stutsman County,38093,NA,NA,NA,0,0,NA,NA,NA,0,272,0.07371617890668139,0.02852199776711544,0.11891036004624733,267,3622,0.03680981595092025,0,0.2505987177213053,6,163,NA,NA,NA,0,12,NA
38,095,ND,Towner County,38095,NA,NA,NA,0,39,NA,NA,NA,0,1,0.04225352112676056,0,0.10529517584695346,18,426,NA,NA,NA,0,0,NA,NA,NA,0,0,NA
38,097,ND,Traill County,38097,NA,NA,NA,0,26,0.13076923076923078,0,0.3771012208206219,17,130,0.05670103092783505,0.023431727935953925,0.08997033391971618,88,1552,NA,NA,NA,0,3,NA,NA,NA,0,0,NA
38,099,ND,Walsh County,38099,NA,NA,NA,2,22,0.18604651162790697,0.06238157379309789,0.30971144946271606,96,516,0.09559675550405562,0.05491225157543742,0.13628125943267383,165,1726,NA,NA,NA,32,39,NA,NA,NA,0,45,NA
38,101,ND,Ward County,38101,0.1717171717171717,0,0.3518123952604145,51,297,0.2237442922374429,0.05151174137608183,0.395976843098804,392,1752,0.038309669831135006,0.020884309879549503,0.055735029782720505,456,11903,0.3928923988153998,0.10725378617268067,0.6785310114581189,398,1013,NA,NA,NA,0,50,NA
38,103,ND,Wells County,38103,NA,NA,NA,0,0,NA,NA,NA,0,2,0.07894736842105263,0.021739146435084317,0.13615559040702094,66,836,NA,NA,NA,0,0,NA,NA,NA,0,0,NA
38,105,ND,Williams County,38105,0.5699658703071673,0.18997027391947574,0.9499614666948588,167,293,0.12028301886792453,0,0.30119133826718736,204,1696,0.054478976234003655,0.015179360883630713,0.0937785915843766,447,8205,0.4138486312399356,0.21800802267456673,0.6096892398053044,257,621,NA,NA,NA,0,155,NA
39,000,OH,Ohio,39000,0.27804464538005086,0.1850945257702801,0.37099476498982165,984,3539,0.2586471280910637,0.24670328822283497,0.2705909679592925,49421,191075,0.12290236338856543,0.11963886412912926,0.12616586264800161,211557,1721342,0.3696511400013066,0.3594065977109442,0.37989568229166903,135798,367368,0.12683268482490273,0.11023723131028457,0.1434281383395209,8149,64250,NA
39,001,OH,Adams County,39001,NA,NA,NA,0,0,0.21052631578947367,0,0.5933609858481083,20,95,0.2878289473684211,0.23363504003544389,0.34202285470139826,1750,6080,NA,NA,NA,0,0,NA,NA,NA,0,13,NA
39,003,OH,Allen County,39003,NA,NA,NA,0,0,0.2549019607843137,0.1655923448949419,0.3442115766736855,325,1275,0.12458253816793893,0.09588779863281455,0.15327727770306332,2089,16768,0.3589236248516027,0.2399890442797967,0.4778582054234086,907,2527,NA,NA,NA,0,150,NA
39,005,OH,Ashland County,39005,NA,NA,NA,2,2,NA,NA,NA,0,315,0.2067366827514429,0.14948611152581098,0.26398725397707484,2185,10569,0.7553956834532374,0.1785281530988021,1,105,139,NA,NA,NA,0,0,NA
39,007,OH,Ashtabula County,39007,NA,NA,NA,13,28,0.21363910681955342,0.11287752789251879,0.3144006857465881,354,1657,0.2537827890401355,0.21175446964743094,0.2958111084328401,4344,17117,0.22797202797202798,0.09714866549709397,0.35879539044696196,163,715,NA,NA,NA,56,112,NA
39,009,OH,Athens County,39009,NA,NA,NA,0,0,0.014598540145985401,0,0.2014238636713422,4,274,0.12696586114307634,0.0920147468115819,0.1619169754745708,993,7821,0.5569620253164557,0.1422647646750821,0.9716592859578292,88,158,NA,NA,NA,0,159,NA
39,011,OH,Auglaize County,39011,NA,NA,NA,0,4,NA,NA,NA,0,333,0.0808244089715094,0.05403837130466549,0.10761044663835331,800,9898,0.16875,0,0.556301431150767,27,160,NA,NA,NA,0,6,NA
39,013,OH,Belmont County,39013,NA,NA,NA,4,4,0.5427509293680297,0.2651778952556715,0.8203239634803879,146,269,0.20440824149496886,0.16198803855342797,0.24682844443650975,2133,10435,NA,NA,NA,155,166,0.5949367088607594,0.053923020890595974,1,47,79,NA
39,015,OH,Brown County,39015,NA,NA,NA,0,0,0.7407407407407407,0.4107365050201309,1,160,216,0.25291400923685947,0.19491733657272037,0.3109106819009986,2300,9094,NA,NA,NA,18,28,NA,NA,NA,0,12,NA
39,017,OH,Butler County,39017,0.010309278350515464,0,0.5318840076972798,1,97,0.18491068034967692,0.13298909524195163,0.2368322654574022,1946,10524,0.10368026010860917,0.0895000840885758,0.11786043612864255,5995,57822,0.21500942507068804,0.143503530555152,0.2865153195862241,1825,8488,0.20516756203632644,0.13270911260876758,0.2776260114638853,802,3909,NA
39,019,OH,Carroll County,39019,NA,NA,NA,0,0,NA,NA,NA,0,37,0.2282208588957055,0.16038931565899064,0.29605240213242034,1116,4890,NA,NA,NA,0,13,NA,NA,NA,0,0,NA
39,021,OH,Champaign County,39021,NA,NA,NA,30,37,NA,NA,NA,0,203,0.09663697992822012,0.04585851462128217,0.1474154452351581,727,7523,0.056818181818181816,0,0.5710417240257544,5,88,NA,NA,NA,0,0,NA
39,023,OH,Clark County,39023,NA,NA,NA,0,0,0.4191755442334414,0.30696743027030665,0.5313836581965762,905,2159,0.1521799371882505,0.12320501191149738,0.18115486246500365,3295,21652,0.5026362038664324,0.3672429484700116,0.6380294592628531,1144,2276,NA,NA,NA,0,137,NA
39,025,OH,Clermont County,39025,NA,NA,NA,0,0,0.22654462242562928,0.11707898101437202,0.33601026383688654,396,1748,0.08984827864307676,0.07339960522315918,0.10629695206299435,3565,39678,0.2232746955345061,0.05518349918122831,0.3913658918877839,165,739,0.15129151291512916,0,0.46812532374245525,41,271,NA
39,027,OH,Clinton County,39027,NA,NA,NA,0,0,0.519774011299435,0.2874407024080292,0.7521073201908408,184,354,0.12909113030782335,0.09034691887696056,0.16783534173868614,1061,8219,0.2987012987012987,0,0.9799214990040082,23,77,NA,NA,NA,0,12,NA
39,029,OH,Columbiana County,39029,NA,NA,NA,0,0,0.42114384748700173,0.09644573831804032,0.7458419566559631,243,577,0.20227324134811128,0.16658417061410702,0.23796231208211555,3577,17684,0.7174515235457064,0.42118944525899216,1,259,361,NA,NA,NA,0,59,NA
39,031,OH,Coshocton County,39031,NA,NA,NA,0,27,NA,NA,NA,33,65,0.2541793313069909,0.2038373745804107,0.3045212880335711,2007,7896,0.1864406779661017,0,0.4950192063636955,11,59,NA,NA,NA,75,75,NA
39,033,OH,Crawford County,39033,NA,NA,NA,0,0,0.20416666666666666,0.005975728332520913,0.4023576050008124,49,240,0.13646422424391444,0.09864599857648523,0.17428244991134365,1110,8134,NA,NA,NA,0,46,NA,NA,NA,0,128,NA
39,035,OH,Cuyahoga County,39035,0.47058823529411764,0.0768716638773137,0.8643048067109216,176,374,0.3090986559243909,0.27516538465367757,0.3430319271951042,7980,25817,0.09777973299336523,0.08622476180618077,0.10933470418054969,10891,111383,0.3731353591160221,0.3516337287392644,0.39463698949277976,32418,86880,0.15183851889946,0.10530845803903374,0.19836857975988628,1181,7778,NA
39,037,OH,Darke County,39037,NA,NA,NA,0,0,0.27586206896551724,0.14355063587159506,0.4081735020594394,96,348,0.09701625871002323,0.07137687393514247,0.12265564348490399,1086,11194,0.00684931506849315,0,0.3539079919272171,1,146,0.6,0.0027802867813553345,1,54,90,NA
39,039,OH,Defiance County,39039,NA,NA,NA,0,0,0.05555555555555555,0,0.12853742989052863,76,1368,0.092902652244777,0.05360613034004572,0.1321991741495083,627,6749,NA,NA,NA,157,157,NA,NA,NA,27,27,NA
39,041,OH,Delaware County,39041,NA,NA,NA,0,14,0.05473204104903079,0.013343445531216504,0.09612063656684508,144,2631,0.045617042115572964,0.03392680788260717,0.05730727634853876,1863,40840,0.2358197358197358,0.06677833698565286,0.4048611346538188,607,2574,0.01951123374063855,0,0.0465232136736519,99,5074,NA
39,043,OH,Erie County,39043,NA,NA,NA,0,0,0.27586206896551724,0.10872805474711875,0.4429960831839157,296,1073,0.10294745835113199,0.07104843723627048,0.13484647946599349,964,9364,0.601775956284153,0.45535765903091463,0.7481942535373914,881,1464,NA,NA,NA,0,21,NA
39,045,OH,Fairfield County,39045,NA,NA,NA,0,24,0.12698412698412698,0.030114995443569006,0.22385325852468496,200,1575,0.08652512536007681,0.06748238634036344,0.10556786437979018,2433,28119,0.1137970353477765,0.058040653031682314,0.1695534176638707,499,4385,0.04520917678812416,0,0.12498184564173287,67,1482,NA
39,047,OH,Fayette County,39047,NA,NA,NA,0,0,0.16194331983805668,0,0.4006980999907307,40,247,0.20721971537660536,0.14863775069863452,0.26580168005457616,1194,5762,NA,NA,NA,18,52,NA,NA,NA,0,28,NA
39,049,OH,Franklin County,39049,0.2739480752014324,0.14203941752898086,0.4058567328738839,306,1117,0.24442038640906064,0.2158543584353585,0.2729864143827628,8805,36024,0.11265806806115554,0.09958256316282604,0.12573357295948503,15172,134673,0.3274036658799656,0.30240598221160364,0.3524013495483276,29687,90674,0.15177610333692143,0.11157442737329154,0.19197777930055132,2256,14864,NA
39,051,OH,Fulton County,39051,NA,NA,NA,0,30,0.24103419516263552,0.1370031839777432,0.34506520634752785,289,1199,0.12344749717726759,0.07868319764281528,0.1682117967117199,984,7971,0.23529411764705882,0,0.902160559738544,12,51,NA,NA,NA,0,38,NA
39,053,OH,Gallia County,39053,NA,NA,NA,0,20,0.23958333333333334,0,0.7473467098942856,23,96,0.21309328968903438,0.14473686534856695,0.2814497140295018,1302,6110,0.17886178861788618,0,0.6185203126197901,22,123,NA,NA,NA,0,106,NA
39,055,OH,Geauga County,39055,NA,NA,NA,0,0,0.09107142857142857,0,0.19879330598367057,51,560,0.047290483519983016,0.029017346590228858,0.06556362044973718,891,18841,0.5339805825242718,0.2775941197379475,0.7903670453105962,55,103,0.14383561643835616,0,0.7369220398449733,21,146,NA
39,057,OH,Greene County,39057,NA,NA,NA,0,28,0.08823529411764706,0.00765003559859917,0.16882055263669496,135,1530,0.08785618665136738,0.06561979487131642,0.11009257843141834,2297,26145,0.178743961352657,0.06556778603957306,0.2919201366657409,222,1242,0.07293868921775898,0,0.19890881094975002,69,946,NA
39,059,OH,Guernsey County,39059,NA,NA,NA,0,0,0.7188940092165899,0.26352789713329255,1,156,217,0.17724055028716443,0.12644117376496875,0.2280399268093601,1327,7487,0.6147859922178989,0.3656719336710182,0.8639000507647796,158,257,NA,NA,NA,19,19,NA
39,061,OH,Hamilton County,39061,0.5756676557863502,0.3341827064494952,0.8171526051232051,194,337,0.28057334553217445,0.2231786270582563,0.3379680640060926,4600,16395,0.08008639852367572,0.06931590648083202,0.09085689056651941,7638,95372,0.382628532644558,0.3506112981026056,0.41464576718651036,20295,53041,0.05943600867678959,0.02113020477101791,0.09774181258256126,274,4610,NA
39,063,OH,Hancock County,39063,NA,NA,NA,0,2,0.090282131661442,0.021766376429430773,0.15879788689345323,144,1595,0.08490492821109817,0.057962970861449394,0.11184688556074696,1094,12885,0.2585858585858586,0.08036975738061036,0.4368019597911068,128,495,NA,NA,NA,0,305,NA
39,065,OH,Hardin County,39065,NA,NA,NA,0,5,0.06060606060606061,0,0.1324971471264642,18,297,0.2949698844212925,0.22362470301352125,0.3663150658290638,1812,6143,NA,NA,NA,0,100,NA,NA,NA,0,6,NA
39,067,OH,Harrison County,39067,NA,NA,NA,0,0,0.49514563106796117,0.19684631661970636,0.793444945516216,51,103,0.13782771535580524,0.09191250615905669,0.18374292455255378,368,2670,0.11290322580645161,0,0.6995003570808164,7,62,NA,NA,NA,0,17,NA
39,069,OH,Henry County,39069,NA,NA,NA,0,63,0.2214765100671141,0.13252968133362286,0.31042333880060535,165,745,0.1038439472174412,0.061959023684493256,0.14572887075038915,543,5229,0.1896551724137931,0,0.9552494973516978,11,58,NA,NA,NA,29,29,NA
39,071,OH,Highland County,39071,NA,NA,NA,1,1,0.005154639175257732,0,0.24164875058111498,1,194,0.1675571703355418,0.126933685273372,0.20818065539771158,1568,9358,0.7329192546583851,0.4395676398521941,1,118,161,NA,NA,NA,0,6,NA
39,073,OH,Hocking County,39073,NA,NA,NA,0,0,NA,NA,NA,0,44,0.18514412416851442,0.12564179607175985,0.244646452265269,1002,5412,NA,NA,NA,0,0,NA,NA,NA,12,12,NA
39,075,OH,Holmes County,39075,NA,NA,NA,0,0,0.20567375886524822,0,0.526164133641617,29,141,0.13101706589117623,0.0961432200685409,0.16589091171381157,1712,13067,NA,NA,NA,0,0,NA,NA,NA,0,9,NA
39,077,OH,Huron County,39077,NA,NA,NA,0,0,0.34946574481458204,0.21375212218737275,0.48517936744179135,556,1591,0.15496148618033528,0.11219957592934651,0.19772339643132406,1710,11035,NA,NA,NA,7,19,NA,NA,NA,19,65,NA
39,079,OH,Jackson County,39079,NA,NA,NA,0,40,0.7733333333333333,0.42899386164573317,1,58,75,0.22072072072072071,0.15856454209040036,0.28287689935104104,1568,7104,NA,NA,NA,0,0,NA,NA,NA,0,0,NA
39,081,OH,Jefferson County,39081,NA,NA,NA,0,0,0.20050125313283207,0,0.41604886100915484,80,399,0.17145941701835313,0.1373092946990267,0.20560953933767956,1747,10189,0.6083052749719416,0.4401028050740259,0.7765077448698574,542,891,NA,NA,NA,0,57,NA
39,083,OH,Knox County,39083,NA,NA,NA,0,0,0.21662468513853905,0.05983415850519136,0.37341521177188675,86,397,0.13259493670886077,0.09268553543162,0.17250433798610154,1676,12640,0.1262135922330097,0,0.6697794302877393,13,103,NA,NA,NA,0,128,NA
39,085,OH,Lake County,39085,0.24175824175824176,0,0.899731625915189,22,91,0.19359963685882886,0.11767173171242963,0.2695275420052281,853,4406,0.10072446122001705,0.07639570676187342,0.12505321567816066,3309,32852,0.29391304347826086,0.19427028389694256,0.39355580305957916,845,2875,0.08549618320610687,0,0.2408170220681855,56,655,NA
39,087,OH,Lawrence County,39087,NA,NA,NA,0,3,NA,NA,NA,0,179,0.22844906141789684,0.18876304746817768,0.268135075367616,2507,10974,0.09545454545454546,0,0.40037993260853016,21,220,NA,NA,NA,0,64,NA
39,089,OH,Licking County,39089,NA,NA,NA,0,18,0.1170699803793329,0.048945045467548604,0.1851949152911172,179,1529,0.12627076617902305,0.10160786371682745,0.15093366864121865,4074,32264,0.21052631578947367,0.09433983725687764,0.3267127943220697,392,1862,0.015717092337917484,0,0.052497135521237775,32,2036,NA
39,091,OH,Logan County,39091,NA,NA,NA,0,4,0.05042016806722689,0,0.1651094862284549,18,357,0.15721448467966573,0.11371945960895319,0.20070950975037827,1411,8975,0.5963302752293578,0.3371851666324745,0.855475383826241,65,109,NA,NA,NA,0,0,NA
39,093,OH,Lorain County,39093,NA,NA,NA,3,38,0.2738000177446544,0.22463960315367754,0.32296043233563126,3086,11271,0.10652499659446941,0.08729018944868236,0.12575980374025647,4692,44046,0.41011330965668863,0.31481352668035856,0.5054130926330187,2425,5913,0.12643678160919541,0,0.25862685460244456,88,696,NA
39,095,OH,Lucas County,39095,0.24725274725274726,0,0.5331741023481362,45,182,0.28164284484243157,0.23577317504983203,0.3275125146350311,3271,11614,0.14398367923417946,0.11894959942439545,0.16901775904396346,7340,50978,0.4537952298902693,0.4089611777078851,0.49862928207265356,10008,22054,0.27168367346938777,0.12640263980011726,0.4169647071386583,426,1568,NA
39,097,OH,Madison County,39097,NA,NA,NA,0,18,0.07210626185958255,0,0.1660739727474015,38,527,0.12162345595221935,0.0817594142646539,0.16148749763978482,896,7367,0.02040816326530612,0,0.9509822897918081,1,49,NA,NA,NA,0,93,NA
39,099,OH,Mahoning County,39099,0.7017543859649122,0.19377958113904448,1,120,171,0.5005311238580837,0.4444987935572593,0.5565634541589082,2356,4707,0.1533523280556858,0.1317732719292472,0.1749313841821244,4252,27727,0.5859683794466403,0.5199331012481958,0.6520036576450847,4744,8096,0.256797583081571,0.01927652182789133,0.49431864433525075,85,331,NA
39,101,OH,Marion County,39101,NA,NA,NA,0,75,0.3933588761174968,0.2069687355396555,0.5797490166953381,308,783,0.19291754756871035,0.15133192082880056,0.23450317430862014,2190,11352,NA,NA,NA,0,113,NA,NA,NA,9,41,NA
39,103,OH,Medina County,39103,NA,NA,NA,0,72,0.17661538461538462,0.08660318519402363,0.2666275840367456,287,1625,0.061033003693554154,0.047647466316095524,0.07441854107101278,2049,33572,0.5047923322683706,0.19853844234207674,0.8110462221946645,158,313,NA,NA,NA,0,334,NA
39,105,OH,Meigs County,39105,NA,NA,NA,0,0,NA,NA,NA,0,40,0.30354957160342716,0.2410937501692133,0.366005393037641,1240,4085,NA,NA,NA,11,11,NA,NA,NA,0,0,NA
39,107,OH,Mercer County,39107,NA,NA,NA,0,0,NA,NA,NA,0,198,0.06951818090754282,0.044729149206519346,0.09430721260856628,694,9983,NA,NA,NA,0,53,NA,NA,NA,0,22,NA
39,109,OH,Miami County,39109,NA,NA,NA,0,7,0.1332560834298957,0.02302569265735388,0.24348647420243752,115,863,0.09288361401698175,0.07009231120482465,0.11567491682913886,1980,21317,0.1559633027522936,0,0.33445835410043667,51,327,0.03684210526315789,0,0.26264485571159507,14,380,NA
39,111,OH,Monroe County,39111,NA,NA,NA,0,0,NA,NA,NA,1,9,0.22319649262654445,0.13929881572711453,0.30709416952597435,560,2509,NA,NA,NA,0,0,NA,NA,NA,0,16,NA
39,113,OH,Montgomery County,39113,0.25925925925925924,0,0.6097925179635312,42,162,0.36603430353430355,0.29737429669132537,0.43469431037728173,2817,7696,0.13865041590676572,0.11981613376407697,0.15748469804945445,9351,67443,0.3780024822953931,0.34278735273702565,0.4132176118537606,10355,27394,0.13287037037037036,0.03562862465021846,0.23011211609052226,287,2160,NA
39,115,OH,Morgan County,39115,NA,NA,NA,0,0,0.16279069767441862,0,0.6117204885220665,14,86,0.11971830985915492,0.07378886085325802,0.16564775886505184,289,2414,0.05714285714285714,0,0.5508748574669691,4,70,NA,NA,NA,0,0,NA
39,117,OH,Morrow County,39117,NA,NA,NA,0,3,0.01762114537444934,0,0.16938156128504575,4,227,0.18605328286504585,0.13550789798952473,0.23659866774056698,1278,6869,NA,NA,NA,0,32,NA,NA,NA,0,0,NA
39,119,OH,Muskingum County,39119,NA,NA,NA,0,0,0.33176470588235296,0.06514250086440676,0.5983869109002992,141,425,0.18185692541856927,0.14561302157631434,0.2181008292608242,2987,16425,0.45670995670995673,0.13012986864320736,0.7832900447767062,211,462,NA,NA,NA,0,93,NA
39,121,OH,Noble County,39121,NA,NA,NA,0,0,NA,NA,NA,0,0,0.07445200302343159,0.020666560016804288,0.1282374460300589,197,2646,NA,NA,NA,0,0,NA,NA,NA,0,0,NA
39,123,OH,Ottawa County,39123,NA,NA,NA,0,0,0.014657980456026058,0,0.07651007982337177,9,614,0.08124337689862239,0.04459745532224654,0.11788929847499824,460,5662,NA,NA,NA,0,35,NA,NA,NA,0,17,NA
39,125,OH,Paulding County,39125,0.05128205128205128,0,0.9174453467220229,2,39,0.13506493506493505,0.00888949227557334,0.26124037785429677,52,385,0.10600425079702444,0.06358346915256545,0.14842503244148342,399,3764,NA,NA,NA,0,2,NA,NA,NA,0,15,NA
39,127,OH,Perry County,39127,NA,NA,NA,0,0,NA,NA,NA,0,105,0.1758949266031419,0.1307150755465744,0.2210747776597094,1366,7766,NA,NA,NA,8,8,NA,NA,NA,0,0,NA
39,129,OH,Pickaway County,39129,NA,NA,NA,0,0,0.11239193083573487,0,0.28443014668263467,39,347,0.15732643226842763,0.11867974123625721,0.19597312330059805,1763,11206,0.34098360655737703,0.0605499055671323,0.6214173075476217,104,305,NA,NA,NA,0,4,NA
39,131,OH,Pike County,39131,NA,NA,NA,0,6,NA,NA,NA,0,50,0.24301187980433264,0.1810090877581111,0.3050146718505542,1391,5724,NA,NA,NA,0,57,NA,NA,NA,0,120,NA
39,133,OH,Portage County,39133,NA,NA,NA,0,17,0.24059405940594059,0.11387563770447648,0.36731248110740466,243,1010,0.09083874296031985,0.0659774559680133,0.1157000299526264,2113,23261,0.28761297182349815,0.19129776957424705,0.38392817407274926,541,1881,0.1303501945525292,0,0.32160407015298176,67,514,NA
39,135,OH,Preble County,39135,NA,NA,NA,2,2,0.3333333333333333,0.1728726125328291,0.49379405413383753,56,168,0.18621860972946744,0.15732328420389652,0.21511393525503836,1535,8243,0.42857142857142855,0.24170221214481122,0.6154406449980458,39,91,NA,NA,NA,0,45,NA
39,137,OH,Putnam County,39137,NA,NA,NA,0,16,0.22109988776655443,0.0918652312358155,0.3503345442972934,197,891,0.014923384410393072,0.00496345899687564,0.0248833098239105,112,7505,NA,NA,NA,55,100,NA,NA,NA,6,15,NA
39,139,OH,Richland County,39139,NA,NA,NA,4,4,0.15282392026578073,0.06277761389175612,0.24287022663980534,138,903,0.16091081593927894,0.12407442536521021,0.19774720651334768,3392,21080,0.12320574162679426,0.005613326426702106,0.24079815682688643,103,836,NA,NA,NA,0,30,NA
39,141,OH,Ross County,39141,NA,NA,NA,4,19,0.3287292817679558,0,0.6585817714701953,119,362,0.22034022583956592,0.1727694507751094,0.2679110009040224,3005,13638,0.11025641025641025,0,0.30998173751479347,43,390,NA,NA,NA,0,52,NA
39,143,OH,Sandusky County,39143,NA,NA,NA,0,13,0.4326275264677575,0.3175182507457106,0.5477368021898044,899,2078,0.16198419666374012,0.1199637700631328,0.20400462326434743,1476,9112,0.6152542372881356,0.3551187371985525,0.8753897373777186,363,590,NA,NA,NA,0,23,NA
39,145,OH,Scioto County,39145,NA,NA,NA,0,5,0.42340425531914894,0.24063740049388682,0.606171110144411,199,470,0.260616512179349,0.21832466070759643,0.3029083636511016,3627,13917,0.41379310344827586,0,0.9342017583267233,48,116,NA,NA,NA,28,33,NA
39,147,OH,Seneca County,39147,NA,NA,NA,0,3,0.15399239543726237,0.04831802269340696,0.2596667681811178,162,1052,0.12157662979271829,0.08709359463630026,0.1560596649491363,1132,9311,0.5579710144927537,0.13120987983118432,0.98473214915432306,154,276,NA,NA,NA,35,35,NA
39,149,OH,Shelby County,39149,NA,NA,NA,0,9,NA,NA,NA,0,240,0.16260723794497584,0.12193532509854692,0.20327915079140474,1649,10141,0.21153846153846154,0,0.4695816662733614,55,260,NA,NA,NA,0,15,NA
39,151,OH,Stark County,39151,NA,NA,NA,8,12,0.28730788299454635,0.19805155067317137,0.3765642153159213,1159,4034,0.12233504250438537,0.10582296426572095,0.13884712074304978,7253,59288,0.40582583498551167,0.3383403099173485,0.47331136005367486,2661,6557,0.33181818181818185,0.14934558828071354,0.5142907753556502,219,660,NA
39,153,OH,Summit County,39153,NA,NA,NA,0,128,0.22870528109028962,0.14888415633975446,0.3085264058408248,1074,4696,0.08753682969946965,0.07371834044156741,0.10135531895737188,5942,67880,0.4456421311980289,0.407321603513854,0.48396265888220386,8682,19482,0.22802890270542767,0.16569641761917217,0.2903613877916832,1357,5951,NA
39,155,OH,Trumbull County,39155,NA,NA,NA,0,21,0.42767732962447846,0.2794335617161666,0.5759210975327903,615,1438,0.19856398525860974,0.16945766699336315,0.22767030352385634,6250,31476,0.6452812645281265,0.559908160114572,0.730654368941681,2776,4302,0.20207253886010362,0,0.5892030498104806,39,193,NA
39,157,OH,Tuscarawas County,39157,NA,NA,NA,0,93,0.35352112676056335,0.21430456965919453,0.4927376838619322,753,2130,0.1469914520364266,0.11587250205949134,0.17811040201336187,2631,17899,0.19469026548672566,0,0.7614737496302152,22,113,NA,NA,NA,0,39,NA
39,159,OH,Union County,39159,NA,NA,NA,0,12,0.10271041369472182,0.018311771099840196,0.18710905628960345,72,701,0.041296110122960326,0.02350550350469921,0.05908671674122144,534,12931,NA,NA,NA,0,312,0.01966568338249754,0,0.10520262367934188,20,1017,NA
39,161,OH,Van Wert County,39161,NA,NA,NA,0,0,0.18546365914786966,0.043298580652623986,0.32762873764311534,74,399,0.08091393231403539,0.05239848295391554,0.10942938167415524,471,5821,NA,NA,NA,0,12,NA,NA,NA,0,6,NA
39,163,OH,Vinton County,39163,NA,NA,NA,0,0,NA,NA,NA,0,0,0.17524916943521596,0.11171839987065757,0.23877993899977434,422,2408,NA,NA,NA,0,0,NA,NA,NA,48,48,NA
39,165,OH,Warren County,39165,NA,NA,NA,5,36,0.1936619718309859,0.122970990774564,0.2643529528874078,550,2840,0.05876226983669761,0.04378009503617938,0.07374444463721584,2652,45131,0.005175388154111558,0,0.036463081370561846,9,1739,0.0343833642165946,0.005254389767338809,0.0635123386658504,167,4857,NA
39,167,OH,Washington County,39167,NA,NA,NA,0,0,0.329004329004329,0.06696175380411007,0.591046904204548,76,231,0.19903628675385976,0.16103469621618155,0.23703787729153797,2024,10169,0.26804123711340205,0,0.8377863784857105,26,97,NA,NA,NA,4,40,NA
39,169,OH,Wayne County,39169,NA,NA,NA,0,0,0.03991811668372569,0,0.10143332414434592,39,977,0.11169102296450939,0.08655505622840294,0.13682698970061585,2782,24908,0.1392857142857143,0,0.32275517734242437,39,280,NA,NA,NA,0,287,NA
39,171,OH,Williams County,39171,NA,NA,NA,0,0,0.1043613707165109,0.0075115723887632935,0.2012111690442585,67,642,0.19723382797867742,0.15166548528772175,0.24280217066963308,1369,6941,NA,NA,NA,0,0,NA,NA,NA,0,58,NA
39,173,OH,Wood County,39173,NA,NA,NA,0,6,0.1896551724137931,0.11657920262570837,0.2627311422018778,484,2552,0.07976977595966322,0.05979419010752951,0.09974536181179694,1677,21023,0.05241935483870968,0.007007924357915862,0.0978307853195035,26,496,0.020497803806734993,0,0.14409009336016038,14,683,NA
39,175,OH,Wyandot County,39175,NA,NA,NA,0,0,0.06018518518518518,0,0.2751635568018547,13,216,0.07366226546212648,0.039287187668786444,0.10803734325546652,318,4317,NA,NA,NA,0,0,NA,NA,NA,0,19,NA
40,000,OK,Oklahoma,40000,0.2244456528306447,0.21260249627272526,0.23628880938856411,18574,82755,0.26874195793870104,0.25907556138752585,0.2784083544898762,50961,189628,0.15009983542670283,0.14474236088222295,0.1554573099711827,70137,467269,0.35277876210725256,0.3345514589335438,0.3710060652809613,23893,67728,0.17680446927374302,0.15644271534410703,0.197166223203379,3956,22375,NA
40,001,OK,Adair County,40001,0.2843273231622746,0.23231538255446998,0.3363392637700792,615,2163,0.4360056258790436,0.3057574418512117,0.5662538099068756,310,711,0.22630418809698752,0.14165671075217978,0.31095166544179526,308,1361,NA,NA,NA,0,0,NA,NA,NA,16,47,NA
40,003,OK,Alfalfa County,40003,NA,NA,NA,7,8,0.2875,0.04483028764636057,0.5301697123536394,23,80,0.26542491268917345,0.16879380342475953,0.3620560219535874,228,859,NA,NA,NA,0,0,NA,NA,NA,0,23,NA
40,005,OK,Atoka County,40005,0.2164750957854406,0.1264617880126515,0.3064884035582297,113,522,0.17073170731707318,0.039670844655831095,0.3017925699783153,35,205,0.20103761348897536,0.14275908106970747,0.25931614590824326,310,1542,0.041237113402061855,0,0.32891909553195386,4,97,NA,NA,NA,0,0,NA
40,007,OK,Beaver County,40007,NA,NA,NA,0,0,0.24390243902439024,0.1274175128023432,0.3603873652464373,120,492,0.09033280507131537,0.03288653912285886,0.1477790710197719,57,631,NA,NA,NA,0,0,NA,NA,NA,0,3,NA
40,009,OK,Beckham County,40009,NA,NA,NA,14,23,0.4290953545232274,0.27378529741864743,0.5844054116278073,351,818,0.2453908075824461,0.17556983296731934,0.31521178219757284,945,3851,0.06153846153846154,0,0.34870880596268766,8,130,NA,NA,NA,7,45,NA
40,011,OK,Blaine County,40011,0.4409448818897638,0.2066138388531264,0.6752759249264011,56,127,0.3866995073891626,0.24688258897459034,0.5265164258037348,157,406,0.21134868421052633,0.11283533181637792,0.3098620366046747,257,1216,NA,NA,NA,0,23,NA,NA,NA,0,0,NA
40,013,OK,Bryan County,40013,0.2110144927536232,0.13285482374653654,0.28917416176070987,364,1725,0.22082018927444794,0.1376964521566849,0.30394392639221096,350,1585,0.21814254859611232,0.1694626234283102,0.26682247376391444,1313,6019,0.4085714285714286,0.13169981709425077,0.6854430400486065,143,350,NA,NA,NA,0,79,NA
40,015,OK,Caddo County,40015,0.3268511593118923,0.24807873340158848,0.4056235852221961,437,1337,0.2898550724637681,0.21929064727951106,0.36041949764802517,400,1380,0.18196078431372548,0.1436198814103432,0.22030168721710774,464,2550,NA,NA,NA,6,18,NA,NA,NA,0,0,NA
40,017,OK,Canadian County,40017,0.14050091631032377,0.05240746672479331,0.22859436589585425,230,1637,0.18159675236806494,0.13886664088845158,0.2243268638476783,1342,7390,0.06398305084745763,0.048198863905709016,0.07976723778920625,1661,25960,0.1926829268292683,0.06917832118493153,0.3161875324736051,316,1640,0.16221374045801526,0.039561401046429495,0.284866079869601,170,1048,NA
40,019,OK,Carter County,40019,0.1294685990338164,0.07336522824052452,0.1855719698271083,134,1035,0.2655401327700664,0.2001809807159693,0.3308992848241635,440,1657,0.15964831096714485,0.12434861540481547,0.19494800652947425,1035,6483,0.4105960264900662,0.26946695269583776,0.5517251002842947,248,604,0.42038216560509556,0.08167660455694736,0.7590877266532438,66,157,NA
40,021,OK,Cherokee County,40021,0.20419543281996813,0.14937527161437966,0.2590155940255566,769,3766,0.14285714285714285,0.0548616414478076,0.2308526442664781,229,1603,0.2442604441098984,0.17976893303611527,0.3087519551836815,649,2657,NA,NA,NA,0,13,NA,NA,NA,8,18,NA
40,023,OK,Choctaw County,40023,0.24617737003058104,0.14014610354452267,0.3522086365166394,161,654,0.35987261146496813,0.1774460101017994,0.5422992128281369,113,314,0.19781718963165076,0.12626934800829787,0.26936503125500366,290,1466,0.7249283667621776,0.5853291176354013,0.864527615888954,253,349,NA,NA,NA,0,19,NA
40,025,OK,Cimarron County,40025,NA,NA,NA,0,0,NA,NA,NA,0,111,0.06470588235294118,0,0.14119123063431654,22,340,NA,NA,NA,0,0,NA,NA,NA,0,0,NA
40,027,OK,Cleveland County,40027,0.29806978470675577,0.18142507019442727,0.41471449921908426,803,2694,0.1643429249480866,0.12377821226418378,0.20490763763198944,1662,10113,0.11394347082079424,0.09124223928135342,0.13664470236023507,3862,33894,0.319652986319653,0.21821454008198185,0.4210914325573242,958,2997,0.13949716139497162,0.047500883075237144,0.2314934397147061,344,2466,NA
40,029,OK,Coal County,40029,0.1415525114155251,0.05960841995382318,0.22349660287722703,31,219,NA,NA,NA,0,100,0.3270440251572327,0.2293370204312144,0.424751029883251,208,636,NA,NA,NA,0,0,NA,NA,NA,0,13,NA
40,031,OK,Comanche County,40031,0.26432664756446994,0.16716472844923194,0.36148856667970797,369,1396,0.24153720359771055,0.1979312379905657,0.2851431692048554,1477,6115,0.18295677799607074,0.1535738748350495,0.21233968115709198,2235,12216,0.3612415232133542,0.28318280050328515,0.4393002459234232,1385,3834,0.19166666666666668,0.05030745606991949,0.33302587726341387,115,600,NA
40,033,OK,Cotton County,40033,NA,NA,NA,0,55,0.1301775147928994,0,0.352147172873301,22,169,0.3572327044025157,0.24972385453104612,0.4647415542739853,284,795,NA,NA,NA,0,30,NA,NA,NA,0,0,NA
40,035,OK,Craig County,40035,0.15796519410977242,0.0780692692512516,0.23786111896829323,118,747,0.5618556701030928,0.5018369567227912,0.6218743834833944,109,194,0.3403858120721842,0.2633956971201763,0.41737592702419213,547,1607,NA,NA,NA,0,72,0.07954545454545454,0,0.5919129739530302,7,88,NA
40,037,OK,Creek County,40037,0.27710320901994795,0.21235606697620835,0.34185035106368755,639,2306,0.26022566995768687,0.14253353267410365,0.3779178072412701,369,1418,0.17035312378734963,0.14139085871182952,0.19931538886286973,1756,10308,0.07718120805369127,0,0.2280855382641238,23,298,0.07586206896551724,0,0.48106804447129287,11,145,NA
40,039,OK,Custer County,40039,0.21138211382113822,0.041504522568926255,0.38125970507335016,104,492,0.22304832713754646,0.13575733326270667,0.31033932101238626,480,2152,0.09419063733784545,0.0635430425152829,0.12483823216040801,334,3546,0.4074074074074074,0.12222077093551026,0.6925940438793046,99,243,NA,NA,NA,0,21,NA
40,041,OK,Delaware County,40041,0.23699705593719333,0.1807229379352402,0.2932711739391465,483,2038,0.4301833568406206,0.3292066575003759,0.5311600561808653,305,709,0.28024020589076354,0.2120997019549632,0.3483807098265639,980,3497,NA,NA,NA,11,19,0.21025641025641026,0,0.4575542063594498,41,195,NA
40,043,OK,Dewey County,40043,NA,NA,NA,11,25,0.5803571428571429,0.3764659864216769,0.784248299292609,65,112,0.1514792899408284,0.10155253049245187,0.20140604938920492,128,845,NA,NA,NA,0,0,NA,NA,NA,0,0,NA
40,045,OK,Ellis County,40045,NA,NA,NA,2,5,0.371900826446281,0.20289320577167813,0.5409084471208838,45,121,0.13636363636363635,0.06366633397367974,0.20906093875359297,84,616,NA,NA,NA,0,0,NA,NA,NA,0,2,NA
40,047,OK,Garfield County,40047,0.0049261083743842365,0,0.10517789418900352,2,406,0.12608932461873637,0.06604056650712319,0.18613808273034954,463,3672,0.13620031439479002,0.09322147459862348,0.17917915419095656,1213,8906,0.22262773722627738,0,0.45367373934282085,61,274,0.2476107732406603,0.11470431691067268,0.38051722957064793,285,1151,NA
40,049,OK,Garvin County,40049,0.38839285714285715,0.23587314524183495,0.5409125690438794,174,448,0.32482826300294404,0.2498676184321123,0.3997889075737758,331,1019,0.15591684434968017,0.12169814673333712,0.19013554196602322,585,3752,0.3888888888888889,0.07372836045525072,0.7040494173225271,28,72,NA,NA,NA,0,29,NA
40,051,OK,Grady County,40051,0.12474437627811862,0.051395633164642796,0.19809311939159444,61,489,0.2370266479663394,0.16535018489546593,0.3087031110372129,338,1426,0.14936965330932012,0.11949524702238445,0.17924405959625578,1327,8884,0.3601694915254237,0.16560673649342916,0.5547322465574183,85,236,NA,NA,NA,0,56,NA
40,053,OK,Grant County,40053,0.02702702702702703,0,0.4865130929299277,1,37,0.2982456140350877,0,0.6765385313339394,17,57,0.26163522012578616,0.17682833064795583,0.3464421096036165,208,795,NA,NA,NA,0,0,NA,NA,NA,0,0,NA
40,055,OK,Greer County,40055,NA,NA,NA,0,38,0.20502092050209206,0,0.4483363589931437,49,239,0.10072992700729927,0.0026861645258534073,0.19877368948874513,69,685,NA,NA,NA,5,5,NA,NA,NA,6,6,NA
40,057,OK,Harmon County,40057,NA,NA,NA,0,3,0.5482625482625483,0.4709937585045314,0.6255313380205652,142,259,0.0743801652892562,0,0.18618064486159766,18,242,0.05714285714285714,0,0.5535117864548984,2,35,NA,NA,NA,0,0,NA
40,059,OK,Harper County,40059,NA,NA,NA,0,16,0.1903114186851211,0.022486274389313388,0.35813656298092883,55,289,0.1288056206088993,0.0014291501653836136,0.25618209105241496,55,427,NA,NA,NA,0,0,NA,NA,NA,0,0,NA
40,061,OK,Haskell County,40061,0.2979452054794521,0.2048576174711278,0.39103279348777636,174,584,0.44545454545454544,0.29963041774235394,0.591278673166737,98,220,0.25298013245033113,0.19118567202587292,0.31477459287478937,382,1510,NA,NA,NA,0,7,NA,NA,NA,32,43,NA
40,063,OK,Hughes County,40063,0.21815889029003782,0.12789812832764558,0.30841965225243007,173,793,0.15272727272727274,0.051149806073169324,0.25430473938137615,42,275,0.2882534775888717,0.2129614649229304,0.36354549025481303,373,1294,NA,NA,NA,9,24,NA,NA,NA,11,11,NA
40,065,OK,Jackson County,40065,0.5714285714285714,0.09604577114071361,1,52,91,0.3152804642166344,0.23552946984287493,0.3950314585903939,652,2068,0.11365142478462557,0.06417496551290175,0.1631278840563494,343,3018,0.458628841607565,0.3079749984350028,0.6092826847801271,194,423,NA,NA,NA,0,75,NA
40,067,OK,Jefferson County,40067,0.13953488372093023,0,0.5690560518447436,6,43,0.41089108910891087,0.30905237491298937,0.5127298033048324,83,202,0.3351893095768374,0.25579881593272324,0.41457980322095156,301,898,NA,NA,NA,0,26,NA,NA,NA,0,1,NA
40,069,OK,Johnston County,40069,0.1876484560570071,0.08999790855604445,0.2852990035579698,79,421,0.33476394849785407,0.1506326333370813,0.5188952636586268,78,233,0.4263322884012539,0.3606363875111412,0.49202818929136666,544,1276,NA,NA,NA,12,32,NA,NA,NA,0,0,NA
40,071,OK,Kay County,40071,0.35061262959472195,0.24334650291492754,0.45787875627451635,372,1061,0.3236225459151362,0.23029303055498618,0.41695206127528617,511,1579,0.1574348829541708,0.11952295732079221,0.19534680858754938,955,6066,0.45045045045045046,0.10227385972120684,0.7986270411796941,100,222,0.4945652173913043,0.23410113391433235,0.7550293008682762,91,184,NA
40,073,OK,Kingfisher County,40073,NA,NA,NA,0,219,0.39473684210526316,0.29550614021140986,0.49396754399911647,435,1102,0.08820023837902265,0.03257139955150966,0.14382907720653565,222,2517,NA,NA,NA,0,7,NA,NA,NA,35,35,NA
40,075,OK,Kiowa County,40075,0.033707865168539325,0,0.32486693756279916,3,89,0.47074468085106386,0.319803176079829,0.6216861856222987,177,376,0.26732673267326734,0.18726937522169146,0.3473840901248432,324,1212,NA,NA,NA,54,57,NA,NA,NA,5,5,NA
40,077,OK,Latimer County,40077,0.26143790849673204,0.17812714745650332,0.34474866953696076,200,765,0.1111111111111111,0,0.26412019421392724,16,144,0.2990556138509968,0.21411682385547856,0.38399440384651506,285,953,NA,NA,NA,0,9,NA,NA,NA,0,0,NA
40,079,OK,Le Flore County,40079,0.25517241379310346,0.20349402754138124,0.3068508000448257,481,1885,0.2730241672109732,0.20803026732965185,0.3380180670922946,418,1531,0.23731911652703733,0.19925302972800515,0.2753852033260695,1558,6565,0.30434782608695654,0.10029159360651935,0.5084040585673937,28,92,NA,NA,NA,22,44,NA
40,081,OK,Lincoln County,40081,0.20833333333333334,0.12218449894260189,0.29448216772406477,110,528,0.12,0.010338975659445984,0.22966102434055402,66,550,0.266786355475763,0.22729803473161453,0.3062746762199115,1486,5570,0.36363636363636365,0.014525920630025113,0.7127468066427022,48,132,NA,NA,NA,0,88,NA
40,083,OK,Logan County,40083,0.2796208530805687,0.12209703519588658,0.4371446709652509,118,422,0.2928954423592493,0.1526648196041725,0.4331260651143261,437,1492,0.11909650924024641,0.07341053607781634,0.16478248240267648,928,7792,0.35793357933579334,0.04496262596529421,0.6709045327062925,97,271,NA,NA,NA,4,57,NA
40,085,OK,Love County,40085,0.21929824561403508,0.024001585954098098,0.414594905273972,25,114,0.24270353302611367,0.15195415009405283,0.3334529159581745,158,651,0.13491475166790215,0.08077509735495969,0.1890544059808446,182,1349,NA,NA,NA,0,31,NA,NA,NA,0,8,NA
40,087,OK,McClain County,40087,0.09811827956989247,0.04022436432089321,0.15601219481889173,73,744,0.22846670739156993,0.15521395799816418,0.3017194567849757,374,1637,0.07693324520819564,0.04767967639920888,0.1061868140171824,582,7565,0.20930232558139536,0,0.450027619753367,45,215,NA,NA,NA,8,65,NA
40,089,OK,McCurtain County,40089,0.3840631730078966,0.2915045709105017,0.4766217751052915,535,1393,0.3877139979859013,0.29788732732833795,0.4775406686434646,385,993,0.2745723398086402,0.2125174193127966,0.3366272603044838,947,3449,0.47740963855421686,0.33870340282074163,0.6161158742876921,317,664,NA,NA,NA,0,319,NA
40,091,OK,McIntosh County,40091,0.34936998854524626,0.23461286238169018,0.4641271147088023,305,873,0.48333333333333334,0.20754230586384398,0.7591243608028226,116,240,0.3248704663212435,0.24730737072549744,0.40243356191698954,627,1930,NA,NA,NA,0,64,NA,NA,NA,0,0,NA
40,093,OK,Major County,40093,NA,NA,NA,0,10,0.28654970760233917,0.1529285513284454,0.4201708638762329,98,342,0.10254545454545455,0.04572135863675211,0.159369550454157,141,1375,NA,NA,NA,0,0,NA,NA,NA,0,28,NA
40,095,OK,Marshall County,40095,0.12078651685393259,0.009392074126257324,0.23218095958160784,43,356,0.22284122562674094,0.1375200592957333,0.3081623919577486,240,1077,0.16677195198989261,0.10666350456791335,0.22688039941187188,264,1583,NA,NA,NA,0,0,NA,NA,NA,27,27,NA
40,097,OK,Mayes County,40097,0.23801295896328295,0.18066461390552802,0.2953613040210379,551,2315,0.26143790849673204,0.14071685736748957,0.3821589596259745,160,612,0.1822790922259778,0.1385813120296383,0.2259768724223173,755,4142,NA,NA,NA,4,4,NA,NA,NA,19,34,NA
40,099,OK,Murray County,40099,0.07913669064748201,0.026572632533440305,0.1317007487615237,55,695,NA,NA,NA,0,313,0.20345032718619868,0.12174841529200653,0.28515223908039083,342,1681,NA,NA,NA,0,22,NA,NA,NA,0,0,NA
40,101,OK,Muskogee County,40101,0.22655826558265582,0.1727374586007423,0.28037907256456934,836,3690,0.21542168674698794,0.1322277700836284,0.2986156034103475,447,2075,0.21496996265627538,0.15548261884327697,0.2744573064692738,1324,6159,0.6696125084976207,0.569823898784785,0.7694011182104563,985,1471,NA,NA,NA,26,49,NA
40,103,OK,Noble County,40103,0.3108108108108108,0.20923921276575708,0.4123824088558645,69,222,0.13440860215053763,4.6947949378356446e-4,0.2683477248072917,25,186,0.1722488038277512,0.07429619667487566,0.2702014109806268,288,1672,NA,NA,NA,0,4,NA,NA,NA,10,10,NA
40,105,OK,Nowata County,40105,0.2773722627737226,0.1679044873914739,0.38684003815597134,114,411,0.28440366972477066,0,0.5921715019775853,31,109,0.19171917191719173,0.12257355178240734,0.2608647920519761,213,1111,0.875,0.5056092568361663,1,28,32,0.625,0.3653980414122991,0.884601958587701,15,24,NA
40,107,OK,Okfuskee County,40107,0.28805237315875615,0.15987641407310935,0.4162283322444029,176,611,0.2,0.05792508597495488,0.34207491402504514,31,155,0.359439406430338,0.2809438476874849,0.4379349651731911,436,1213,0.5,0.228551855584962,0.7714481444150381,34,68,NA,NA,NA,2,33,NA
40,109,OK,Oklahoma County,40109,0.19822525597269625,0.14138264701057707,0.2550678649348154,1452,7325,0.2872116070720685,0.26657012697028043,0.30785308717385657,18113,63065,0.12110166592099376,0.10715334274393487,0.13504998909805266,9203,75994,0.34959877070172446,0.3147189514471563,0.38447858995629264,10238,29285,0.154317442083094,0.10872576607583788,0.1999091180903501,806,5223,NA
40,111,OK,Okmulgee County,40111,0.2400521852576647,0.1698433993265555,0.3102609711887739,368,1533,0.21941489361702127,0.11294634318459122,0.3258834440494513,165,752,0.22266919072408897,0.16987744351541884,0.2754609379327591,941,4226,0.22784810126582278,0.09929665395879009,0.3563995485728555,108,474,NA,NA,NA,0,23,NA
40,113,OK,Osage County,40113,0.21696801112656466,0.12861622785864185,0.3053197943944875,312,1438,0.2394904458598726,0.13551593054534466,0.34346496117440056,188,785,0.11040816326530613,0.07744085519315022,0.14337547133746203,541,4900,0.2597911227154047,0.10246370960442167,0.4171185358263878,199,766,NA,NA,NA,0,32,NA
40,115,OK,Ottawa County,40115,0.2868297761582509,0.2426396638117813,0.3310198885047205,551,1921,0.4547945205479452,0.38850288568123126,0.5210861554146592,332,730,0.2458879286311681,0.2113619251749135,0.28041393208742266,882,3587,0.32,0.1605667911471817,0.4794332088528183,32,100,0.22580645161290322,0.026868374753015817,0.42474452847279065,42,186,NA
40,117,OK,Pawnee County,40117,0.2602040816326531,0.15698237763280282,0.36342578563250333,102,392,0.36123348017621143,0.12303867309972816,0.5994282872526947,82,227,0.22324414715719063,0.1633126256785295,0.28317566863585175,534,2392,NA,NA,NA,52,55,NA,NA,NA,0,30,NA
40,119,OK,Payne County,40119,0.12910798122065728,0.04936851363848341,0.20884744880283115,110,852,0.3405305367057372,0.2203417640151087,0.4607193093963657,552,1621,0.22340425531914893,0.16887998641208724,0.2779285242262106,2226,9964,0.44849785407725323,0.16253007464199792,0.7344656335125086,209,466,0.12030075187969924,0,0.314414892365753,48,399,NA
40,121,OK,Pittsburg County,40121,0.21113243761996162,0.15338875272071079,0.26887612251921245,220,1042,0.32397408207343414,0.20889947785716131,0.43904868628970695,300,926,0.2018331105594806,0.1522638848052978,0.25140233631366343,1057,5237,0.4915254237288136,0.09909409216479947,0.8839567552928277,58,118,0.5512820512820513,0.06389304247717215,1,43,78,NA
40,123,OK,Pontotoc County,40123,0.15418309242225142,0.10005737389412543,0.2083088109503774,352,2283,0.1446028513238289,0.061319268152704984,0.22788643449495283,142,982,0.10718332200317245,0.06879886180074038,0.1455677822056045,473,4413,0.18006430868167203,0.008334441900918144,0.3517941754624259,56,311,0.05813953488372093,0,0.7483083457513937,5,86,NA
40,125,OK,Pottawatomie County,40125,0.21171171171171171,0.15429463545533378,0.26912878796808964,470,2220,0.15257142857142858,0.08360567113850646,0.22153718600435068,267,1750,0.18692756036636138,0.15920500739428117,0.21465011333844158,1796,9608,0.5671140939597316,0.3604657173935665,0.7737624705258966,338,596,0.32142857142857145,0.02379481836972397,0.6190623244874189,72,224,NA
40,127,OK,Pushmataha County,40127,0.1755424063116371,0.10659211425288824,0.24449269837038595,89,507,0.25,0.11553705047440507,0.3844629495255949,39,156,0.2541699761715647,0.17830488717239695,0.3300350651707325,320,1259,NA,NA,NA,8,23,NA,NA,NA,0,3,NA
40,129,OK,Roger Mills County,40129,0.36585365853658536,0.20887011228211858,0.5228372047910521,30,82,0.38596491228070173,0.2190053488155179,0.5529244757458855,44,114,0.17077464788732394,0.11639333372150626,0.22515596205314162,97,568,NA,NA,NA,0,0,NA,NA,NA,0,10,NA
40,131,OK,Rogers County,40131,0.1593724194880264,0.11484131194860457,0.20390352702744824,579,3633,0.08838500694123091,0.04857410522844623,0.1281959086540156,191,2161,0.09833397907787679,0.07834631598437233,0.11832164217138125,1269,12905,0.09803921568627451,0,0.2725463061551076,20,204,0.1293634496919918,0.002108779219532647,0.25661812016445096,63,487,NA
40,133,OK,Seminole County,40133,0.4059040590405904,0.3428682913371872,0.4689398267439936,550,1355,0.3333333333333333,0.2444093930345268,0.42225727363213983,179,537,0.23691050872632752,0.18360767737099828,0.2902133400816568,638,2693,0.21153846153846154,0.02105035542217029,0.40202656765475275,33,156,NA,NA,NA,7,7,NA
40,135,OK,Sequoyah County,40135,0.21988356471115092,0.16664321879319055,0.2731239106291113,491,2233,0.5240825688073395,0.4353117672670458,0.6128533703476332,457,872,0.2930048394192697,0.23677733729634326,0.3492323415421961,1332,4546,0.24796747967479674,0.061833267171261225,0.4341016921783323,61,246,0.7631578947368421,0.2555707782539134,1,29,38,NA
40,137,OK,Stephens County,40137,0.18933333333333333,0.09304257641381997,0.2856240902528467,71,375,0.2849854227405248,0.21124817736408522,0.3587226681169644,391,1372,0.24808068643685083,0.2023812510425294,0.29378012183117225,1648,6643,0.20863309352517986,0,0.4746574408613006,29,139,NA,NA,NA,1,20,NA
40,139,OK,Texas County,40139,0.006944444444444444,0,0.11992311155138953,2,288,0.27346938775510204,0.1723173770829312,0.3746213984272729,1005,3675,0.0670886075949367,0.0026172999538929542,0.13155991523598046,106,1580,NA,NA,NA,0,370,NA,NA,NA,0,17,NA
40,141,OK,Tillman County,40141,NA,NA,NA,0,33,0.40916530278232405,0.3019412930972635,0.5163893124673846,250,611,0.10292072322670376,0.04521835340134087,0.16062309305206665,74,719,0.7651006711409396,0.5110835517564327,1,114,149,NA,NA,NA,0,5,NA
40,143,OK,Tulsa County,40143,0.20015912707433509,0.16535609877970797,0.2349621553689622,1761,8798,0.2878145041933892,0.26891932086388076,0.3067096875228977,11668,40540,0.1162373587560878,0.10412784936457858,0.12834686814759702,8425,72481,0.36576976421636614,0.33844768869846037,0.3930918397342719,6593,18025,0.1824654474382242,0.14367829542918628,0.22125259944726214,1307,7163,NA
40,145,OK,Wagoner County,40145,0.1677324151500246,0.10669668709937756,0.22876814320067163,341,2033,0.22708093594169543,0.17341758452412817,0.2807442873592627,592,2607,0.08938398721817858,0.06554068201713073,0.11322729241922644,1007,11266,0.17956204379562044,0.08106388388994444,0.2780602037012964,123,685,0.08708272859216255,0,0.18678574616793808,60,689,NA
40,147,OK,Washington County,40147,0.26676279740447006,0.1385168672325199,0.39500872757642025,370,1387,0.17186311787072242,0.09779767006359319,0.24592856567785165,226,1315,0.2096528834186143,0.15946395438474587,0.2598418124524827,1516,7231,0.11552346570397112,0,0.24836903084228895,32,277,0.29605263157894735,0,0.6055783210773505,90,304,NA
40,149,OK,Washita County,40149,0.2807017543859649,0,0.7840099376495431,16,57,0.24744897959183673,0.15138329806528683,0.34351466111838663,97,392,0.15644820295983086,0.10607936837629589,0.20681703754336583,296,1892,NA,NA,NA,0,37,NA,NA,NA,0,0,NA
40,151,OK,Woods County,40151,NA,NA,NA,0,8,0.7939698492462312,0.33047734902706427,1,158,199,0.14985380116959066,0.06935439313059524,0.23035320920858607,205,1368,NA,NA,NA,0,30,NA,NA,NA,0,0,NA
40,153,OK,Woodward County,40153,0.4158878504672897,0.004919399176319672,0.8268563017582597,89,214,0.5564168819982773,0.4172676415788146,0.6955661224177401,646,1161,0.09574146783449108,0.03332232637842518,0.15816060929055697,317,3311,NA,NA,NA,0,0,NA,NA,NA,0,0,NA
41,000,OR,Oregon,41000,0.1834024014451174,0.14805092518802793,0.2187538777022069,1726,9411,0.19004484125395363,0.17797500781337844,0.20211467469452882,37974,199816,0.1065160644218614,0.10090234130010389,0.11212978754361891,51904,487288,0.3237670068027211,0.27789022045587286,0.3696437931495693,6092,18816,0.11353343272665897,0.09379393357574219,0.13327293187757577,4036,35549,NA
41,001,OR,Baker County,41001,NA,NA,NA,0,2,0.17034700315457413,0,0.4035727673743825,54,317,0.12142857142857143,0.06100499666101796,0.1818521461961249,323,2660,NA,NA,NA,0,88,NA,NA,NA,0,0,NA
41,003,OR,Benton County,41003,0.06015037593984962,0,0.3506486039859788,8,133,0.08418056120374136,0.022564769340485555,0.14579635306699718,207,2459,0.12787570959067823,0.08821663892763064,0.1675347802537258,1284,10041,0.39509536784741145,0.0995874386461576,0.6906032970486653,145,367,0.2553191489361702,0.0402883659208734,0.470349931951467,168,658,NA
41,005,OR,Clackamas County,41005,0.06927175843694494,0.010091846858284043,0.12845167001560584,39,563,0.11396053506762249,0.08536940913585425,0.14255166099939073,1542,13531,0.06649206540655099,0.054468130006009065,0.07851600080709291,3859,58037,0.13503649635036497,0.048985230153394926,0.221087762547335,148,1096,0.11458333333333333,0.06535927499547073,0.16380739167119593,517,4512,NA
41,007,OR,Clatsop County,41007,NA,NA,NA,0,26,0.5132450331125827,0.39403948153970597,0.6324505846854596,775,1510,0.057865051180279924,0.02943091706657304,0.08629918529398681,277,4787,NA,NA,NA,25,49,NA,NA,NA,0,47,NA
41,009,OR,Columbia County,41009,NA,NA,NA,0,186,0.09826086956521739,0,0.20214004046456163,113,1150,0.10801046468169927,0.07714315247994177,0.13887777688345676,867,8027,NA,NA,NA,0,43,NA,NA,NA,0,81,NA
41,011,OR,Coos County,41011,0.5194174757281553,0.22932724885303768,0.809507702603273,107,206,0.21070460704607047,0.1087984579058089,0.31261075618633205,311,1476,0.2043158288636647,0.15333713153436204,0.25529452619296733,1638,8017,0.6421052631578947,0.1337902956786713,1,61,95,NA,NA,NA,221,221,NA
41,013,OR,Crook County,41013,NA,NA,NA,0,78,0.3680351906158358,0.08412493257480808,0.6519454486568634,251,682,0.16947852760736196,0.11870343764220022,0.2202536175725237,663,3912,NA,NA,NA,0,0,NA,NA,NA,0,0,NA
41,015,OR,Curry County,41015,NA,NA,NA,22,31,0.04048582995951417,0,0.15563676240380137,20,494,0.2997711670480549,0.17960270931916267,0.41993962477694713,655,2185,NA,NA,NA,0,0,NA,NA,NA,13,57,NA
41,017,OR,Deschutes County,41017,NA,NA,NA,0,243,0.14798657718120806,0.092302336119397893,0.20367081824301822,882,5960,0.10045887751500177,0.07813881084711594,0.1227789441828876,2846,28330,0.1095890410958904,0,0.4120671219656008,24,219,0.0450281425891182,0,0.19879567805266787,24,533,NA
41,019,OR,Douglas County,41019,0.11801242236024845,0.01749382334998488,0.218531021370512,19,161,0.2409071459135644,0.12172096675363875,0.36009332507349007,563,2337,0.23029848882228052,0.19086453294999287,0.2697324446945682,3688,16014,0.16535433070866143,0,0.7274461126713939,21,127,NA,NA,NA,0,104,NA
41,021,OR,Gilliam County,41021,NA,NA,NA,0,0,0.5,0.026843435692049056,0.9731565643079509,29,58,0.03690036900369004,0.004830955171977708,0.06896978283540237,10,271,NA,NA,NA,0,0,NA,NA,NA,0,0,NA
41,023,OR,Grant County,41023,NA,NA,NA,10,13,NA,NA,NA,0,68,0.17757009345794392,0.09872623934987221,0.25641394756601565,171,963,NA,NA,NA,0,0,NA,NA,NA,4,4,NA
41,025,OR,Harney County,41025,NA,NA,NA,0,21,0.006666666666666667,0,0.22139427079177174,1,150,0.175,0.09530209058904346,0.2546979094109565,189,1080,NA,NA,NA,0,0,NA,NA,NA,0,0,NA
41,027,OR,Hood River County,41027,NA,NA,NA,0,0,0.10139251523063533,0.053759754038944826,0.14902527642232583,233,2298,0.05911533691608103,0.011674856125544246,0.10655581770661782,143,2419,NA,NA,NA,0,81,NA,NA,NA,0,1,NA
41,029,OR,Jackson County,41029,0.4461538461538462,0,0.9214317067084468,87,195,0.14797657547417184,0.1024190293980357,0.19353412155030797,1693,11441,0.09402164271775768,0.07302499830467656,0.1150182871308388,2650,28185,0.6614173228346457,0.586408675390272,0.7364259702790195,252,381,NA,NA,NA,0,231,NA
41,031,OR,Jefferson County,41031,0.27623762376237626,0.1804764834447644,0.3719987640799881,279,1010,0.1276803118908382,0.05055819676019284,0.20480242702148355,262,2052,0.19374369323915236,0.10328986029389736,0.28419752618440736,384,1982,NA,NA,NA,0,81,NA,NA,NA,0,13,NA
41,033,OR,Josephine County,41033,0.48148148148148145,0,0.9739061362361543,26,54,0.3177453027139875,0.22751662839585265,0.40797397703212235,761,2395,0.15844785772029102,0.12134788534197447,0.19554783009860757,1960,12370,NA,NA,NA,44,82,NA,NA,NA,50,104,NA
41,035,OR,Klamath County,41035,0.22286821705426357,0,0.4633388123152463,115,516,0.23445403153823266,0.15314319803287096,0.31576486504359436,788,3361,0.18706877364789673,0.14214825425290492,0.23198929304288854,1681,8986,NA,NA,NA,0,54,0.45754716981132076,0.07513372066184137,0.8399606189608002,97,212,NA
41,037,OR,Lake County,41037,NA,NA,NA,0,28,0.09266409266409266,0,0.2993674818401132,24,259,0.16003616636528029,0.05811863601771297,0.26195369671284763,177,1106,NA,NA,NA,0,0,NA,NA,NA,0,0,NA
41,039,OR,Lane County,41039,0.12729026036644167,0.003516348185325327,0.25106417254755803,132,1037,0.23457095709570958,0.1872772403433991,0.28186467384802005,2843,12120,0.1181880892159117,0.09866381260947374,0.13771236582234966,5140,43490,0.435,0.29257630586927763,0.5774236941307224,348,800,0.16749821810406273,0.05882489879945453,0.27617153740867095,235,1403,NA
41,041,OR,Lincoln County,41041,0.5170278637770898,0.25182757525148264,0.7822281523026968,167,323,0.2103301384451544,0.11025118949190776,0.31040908739840106,395,1878,0.2503806830541658,0.18363038773079413,0.31713097837753745,1151,4597,NA,NA,NA,0,0,NA,NA,NA,0,54,NA
41,043,OR,Linn County,41043,0.20869565217391303,0,0.7064224068649524,24,115,0.22691611345805673,0.16290147650849962,0.29093075040761385,1128,4971,0.13915698246996258,0.10964124207474014,0.16867272286518503,2826,20308,NA,NA,NA,0,48,NA,NA,NA,39,101,NA
41,045,OR,Malheur County,41045,NA,NA,NA,0,203,0.26590330788804073,0.18156839899412083,0.35023821678196065,1045,3930,0.1517593338705345,0.0905168897006208,0.2130017780404482,565,3723,NA,NA,NA,35,35,NA,NA,NA,1,37,NA
41,047,OR,Marion County,41047,0.0686164229471316,0,0.15968361596595182,61,889,0.2359897172236504,0.20507130927124823,0.26690812517605256,8262,35010,0.1001839015419437,0.07599867337014056,0.12436912971374685,3541,35345,0.3235867446393762,0.1510583161389171,0.49611517313983533,332,1026,0.17524509803921567,0.08423698240110147,0.2662532136773299,429,2448,NA
41,049,OR,Morrow County,41049,NA,NA,NA,0,64,0.12858719646799116,0.052904409822444765,0.20426998311353756,233,1812,0.1948148148148148,0.09121414362074583,0.2984154860088838,263,1350,NA,NA,NA,0,13,NA,NA,NA,0,2,NA
41,051,OR,Multnomah County,41051,0.23189522342064714,0.07764926643799505,0.38614118040329926,301,1298,0.22340532733196736,0.18963276391656964,0.2571778907473651,6651,29771,0.0717198132838423,0.06027327786910097,0.08316634869858364,5101,71124,0.37444551591128256,0.3041708046623119,0.4447202271602532,3883,10370,0.14830555866234202,0.11106539495593637,0.18554572236874767,1326,8941,NA
41,053,OR,Polk County,41053,0.29411764705882354,0.05583834072482621,0.5323969533928209,60,204,0.17131638768340565,0.10070692717735841,0.2419258481894529,829,4839,0.12256725196782285,0.07862223889034581,0.1665122650452999,1417,11561,NA,NA,NA,22,69,0.2065439672801636,0,0.5008582703913808,101,489,NA
41,055,OR,Sherman County,41055,NA,NA,NA,0,0,NA,NA,NA,0,27,0.22082018927444794,0.12773526001721522,0.3139051185316807,70,317,NA,NA,NA,0,0,NA,NA,NA,2,2,NA
41,057,OR,Tillamook County,41057,NA,NA,NA,0,12,0.2358490566037736,0.11897924972888822,0.35271886347865894,250,1060,0.1610840438489647,0.10109790859367322,0.22107017910425614,529,3284,NA,NA,NA,9,9,NA,NA,NA,0,14,NA
41,059,OR,Umatilla County,41059,0.2093425605536332,0.16170916843433294,0.2569759526729335,121,578,0.14828622970535177,0.09834508107411541,0.19822737833658813,1233,8315,0.1176599956014955,0.0803350817471174,0.1549849094558736,1070,9094,NA,NA,NA,0,139,0.010869565217391304,0,0.9099957037653171,1,92,NA
41,061,OR,Union County,41061,NA,NA,NA,9,17,0.18924731182795698,0.013788463713556465,0.3647061599423575,88,465,0.16655651024454726,0.10876958088139518,0.22434343960769934,756,4539,NA,NA,NA,0,15,NA,NA,NA,30,79,NA
41,063,OR,Wallowa County,41063,NA,NA,NA,0,0,0.2627118644067797,0,0.6317938344807295,31,118,0.04296545914069082,0.005462061744983038,0.0804688565363986,51,1187,NA,NA,NA,0,30,NA,NA,NA,0,0,NA
41,065,OR,Wasco County,41065,0.3485714285714286,0.11983522803792618,0.577307629104931,61,175,0.09461578672242552,0.03568386999844222,0.1535477034464088,181,1913,0.15315013404825736,0.0845868252952538,0.22171344280126093,457,2984,NA,NA,NA,0,31,NA,NA,NA,0,15,NA
41,067,OR,Washington County,41067,0.020697167755991286,0,0.08782661910108958,19,918,0.14848194671323156,0.12092124426752307,0.17604264915894005,5272,35506,0.061047514247704764,0.04784249384014725,0.07425253465526227,3717,60887,0.22139451728247914,0.12403027210052879,0.31875876246442947,743,3356,0.05064237645299436,0.03077195880654907,0.07051279409943965,745,14711,NA
41,069,OR,Wheeler County,41069,NA,NA,NA,0,0,NA,NA,NA,0,17,0.048,0,0.23113762322475645,6,125,NA,NA,NA,0,0,NA,NA,NA,0,0,NA
41,071,OR,Yamhill County,41071,0.5267857142857143,0.2753801050061343,0.7781913235652943,59,112,0.16880975931421036,0.10832106872964468,0.229298449898776,1024,6066,0.12706235268909363,0.07612784931506876,0.1779968560631185,1779,14001,NA,NA,NA,0,112,0.08616187989556136,0,0.2828887256153297,33,383,NA
42,000,PA,Pennsylvania,42000,0.331965967790945,0.17216999951757395,0.49176193606431606,2185,6582,0.2852266976754202,0.274820818866773,0.2956325764840674,105964,371508,0.09557033266856717,0.09276668436902279,0.09837398096811155,156225,1634660,0.3240292658700116,0.31259422765756084,0.3354643040824623,106999,330214,0.11803984921917071,0.10560698103959949,0.13047271739874194,12056,102135,NA
42,001,PA,Adams County,42001,NA,NA,NA,0,64,0.2530755711775044,0.17305893969253067,0.33309220266247813,720,2845,0.10448427632837916,0.07632786057303517,0.13264069208372314,1638,15677,0.05776892430278884,0,0.18943691772132148,29,502,0.47107438016528924,0,0.9800315361013126,57,121,NA
42,003,PA,Allegheny County,42003,0.7044534412955465,0.5184500589224732,0.8904568236686199,174,247,0.19228027294021793,0.13177418585592868,0.25278636002450716,1888,9819,0.06501678431805938,0.05694670873353453,0.07308685990258423,9413,144778,0.44678968326262913,0.415292046105161,0.47828732042009725,17167,38423,0.10871416406471757,0.07223369171572133,0.1451946364137138,1149,10569,NA
42,005,PA,Armstrong County,42005,NA,NA,NA,0,0,0.15121951219512195,0,0.44766728668408373,31,205,0.1580703336339044,0.12087214478541634,0.19526852248239246,1753,11090,0.375,0.0691558182516806,0.6808441817483194,51,136,NA,NA,NA,0,40,NA
42,007,PA,Beaver County,42007,NA,NA,NA,0,6,0.2119047619047619,0.0926976987161188,0.331111825093405,267,1260,0.08945686900958466,0.07214545437345085,0.10676828364571847,2184,24414,0.435665914221219,0.33766903317582797,0.53366279526661,1158,2658,0.0847457627118644,0,0.6590140257034603,10,118,NA
42,009,PA,Bedford County,42009,NA,NA,NA,0,2,0.2346368715083799,0.04896455955354315,0.42030918346321666,42,179,0.1332232963923603,0.10498820121942465,0.16145839156529596,1130,8482,NA,NA,NA,7,35,NA,NA,NA,11,49,NA
42,011,PA,Berks County,42011,0.15968586387434555,0,0.3264487401429957,122,764,0.30984132115628116,0.2751307125366058,0.3445519297759565,11501,37119,0.08329056539218202,0.06718630329004913,0.09939482749431491,3895,46764,0.14666357738646896,0.07854455946847883,0.2147825953044591,633,4316,0.2778846153846154,0.06895439345425636,0.48681483731497444,289,1040,NA
42,013,PA,Blair County,42013,NA,NA,NA,0,0,0.287215411558669,0.12100387303661178,0.4534269500807262,164,571,0.11412103746397695,0.09468754190651454,0.13355453302143935,2376,20820,0.40404040404040403,0.09888596971506841,0.7091948383657396,200,495,0.3825503355704698,0.0040986240187661505,0.7610020471221735,57,149,NA
42,015,PA,Bradford County,42015,NA,NA,NA,0,2,0.04966887417218543,0,0.17075537209959576,15,302,0.1451559389515594,0.12151948434408823,0.16879239355903058,1750,12056,0.08583690987124463,0,0.26005012214677947,20,233,NA,NA,NA,0,73,NA
42,017,PA,Bucks County,42017,NA,NA,NA,0,230,0.1742083174360931,0.13466256952510522,0.213754065347081,2283,13105,0.052803615303615305,0.04332151060776453,0.06228571999946608,4814,91168,0.1736484067311135,0.121189787156988,0.22610702630523902,970,5586,0.029365577889447235,0.00856611892903901,0.05016503684985546,187,6368,NA
42,019,PA,Butler County,42019,NA,NA,NA,0,18,0.15577889447236182,0.07660615140476047,0.23495163753996318,186,1194,0.06541213250766549,0.05144881122091494,0.07937545379441605,2176,33266,0.08415841584158416,0,0.22667782943398063,34,404,0.022435897435897436,0,0.1509690382660488,14,624,NA
42,021,PA,Cambria County,42021,NA,NA,NA,0,1,0.39106145251396646,0.2725650390243807,0.5095578660035522,350,895,0.15675123942840477,0.13212818167797635,0.1813742971788332,3225,20574,0.5091819699499165,0.34870201560647784,0.6696619242933551,610,1198,0.3581081081081081,0,0.8874665071309636,53,148,NA
42,023,PA,Cameron County,42023,NA,NA,NA,0,0,NA,NA,NA,3,11,0.11684370257966616,0.03772566302508468,0.19596174213424764,77,659,NA,NA,NA,0,0,NA,NA,NA,0,0,NA
42,025,PA,Carbon County,42025,NA,NA,NA,0,104,0.22402826855123675,0.12423070972425053,0.32382582737822296,317,1415,0.19117492925269888,0.1494005277234185,0.23294933078197927,1824,9541,0.3341232227488152,0.1045282188312335,0.5637182266663968,141,422,NA,NA,NA,1,43,NA
42,027,PA,Centre County,42027,NA,NA,NA,0,122,0.14417989417989419,0.05491030471334164,0.23344948364644674,109,756,0.09344341392805447,0.07223069257189081,0.11465613528421813,1743,18653,0.14990512333965844,0.03399577394570698,0.2658144727336099,79,527,0.14128440366972478,0.008790943181401473,0.27377786415804806,154,1090,NA
42,029,PA,Chester County,42029,0.12213740458015267,0,0.5674578910883441,16,131,0.2395690499510284,0.18720349003498768,0.2919346098670691,3669,15315,0.03525507037079264,0.026999280262991268,0.04351086047859401,2783,78939,0.2563469675599436,0.16289244790758828,0.34980148721229887,1454,5672,0.013769727783073827,5.148904104584906e-5,0.027487966525101805,130,9441,NA
42,031,PA,Clarion County,42031,NA,NA,NA,0,0,0.5121951219512195,0.14866446509793518,0.8757257788045039,84,164,0.12388689267301985,0.093491439072212,0.1542823462738277,793,6401,0.5714285714285714,0.2564295257503784,0.8864276171067644,72,126,NA,NA,NA,8,38,NA
42,033,PA,Clearfield County,42033,NA,NA,NA,0,5,0.6024464831804281,0.32122400365977916,0.8836689627010772,197,327,0.19822303921568626,0.16128470002792542,0.2351613784034471,2588,13056,NA,NA,NA,0,39,NA,NA,NA,17,57,NA
42,035,PA,Clinton County,42035,NA,NA,NA,0,0,0.28451882845188287,0,0.5875602723250766,68,239,0.18312518152773744,0.1449277491342004,0.22132261392127447,1261,6886,0.4444444444444444,0.3365138657135066,0.5523750231753822,28,63,NA,NA,NA,0,7,NA
42,037,PA,Columbia County,42037,NA,NA,NA,0,33,0.13736903376018628,0.04052166500357619,0.23421640251679637,118,859,0.13165978180277513,0.09762678345865994,0.16569278014689032,1243,9441,0.17708333333333334,0,0.36179040142249197,34,192,NA,NA,NA,0,15,NA
42,039,PA,Crawford County,42039,NA,NA,NA,4,5,0.3028953229398664,0.14796475784871227,0.4578258880310205,136,449,0.18098975655181587,0.15708400796182104,0.2048955051418107,2721,15034,0.4083333333333333,0.006043848047345923,0.8106228186193207,49,120,NA,NA,NA,10,47,NA
42,041,PA,Cumberland County,42041,NA,NA,NA,0,0,0.2906292440018108,0.21152420411733908,0.3697342838862825,1284,4418,0.04936936936936937,0.038338336898598294,0.06040040184014045,1918,38850,0.3861802876183795,0.24722871038347194,0.5251318648532871,1101,2851,0.11213991769547325,0.037818020558036514,0.18646181483291,436,3888,NA
42,043,PA,Dauphin County,42043,NA,NA,NA,0,175,0.2312843817268596,0.1686792470942709,0.2938895163594483,2901,12543,0.06677946203515071,0.04926088603435658,0.08429803803594485,1934,28961,0.3550170068027211,0.30157784505947893,0.4084561685459632,5010,14112,0.11172611726117261,0.06791291665321228,0.15553931786913294,545,4878,NA
42,045,PA,Delaware County,42045,NA,NA,NA,0,29,0.25296082599453384,0.193411485895576,0.3125101660934917,2499,9879,0.04918439496371643,0.03887877570087496,0.059490014226557905,3172,64492,0.26548489853704577,0.2329899389608146,0.29797985811327693,9001,33904,0.12161333823709697,0.08222873117251911,0.16099794530167483,992,8157,NA
42,047,PA,Elk County,42047,NA,NA,NA,0,0,0.2289156626506024,0,0.7331401744368012,19,83,0.12444700904020004,0.08481490064419714,0.16407911743620293,647,5199,NA,NA,NA,40,40,NA,NA,NA,0,38,NA
42,049,PA,Erie County,42049,NA,NA,NA,0,55,0.2992158481221626,0.22445552958798126,0.373976166656344,1450,4846,0.16740865625246965,0.1451242629017313,0.18969304960320799,6355,37961,0.3739178485909007,0.2856108965356927,0.4622248006461087,2030,5429,0.13900862068965517,0.06011986161388269,0.21789737976542764,258,1856,NA
42,051,PA,Fayette County,42051,NA,NA,NA,0,60,0.28836424957841483,0.13419121967661984,0.4425372794802098,171,593,0.1908713692946058,0.15654120668464377,0.22520153190456782,3680,19280,0.5123042505592841,0.2840836878252987,0.7405248132932695,458,894,NA,NA,NA,44,137,NA
42,053,PA,Forest County,42053,NA,NA,NA,0,0,NA,NA,NA,0,3,0.19402985074626866,0.0487542691358325,0.33930543235670485,26,134,NA,NA,NA,0,6,NA,NA,NA,1,1,NA
42,055,PA,Franklin County,42055,NA,NA,NA,0,110,0.22026839426191577,0.1258378686354752,0.31469891988835635,952,4322,0.10124145517403944,0.07646378572662801,0.12601912462145087,2577,25454,0.026785714285714284,0,0.0867312770485141,30,1120,0.04262295081967213,0,0.26782347667577944,13,305,NA
42,057,PA,Fulton County,42057,NA,NA,NA,0,0,NA,NA,NA,0,90,0.1679178190438562,0.12690975838784269,0.2089258796998697,425,2531,NA,NA,NA,0,13,NA,NA,NA,0,0,NA
42,059,PA,Greene County,42059,NA,NA,NA,0,0,0.03333333333333333,0,0.7391078932167936,2,60,0.17221102150537634,0.1307838679480592,0.21363817506269348,1025,5952,NA,NA,NA,0,66,NA,NA,NA,0,15,NA
42,061,PA,Huntingdon County,42061,NA,NA,NA,0,0,0.2760416666666667,0.1253941119201798,0.4266892214131536,53,192,0.16294067067927773,0.12876006658222064,0.19712127477633481,1137,6978,0.14492753623188406,0,0.5906044816118823,10,69,NA,NA,NA,7,38,NA
42,063,PA,Indiana County,42063,NA,NA,NA,0,11,0.1325,0,0.29279294827835756,53,400,0.1563510566293149,0.12810409772026227,0.18459801553836752,2079,13297,0.53,0.10250467530135121,0.9574953246986488,53,100,NA,NA,NA,0,60,NA
42,065,PA,Jefferson County,42065,NA,NA,NA,0,0,0.32,0.13413825089277212,0.5058617491072279,48,150,0.19706400469759247,0.15822319095768367,0.23590481843750127,1678,8515,NA,NA,NA,0,13,NA,NA,NA,11,34,NA
42,067,PA,Juniata County,42067,NA,NA,NA,0,8,0.3,0.17705844947818924,0.4229415505218107,111,370,0.11595174262734584,0.06867034188441246,0.16323314337027922,519,4476,NA,NA,NA,0,75,NA,NA,NA,17,24,NA
42,069,PA,Lackawanna County,42069,NA,NA,NA,0,5,0.40773809523809523,0.34792293142246467,0.4675532590537258,3288,8064,0.11445866482186094,0.09252908709536806,0.13638824254835383,3309,28910,0.4488859764089122,0.32633012885720464,0.5714418239606197,685,1526,0.12158469945355191,0.02441131096443959,0.21875808794266421,178,1464,NA
42,071,PA,Lancaster County,42071,0.05303030303030303,0,0.31257438627933803,7,132,0.24728971962616822,0.20796152888505864,0.2866179103672778,5292,21400,0.06819739547635367,0.05693753291893797,0.07945725803376937,6169,90458,0.23623330074942978,0.1604389813647943,0.31202762013406526,1450,6138,0.07459743674005916,0.01887123182075063,0.1303236416593677,227,3043,NA
42,073,PA,Lawrence County,42073,NA,NA,NA,0,0,0.5487627365356623,0.455083846877923,0.6424416261934016,377,687,0.12127595546193198,0.09132027281145938,0.1512316381124046,1612,13292,0.496551724137931,0.35296827294250727,0.6401351753333548,504,1015,NA,NA,NA,0,22,NA
42,075,PA,Lebanon County,42075,NA,NA,NA,0,15,0.3390424289606851,0.2635086721321318,0.4145761857892384,2613,7707,0.061739251168602766,0.041826942963519353,0.08165155937368618,1334,21607,0.1564625850340136,0,0.33888018112485774,138,882,0.015432098765432098,0,0.2484405196110755,5,324,NA
42,077,PA,Lehigh County,42077,0.0814663951120163,0,0.17123948030900982,40,491,0.29823373564910216,0.2640687016161981,0.3323987696820062,10131,33970,0.05985380938993534,0.04534279942633604,0.07436481935353464,2129,35570,0.24834619625137816,0.16600627519070008,0.3306861173120562,1802,7256,0.057446030003658985,0.004965672990657741,0.10992638701666023,157,2733,NA
42,079,PA,Luzerne County,42079,NA,NA,NA,3,27,0.38400159585078797,0.33857610216177036,0.4294270895398056,7700,20052,0.14549045424621462,0.12482118639865038,0.16615972209377888,5304,36456,0.4318223527252707,0.3509271337049398,0.5127175717456016,2353,5449,0.02579132473622509,0,0.11195126206127338,22,853,NA
42,081,PA,Lycoming County,42081,0.23076923076923078,0,0.7162540485163572,12,52,0.17707150964812712,0.07387576178755252,0.28026725750870174,156,881,0.14413475255130034,0.11177524049593386,0.17649426460666684,2627,18226,0.5742251223491027,0.40556426149702096,0.7428859832011845,704,1226,0.08529411764705883,0,0.27808665209862116,29,340,NA
42,083,PA,Mc Kean County,42083,NA,NA,NA,3,5,0.34615384615384615,0,0.7647773087019998,63,182,0.1646090534979424,0.12632952676673148,0.2028885802291533,1120,6804,NA,NA,NA,0,74,NA,NA,NA,0,58,NA
42,085,PA,Mercer County,42085,NA,NA,NA,0,18,0.46474358974358976,0.30281159678598446,0.62667558270119506,290,624,0.17844467965880081,0.15551540428720162,0.2013739550304,2866,16061,0.42162471395881007,0.29662619145326974,0.5466232364643504,737,1748,0.13846153846153847,0,0.7628850772648876,18,130,NA
42,087,PA,Mifflin County,42087,NA,NA,NA,0,0,0.6048780487804878,0.5005434030069358,0.7092126945540398,248,410,0.2722873427250242,0.2187438703474263,0.32583081510262213,2532,9299,0.18556701030927836,0,0.5382373242307019,18,97,NA,NA,NA,0,0,NA
42,089,PA,Monroe County,42089,NA,NA,NA,0,28,0.14262598243180769,0.09635293125770322,0.18889903360591215,1234,8652,0.13066178464876593,0.09540667220334052,0.16591689709419133,1927,14748,0.1875,0.12581743112833385,0.24918256887166615,996,5312,0.06892655367231638,0,0.1785938883595918,61,885,NA
42,091,PA,Montgomery County,42091,0.09053497942386832,0,0.3872970519109483,22,243,0.1764735289706544,0.13704730438562407,0.21589975355568475,3530,20003,0.04291108521766556,0.03496895797058896,0.05085321246474216,4898,114143,0.23314031701468094,0.18493432703710616,0.2813463069922557,3986,17097,0.05783643961000199,0.0399113570257595,0.07576152219424448,872,15077,NA
42,093,PA,Montour County,42093,NA,NA,NA,0,11,0.10650887573964497,0,0.3408359614944153,18,169,0.13509889373114314,0.08525606110206113,0.18494172636022516,403,2983,NA,NA,NA,0,62,0.12612612612612611,0,0.6558935748304349,14,111,NA
42,095,PA,Northampton County,42095,NA,NA,NA,32,85,0.19016524520255865,0.14951661066655508,0.2308138797385622,2854,15008,0.07322529757636598,0.057408432723549674,0.08904216242918228,2553,34865,0.25278662420382164,0.1691984529344166,0.3363747954732267,1270,5024,0.10693175711982805,0.02643146750542026,0.18743204673423586,199,1861,NA
42,097,PA,Northumberland County,42097,NA,NA,NA,29,29,0.2560553633217993,0.13050722346953098,0.3816035031740676,444,1734,0.142206335856462,0.11573188861267739,0.16868078310024662,2029,14268,0.1686746987951807,0,0.3638863253712938,56,332,NA,NA,NA,0,122,NA
42,099,PA,Perry County,42099,NA,NA,NA,0,1,0.08527131782945736,0.026399776918501143,0.14414285874041358,33,387,0.10662020905923345,0.07983503563807993,0.13340538248038697,918,8610,NA,NA,NA,7,29,NA,NA,NA,0,40,NA
42,101,PA,Philadelphia County,42101,0.568019093078759,0.2608168973719712,0.8752212887855467,1666,2933,0.38011488277138833,0.35017216557768854,0.4100575999650881,29977,78863,0.12869217486140144,0.10815877655109762,0.14922557317170526,8496,66018,0.33380251266435795,0.3127707265002913,0.3548342988284246,47905,143513,0.24126854867897213,0.199620241348287,0.28291685600965727,5333,22104,NA
42,103,PA,Pike County,42103,NA,NA,NA,0,6,0.13424657534246576,0.040893163011730876,0.22759998767320064,245,1825,0.11997635933806147,0.06372080688786232,0.17623191178826064,812,6768,0.2569444444444444,0.11908934316574687,0.39479954572314196,185,720,NA,NA,NA,0,148,NA
42,105,PA,Potter County,42105,NA,NA,NA,4,4,0.8292682926829268,0.21646408911232506,1,68,82,0.1802227472156598,0.14305688745447528,0.21738860697684434,534,2963,NA,NA,NA,0,25,NA,NA,NA,0,9,NA
42,107,PA,Schuylkill County,42107,NA,NA,NA,0,0,0.341503653075654,0.277116011703272,0.405891294448036,1449,4243,0.15581278767716356,0.1255705833079252,0.1860549920464019,3419,21943,0.1405152224824356,0.008624627450303346,0.2724058175145678,60,427,NA,NA,NA,0,184,NA
42,109,PA,Snyder County,42109,NA,NA,NA,0,0,0.12037037037037036,0,0.24534063816764,39,324,0.11824187676958339,0.0918666005879176,0.1446171529512492,877,7417,NA,NA,NA,0,0,NA,NA,NA,27,49,NA
42,111,PA,Somerset County,42111,NA,NA,NA,0,0,0.4690265486725664,0.367809116134156,0.5702439812109767,106,226,0.1398882865122392,0.11643586269896525,0.16334071032551314,1703,12174,NA,NA,NA,0,112,0.484375,0,0.9873860920946879,62,128,NA
42,113,PA,Sullivan County,42113,NA,NA,NA,0,0,NA,NA,NA,23,23,0.13043478260869565,0.06889652493090138,0.19197304028648993,66,506,NA,NA,NA,19,19,NA,NA,NA,0,0,NA
42,115,PA,Susquehanna County,42115,NA,NA,NA,0,4,0.22772277227722773,0.11793907246111125,0.3375064720933442,69,303,0.15797763427311387,0.12821594428690972,0.18773932425931802,1003,6349,NA,NA,NA,0,23,NA,NA,NA,0,22,NA
42,117,PA,Tioga County,42117,NA,NA,NA,0,3,0.38181818181818183,0.17878197561176454,0.5848543880245991,84,220,0.17259158751696066,0.14049370920418625,0.20468946582973507,1272,7370,0.3559322033898305,0.04335451509446525,0.6685098916851957,21,59,NA,NA,NA,0,10,NA
42,119,PA,Union County,42119,NA,NA,NA,0,0,0.019823788546255508,0,0.1224382599043891,9,454,0.09526058888364038,0.06123510804046572,0.12928606972681503,605,6351,0.7761194029850746,0.17483231534796573,1,104,134,NA,NA,NA,0,123,NA
42,121,PA,Venango County,42121,NA,NA,NA,5,10,0.23880597014925373,0.11697120560855903,0.3606407346899484,48,201,0.18854064642507345,0.15681821376434105,0.22026307908580586,1540,8168,0.4396135265700483,0.17781529800353174,0.7014117551365648,91,207,NA,NA,NA,9,17,NA
42,123,PA,Warren County,42123,NA,NA,NA,0,2,0.26153846153846155,0,0.5866425821930925,34,130,0.12105103280680438,0.08573308426347825,0.1563689813501305,797,6584,0.8134328358208955,0.5109983130978784,1,109,134,NA,NA,NA,0,14,NA
42,125,PA,Washington County,42125,NA,NA,NA,4,5,0.07126436781609195,0.02717290263860686,0.11535583299357705,93,1305,0.10994300564037444,0.09165440880225528,0.1282316024784936,3723,33863,0.22765469824293355,0.1100198289493185,0.3452895675365486,298,1309,0.11343283582089553,0,0.2727390369709901,76,670,NA
42,127,PA,Wayne County,42127,NA,NA,NA,0,6,0.09667194928684628,0.01561326889231826,0.1777306296813743,61,631,0.15416786847418518,0.11171624130336523,0.19661949564500514,1069,6934,NA,NA,NA,0,59,NA,NA,NA,3,47,NA
42,129,PA,Westmoreland County,42129,NA,NA,NA,0,97,0.21717724288840262,0.1406969168496424,0.2936575689271629,397,1828,0.12561952673746973,0.11050235994176498,0.1407366935331745,6742,53670,0.40892696122633004,0.30960213817629545,0.5082517842763646,907,2218,0.022284122562674095,0,0.13225023846345657,16,718,NA
42,131,PA,Wyoming County,42131,NA,NA,NA,0,9,0.22123893805309736,0,0.45109612640340646,50,226,0.16920514040932888,0.1368636884594127,0.20154659235924505,711,4202,NA,NA,NA,0,11,NA,NA,NA,0,4,NA
42,133,PA,York County,42133,0.2346368715083799,0,0.5387789969489645,42,179,0.20679562229574955,0.1628095234481814,0.2507817211433177,3250,15716,0.06785931858367632,0.05702027098384147,0.07869836618351116,4567,67301,0.2611206684689113,0.22046618971621076,0.3017751472216118,2125,8138,0.20412675018422993,0.07319682004654807,0.3350566803219118,277,1357,NA
44,000,RI,Rhode Island,44000,0.24478816408876933,0.09281169269392345,0.3967646354836152,364,1487,0.27634821383668884,0.24633456164550777,0.3063618660278699,16485,59653,0.052418977801881324,0.044759176374504196,0.06007877922925845,5606,106946,0.22463023016689077,0.1742533109370886,0.2750071493966929,2840,12643,0.08950706255405017,0.04206521252488663,0.1369489125832137,621,6938,NA
44,001,RI,Bristol County,44001,NA,NA,NA,0,0,0.032196969696969696,0,0.15895101323930014,17,528,0.04337484259129705,0.015670672428385206,0.07107901275420889,310,7147,0.13934426229508196,0,0.8263251193130152,17,122,0.05726872246696035,0,0.48226145262033443,13,227,NA
44,003,RI,Kent County,44003,NA,NA,NA,0,94,0.17072518062617073,0.08855162278045925,0.2528987384718822,638,3737,0.04894764768305624,0.031079581056747543,0.06681571430936493,1107,22616,0.05272407732864675,0,0.1636154403915348,30,569,NA,NA,NA,0,1080,NA
44,005,RI,Newport County,44005,NA,NA,NA,43,43,0.2857142857142857,0.145048628842768,0.42637994258580336,532,1862,0.0626487773209262,0.035220560714584404,0.090076993927268,579,9242,0.4787985865724382,0.3332102908816476,0.6243868822632288,271,566,NA,NA,NA,0,253,NA
44,007,RI,Providence County,44007,0.2543581616481775,0.08444706907043165,0.4242692542259233,321,1262,0.2883552176917761,0.25569579597595576,0.3210146394075964,15021,52092,0.06086082603737848,0.048332408165333816,0.07338924390942314,3149,51741,0.2004381161007667,0.14483041503326025,0.2560458171682731,2196,10956,0.10583366180528182,0.04490267786016158,0.16676464575040206,537,5074,NA
44,009,RI,Washington County,44009,NA,NA,NA,0,88,0.19316596931659694,0.087281521313812,0.29905041731938187,277,1434,0.02845679012345679,0.017144131647936017,0.03976944859897756,461,16200,0.7581395348837209,0.6129704539157291,0.9033086158517126,326,430,0.23355263157894737,0,0.6918559704169658,71,304,NA
45,000,SC,South Carolina,45000,0.284056418496697,0.19366375552659448,0.3744490814667995,1591,5601,0.27357757612786915,0.2547111887607189,0.2924439634950194,36269,132573,0.10687323798832894,0.10118978168952898,0.1125566942871289,62360,583495,0.3330109279046817,0.3210657431399641,0.34495611266939924,101568,304999,0.10285745868567954,0.07486292594113918,0.13085199143021992,1861,18093,NA
45,001,SC,Abbeville County,45001,NA,NA,NA,0,0,0.01875,0,0.2972746924876593,3,160,0.12953197099538563,0.07407977587212679,0.1849841661186445,393,3034,0.4583333333333333,0.2694327321774389,0.6472339344892277,583,1272,NA,NA,NA,0,10,NA
45,003,SC,Aiken County,45003,NA,NA,NA,0,45,0.27207582061950997,0.20828380350709136,0.3358678377319286,1177,4326,0.1139461010349421,0.08200248193634185,0.14588972013354234,2224,19518,0.353850977113596,0.28163651725962247,0.4260654369675695,3386,9569,0.305,0,0.72905425994024875,61,200,NA
45,005,SC,Allendale County,45005,NA,NA,NA,0,22,NA,NA,NA,0,336,NA,NA,NA,0,195,0.4642857142857143,0.29773418686234226,0.6308372417090864,377,812,NA,NA,NA,0,158,NA
45,007,SC,Anderson County,45007,0.16987179487179488,0,0.35591070335935227,53,312,0.18203309692671396,0.09761788009914835,0.2664483137542796,693,3807,0.16351010101010102,0.13482971033716035,0.1921904916830417,5180,31680,0.4955140461832622,0.40982284997927215,0.5812052423872522,3369,6799,0.17275747508305647,0.003506573896251919,0.342008376269861,104,602,NA
45,009,SC,Bamberg County,45009,NA,NA,NA,0,36,NA,NA,NA,0,51,0.13878562577447337,0.002538984323316701,0.27503226722563,112,807,0.352112676056338,0.19823147563810092,0.505993876474575,475,1349,NA,NA,NA,0,0,NA
45,011,SC,Barnwell County,45011,NA,NA,NA,0,0,0.9864864864864865,0.3725242125430617,1,219,222,0.19962335216572505,0.11087729604705815,0.28836940828439195,424,2124,0.6019417475728155,0.5318610416114086,0.6720224535342224,1364,2266,NA,NA,NA,0,14,NA
45,013,SC,Beaufort County,45013,NA,NA,NA,0,103,0.1716370152310252,0.10504832130089056,0.23822570916115984,1341,7813,0.05856925418569254,0.033716327487726225,0.08342218088365885,962,16425,0.3481657134886316,0.25848446496637284,0.4378469620108904,2496,7169,0.4377104377104377,0,0.9142848966531937,130,297,NA
45,015,SC,Berkeley County,45015,0.5308056872037915,0.19398369799020504,0.867627676417378,224,422,0.2247885054384316,0.15760478347005225,0.29197222740681095,1674,7447,0.10269382831870268,0.07633169038059032,0.12905596625681504,3065,29846,0.19220361295984786,0.14212167444335816,0.24228555147633757,2628,13673,0.02695871946082561,0,0.10361964512150693,32,1187,NA
45,017,SC,Calhoun County,45017,NA,NA,NA,0,0,NA,NA,NA,0,161,0.08773291925465838,0.01974267885660376,0.155723159652713,113,1288,0.23149113660062565,0.07357493248948649,0.3894073407117648,222,959,NA,NA,NA,0,0,NA
45,019,SC,Charleston County,45019,0.5769911504424778,0.008688888964356822,1,326,565,0.2822891691858647,0.20853120409295012,0.3560471342787793,2708,9593,0.05065978722432766,0.03555444173827331,0.06576513271038201,2219,43802,0.3256694238048507,0.27259357131030315,0.37874527629939825,6969,21399,0.06947368421052631,0,0.24261670406290697,66,950,NA
45,021,SC,Cherokee County,45021,NA,NA,NA,0,0,0.17173524150268335,0.05337776290673206,0.2900927200986346,192,1118,0.23049410517949398,0.17318956729788038,0.2877986430611076,1740,7549,0.5022388059701492,0.37425243834451727,0.6302251735957812,1346,2680,NA,NA,NA,20,62,NA
45,023,SC,Chester County,45023,NA,NA,NA,0,15,NA,NA,NA,190,374,0.16468885672937772,0.08941664247163465,0.23996107098712077,569,3455,0.35146604938271603,0.2539929667292558,0.44893913203617625,911,2592,NA,NA,NA,0,14,NA
45,025,SC,Chesterfield County,45025,NA,NA,NA,0,19,0.2937720329024677,0.09599842226253225,0.4915456435424031,250,851,0.1735398785848859,0.12300396207285755,0.22407579509691425,829,4777,0.43776824034334766,0.32475267795178653,0.5507838027349088,1224,2796,NA,NA,NA,0,16,NA
45,027,SC,Clarendon County,45027,NA,NA,NA,11,11,0.35276073619631904,0.13218468267445732,0.5733367897181807,115,326,0.10500878734622145,0.05679445849905322,0.15322311619338969,239,2276,0.2590873936581593,0.1669101149237332,0.3512646723925854,670,2586,NA,NA,NA,0,99,NA
45,029,SC,Colleton County,45029,NA,NA,NA,0,0,0.38641975308641974,0.14615003941275667,0.6266894667600829,313,810,0.13551401869158877,0.06896397392992483,0.20206406345325273,551,4066,0.380143696930111,0.27641987632204884,0.4838675175381732,1164,3062,NA,NA,NA,19,19,NA
45,031,SC,Darlington County,45031,NA,NA,NA,0,102,0.5779334500875657,0.3074262855983815,0.8484406145767499,330,571,0.13536,0.0891865110523266,0.1815334889476734,846,6250,0.39851526910747426,0.31837946863881894,0.4786510695761296,2362,5927,NA,NA,NA,0,55,NA
45,033,SC,Dillon County,45033,0.6551724137931034,0.3122153752610749,0.998129452325132,95,145,0.6643026004728132,0.5300683953805144,0.798536805565112,281,423,0.2452316076294278,0.12952750588247625,0.36093570937637937,630,2569,0.516188149053146,0.43840344833226763,0.5939728497740244,1690,3274,NA,NA,NA,0,0,NA
45,035,SC,Dorchester County,45035,0.265625,0.02679626063050844,0.5044537393694916,17,64,0.10918868365676876,0.05811423959997708,0.16026312771356044,467,4277,0.08831370268043236,0.053162598385446555,0.12346480697541816,1822,20631,0.34570912375790425,0.2788421126078334,0.41257613490797507,3827,11070,0.16719745222929935,0,0.3849422164298663,105,628,NA
45,037,SC,Edgefield County,45037,NA,NA,NA,0,0,0.708171206225681,0.6253373553639632,0.7910050570873988,182,257,0.11955168119551682,0.05553005087823294,0.1835733115128007,288,2409,0.4178482068390325,0.2966071824277263,0.5390892312503387,501,1199,NA,NA,NA,0,29,NA
45,039,SC,Fairfield County,45039,NA,NA,NA,0,0,0.03048780487804878,0,0.3182654891862441,5,164,0.16177957532861476,0.05573517318143674,0.2678239774757928,160,989,0.2724679029957204,0.1607232952150067,0.38421251077643404,573,2103,NA,NA,NA,0,0,NA
45,041,SC,Florence County,45041,NA,NA,NA,6,7,0.397196261682243,0.2893202826495588,0.5050722407149272,680,1712,0.07688723205964586,0.05444917381078887,0.09932529030850284,990,12876,0.378968511079435,0.3300455670452808,0.4278914551135892,5849,15434,0.046511627906976744,0,0.26643860765911676,20,430,NA
45,043,SC,Georgetown County,45043,NA,NA,NA,0,11,0.22349936143039592,0.054470610063654,0.39252811279713784,175,783,0.13523325467416955,0.08723214142518584,0.18323436792315326,745,5509,0.518000518000518,0.4271926141300679,0.6088084218709682,2000,3861,NA,NA,NA,0,0,NA
45,045,SC,Greenville County,45045,0.5190839694656488,0.32914067012232406,0.7090272688089736,544,1048,0.3032627784453277,0.25748146179210213,0.3490440950985532,6562,21638,0.05802017966600178,0.04656924971571688,0.06947110961628668,3985,68683,0.29044383403209484,0.23575562624100604,0.34513204182318363,6027,20751,0.11606790367153573,0.031999442097631864,0.2001363652454396,294,2533,NA
45,047,SC,Greenwood County,45047,NA,NA,NA,0,229,0.1772449459332393,0.01934780589880014,0.33514208596767847,377,2127,0.13486329508428957,0.09298038496151582,0.1767462052070633,952,7059,0.3020196405410413,0.2115311324860193,0.3925081485960633,1630,5397,NA,NA,NA,28,93,NA
45,049,SC,Hampton County,45049,NA,NA,NA,22,22,0.16666666666666666,0.0073921843168189005,0.3259411490165144,48,288,0.05974607916355489,0.005188790259800097,0.11430336806730969,80,1339,0.3460572576594676,0.26328836768135644,0.42882614763757876,689,1991,NA,NA,NA,0,87,NA
45,051,SC,Horry County,45051,0.015015015015015015,0,0.1355471113614588,5,333,0.32162642416640536,0.24861086935057553,0.3946419789822352,3077,9567,0.14256444836350432,0.11411948526769573,0.17100941145931292,5497,38558,0.3976541808550889,0.33128748725900575,0.46402087445117207,4204,10572,0.2431466030989273,0.05755476935945855,0.4287384368383961,204,839,NA
45,053,SC,Jasper County,45053,0.056451612903225805,0,0.48166620736334886,7,124,0.2972222222222222,0.15004168690743294,0.44440275753701153,535,1800,NA,NA,NA,0,1445,0.42295381801554643,0.2856042916638252,0.5603033443672676,925,2187,NA,NA,NA,0,13,NA
45,055,SC,Kershaw County,45055,NA,NA,NA,8,15,0.3683862433862434,0.2778009628199918,0.45897152395249496,557,1512,0.11251447216082518,0.07392759641164154,0.15110134791000882,1069,9501,0.28814039060288704,0.20481448400733052,0.3714662971984436,1018,3533,NA,NA,NA,0,73,NA
45,057,SC,Lancaster County,45057,NA,NA,NA,26,30,0.38018433179723504,0.20976516535783546,0.5506034982366346,990,2604,0.08571209918114334,0.05178662937733861,0.11963756898494807,1120,13067,0.257459505541347,0.16948052630962715,0.3454384847730668,1208,4692,NA,NA,NA,0,614,NA
45,059,SC,Laurens County,45059,NA,NA,NA,0,205,0.1301605504587156,0.06259396460791025,0.19772713630952096,227,1744,0.19870952324053054,0.14623535136670246,0.2511836951143586,1663,8369,0.5245806824754193,0.42163189893219954,0.6275294660186391,1814,3458,NA,NA,NA,1,79,NA
45,061,SC,Lee County,45061,NA,NA,NA,0,0,NA,NA,NA,18,52,0.2371392722710163,0.10470574001729671,0.3695728045247359,189,797,0.4497379704621248,0.356107660608991,0.5433682803152586,944,2099,NA,NA,NA,0,0,NA
45,063,SC,Lexington County,45063,0.012658227848101266,0,0.24908777964959525,3,237,0.26794958361467475,0.20986619041357046,0.32603297681577903,2381,8886,0.08999615606380934,0.07559475447387502,0.10439755765374366,3746,41624,0.21679037624776043,0.17770398600281917,0.2558767664927017,2541,11721,0.06614077669902912,0,0.13616906545956703,109,1648,NA
45,065,SC,McCormick County,45065,NA,NA,NA,0,0,NA,NA,NA,0,4,0.24663677130044842,0.0859772262281871,0.40729631637270974,55,223,0.6024340770791075,0.4611242497084641,0.7437439044497508,297,493,NA,NA,NA,0,0,NA
45,067,SC,Marion County,45067,NA,NA,NA,0,65,0.988929889298893,0.9028162761983873,1,268,271,0.19412381951731375,0.10225680732780236,0.28599083170682515,370,1906,0.5278622087132725,0.45232512682687737,0.6033992905996677,2084,3948,NA,NA,NA,0,3,NA
45,069,SC,Marlboro County,45069,0.23404255319148937,0,0.6280533349368413,33,141,0.19090909090909092,0,0.4014334170059218,21,110,0.23590333716915995,0.14574350210327092,0.326063172235049,410,1738,0.4801412180052957,0.361501402712032,0.5987810332985594,1088,2266,NA,NA,NA,0,0,NA
45,071,SC,Newberry County,45071,NA,NA,NA,0,8,0.5459039548022598,0.4308228799202166,0.6609850296843031,773,1416,0.05053678973553286,0.020648509976699914,0.08042506949436581,193,3819,0.4785185185185185,0.33259692446880385,0.6244401125682332,1292,2700,NA,NA,NA,0,0,NA
45,073,SC,Oconee County,45073,NA,NA,NA,0,36,0.3339140534262485,0.20117579832879307,0.466652308523704,575,1722,0.24665781319167773,0.19660587504846277,0.2967097513348927,2786,11295,0.24471299093655588,0.05447061274472623,0.4349553691283855,243,993,NA,NA,NA,0,112,NA
45,075,SC,Orangeburg County,45075,NA,NA,NA,54,56,0.36430834213305174,0.2023280140928843,0.5262886701732192,345,947,0.15216055703460987,0.10375090517295327,0.20057020889626648,743,4883,0.3476410395725799,0.29309262911613176,0.40218945002902806,3839,11043,0.324468085106383,0,0.842779128392044,61,188,NA
45,077,SC,Pickens County,45077,NA,NA,NA,0,72,0.2633390705679862,0.17414374399809884,0.3525343971378736,612,2324,0.12664010624169986,0.09496818888978795,0.15831202359361177,2384,18825,0.3114754098360656,0.10897272167047278,0.5139780980016584,323,1037,0.22826086956521738,0.09046996292431864,0.3660517762061161,84,368,NA
45,079,SC,Richland County,45079,0.036290322580645164,0,0.19988114350957292,9,248,0.28182245185533117,0.2123069808831523,0.35133792282751003,2400,8516,0.09476683160893687,0.06569244199702119,0.12384122122085255,2528,26676,0.30058725903229927,0.2647570842424215,0.33641743382217704,14127,46998,0.09496043315285298,0.00079549577468014665,0.1891253705310258,228,2401,NA
45,081,SC,Saluda County,45081,NA,NA,NA,0,24,0.35780525502318394,0.24387628270207595,0.47173422734429193,463,1294,0.1541436464088398,0.08187190499816353,0.22641538781951603,279,1810,0.24390243902439024,0.1034170294961797,0.3843878485526008,210,861,NA,NA,NA,8,8,NA
45,083,SC,Spartanburg County,45083,0.3953488372093023,0.03771767590240249,0.7529799985162021,51,129,0.32393347794649313,0.26934167017499044,0.3785252857179958,3584,11064,0.1233048556288526,0.10415300463308261,0.1424567066246226,5701,46235,0.32564246858000373,0.2771138284156742,0.37417110874433324,5208,15993,0.02116991643454039,0,0.0717503929437302,38,1795,NA
45,085,SC,Sumter County,45085,0.052083333333333336,0,0.2618341154233011,15,288,0.19953051643192488,0.04567443687264211,0.35338659599120764,340,1704,0.08998646820027063,0.04250341624497183,0.13746952015556943,798,8868,0.3078626799557032,0.25582045760172406,0.35990490230968236,3614,11739,NA,NA,NA,0,313,NA
45,087,SC,Union County,45087,NA,NA,NA,1,1,0.32,0.059227098586983884,0.5807729014130161,64,200,0.34298163709928414,0.27284269425726027,0.413120579941308,1102,3213,0.3747002398081535,0.2595371844327017,0.4898632951836053,625,1668,NA,NA,NA,5,5,NA
45,089,SC,Williamsburg County,45089,NA,NA,NA,0,34,0.6986301369863014,0.1419807841942491,1,102,146,0.10408042578356003,0.03340145865406603,0.17475939291305403,176,1691,0.30785395324402415,0.22818770660133336,0.38752019988671493,1172,3807,NA,NA,NA,0,82,NA
45,091,SC,York County,45091,0.21485411140583555,0.12556549047676518,0.3041427323349059,81,377,0.13536498936924168,0.09454790518745154,0.17618207355103183,955,7055,0.06113679766810735,0.04541400437894375,0.07685959095727093,2433,39796,0.18634951897583515,0.1389650095309899,0.23373402842068042,2460,13201,0.1179313678105365,0.008785300353359934,0.22707743526771307,244,2069,NA
46,000,SD,South Dakota,46000,0.49758653409794135,0.471222132983872,0.5239509352120106,12061,24239,0.24119738502121804,0.2084422816862701,0.273952488356166,4206,17438,0.07138508065865098,0.06441264078983144,0.07835752052747053,10669,149457,0.2661302121433797,0.17268635203462962,0.35957407225212973,1819,6835,0.12146184163382301,0.05311365553640861,0.1898100277312374,339,2791,NA
46,003,SD,Aurora County,46003,NA,NA,NA,0,0,0.8428571428571429,0.7040756244042176,0.9816386613100682,59,70,0.08531746031746032,0.03247282589475948,0.13816209474016117,43,504,NA,NA,NA,0,2,NA,NA,NA,0,2,NA
46,005,SD,Beadle County,46005,0.2608695652173913,0,0.5524479381851604,24,92,0.2316817864619679,0.09223407874637868,0.37112949417755714,332,1433,0.057927961381359076,0.019864270676555572,0.09599165208616259,156,2693,0.825,0.4155204897311545,1,66,80,0.2852173913043478,0.04133980263621728,0.5290949799724783,164,575,NA
46,007,SD,Bennett County,46007,0.35491329479768785,0.19162024296026486,0.5182063466351108,307,865,0.43356643356643354,0,0.920350353229523,62,143,0.36875,0,0.9358203940690785,59,160,NA,NA,NA,0,0,NA,NA,NA,0,23,NA
46,009,SD,Bon Homme County,46009,NA,NA,NA,0,10,NA,NA,NA,0,8,0.20049916805324458,0.10342996101353967,0.2975683750929495,241,1202,NA,NA,NA,0,0,NA,NA,NA,0,0,NA
46,011,SD,Brookings County,46011,NA,NA,NA,0,65,0.2869822485207101,0.09712198202053421,0.4768425150208859,194,676,0.026950117174422496,0.003145706474681584,0.05075452787416341,161,5974,NA,NA,NA,0,63,NA,NA,NA,0,230,NA
46,013,SD,Brown County,46013,0.17973856209150327,0.0307929682449255,0.32868415593808104,55,306,0.6781437125748503,0.5315180542066816,0.8247693709430189,453,668,0.03691766774099033,0.012902621692453833,0.06093271378952683,252,6826,NA,NA,NA,0,9,0.3404255319148936,0.03722251792779374,0.6436285459019935,80,235,NA
46,015,SD,Brule County,46015,0.057777777777777775,0,0.23422816630974425,13,225,NA,NA,NA,0,38,0.07792207792207792,0.025907061013510743,0.12993709483064508,72,924,NA,NA,NA,0,9,NA,NA,NA,0,0,NA
46,017,SD,Buffalo County,46017,0.4932821497120921,0.35567614922288504,0.6308881502012992,257,521,NA,NA,NA,7,7,NA,NA,NA,0,155,NA,NA,NA,0,0,NA,NA,NA,0,0,NA
46,019,SD,Butte County,46019,NA,NA,NA,0,41,NA,NA,NA,0,170,0.0708803611738149,0.02324163987449558,0.11851908247313421,157,2215,NA,NA,NA,0,0,NA,NA,NA,0,23,NA
46,021,SD,Campbell County,46021,NA,NA,NA,0,4,NA,NA,NA,2,4,NA,NA,NA,0,306,NA,NA,NA,0,0,NA,NA,NA,0,0,NA
46,023,SD,Charles Mix County,46023,0.4896957801766438,0.41096487232182,0.5684266880314676,499,1019,0.25146198830409355,0.06299585214572981,0.4399281244624573,43,171,0.2624113475177305,0.1307075176848535,0.39411517735060747,370,1410,NA,NA,NA,0,0,NA,NA,NA,0,19,NA
46,025,SD,Clark County,46025,NA,NA,NA,0,0,NA,NA,NA,0,87,0.05357142857142857,0.005992065397304763,0.10115079174555237,51,952,NA,NA,NA,0,21,NA,NA,NA,0,0,NA
46,027,SD,Clay County,46027,0.013215859030837005,0,0.1346872339644215,3,227,NA,NA,NA,0,158,0.08454496499730749,0.022850738457268566,0.1462391915373464,157,1857,NA,NA,NA,0,31,NA,NA,NA,0,113,NA
46,029,SD,Codington County,46029,0.4387755102040816,0.026798028058002632,0.8507529923501607,43,98,0.12864077669902912,0,0.31345727649552513,53,412,0.04784257086116628,0.02121908665081324,0.07446605507151932,265,5539,NA,NA,NA,0,114,NA,NA,NA,0,44,NA
46,031,SD,Corson County,46031,0.6489151873767258,0.5942464111415069,0.7035839636119448,658,1014,NA,NA,NA,0,0,0.36475409836065575,0.23851973688394024,0.49098845983737127,89,244,NA,NA,NA,0,0,NA,NA,NA,0,0,NA
46,033,SD,Custer County,46033,NA,NA,NA,6,6,NA,NA,NA,0,86,0.08483563096500531,0.03380926374868728,0.13586199818132333,80,943,NA,NA,NA,0,0,NA,NA,NA,0,0,NA
46,035,SD,Davison County,46035,0.7358490566037735,0.3979917034861024,1,234,318,0.29952830188679247,0.0660601160729076,0.5329964877006773,127,424,0.057646356033452806,0.010931234154704206,0.1043614779122014,193,3348,NA,NA,NA,0,34,NA,NA,NA,0,0,NA
46,037,SD,Day County,46037,0.7532467532467533,0.6283401566114685,0.8781533498820381,174,231,0.6329113924050633,0.29420127500328763,0.971621509806839,50,79,0.08285385500575373,0.00168628984895762,0.16402142016254984,72,869,NA,NA,NA,0,0,NA,NA,NA,0,0,NA
46,039,SD,Deuel County,46039,NA,NA,NA,0,5,NA,NA,NA,0,39,0.08281573498964803,0.0379316662451463,0.12769980373414977,80,966,NA,NA,NA,0,0,NA,NA,NA,0,0,NA
46,041,SD,Dewey County,46041,0.4524569240587109,0.3601951818785329,0.544718666238889,709,1567,NA,NA,NA,0,7,NA,NA,NA,0,289,NA,NA,NA,0,3,NA,NA,NA,0,0,NA
46,043,SD,Douglas County,46043,NA,NA,NA,0,3,0.045454545454545456,0,0.8274677069070849,1,22,0.1681159420289855,0.0677136330891619,0.2685182509688091,116,690,NA,NA,NA,4,5,NA,NA,NA,0,0,NA
46,045,SD,Edmunds County,46045,NA,NA,NA,0,0,NA,NA,NA,0,47,0.11970074812967581,0.04257672012304568,0.19682477613630595,96,802,NA,NA,NA,0,0,NA,NA,NA,0,4,NA
46,047,SD,Fall River County,46047,0.2857142857142857,0,0.8301454051903792,20,70,0.8461538461538461,0.24940994558679264,1,66,78,0.2475355969331873,0.14512872875918648,0.3499424651071881,226,913,NA,NA,NA,0,0,NA,NA,NA,0,40,NA
46,049,SD,Faulk County,46049,NA,NA,NA,0,0,NA,NA,NA,0,12,0.45956607495069035,0.26989845008186575,0.649233699819515,233,507,NA,NA,NA,0,0,NA,NA,NA,0,0,NA
46,051,SD,Grant County,46051,0.8809523809523809,0.09474050403740109,1,37,42,0.27011494252873564,0,0.6416209411652116,47,174,0.1048265460030166,0.03188641615865356,0.17776667584737962,139,1326,NA,NA,NA,0,0,NA,NA,NA,0,1,NA
46,053,SD,Gregory County,46053,0.5409836065573771,0.03752244224043788,1,33,61,NA,NA,NA,0,0,0.03684210526315789,0.011327752268917284,0.062356458257398495,28,760,NA,NA,NA,0,5,NA,NA,NA,0,27,NA
46,055,SD,Haakon County,46055,NA,NA,NA,0,2,NA,NA,NA,0,0,0.040345821325648415,0,0.09192670876364845,14,347,NA,NA,NA,0,0,NA,NA,NA,0,0,NA
46,057,SD,Hamlin County,46057,NA,NA,NA,0,5,0.05,0,0.25639350707955755,7,140,0.09699525566684239,0.044097945187189,0.14989256614649576,184,1897,NA,NA,NA,0,5,NA,NA,NA,0,9,NA
46,059,SD,Hand County,46059,NA,NA,NA,0,0,NA,NA,NA,0,39,0.018867924528301886,0,0.04962867000289634,13,689,NA,NA,NA,0,10,NA,NA,NA,0,0,NA
46,061,SD,Hanson County,46061,NA,NA,NA,0,0,NA,NA,NA,0,8,0.13146067415730336,0.02867823935763375,0.23424310895697298,117,890,NA,NA,NA,0,0,NA,NA,NA,0,0,NA
46,063,SD,Harding County,46063,NA,NA,NA,0,0,NA,NA,NA,0,7,0.058823529411764705,0,0.12954328268199766,13,221,NA,NA,NA,0,6,NA,NA,NA,0,0,NA
46,065,SD,Hughes County,46065,0.25656877897990726,0.08457650541745362,0.4285610525423609,166,647,0.03571428571428571,0,0.13738287569181373,9,252,0.05594174114531612,0.007651830847921981,0.10423165144271027,169,3021,NA,NA,NA,0,0,NA,NA,NA,0,30,NA
46,067,SD,Hutchinson County,46067,NA,NA,NA,0,0,0.3924050632911392,0.20592858527044883,0.5788815413118296,31,79,0.03747534516765286,0.005188565407123466,0.06976212492818225,57,1521,NA,NA,NA,0,0,NA,NA,NA,0,0,NA
46,069,SD,Hyde County,46069,NA,NA,NA,0,0,NA,NA,NA,0,13,0.027210884353741496,0,0.15126786384646798,4,147,NA,NA,NA,0,0,NA,NA,NA,0,0,NA
46,071,SD,Jackson County,46071,0.5751633986928104,0.42486652191386864,0.7254602754717522,352,612,NA,NA,NA,0,0,NA,NA,NA,0,264,NA,NA,NA,0,0,NA,NA,NA,0,0,NA
46,073,SD,Jerauld County,46073,NA,NA,NA,0,0,NA,NA,NA,0,42,0.12078651685393259,0.055555212555932515,0.18601782115193266,43,356,NA,NA,NA,0,0,NA,NA,NA,0,0,NA
46,075,SD,Jones County,46075,0.6907216494845361,0.022687828390276277,1,67,97,NA,NA,NA,0,8,0.11274509803921569,0.014475408249454216,0.21101478782897715,23,204,NA,NA,NA,0,0,NA,NA,NA,0,0,NA
46,077,SD,Kingsbury County,46077,NA,NA,NA,0,27,0.5384615384615384,0.29583517097614576,0.7810879059469311,35,65,0.08703374777975133,0.043340086400607644,0.13072740915889502,98,1126,NA,NA,NA,0,0,NA,NA,NA,0,0,NA
46,079,SD,Lake County,46079,0.3448275862068966,0,0.7775963837954879,20,58,0.20125786163522014,0,0.5342848935931639,32,159,0.13768513439385627,0.056498459436930756,0.21887180935078177,251,1823,NA,NA,NA,0,0,NA,NA,NA,0,0,NA
46,081,SD,Lawrence County,46081,0.5024875621890548,0.20327720499168084,0.8016979193864286,101,201,0.29739776951672864,0,0.6868658662143498,80,269,0.09449664429530201,0.04707726192075763,0.14191602666984637,352,3725,NA,NA,NA,0,2,NA,NA,NA,0,0,NA
46,083,SD,Lincoln County,46083,NA,NA,NA,0,122,0.2845714285714286,0.08968640966631217,0.47945644747654503,249,875,0.03330106485963214,0.014100535078675619,0.052501594640588664,516,15495,0.5989650711513583,0.24132055254348417,0.9566095897592325,463,773,NA,NA,NA,0,387,NA
46,085,SD,Lyman County,46085,0.4431818181818182,0.36335993866876853,0.5230036976948678,234,528,NA,NA,NA,0,25,0.14354066985645933,0.02917324850367671,0.25790809120924196,60,418,NA,NA,NA,0,0,NA,NA,NA,0,0,NA
46,087,SD,McCook County,46087,NA,NA,NA,3,21,0.3103448275862069,0,0.8660033606676729,18,58,0.04633982538616521,0.014220780906348034,0.07845886986598238,69,1489,NA,NA,NA,0,4,NA,NA,NA,0,0,NA
46,089,SD,McPherson County,46089,NA,NA,NA,0,1,NA,NA,NA,0,1,0.008695652173913044,0,0.045340334171870084,3,345,NA,NA,NA,0,0,NA,NA,NA,0,0,NA
46,091,SD,Marshall County,46091,NA,NA,NA,36,64,0.049019607843137254,0,0.2327072082953568,5,102,0.01694915254237288,0,0.0448287977770687,13,767,NA,NA,NA,0,6,NA,NA,NA,0,0,NA
46,093,SD,Meade County,46093,0.09027777777777778,0,0.19612558872536773,13,144,0.19230769230769232,0.055567823622420215,0.3290475609929644,85,442,0.06312935708752905,0.030446613255371888,0.09581210091968621,326,5164,NA,NA,NA,0,70,NA,NA,NA,4,19,NA
46,095,SD,Mellette County,46095,0.7971014492753623,0.6743291724645105,0.9198737260862141,330,414,NA,NA,NA,0,10,NA,NA,NA,0,63,NA,NA,NA,0,0,NA,NA,NA,0,0,NA
46,097,SD,Miner County,46097,NA,NA,NA,0,0,NA,NA,NA,0,6,0.14947368421052631,0.06299337952555228,0.23595398889550034,71,475,NA,NA,NA,0,0,NA,NA,NA,0,0,NA
46,099,SD,Minnehaha County,46099,0.29132791327913277,0.18203184022164923,0.40062398633661633,430,1476,0.18206921944035345,0.11430205760910639,0.24983638127160052,989,5432,0.057820845859723885,0.0429657028475296,0.07267598887191817,1981,34261,0.21705731731337405,0.1245756099818359,0.30953902464491223,1102,5077,0.16485507246376813,0.008463256839264965,0.3212468880882713,91,552,NA
46,101,SD,Moody County,46101,0.27450980392156865,0.1307382290355086,0.4182813788076287,56,204,0.43147208121827413,0.24795976451772359,0.6149843979188246,85,197,0.029918404351767906,0.007538635742994949,0.05229817296054086,33,1103,NA,NA,NA,0,13,NA,NA,NA,0,25,NA
46,102,SD,Oglala Lakota County,46102,0.6132137387880113,0.5499215719350882,0.6765059056409345,2803,4571,NA,NA,NA,135,135,NA,NA,NA,0,125,NA,NA,NA,0,0,NA,NA,NA,0,0,NA
46,103,SD,Pennington County,46103,0.4932014833127318,0.402317961967788,0.5840850046576755,1197,2427,0.2498179169701384,0.14720546715318145,0.35243036678709533,686,2746,0.07988587731811697,0.0511510865557121,0.10862066808052184,1232,15422,0.3548387096774194,0.16428589101747013,0.5453915283373686,143,403,NA,NA,NA,0,240,NA
46,105,SD,Perkins County,46105,NA,NA,NA,0,0,NA,NA,NA,0,17,0.2565359477124183,0.10744147724118458,0.405630418183652,157,612,NA,NA,NA,0,0,NA,NA,NA,0,12,NA
46,107,SD,Potter County,46107,NA,NA,NA,0,0,NA,NA,NA,0,0,0.0728476821192053,0.008844311537593422,0.13685105270081716,33,453,NA,NA,NA,0,0,NA,NA,NA,0,0,NA
46,109,SD,Roberts County,46109,0.2713864306784661,0.1985755389783726,0.34419732237855954,368,1356,0.08376963350785341,0,0.2980051892435982,16,191,0.13372093023255813,0.0681400266437797,0.19930183382133654,138,1032,NA,NA,NA,3,3,NA,NA,NA,0,28,NA
46,111,SD,Sanborn County,46111,NA,NA,NA,0,14,0.1282051282051282,0,0.596899491203575,5,39,0.046296296296296294,0.009372862273354814,0.08321973031923777,25,540,NA,NA,NA,0,0,NA,NA,NA,0,0,NA
46,115,SD,Spink County,46115,NA,NA,NA,0,0,0.6875,0.35811482931676364,1,22,32,0.0854353132628153,0.04095187819428422,0.12991874833134637,105,1229,NA,NA,NA,0,0,NA,NA,NA,0,0,NA
46,117,SD,Stanley County,46117,NA,NA,NA,0,66,NA,NA,NA,0,3,0.15009746588693956,0.0408622573285914,0.25933267444528774,77,513,NA,NA,NA,0,0,NA,NA,NA,0,0,NA
46,119,SD,Sully County,46119,NA,NA,NA,0,55,NA,NA,NA,0,0,NA,NA,NA,0,232,NA,NA,NA,0,11,NA,NA,NA,0,0,NA
46,121,SD,Todd County,46121,0.6476008897362567,0.5925982949411877,0.7026034845313258,2038,3147,0.10666666666666667,0,0.3806384760391143,8,75,NA,NA,NA,0,87,NA,NA,NA,0,0,NA,NA,NA,0,84,NA
46,123,SD,Tripp County,46123,0.6278195488721805,0.3409598782550267,0.9146792194893343,167,266,NA,NA,NA,0,57,0.1969519343493552,0.07662518526493085,0.3172786834337796,168,853,NA,NA,NA,38,38,NA,NA,NA,0,9,NA
46,125,SD,Turner County,46125,NA,NA,NA,0,8,0.19827586206896552,0,0.43384876191830807,23,116,0.09237758707723372,0.05734064966637352,0.12741452448809393,183,1981,NA,NA,NA,0,0,NA,NA,NA,0,4,NA
46,127,SD,Union County,46127,NA,NA,NA,0,62,0.043478260869565216,0,0.17404967519498524,13,299,0.03675577156743621,0.006080956046346633,0.06743058708852578,121,3292,NA,NA,NA,0,38,NA,NA,NA,0,54,NA
46,129,SD,Walworth County,46129,0.8564814814814815,0.6589295242341939,1,185,216,NA,NA,NA,0,2,0.16014669926650366,0.07045485462710195,0.24983854390590537,131,818,NA,NA,NA,0,0,NA,NA,NA,0,0,NA
46,135,SD,Yankton County,46135,0.7666666666666667,0.425725908672502,1,138,180,0.36152219873150104,0.20011728458322642,0.5229271128797757,171,473,0.13982300884955753,0.07499467524837557,0.20465134245073952,553,3955,NA,NA,NA,0,0,NA,NA,NA,0,0,NA
46,137,SD,Ziebach County,46137,0.6222707423580786,0.5649249836441665,0.6796165010719906,285,458,NA,NA,NA,6,11,NA,NA,NA,0,128,NA,NA,NA,0,0,NA,NA,NA,0,2,NA
47,000,TN,Tennessee,47000,0.3940561364887177,0.24445591561880786,0.5436563573586275,2148,5451,0.28180196529288637,0.2656206249398809,0.2979833056458918,54660,193966,0.12865658042104064,0.12422280973585037,0.1330903511062309,121995,948222,0.34057391495506695,0.3268423929164248,0.3543054369937091,89856,263837,0.07440902266140577,0.056916412248913736,0.0919016330738978,2131,28639,NA
47,001,TN,Anderson County,47001,NA,NA,NA,20,52,0.30500894454382826,0.21733864077445192,0.3926792483132046,341,1118,0.1391637897967012,0.09472335212251681,0.18360422747088556,1814,13035,0.42022116903633494,0.18977122934090768,0.6506711087317623,266,633,0.18726591760299627,0,0.5654706299716854,50,267,NA
47,003,TN,Bedford County,47003,NA,NA,NA,0,534,0.4628122368790345,0.34349869853981907,0.5821257752182499,1649,3563,0.13901630988786953,0.09351146409654623,0.18452115567919283,1091,7848,0.4177545691906005,0,0.8602909478823717,160,383,NA,NA,NA,0,117,NA
47,005,TN,Benton County,47005,NA,NA,NA,0,0,0.34965034965034963,0,0.7545396205964819,50,143,0.23076923076923078,0.15938416816620185,0.30215429337225974,636,2756,NA,NA,NA,0,18,NA,NA,NA,0,179,NA
47,007,TN,Bledsoe County,47007,NA,NA,NA,0,0,0.5833333333333334,0.2144875493053292,0.9521791173613375,84,144,0.2825854700854701,0.19012592836820302,0.37504501180273714,529,1872,NA,NA,NA,35,35,NA,NA,NA,0,0,NA
47,009,TN,Blount County,47009,NA,NA,NA,0,11,0.11318181818181818,0.0308505947393882,0.19551304162424815,249,2200,0.07730986800754243,0.05454842296630387,0.10007131304878099,1722,22274,0.2873015873015873,0.08286132885895761,0.491741845744217,181,630,0.3191489361702128,0,0.8729540556948325,45,141,NA
47,011,TN,Bradley County,47011,NA,NA,NA,0,26,0.2683632157316368,0.15579158277183408,0.3809348486914395,928,3458,0.13753998255306776,0.10570092383760891,0.1693790412685266,2365,17195,0.12848689771766694,0.011563229515693468,0.24541056591964042,152,1183,0.11413043478260869,0,0.5655361839811031,21,184,NA
47,013,TN,Campbell County,47013,NA,NA,NA,0,19,0.3034825870646766,0.011238121662242972,0.5957270524671103,61,201,0.2063260984647962,0.1492265582663618,0.26342563866323054,1559,7556,NA,NA,NA,0,0,NA,NA,NA,5,9,NA
47,015,TN,Cannon County,47015,NA,NA,NA,0,0,0.7989690721649485,0.5181277723414288,1,155,194,0.22751510842516887,0.14701571583556475,0.308014501014773,640,2813,0.48672566371681414,0.0337267483516398,0.9397245790819885,110,226,NA,NA,NA,0,0,NA
47,017,TN,Carroll County,47017,NA,NA,NA,0,4,0.27044025157232704,0.039725378788321636,0.5011551243563325,86,318,0.22372342539241008,0.15571001096112874,0.2917368398236914,1126,5033,0.14559386973180077,0,0.41083450058928705,38,261,NA,NA,NA,0,8,NA
47,019,TN,Carter County,47019,NA,NA,NA,0,64,0.3487903225806452,0.04588452974877938,0.6516961154125109,173,496,0.21489410681399632,0.1672169645330046,0.262571249094988,1867,8688,0.6193548387096774,0.2776702423756355,0.9610394350437195,96,155,NA,NA,NA,0,0,NA
47,021,TN,Cheatham County,47021,NA,NA,NA,0,27,0.31516936671575846,0.06602517880245945,0.5643135546290574,214,679,0.08693888588426177,0.045373043763845364,0.12850472800467816,643,7396,NA,NA,NA,0,217,NA,NA,NA,0,110,NA
47,023,TN,Chester County,47023,NA,NA,NA,0,0,0.1306122448979592,0,0.4684073484342195,32,245,0.10624779385810096,0.0452053650252227,0.1672902226909792,301,2833,0.614406779661017,0.35858534354162397,0.87022821578041,290,472,NA,NA,NA,0,0,NA
47,025,TN,Claiborne County,47025,NA,NA,NA,0,3,0.14035087719298245,0,0.6694400813943167,16,114,0.1909107174807658,0.13248742212031617,0.24933401284121542,1067,5589,NA,NA,NA,19,19,NA,NA,NA,34,34,NA
47,027,TN,Clay County,47027,NA,NA,NA,0,0,NA,NA,NA,0,0,0.2678832116788321,0.1596106889448094,0.3761557344128548,367,1370,NA,NA,NA,0,31,NA,NA,NA,0,0,NA
47,029,TN,Cocke County,47029,NA,NA,NA,0,117,0.3341404358353511,0.030898966618524648,0.6373819050521775,138,413,0.3744836352081347,0.30917626063414927,0.43979100978212016,2357,6294,0.7252252252252253,0.30325439600373527,1,161,222,NA,NA,NA,6,71,NA
47,031,TN,Coffee County,47031,NA,NA,NA,0,0,0.6306532663316583,0.5143008870483878,0.7470056456149288,1004,1592,0.15098606839153247,0.11035091555359175,0.1916212212294732,1669,11054,0.356,0.29146804665610565,0.4205319533438943,267,750,0.20320855614973263,0,0.7509581539080935,38,187,NA
47,033,TN,Crockett County,47033,NA,NA,NA,100,100,0.1986754966887417,0.04711148346573754,0.3502395099117459,120,604,0.16885007278020378,0.10110256314593095,0.2365975824144766,348,2061,0.6317991631799164,0.34398102410218395,0.9196173022576488,151,239,NA,NA,NA,0,4,NA
47,035,TN,Cumberland County,47035,NA,NA,NA,0,0,0.5833333333333334,0.24895763102466167,0.917709035642005,455,780,0.1979144498829538,0.1443458068881869,0.25148309287772075,1860,9398,0.6436781609195402,0.3391782356281522,0.9481780862109283,56,87,NA,NA,NA,0,110,NA
47,037,TN,Davidson County,47037,0.4457274826789838,0.03772599654025055,0.8537289688177171,579,1299,0.2668388635008941,0.2202307663549785,0.31344696064680966,9401,35231,0.08657024793388429,0.06888967316093239,0.1042508227068362,4609,53240,0.3324972129319955,0.2895938537354402,0.3754005721285508,13123,39468,0.12607126747857464,0.06561440067401836,0.18652813428313092,559,4434,NA
47,039,TN,Decatur County,47039,NA,NA,NA,3,3,0.020689655172413793,0,0.20656954584580917,3,145,0.2993535554450522,0.19922143605309645,0.399485674837008,602,2011,NA,NA,NA,0,63,NA,NA,NA,0,44,NA
47,041,TN,DeKalb County,47041,NA,NA,NA,0,12,0.6823104693140795,0.5874169253015005,0.7772040133266584,378,554,0.19794205253181696,0.12759845237152134,0.2682856526921126,731,3693,NA,NA,NA,0,0,NA,NA,NA,51,52,NA
47,043,TN,Dickson County,47043,NA,NA,NA,0,24,0.2490740740740741,0.08549004929475312,0.41265809885339505,269,1080,0.13359390659450793,0.08448542447926699,0.18270238870974886,1333,9978,NA,NA,NA,0,329,NA,NA,NA,0,0,NA
47,045,TN,Dyer County,47045,NA,NA,NA,0,0,0.10535714285714286,0,0.2777575884584031,59,560,0.1490010159160176,0.09760176999809199,0.20040026183394322,880,5906,0.43077837195484253,0.32405452351894254,0.5375022203907425,725,1683,NA,NA,NA,0,25,NA
47,047,TN,Fayette County,47047,NA,NA,NA,0,0,NA,NA,NA,0,605,0.09683604985618409,0.05226899750701282,0.14140310220535535,404,4172,0.38915547024952013,0.2597029624790542,0.518607978019986,811,2084,NA,NA,NA,10,23,NA
47,049,TN,Fentress County,47049,NA,NA,NA,0,0,NA,NA,NA,0,130,0.24626006904487918,0.17226856414843061,0.32025157394132775,856,3476,NA,NA,NA,0,0,NA,NA,NA,0,0,NA
47,051,TN,Franklin County,47051,NA,NA,NA,0,0,0.30550621669627,0.09191964131836663,0.5190927920741734,172,563,0.18037249283667622,0.12916956141435643,0.23157542425899602,1259,6980,0.26,0.10549932094655226,0.4145006790534478,91,350,0.031496062992125984,0,0.6669477730311697,4,127,NA
47,053,TN,Gibson County,47053,NA,NA,NA,0,9,0.21138211382113822,0.08422168092996349,0.338542546712313,130,615,0.13029547881808473,0.08534672403013863,0.17524423360603084,1098,8427,0.15852334419109662,0.07567127936656004,0.2413754090156332,292,1842,NA,NA,NA,0,62,NA
47,055,TN,Giles County,47055,NA,NA,NA,0,2,0.5098039215686274,0.41111965158594,0.6084881915513148,156,306,0.1633035157062617,0.10416326290149838,0.22244376851102501,785,4807,0.2817258883248731,0.06745966894124372,0.4959921077085025,111,394,NA,NA,NA,10,55,NA
47,057,TN,Grainger County,47057,NA,NA,NA,0,0,0.4419889502762431,0.051137091414581615,0.8328408091379045,80,181,0.22739203054163684,0.16583356907449026,0.2889504920087834,953,4191,0.8428571428571429,0.7205118277705018,0.9652024579437839,59,70,NA,NA,NA,0,0,NA
47,059,TN,Greene County,47059,NA,NA,NA,0,60,0.3280922431865828,0.13932684774453907,0.5168576386286265,313,954,0.19893758300132802,0.14625752030771116,0.2516176456949449,2247,11295,0.08484848484848485,0,0.4391833488115243,14,165,NA,NA,NA,0,57,NA
47,061,TN,Grundy County,47061,NA,NA,NA,0,0,NA,NA,NA,0,8,0.21847784929950775,0.14315989179639185,0.2937958068026236,577,2641,NA,NA,NA,0,2,NA,NA,NA,0,27,NA
47,063,TN,Hamblen County,47063,NA,NA,NA,55,55,0.4712178877259753,0.35194615566302684,0.5904896197889237,1981,4204,0.15087608855314238,0.10352481989668294,0.19822735720960183,1438,9531,0.5451713395638629,0.1685028878705349,0.9218397912571908,175,321,NA,NA,NA,0,244,NA
47,065,TN,Hamilton County,47065,NA,NA,NA,0,343,0.4249448123620309,0.37400801192460026,0.47588161279946156,5005,11778,0.08699643952795755,0.06905744953633056,0.10493542951958454,3885,44657,0.4017396031530307,0.3405779734441805,0.4629012328618809,5912,14716,0.06326219512195122,0,0.1350459199399201,83,1312,NA
47,067,TN,Hancock County,47067,NA,NA,NA,0,0,NA,NA,NA,37,37,0.41154138192862566,0.30410933839190335,0.518973425465348,542,1317,NA,NA,NA,0,0,NA,NA,NA,0,0,NA
47,069,TN,Hardeman County,47069,NA,NA,NA,1,1,NA,NA,NA,0,197,0.22178304787000439,0.11922794312265093,0.3243381526173578,505,2277,0.3697841726618705,0.24543769449021632,0.4941306508335247,771,2085,NA,NA,NA,0,0,NA
47,071,TN,Hardin County,47071,NA,NA,NA,0,1,0.22685185185185186,0,0.47671114325900177,49,216,0.24241781548250266,0.17741756385330187,0.30741806711170344,1143,4715,0.2222222222222222,0,0.4622442578678185,46,207,NA,NA,NA,0,0,NA
47,073,TN,Hawkins County,47073,NA,NA,NA,0,0,0.6268656716417911,0.40714756761754883,0.8465837756660333,252,402,0.1565854147858361,0.12131249726603605,0.19185833230563615,1561,9969,NA,NA,NA,0,180,NA,NA,NA,69,74,NA
47,075,TN,Haywood County,47075,NA,NA,NA,0,0,NA,NA,NA,0,311,0.25445103857566764,0.1285835739191585,0.38031850323217675,343,1348,0.4332659251769464,0.34463517345168126,0.5218966769022115,857,1978,NA,NA,NA,0,0,NA
47,077,TN,Henderson County,47077,NA,NA,NA,25,25,0.5475113122171946,0.10140366857315408,0.9936189558612352,121,221,0.15811128526645768,0.10070859567920473,0.21551397485371063,807,5104,0.2553191489361702,0.06363605425896116,0.44700224361337926,84,329,NA,NA,NA,0,0,NA
47,079,TN,Henry County,47079,NA,NA,NA,0,0,0.525974025974026,0.2722696595053489,0.7796783924427031,162,308,0.24464772284935773,0.17966233587424907,0.3096331098244664,1257,5138,0.5135658914728682,0.10390758469524586,0.9232241982504906,265,516,NA,NA,NA,0,29,NA
47,081,TN,Hickman County,47081,NA,NA,NA,0,8,0.35517241379310344,0.2009105174363344,0.5094343101498725,103,290,0.1279196681947173,0.07547139854752724,0.18036793784190738,586,4581,NA,NA,NA,0,34,NA,NA,NA,0,0,NA
47,083,TN,Houston County,47083,NA,NA,NA,0,0,0.08080808080808081,0,0.4444366024746621,8,99,0.06643598615916955,0.013394545766526496,0.11947742655181262,96,1445,NA,NA,NA,0,4,NA,NA,NA,0,0,NA
47,085,TN,Humphreys County,47085,NA,NA,NA,0,0,0.34146341463414637,0.2414768334070015,0.44144999586129124,42,123,0.1491989319092123,0.08662370390757797,0.21177415991084664,447,2996,NA,NA,NA,105,105,NA,NA,NA,0,0,NA
47,087,TN,Jackson County,47087,NA,NA,NA,0,0,NA,NA,NA,0,78,0.26375908618899274,0.17035774795991512,0.3571604244180704,508,1926,NA,NA,NA,0,0,NA,NA,NA,0,0,NA
47,089,TN,Jefferson County,47089,NA,NA,NA,0,2,0.2926587301587302,0.07644844964092992,0.5088690106765305,295,1008,0.14588445237564132,0.09653991769088896,0.19522898706039368,1308,8966,NA,NA,NA,0,51,NA,NA,NA,0,44,NA
47,091,TN,Johnson County,47091,NA,NA,NA,0,73,0.6210045662100456,0.369564904228052,0.8724442281920393,136,219,0.39172240802675584,0.28988811073083093,0.49355670532268076,937,2392,NA,NA,NA,0,14,NA,NA,NA,0,9,NA
47,093,TN,Knox County,47093,0.027777777777777776,0,0.34625740295977514,5,180,0.3034776308639739,0.24370369204740594,0.36325156968054184,3351,11042,0.08460682544824576,0.07207271231822229,0.09714093857826922,6007,70999,0.30029337803855827,0.24324697467457748,0.3573397814025391,2866,9544,0.04799627213420317,0,0.10104399131334413,103,2146,NA
47,095,TN,Lake County,47095,NA,NA,NA,0,0,NA,NA,NA,0,35,0.4201388888888889,0.3082448053352019,0.5320329724425759,242,576,0.8461538461538461,0.7437462937527418,0.9485613985549505,198,234,NA,NA,NA,0,0,NA
47,097,TN,Lauderdale County,47097,NA,NA,NA,0,7,NA,NA,NA,0,213,0.12857142857142856,0.06488683875874064,0.1922560183841165,360,2800,0.4495114006514658,0.30516788888520885,0.5938549124177227,828,1842,NA,NA,NA,0,6,NA
47,099,TN,Lawrence County,47099,NA,NA,NA,0,0,0.1780821917808219,0,0.37281960983113666,91,511,0.15328540043938485,0.11070857057240308,0.19586223030636662,1535,10014,NA,NA,NA,9,9,NA,NA,NA,0,1,NA
47,101,TN,Lewis County,47101,NA,NA,NA,0,0,NA,NA,NA,0,31,0.10917721518987342,0.02035983592095303,0.1979945944587938,276,2528,NA,NA,NA,0,0,NA,NA,NA,0,27,NA
47,103,TN,Lincoln County,47103,NA,NA,NA,0,20,NA,NA,NA,0,515,0.18415969092079845,0.12214794283033648,0.24617143901126043,1144,6212,0.040229885057471264,0,0.20172455979511908,14,348,NA,NA,NA,0,23,NA
47,105,TN,Loudon County,47105,NA,NA,NA,0,19,0.3569370111156855,0.23683429329519734,0.47703972893617363,867,2429,0.22548040928375343,0.15744046256391042,0.29352035600359644,1807,8014,NA,NA,NA,0,118,NA,NA,NA,0,126,NA
47,107,TN,McMinn County,47107,NA,NA,NA,0,0,0.08024691358024691,0,0.17059083496302208,65,810,0.16822219723377937,0.12233336435521522,0.21411103011234353,1496,8893,0.29829545454545453,0.13574767126831275,0.4608432378225963,105,352,NA,NA,NA,0,147,NA
47,109,TN,McNairy County,47109,NA,NA,NA,0,9,NA,NA,NA,0,192,0.20263271471730687,0.1379647218167506,0.2673007076178632,939,4634,0.05660377358490566,0,0.3553571553000949,9,159,NA,NA,NA,0,106,NA
47,111,TN,Macon County,47111,NA,NA,NA,0,0,0.3081607795371498,0.10798315843952142,0.5083384006347782,253,821,0.20812277746584315,0.13684963448876192,0.2793959204429244,1112,5343,NA,NA,NA,92,92,NA,NA,NA,0,0,NA
47,113,TN,Madison County,47113,NA,NA,NA,0,16,0.2463217845277646,0.10870044795279443,0.38394312110273476,519,2107,0.13813943449169006,0.08912616072124781,0.18715270826213232,1280,9266,0.43329253365973075,0.3683954745972651,0.4981895927221964,3894,8987,NA,NA,NA,0,128,NA
47,115,TN,Marion County,47115,NA,NA,NA,0,0,NA,NA,NA,0,138,0.22711998418659815,0.16324800222203045,0.29099196615116585,1149,5059,NA,NA,NA,0,185,NA,NA,NA,0,8,NA
47,117,TN,Marshall County,47117,NA,NA,NA,5,5,0.3712871287128713,0.16180882767716925,0.5807654297485734,375,1010,0.05302908565000804,0.023157928099372498,0.08290024320064357,330,6223,0.7073170731707317,0.31016029501126535,1,174,246,NA,NA,NA,0,76,NA
47,119,TN,Maury County,47119,NA,NA,NA,96,133,0.2292713567839196,0.11628570303545104,0.34225701053238816,730,3184,0.07118087242197481,0.042982507083114505,0.09937923776083511,1170,16437,0.312346688470973,0.15468207460395905,0.470011302337987,764,2446,0.1118421052631579,0,0.7217859356875986,17,152,NA
47,121,TN,Meigs County,47121,NA,NA,NA,0,0,NA,NA,NA,0,86,0.11551155115511551,0.04162159182005383,0.18940151049017717,280,2424,0.17647058823529413,0,0.7308546743130431,15,85,NA,NA,NA,0,0,NA
47,123,TN,Monroe County,47123,0.5087719298245614,0.24196951030312186,0.775574349346001,29,57,0.05,0,0.13150119421343706,40,800,0.18654646324549237,0.13087189439765679,0.24222103209332796,1345,7210,0.12658227848101267,0,0.47037738013631636,20,158,NA,NA,NA,0,0,NA
47,125,TN,Montgomery County,47125,NA,NA,NA,0,25,0.13960758947822338,0.09538720353912752,0.18382797541731924,1295,9276,0.10693330875802537,0.08280965271536747,0.13105696480068327,3481,32553,0.2704454941187367,0.20094034428200508,0.3399506439554683,2920,10797,0.01239067055393586,0,0.07998085095867062,17,1372,NA
47,127,TN,Moore County,47127,NA,NA,NA,0,0,NA,NA,NA,0,52,0.06544502617801047,0,0.13188757330140588,75,1146,NA,NA,NA,0,39,NA,NA,NA,0,0,NA
47,129,TN,Morgan County,47129,NA,NA,NA,0,10,NA,NA,NA,0,27,0.20455168631752124,0.14168154924641688,0.26742182338862563,746,3647,NA,NA,NA,0,0,NA,NA,NA,0,0,NA
47,131,TN,Obion County,47131,NA,NA,NA,2,2,0.46277372262773725,0.3655099534237305,0.560037491831744,317,685,0.1511653234589414,0.10991325799999503,0.1924173889178878,694,4591,0.41323210412147504,0.2810901547347948,0.5453740535081553,381,922,NA,NA,NA,0,39,NA
47,133,TN,Overton County,47133,NA,NA,NA,0,0,0.547486033519553,0.2913362131063823,0.8036358539327237,98,179,0.19042028645221884,0.12717117061585298,0.2536694022885847,811,4259,NA,NA,NA,0,53,NA,NA,NA,0,3,NA
47,135,TN,Perry County,47135,NA,NA,NA,0,0,NA,NA,NA,0,29,0.31645569620253167,0.20343197791906747,0.42947941448599586,550,1738,NA,NA,NA,0,7,NA,NA,NA,0,4,NA
47,137,TN,Pickett County,47137,NA,NA,NA,0,0,NA,NA,NA,0,34,0.45161290322580644,0.304567663766952,0.5986581426846609,364,806,NA,NA,NA,0,0,NA,NA,NA,0,0,NA
47,139,TN,Polk County,47139,NA,NA,NA,0,0,0.21487603305785125,0,0.57332826160917,26,121,0.14265129682997119,0.09343414759068873,0.19186844606925363,396,2776,NA,NA,NA,0,0,NA,NA,NA,0,3,NA
47,141,TN,Putnam County,47141,NA,NA,NA,34,86,0.6923920994879298,0.5907848982585495,0.7939993007173101,1893,2734,0.15114929185047596,0.1111355211209136,0.19116306258003832,1953,12921,0.2762836185819071,0.0057820706397676,0.5467851665240466,113,409,0.05343511450381679,0,0.6581064816549128,7,131,NA
47,143,TN,Rhea County,47143,NA,NA,NA,0,0,0.23159144893111638,0,0.5250952618629152,195,842,0.16224240307369892,0.10589854363819737,0.21858626250920046,929,5726,NA,NA,NA,0,65,NA,NA,NA,0,29,NA
47,145,TN,Roane County,47145,NA,NA,NA,0,14,0.06280193236714976,0,0.19562670248197955,26,414,0.17658414717238247,0.12579592472694065,0.22737236961782428,1555,8806,0.0990990990990991,0,0.39831529278049893,22,222,NA,NA,NA,0,56,NA
47,147,TN,Robertson County,47147,NA,NA,NA,29,79,0.29770992366412213,0.2083601961451324,0.38705965118311186,936,3144,0.08413171242251026,0.05653341212667825,0.11173001271834226,1045,12421,0.33582647718773373,0.19965526041667941,0.47199769395878804,449,1337,NA,NA,NA,0,119,NA
47,149,TN,Rutherford County,47149,NA,NA,NA,26,69,0.18625689323997768,0.1448789876767253,0.22763479880323007,3006,16139,0.07410047806760044,0.05610335824131056,0.09209759789389031,3534,47692,0.1300115492492988,0.0751414279545016,0.18488167054409602,1576,12122,0.10532724505327246,0.029796863933478912,0.180857626173066,346,3285,NA
47,151,TN,Scott County,47151,NA,NA,NA,0,0,NA,NA,NA,4,21,0.26421404682274247,0.19654215428813232,0.3318859393573526,1264,4784,NA,NA,NA,0,0,NA,NA,NA,0,3,NA
47,153,TN,Sequatchie County,47153,NA,NA,NA,0,0,0.308411214953271,0,0.6875875887782346,99,321,0.27399650959860383,0.1784290663959014,0.3695639528013063,785,2865,NA,NA,NA,0,0,NA,NA,NA,27,27,NA
47,155,TN,Sevier County,47155,NA,NA,NA,0,11,0.3354494667343829,0.24625908655808298,0.42463984691068285,1321,3938,0.1534023079984083,0.1159821126832636,0.190822503313553,2313,15078,NA,NA,NA,0,139,0.0748502994011976,0,0.34154632516560257,25,334,NA
47,157,TN,Shelby County,47157,0.6701754385964912,0.36356082561804326,0.9767900515749391,955,1425,0.3051294983237903,0.26340169020768744,0.3468573064398932,10285,33707,0.05985947622958299,0.04670036260579115,0.07301858985337484,3280,54795,0.35961217198078443,0.3381083413850418,0.38111600257652706,44990,125107,0.045049674546077424,0.020494646349106933,0.06960470274304792,263,5838,NA
47,159,TN,Smith County,47159,NA,NA,NA,0,0,0.2719665271966527,0,0.6221664215577772,65,239,0.07175689479060265,0.03281118168782697,0.11070260789337834,281,3916,NA,NA,NA,6,36,NA,NA,NA,0,16,NA
47,161,TN,Stewart County,47161,NA,NA,NA,0,0,0.2206896551724138,0,0.5740704683217718,32,145,0.24384432088959493,0.13588324579086802,0.35180539598832183,614,2518,NA,NA,NA,6,19,NA,NA,NA,0,0,NA
47,163,TN,Sullivan County,47163,NA,NA,NA,3,13,0.2063157894736842,0.09500180019578514,0.31762977875158327,294,1425,0.24632604888448945,0.21094234879215437,0.28170974897682455,6470,26266,0.6261538461538462,0.4526215996563303,0.799686092651362,407,650,NA,NA,NA,0,202,NA
47,165,TN,Sumner County,47165,0.8584905660377359,0.17850883547789953,1,91,106,0.2241876562199577,0.15137075543340098,0.2970045570065144,1166,5201,0.08003297810620172,0.058356584212584606,0.10170937199981883,2621,32749,0.3323164088036609,0.24144805688258325,0.4231847607247386,1525,4589,0.09291521486643438,0,0.20954177343517782,80,861,NA
47,167,TN,Tipton County,47167,NA,NA,NA,22,22,0.034129692832764506,0,0.12719218985079808,20,586,0.10368525896414342,0.06860708949234215,0.1387634284359447,1041,10040,0.5985915492957746,0.49663771856698335,0.7005453800245659,1615,2698,NA,NA,NA,0,33,NA
47,169,TN,Trousdale County,47169,NA,NA,NA,0,0,NA,NA,NA,0,136,0.24007682458386684,0.08535549092121097,0.3947981582465227,375,1562,NA,NA,NA,0,23,NA,NA,NA,0,0,NA
47,171,TN,Unicoi County,47171,NA,NA,NA,0,0,0.02666666666666667,0,0.14140167469912404,10,375,0.23055987558320373,0.12319267561471108,0.3379270755516964,593,2572,NA,NA,NA,0,24,NA,NA,NA,0,0,NA
47,173,TN,Union County,47173,NA,NA,NA,0,0,0.041379310344827586,0,0.3556649781049942,6,145,0.13905249679897566,0.09139829378962724,0.18670669980832408,543,3905,NA,NA,NA,15,23,NA,NA,NA,0,0,NA
47,175,TN,Van Buren County,47175,NA,NA,NA,0,0,NA,NA,NA,8,8,0.23895401262398558,0.11541121957538261,0.3624968056725886,265,1109,NA,NA,NA,0,0,NA,NA,NA,0,0,NA
47,177,TN,Warren County,47177,NA,NA,NA,0,1,0.2946138870863076,0.13309621768060653,0.45613155649200865,454,1541,0.18118514472965594,0.13629655991390094,0.22607372954541094,1327,7324,0.4238095238095238,0,0.8936464978006933,89,210,NA,NA,NA,63,115,NA
47,179,TN,Washington County,47179,NA,NA,NA,33,71,0.2009782125389062,0.09283630942756761,0.3091201156502448,452,2249,0.16244523893448815,0.12158412183569497,0.20330635603328132,3226,19859,0.2497096399535424,0.026361408496765354,0.4730578714103194,215,861,0.09824561403508772,0,0.4536253071612172,28,285,NA
47,181,TN,Wayne County,47181,NA,NA,NA,0,0,0.08403361344537816,0,0.3391352002447128,10,119,0.19665092314297983,0.12620201586348986,0.26709983042246976,458,2329,NA,NA,NA,0,0,NA,NA,NA,0,0,NA
47,183,TN,Weakley County,47183,NA,NA,NA,31,32,0.5112994350282486,0.3303566823958144,0.6922421876606828,181,354,0.2188331627430911,0.15319467992218683,0.28447164556399535,1069,4885,0.45681381957773515,0.34001986583045796,0.5736077733250123,238,521,NA,NA,NA,0,129,NA
47,185,TN,White County,47185,NA,NA,NA,4,4,0.07308970099667775,0,0.2785958814482415,22,301,0.18674698795180722,0.12100384241380392,0.25249013348981053,992,5312,NA,NA,NA,0,0,NA,NA,NA,0,23,NA
47,187,TN,Williamson County,47187,NA,NA,NA,0,60,0.07698319656115671,0.010979594864036588,0.14298679825827681,394,5118,0.0447714949651433,0.0324775530098803,0.057065436920406304,2312,51640,0.10863095238095238,0,0.21956934723090793,292,2688,0.03876543209876543,0,0.08814320318024492,157,4050,NA
47,189,TN,Wilson County,47189,NA,NA,NA,0,101,0.22574626865671643,0.14521766993255752,0.30627486738087534,847,3752,0.07112423381671401,0.048825590755651224,0.0934228768777768,1903,26756,0.20068493150684932,0.09897630253284322,0.3023935604808554,586,2920,0.018651362984218076,0,0.1501304132401498,13,697,NA
48,000,TX,Texas,48000,0.2127651493571849,0.18936305334054793,0.2361672453738219,11204,52659,0.24666954142619524,0.24297729084230668,0.2503617920100838,894091,3624651,0.08408083394078389,0.0815606902892175,0.08660097759235028,185362,2204569,0.2656122608241043,0.2583960920634875,0.27282842958472103,243359,916219,0.09153363556281288,0.08439275576606943,0.09867451535955633,34082,372344,NA
48,001,TX,Anderson County,48001,0.014634146341463415,0,0.3032885912754443,3,205,0.2690846286701209,0.17837786308210313,0.35979139425813866,779,2895,0.19547712866198388,0.12592272447895564,0.26503153284501213,1141,5837,0.38798955613577024,0.20446897490982593,0.5715101373617145,743,1915,NA,NA,NA,7,59,NA
48,003,TX,Andrews County,48003,NA,NA,NA,0,0,0.17478283758883917,0.08407097163362463,0.2654947035440537,664,3799,0.1185792349726776,0.028229792863395747,0.20892867708195945,217,1830,NA,NA,NA,7,7,NA,NA,NA,0,26,NA
48,005,TX,Angelina County,48005,0.09584664536741214,0,0.43481402014498594,30,313,0.29588882455124493,0.2245022412247985,0.36727540787769136,2044,6908,0.15194277981828727,0.1111963928107711,0.19268916682580345,1572,10346,0.31343770384866276,0.21547468846520929,0.41140071923211624,961,3066,0.026785714285714284,0,0.8640057620242614,3,112,NA
48,007,TX,Aransas County,48007,NA,NA,NA,0,79,0.23236514522821577,0.1122904295534152,0.3524398609030164,448,1928,0.16620498614958448,0.07687428982775259,0.2555356824714164,360,2166,NA,NA,NA,0,5,NA,NA,NA,9,9,NA
48,009,TX,Archer County,48009,NA,NA,NA,10,14,0.184,0.032448514652238664,0.33555148534776136,46,250,0.06965174129353234,0.030124535626072868,0.10917894696099181,112,1608,NA,NA,NA,0,20,NA,NA,NA,0,0,NA
48,011,TX,Armstrong County,48011,NA,NA,NA,0,0,NA,NA,NA,0,43,0.0684931506849315,0,0.16889815051637452,20,292,NA,NA,NA,0,0,NA,NA,NA,0,16,NA
48,013,TX,Atascosa County,48013,NA,NA,NA,0,38,0.20434070434070434,0.14084906000974107,0.2678323486716676,1996,9768,0.154273372415921,0.06697711673694104,0.24156962809490098,500,3241,0.10441767068273092,0,0.3991195449991216,26,249,NA,NA,NA,0,14,NA
48,015,TX,Austin County,48015,NA,NA,NA,0,22,0.1754505270316219,0.08171664948821984,0.26918440457502396,516,2941,0.0534841075794621,0.012008407504047532,0.09495980765487666,175,3272,0.5536480686695279,0.3111981349006582,0.7960980024383976,258,466,NA,NA,NA,0,68,NA
48,017,TX,Bailey County,48017,NA,NA,NA,0,0,0.11165730337078651,0.027534173071178128,0.19578043367039488,159,1424,0.21305841924398625,0.001209102341159618,0.4249077361468129,62,291,NA,NA,NA,0,0,NA,NA,NA,0,19,NA
48,019,TX,Bandera County,48019,NA,NA,NA,0,0,0.12339585389930899,0,0.24822720217924504,125,1013,0.1479660259275816,0.06350727364042463,0.23242477821473856,331,2237,NA,NA,NA,0,20,NA,NA,NA,0,12,NA
48,021,TX,Bastrop County,48021,0.16037735849056603,0,0.3848804140446628,51,318,0.17034831795177136,0.1163862420577122,0.2243103938458305,2861,16795,0.03427172582619339,0.009897884319144856,0.058645567333241916,252,7353,0.19768403639371382,0,0.40907114427193536,239,1209,NA,NA,NA,0,40,NA
48,023,TX,Baylor County,48023,NA,NA,NA,2,4,0.11464968152866242,0,0.34187988721203466,18,157,0.3624733475479744,0.18128078568408315,0.5436659094118657,170,469,NA,NA,NA,0,0,NA,NA,NA,17,17,NA
48,025,TX,Bee County,48025,NA,NA,NA,0,44,0.23428932939687896,0.15721653232879945,0.3113621264649585,1111,4742,0.08494921514312095,0,0.1724903237126208,92,1083,NA,NA,NA,0,0,NA,NA,NA,0,0,NA
48,027,TX,Bell County,48027,0.64075382803298,0.4311094501781162,0.8503982058878438,544,849,0.2511036869108698,0.21116035471384095,0.29104701910789865,8418,33524,0.12955663607330897,0.10243647850778519,0.15667679363883277,4503,34757,0.2810439342178438,0.2337980677650598,0.3282898006706278,7075,25174,0.09709452004413387,0.027505541874089198,0.16668349821417855,264,2719,NA
48,029,TX,Bexar County,48029,0.236522091609242,0.15751679972090288,0.31552738349758114,1167,4934,0.22343669652360054,0.21256955151988507,0.234303841527316,74736,334484,0.0815931900583259,0.06968135958062709,0.0935050205360247,7764,95155,0.2712736136502133,0.2318131828828554,0.3107340444175712,11129,41025,0.1964331373050371,0.14733128085410535,0.24553499375596882,3073,15644,NA
48,031,TX,Blanco County,48031,NA,NA,NA,0,0,0.13366336633663367,0.0037728020920635708,0.2635539305812038,81,606,0.09624413145539906,0.03331901579434478,0.15916924711645336,123,1278,NA,NA,NA,0,0,NA,NA,NA,0,0,NA
48,033,TX,Borden County,48033,NA,NA,NA,0,0,NA,NA,NA,0,9,0.0743801652892562,0,0.2083614674372529,18,242,NA,NA,NA,0,0,NA,NA,NA,0,0,NA
48,035,TX,Bosque County,48035,NA,NA,NA,0,6,0.04314063848144953,0.009101209591582768,0.07718006737131629,50,1159,0.09676025917926566,0.050564294182092094,0.14295622417643922,224,2315,NA,NA,NA,0,48,NA,NA,NA,17,17,NA
48,037,TX,Bowie County,48037,NA,NA,NA,0,53,0.26542721518987344,0.18378249816505157,0.34707193221469534,671,2528,0.12101181032963158,0.08265535591710337,0.15936826474215982,1373,11346,0.37072685031530034,0.29481681196767806,0.4466368886629226,2234,6026,NA,NA,NA,0,362,NA
48,039,TX,Brazoria County,48039,0.4012875536480687,0.05694009950337886,0.7456350077927585,187,466,0.11976253298153035,0.09738281749030064,0.14214224847276005,4539,37900,0.05807873090481786,0.04225137671131669,0.07390608509831903,1977,34040,0.05685829551185073,0.024328926332303318,0.08938766469139814,902,15864,0.03869370066553165,0.006813482764935881,0.07057391856612741,250,6461,NA
48,041,TX,Brazos County,48041,0.07371007371007371,0,0.21010719245222045,30,407,0.29603805199718936,0.24774249778292906,0.34433360621144965,5477,18501,0.05295467890887738,0.03491774745716869,0.07099161036058607,992,18733,0.4679915048543689,0.4107993133063684,0.5251836964023694,3085,6592,0.07079270877490462,0.006606131355273923,0.1349792861945353,167,2359,NA
48,043,TX,Brewster County,48043,NA,NA,NA,0,0,0.026837806301050177,0,0.05907159138786789,23,857,0.03654970760233918,0,0.12787047358827047,25,684,NA,NA,NA,0,0,NA,NA,NA,0,43,NA
48,045,TX,Briscoe County,48045,NA,NA,NA,0,0,0.019417475728155338,0,0.26689516539788494,2,103,0.08609271523178808,0,0.28781782148531454,13,151,NA,NA,NA,6,6,NA,NA,NA,0,0,NA
48,047,TX,Brooks County,48047,NA,NA,NA,0,0,0.2155297532656023,0.07178464896080236,0.35927485757040223,297,1378,NA,NA,NA,0,37,NA,NA,NA,0,0,NA,NA,NA,0,0,NA
48,049,TX,Brown County,48049,NA,NA,NA,20,20,0.26572528883183566,0.1689476790773814,0.3625028985862899,621,2337,0.1840339892665474,0.1148996924228695,0.2531682861102253,823,4472,0.5741324921135647,0.34829851415298724,0.799966470074142,182,317,NA,NA,NA,0,56,NA
48,051,TX,Burleson County,48051,NA,NA,NA,0,51,0.2891654465592972,0.16586512086926103,0.4124657722493334,395,1366,0.16367924528301886,0.07989091393166424,0.24746757663437347,347,2120,NA,NA,NA,0,396,NA,NA,NA,0,54,NA
48,053,TX,Burnet County,48053,NA,NA,NA,0,97,0.12131401965856183,0.057334731299204925,0.1852933080179187,469,3866,0.0791701244813278,0.039962129593259704,0.1183781193693959,477,6025,NA,NA,NA,23,88,NA,NA,NA,0,109,NA
48,055,TX,Caldwell County,48055,NA,NA,NA,0,149,0.18870070778564207,0.13386738118348163,0.24353403438780252,1493,7912,0.10980392156862745,0.04668978017463969,0.1729180629626152,224,2040,0.4378698224852071,0.1647236511628381,0.7110159938075762,222,507,NA,NA,NA,0,126,NA
48,057,TX,Calhoun County,48057,NA,NA,NA,0,0,0.14629888268156424,0,0.2961695790553489,419,2864,NA,NA,NA,0,1287,NA,NA,NA,4,18,0.25161290322580643,0,0.7196324063306574,39,155,NA
48,059,TX,Callahan County,48059,NA,NA,NA,0,0,0.28665207877461707,0.07332445430076992,0.4999797032484642,131,457,0.0956482320942883,0.04524428482611889,0.1460521793624577,211,2206,NA,NA,NA,0,113,NA,NA,NA,0,28,NA
48,061,TX,Cameron County,48061,0.2648648648648649,0.11263480526187006,0.4170949244678597,98,370,0.3608024691358025,0.3426608657533536,0.3789440725182514,40915,113400,0.26410403518837255,0.18385001474714174,0.34435805562960337,1381,5229,0.47018030513176146,0.2721845729674066,0.6681760372961163,339,721,0.07132459970887918,0,0.24176216010364132,49,687,NA
48,063,TX,Camp County,48063,NA,NA,NA,0,0,0.3335793357933579,0.20549448128852885,0.46166419029818695,452,1355,0.13681783243658724,0.018356167240592094,0.2552794976325824,178,1301,0.5366300366300366,0.3886452112237653,0.684614862036308,293,546,NA,NA,NA,0,33,NA
48,065,TX,Carson County,48065,NA,NA,NA,0,0,0.21578947368421053,0,0.45290037007201944,41,190,0.07113821138211382,0.0189836376990972,0.12329278506513044,70,984,NA,NA,NA,0,0,NA,NA,NA,0,4,NA
48,067,TX,Cass County,48067,0.8163265306122449,0.5541727402154604,1,40,49,0.38673139158576053,0.19087652236212302,0.582586260809398,239,618,0.20023391812865496,0.13404260729857387,0.26642522895873605,856,4275,0.3106267029972752,0.10614935889425606,0.5151040471002943,342,1101,NA,NA,NA,19,69,NA
48,069,TX,Castro County,48069,NA,NA,NA,0,0,0.20728643216080403,0.10323579523182454,0.31133706908978354,330,1592,0.25806451612903225,0.07542877415150781,0.44070025810655666,112,434,NA,NA,NA,0,6,NA,NA,NA,0,0,NA
48,071,TX,Chambers County,48071,NA,NA,NA,0,32,0.1701992369648156,0.06941976738942587,0.2709787065402053,803,4718,0.07893045378583366,0.03420661521373098,0.12365429235793635,614,7779,0.3165236051502146,0.15506651107844455,0.47798069922198466,295,932,NA,NA,NA,0,0,NA
48,073,TX,Cherokee County,48073,NA,NA,NA,0,166,0.28119621342512907,0.19737237420274226,0.3650200526475159,1307,4648,0.17472803347280336,0.11063840001549244,0.23881766693011428,1044,5975,0.515478761699064,0.4214843948570525,0.6094731285410755,716,1389,NA,NA,NA,3,50,NA
48,075,TX,Childress County,48075,NA,NA,NA,0,55,0.5212121212121212,0.33998346293529236,0.7024407794889501,258,495,0.06559571619812583,0,0.14224336233830404,49,747,NA,NA,NA,0,0,NA,NA,NA,0,0,NA
48,077,TX,Clay County,48077,NA,NA,NA,0,19,0.18691588785046728,0,0.4071116508831466,40,214,0.07,0.023353064725263883,0.11664693527473613,119,1700,NA,NA,NA,0,1,NA,NA,NA,0,22,NA
48,079,TX,Cochran County,48079,NA,NA,NA,0,5,0.432967032967033,0.2913143079226682,0.5746197580113978,197,455,0.2823529411764706,0.06618735616210214,0.49851852619083903,48,170,NA,NA,NA,0,4,NA,NA,NA,0,0,NA
48,081,TX,Coke County,48081,NA,NA,NA,0,0,0.42105263157894735,0.27332254821545376,0.5687827149424409,72,171,0.2782608695652174,0.1399560936333999,0.4165656454970349,128,460,NA,NA,NA,0,15,NA,NA,NA,0,0,NA
48,083,TX,Coleman County,48083,NA,NA,NA,0,0,0.18527315914489312,0.03287920764469654,0.3376671106450897,78,421,0.236328125,0.06123091691136184,0.41142533308863816,242,1024,NA,NA,NA,78,108,NA,NA,NA,0,11,NA
48,085,TX,Collin County,48085,0.0847750865051903,0.0031914531274571667,0.16635871988292344,98,1156,0.10840012711415557,0.08678087793478723,0.13001937629352392,6140,56642,0.04058473273365101,0.032162407715010125,0.0490070577522919,4778,117729,0.15584692139206618,0.128133519789157,0.18356032299497538,5123,32872,0.04406894341369609,0.03173572340554533,0.056402163421846854,2475,56162,NA
48,087,TX,Collingsworth County,48087,NA,NA,NA,0,24,0.5268817204301075,0.3824847575828787,0.6712786832773363,147,279,0.008695652173913044,0,0.08579317463589389,3,345,NA,NA,NA,0,0,NA,NA,NA,0,0,NA
48,089,TX,Colorado County,48089,NA,NA,NA,0,0,0.30471301913205784,0.20077918499065972,0.40864685327345596,653,2143,0.057692307692307696,0.0016728903338870185,0.11371172505072838,102,1768,0.12826603325415678,0,0.4075906952751792,54,421,NA,NA,NA,0,46,NA
48,091,TX,Comal County,48091,NA,NA,NA,0,79,0.08793079961858058,0.05031544000520314,0.12554615923195803,1291,14682,0.04690431519699812,0.026773664874656426,0.06703496551933982,1050,22386,0.09724047306176084,0,0.3147479939521271,74,761,NA,NA,NA,0,484,NA
48,093,TX,Comanche County,48093,NA,NA,NA,0,34,0.5053763440860215,0.3666234730526286,0.6441292151194145,658,1302,0.08555825242718447,0.024099549821090686,0.14701695503327825,141,1648,NA,NA,NA,0,0,NA,NA,NA,8,8,NA
48,095,TX,Concho County,48095,NA,NA,NA,0,0,0.28289473684210525,0.12791442991320948,0.43787504377100106,43,152,0.3504273504273504,0.1325989180486087,0.5682557828060921,82,234,NA,NA,NA,0,0,NA,NA,NA,0,0,NA
48,097,TX,Cooke County,48097,NA,NA,NA,0,16,0.4481378885811019,0.36959985661910044,0.5266759205431033,1456,3249,0.13609570041608876,0.09198927526992864,0.18020212556224888,785,5768,0.6092436974789915,0.14515676372575143,1,145,238,NA,NA,NA,0,43,NA
48,099,TX,Coryell County,48099,NA,NA,NA,0,200,0.16039079991858335,0.0867699065355175,0.2340116933016492,788,4913,0.11310127295257406,0.07911212730288145,0.14709041860226668,1004,8877,0.2807088199758357,0.13464087552908313,0.4267767644225883,697,2483,0.12790697674418605,0,0.422573300941896,44,344,NA
48,101,TX,Cottle County,48101,NA,NA,NA,0,0,0.34831460674157305,0.02223714605336574,0.6743920674297803,31,89,0.2748091603053435,0,0.6138890405514073,36,131,NA,NA,NA,0,0,NA,NA,NA,0,0,NA
48,103,TX,Crane County,48103,NA,NA,NA,0,0,0.12475822050290135,0,0.27084165699364354,129,1034,0.45701357466063347,0.0958148076379618,0.8182123416833051,101,221,NA,NA,NA,0,0,NA,NA,NA,0,23,NA
48,105,TX,Crockett County,48105,NA,NA,NA,0,0,NA,NA,NA,0,593,NA,NA,NA,0,153,NA,NA,NA,0,0,NA,NA,NA,0,0,NA
48,107,TX,Crosby County,48107,NA,NA,NA,0,0,0.23868778280542988,0.13546203609596238,0.3419135295148974,211,884,0.37681159420289856,0.23858053609007887,0.5150426523157182,130,345,NA,NA,NA,13,35,NA,NA,NA,0,0,NA
48,109,TX,Culberson County,48109,NA,NA,NA,0,0,0.41901408450704225,0.08445972123427242,0.7535684477798121,238,568,NA,NA,NA,0,12,NA,NA,NA,0,0,NA,NA,NA,0,12,NA
48,111,TX,Dallam County,48111,NA,NA,NA,22,48,0.12410656270305392,0.00789570693861992,0.24031741846748794,191,1539,0.2007168458781362,0.08334122889955309,0.3180924628567193,168,837,NA,NA,NA,0,7,NA,NA,NA,0,0,NA
48,113,TX,Dallas County,48113,0.10116483165789054,0.04898323108996482,0.15334643222581626,634,6267,0.2258166466600558,0.21260124110783643,0.23903205221227516,77881,344886,0.06404306664191572,0.05238245715928223,0.07570367612454922,6555,102353,0.2916868272500964,0.2713347909030824,0.31203886359711047,41596,142605,0.11354601720927893,0.09286767713983166,0.1342243572787262,4513,39746,NA
48,115,TX,Dawson County,48115,NA,NA,NA,0,0,0.3072378138847858,0.16741501190794475,0.44706061586162693,624,2031,0.06134969325153374,0.021034538373872293,0.10166484812919518,50,815,NA,NA,NA,71,77,NA,NA,NA,0,15,NA
48,117,TX,Deaf Smith County,48117,NA,NA,NA,0,27,0.265439672801636,0.17549729408755704,0.35538205151571495,1298,4890,0.03343465045592705,0,0.10077791434193525,22,658,NA,NA,NA,0,332,NA,NA,NA,0,0,NA
48,119,TX,Delta County,48119,NA,NA,NA,0,0,0.11049723756906077,0,0.26757127939924663,20,181,0.11368421052631579,0.007346976344921888,0.22002144470770968,108,950,0.15254237288135594,0,0.438804990545099,18,118,NA,NA,NA,0,0,NA
48,121,TX,Denton County,48121,0.31448104412678685,0.10510006065632793,0.5238620275972458,506,1609,0.12217638306506154,0.10268122788890398,0.14167153824121909,7226,59144,0.0448472409904189,0.03535648265388788,0.05433799932694992,4414,98423,0.15540487880913412,0.12578400300684314,0.1850257546114251,3988,25662,0.03622107477529164,0.02054590889066075,0.05189624065992253,947,26145,NA
48,123,TX,DeWitt County,48123,NA,NA,NA,0,0,0.2718585762064023,0.16523777184898064,0.37847938056382396,569,2093,0.21938509640437728,0.1145783017985942,0.3241918910101604,421,1919,NA,NA,NA,0,141,NA,NA,NA,0,0,NA
48,125,TX,Dickens County,48125,NA,NA,NA,0,0,0.43870967741935485,0.2368800615913581,0.6405392932473516,68,155,0.12980769230769232,2.091824818991339e-4,0.25940620213348553,27,208,NA,NA,NA,0,0,NA,NA,NA,0,0,NA
48,127,TX,Dimmit County,48127,NA,NA,NA,0,58,0.5443396226415095,0.4277992052895643,0.6608800399934547,1154,2120,NA,NA,NA,0,0,NA,NA,NA,0,0,NA,NA,NA,0,0,NA
48,129,TX,Donley County,48129,NA,NA,NA,0,0,NA,NA,NA,0,59,NA,NA,NA,0,464,NA,NA,NA,9,9,NA,NA,NA,0,9,NA
48,131,TX,Duval County,48131,NA,NA,NA,0,0,0.5230185097294732,0.3825241404633292,0.6635128789956171,1102,2107,0.697841726618705,0.4438429309629019,0.9518405222745081,194,278,NA,NA,NA,0,0,NA,NA,NA,0,0,NA
48,133,TX,Eastland County,48133,NA,NA,NA,0,0,0.29444444444444445,0.15250901437286624,0.43637987451602267,265,900,0.20482374768089054,0.12072805273075286,0.2889194426310282,552,2695,NA,NA,NA,9,9,NA,NA,NA,0,14,NA
48,135,TX,Ector County,48135,0.33540372670807456,0,0.7320455190180675,54,161,0.2642905750255189,0.2264248193161555,0.3021563307348823,9321,35268,0.11318037822789671,0.04638101444832379,0.17997974200746963,1179,10417,0.15392254220456802,0.004087009211506065,0.30375807519763,310,2014,NA,NA,NA,0,395,NA
48,137,TX,Edwards County,48137,NA,NA,NA,0,0,0.6832298136645962,0.16256409929970828,1,110,161,0.37777777777777777,0,0.9994224004933088,51,135,NA,NA,NA,0,0,NA,NA,NA,0,0,NA
48,139,TX,Ellis County,48139,NA,NA,NA,0,212,0.10322613115909206,0.07139096188293995,0.13506130043524417,2051,19869,0.06515919107047242,0.03709200302210712,0.09322637911883773,1582,24279,0.08225053614229848,0.04134511125247447,0.12315596103212248,652,7927,0.29554655870445345,0,0.6259383766650771,146,494,NA
48,141,TX,El Paso County,48141,0.3050385837494326,0.16138708700694673,0.4486900804919185,672,2203,0.2633576340416731,0.2498924042134683,0.2768228638698779,50936,193410,0.15836951006370864,0.11673734273144044,0.20000167739597685,2809,17737,0.1368421052631579,0.07659026777474567,0.19709394275157013,936,6840,0.180945063388398,0.07527919388122126,0.2866109328955747,471,2603,NA
48,143,TX,Erath County,48143,0.33636363636363636,0,0.7742262158852502,37,110,0.24132338631203373,0.15936332489557628,0.32328344772849116,744,3083,0.09532745355601425,0.0430386265516146,0.14761628056041393,508,5329,0.8266666666666667,0.5203354683804949,1,124,150,NA,NA,NA,0,53,NA
48,145,TX,Falls County,48145,NA,NA,NA,0,6,0.08003108003108003,0.019343887925463744,0.14071827213669633,103,1287,0.10919970082273747,0.04870094470208647,0.16969845694338848,146,1337,0.37773359840954274,0.1378967885241142,0.6175704082949713,190,503,NA,NA,NA,0,540,NA
48,147,TX,Fannin County,48147,NA,NA,NA,1,18,0.15873015873015872,0.07818530267658569,0.23927501478373175,240,1512,0.1649793775778028,0.10358463060560164,0.22637412455000394,880,5334,0.5229007633587787,0.3021874015849909,0.7436141251325664,137,262,NA,NA,NA,4,30,NA
48,149,TX,Fayette County,48149,NA,NA,NA,0,38,0.10070767555797495,0.029923855151386403,0.1714914959645635,185,1837,0.04541984732824427,0.00798164859006726,0.08285804606642128,119,2620,0.18553459119496854,0,0.40065362284721484,59,318,NA,NA,NA,0,10,NA
48,151,TX,Fisher County,48151,NA,NA,NA,0,3,0.24206349206349206,0.12588762627225503,0.3582393578547291,61,252,0.09270216962524655,0.029242644385822428,0.15616169486467069,47,507,NA,NA,NA,21,21,NA,NA,NA,0,0,NA
48,153,TX,Floyd County,48153,NA,NA,NA,0,7,0.23867403314917127,0.10527670450164209,0.3720713617967004,216,905,NA,NA,NA,0,333,NA,NA,NA,8,35,NA,NA,NA,0,0,NA
48,155,TX,Foard County,48155,NA,NA,NA,0,0,NA,NA,NA,0,27,NA,NA,NA,0,94,NA,NA,NA,0,0,NA,NA,NA,0,0,NA
48,157,TX,Fort Bend County,48157,0.06756756756756757,0,0.14751202841974242,70,1036,0.14735796028011988,0.12455468018235558,0.1701612403778842,9490,64401,0.04430844145015509,0.02652623087432322,0.06209065202598696,2657,59966,0.09666980707000368,0.07152803349621623,0.12181158064379113,4720,48826,0.0699044007906095,0.050650884196522826,0.08915791738469617,3466,49582,NA
48,159,TX,Franklin County,48159,NA,NA,NA,0,0,0.05,0,0.13969552102341803,27,540,0.14564943253467844,0.048112613834165666,0.24318625123519122,231,1586,0.22297297297297297,0,0.6328592701916713,33,148,NA,NA,NA,0,0,NA
48,161,TX,Freestone County,48161,NA,NA,NA,10,11,0.13009540329575023,0.030403365866406018,0.22978744072509444,150,1153,0.1032695374800638,0.045678851952150296,0.1608602230079773,259,2508,0.3121869782971619,0.12344846282312197,0.5009254937712019,187,599,NA,NA,NA,0,0,NA
48,163,TX,Frio County,48163,NA,NA,NA,0,0,0.3284731774415406,0.24652142618824302,0.41042492869483815,1194,3635,0.053475935828877004,0,0.17629105580731252,30,561,NA,NA,NA,0,123,NA,NA,NA,0,151,NA
48,165,TX,Gaines County,48165,NA,NA,NA,0,0,0.09648331830477908,0.04187958152807319,0.15108705508148496,321,3327,0.0335195530726257,0.005846251681303403,0.061192854463947996,150,4475,NA,NA,NA,0,159,NA,NA,NA,0,0,NA
48,167,TX,Galveston County,48167,0.19270833333333334,0,0.4178788516237566,74,384,0.2181564545552098,0.18660952070220063,0.24970338840821896,6099,27957,0.07344647868501938,0.05562798956555626,0.09126496780448251,2748,37415,0.26488352027610007,0.20771980792040884,0.3220472326317913,2763,10431,0.04031083050024284,0,0.10507388367642324,83,2059,NA
48,169,TX,Garza County,48169,NA,NA,NA,0,11,0.049586776859504134,0,0.17561540251300387,18,363,0.2929936305732484,0.016846355575735383,0.5691409055707615,92,314,NA,NA,NA,0,43,NA,NA,NA,0,0,NA
48,171,TX,Gillespie County,48171,NA,NA,NA,0,0,0.07988450433108758,0,0.18151728376062096,166,2078,0.06757204372308712,0.030529115918089426,0.1046149715280848,204,3019,NA,NA,NA,0,13,NA,NA,NA,0,0,NA
48,173,TX,Glasscock County,48173,NA,NA,NA,0,0,NA,NA,NA,0,119,0.14563106796116504,0,0.4009911015457664,15,103,NA,NA,NA,0,0,NA,NA,NA,0,0,NA
48,175,TX,Goliad County,48175,NA,NA,NA,0,0,0.25,0.10079312177673153,0.3992068782232685,145,580,0.051075268817204304,0,0.12785665165929952,38,744,NA,NA,NA,0,38,NA,NA,NA,0,0,NA
48,177,TX,Gonzales County,48177,NA,NA,NA,0,17,0.2311084975007351,0.13022105230077174,0.33199594270069843,786,3401,0.14825174825174825,0.058736309620799176,0.23776718688269732,212,1430,0.6931818181818182,0.21426627194643488,1,122,176,NA,NA,NA,0,131,NA
48,179,TX,Gray County,48179,0.36538461538461536,0.1391094454295451,0.5916597853396857,19,52,0.3157894736842105,0.22870832034396005,0.40287062702446097,726,2299,0.09295539808253439,0.037958205223353816,0.14795259094171498,223,2399,NA,NA,NA,0,52,NA,NA,NA,0,48,NA
48,181,TX,Grayson County,48181,0.16113744075829384,0.03177700251866192,0.2904978789979258,34,211,0.18613518197573656,0.1277163930188056,0.2445539709326675,1611,8655,0.11982330204307012,0.09117967860236706,0.1484669254837732,2387,19921,0.3286486486486486,0.23549379533763248,0.42180350195966476,608,1850,0.15213358070500926,0,0.44526753892541493,82,539,NA
48,183,TX,Gregg County,48183,0.45454545454545453,0.01568593888189118,0.8934049702090179,75,165,0.35398321765254326,0.30635942867195753,0.401607006633129,3417,9653,0.09527693334321939,0.05849683541900005,0.13205703126743873,1285,13487,0.3017172203498636,0.21149626083851242,0.39193817986121476,1880,6231,NA,NA,NA,0,388,NA
48,185,TX,Grimes County,48185,NA,NA,NA,0,7,0.28594122319301035,0.14961502393566908,0.42226742245035165,720,2518,0.07685098406747891,0.02985563731315264,0.12384633082180518,246,3201,0.45936395759717313,0.2684442834774624,0.6502836317168839,390,849,NA,NA,NA,0,27,NA
48,187,TX,Guadalupe County,48187,NA,NA,NA,0,209,0.1672011446050619,0.1276502151830647,0.2067520740270591,3389,20269,0.08811164311573047,0.06337457403636236,0.11284871219509858,1509,17126,0.015083440308087292,0,0.03802184551922465,47,3116,0.03773584905660377,0,0.21851428997120087,22,583,NA
48,189,TX,Hale County,48189,0.7107142857142857,0.34218319569707584,1,199,280,0.3664545602871594,0.29458131208130955,0.43832780849300923,2246,6129,0.15229257641921398,0.06516960973003465,0.2394155431083933,279,1832,NA,NA,NA,0,321,NA,NA,NA,60,94,NA
48,191,TX,Hall County,48191,NA,NA,NA,7,8,0.298932384341637,0.10969557549517198,0.48816919318810204,84,281,0.06374501992031872,0,0.1786209492428722,16,251,NA,NA,NA,34,34,NA,NA,NA,0,0,NA
48,193,TX,Hamilton County,48193,NA,NA,NA,0,5,0.07816711590296496,0,0.19443565320606027,29,371,0.15761689291101055,0.06525447885377224,0.24997930696824888,209,1326,0.42452830188679247,0,0.9729418399596497,45,106,NA,NA,NA,0,2,NA
48,195,TX,Hansford County,48195,NA,NA,NA,0,0,0.048314606741573035,0.014393660625504727,0.08223555285764134,43,890,0.04891304347826087,0,0.10395549791124561,27,552,NA,NA,NA,0,0,NA,NA,NA,0,0,NA
48,197,TX,Hardeman County,48197,NA,NA,NA,0,13,NA,NA,NA,0,249,0.11494252873563218,0.013421476786577194,0.21646358068468718,40,348,NA,NA,NA,0,0,NA,NA,NA,0,16,NA
48,199,TX,Hardin County,48199,NA,NA,NA,0,104,0.07240853658536585,0,0.1562045712128941,95,1312,0.10311903246339911,0.06448837132714955,0.14174969359964867,1134,10997,0.46130653266331656,0.13485601368327066,0.7877570516433625,459,995,NA,NA,NA,31,112,NA
48,201,TX,Harris County,48201,0.2486670272776447,0.1990014620949888,0.2983325924603006,3218,12941,0.28659152202475624,0.2775493633335332,0.2956336807159793,186498,650745,0.08432237830384993,0.07588646305337082,0.09275829355432905,19815,234991,0.3112050389524283,0.2957837909291288,0.32662628697572776,71345,229254,0.12439456585942114,0.10381905083834769,0.1449700808804946,8424,67720,NA
48,203,TX,Harrison County,48203,0.21568627450980393,0,0.6990400202341358,22,102,0.35430988894764676,0.26341589533018567,0.44520388256510784,1340,3782,0.07727110370282177,0.0459589218485782,0.10858328555706534,649,8399,0.41953099903629937,0.31666647599321573,0.522395522079383,1306,3113,NA,NA,NA,44,54,NA
48,205,TX,Hartley County,48205,NA,NA,NA,0,0,0.15767634854771784,0,0.3514284458839285,76,482,0.04406779661016949,0,0.14743139755442458,26,590,NA,NA,NA,0,0,NA,NA,NA,0,0,NA
48,207,TX,Haskell County,48207,NA,NA,NA,0,0,0.24169184290030213,0.14487289094737804,0.3385107948532262,80,331,0.15917602996254682,0.0925776745399433,0.22577438538515032,85,534,0.35,0,0.8804990328757429,21,60,NA,NA,NA,0,10,NA
48,209,TX,Hays County,48209,NA,NA,NA,0,450,0.13836047625564526,0.10287746187899821,0.17384349063229232,4044,29228,0.0323292002995756,0.017992245612561485,0.04666615498658972,777,24034,0.04817813765182186,0,0.10611025266700816,119,2470,0.05199306759098787,0,0.17481864949516268,60,1154,NA
48,211,TX,Hemphill County,48211,NA,NA,NA,0,0,0.028037383177570093,0,0.10250702587695004,9,321,NA,NA,NA,0,324,NA,NA,NA,5,5,NA,NA,NA,0,0,NA
48,213,TX,Henderson County,48213,NA,NA,NA,0,12,0.21346507352941177,0.13514264789367392,0.2917874991651496,929,4352,0.20577008433200178,0.1638741646117075,0.24766600405229605,2318,11265,0.13708690330477355,0,0.29757218452814044,112,817,0.22448979591836735,0,0.8055305562609562,33,147,NA
48,215,TX,Hidalgo County,48215,0.3633633633633634,0.1469720219589744,0.5797547047677524,363,999,0.36963521157423146,0.3553826516225102,0.3838877715259527,96779,261823,0.3182619647355164,0.2600366710805469,0.37648725839048586,2527,7940,0.31152073732718893,0.15232255017709675,0.47071892447728114,676,2170,0.15637860082304528,0.07682126018810445,0.2359359414579861,304,1944,NA
48,217,TX,Hill County,48217,0.011111111111111112,0,0.5927368547014286,1,90,0.2193074501573977,0.13815989787795843,0.300455002436837,627,2859,0.1638477801268499,0.10334290888366605,0.22435265137003374,775,4730,0.3360995850622407,0.19065745635836107,0.4815417137661203,162,482,NA,NA,NA,0,48,NA
48,219,TX,Hockley County,48219,NA,NA,NA,11,11,0.2077238150965477,0.14892473517495497,0.2665228950181404,710,3418,0.08826638477801269,0.04125653301277096,0.1352762365432544,167,1892,0.08571428571428572,0,0.44986334841988374,12,140,NA,NA,NA,0,0,NA
48,221,TX,Hood County,48221,0.618421052631579,0.4303487268836067,0.8064933783795513,47,76,0.10052562417871222,0.02972411740573218,0.17132713095169227,306,3044,0.05963352488344356,0.030153517753032648,0.08911353201385447,550,9223,NA,NA,NA,0,148,NA,NA,NA,13,78,NA
48,223,TX,Hopkins County,48223,0.07142857142857142,0,0.8289690477633601,5,70,0.11643002028397566,0.05293720291322232,0.179922837654729,287,2465,0.13453237410071942,0.0844196555137189,0.18464509268771995,748,5560,0.4106910039113429,0.17287061906400145,0.6485113887586843,315,767,NA,NA,NA,97,109,NA
48,225,TX,Houston County,48225,NA,NA,NA,0,25,0.29927007299270075,0.1465349752232069,0.4520051707621946,287,959,0.11901441190144119,0.035880439263207276,0.2021483845396751,256,2151,0.1890495867768595,0.044420308244254886,0.3336788653094641,183,968,NA,NA,NA,0,0,NA
48,227,TX,Howard County,48227,NA,NA,NA,0,9,0.1248426881449786,0.0768529283616574,0.17283244792829983,496,3973,0.14628099173553719,0.08499647122734383,0.20756551224373054,354,2420,0.6682027649769585,0.24089058237259248,1,145,217,NA,NA,NA,0,66,NA
48,229,TX,Hudspeth County,48229,NA,NA,NA,0,12,0.16887417218543047,0,0.33864274198448324,51,302,0.2928870292887029,0.04118341824761679,0.5445906403297891,70,239,NA,NA,NA,0,4,NA,NA,NA,0,0,NA
48,231,TX,Hunt County,48231,0.5124378109452736,0.03099986090359058,0.9938757609869566,206,402,0.19403714565004887,0.1340821861659699,0.25399210513412784,1588,8184,0.11791447648813752,0.08121762716280317,0.15461132581347187,1660,14078,0.2466097438473129,0.11732075805544884,0.375898729639177,491,1991,0.04509283819628647,0,0.3061864256134122,17,377,NA
48,233,TX,Hutchinson County,48233,NA,NA,NA,0,41,0.14635639926515615,0.05188540086681104,0.24082739766350125,239,1633,0.09044193216855087,0.02816655277420478,0.15271731156289697,264,2919,NA,NA,NA,93,93,NA,NA,NA,0,74,NA
48,235,TX,Irion County,48235,NA,NA,NA,0,0,0.20652173913043478,0,0.517511311787125,19,92,0.21008403361344538,0,0.46000669383421244,50,238,NA,NA,NA,0,0,NA,NA,NA,0,0,NA
48,237,TX,Jack County,48237,NA,NA,NA,0,0,0.41487279843444225,0.1702981351476818,0.6594474617212027,212,511,0.06259426847662142,0,0.1259807206583552,83,1326,NA,NA,NA,35,35,NA,NA,NA,0,21,NA
48,239,TX,Jackson County,48239,NA,NA,NA,0,0,0.1217910447761194,0.01331751337250199,0.23026457617973684,204,1675,0.06290417401528513,0.012337692025959739,0.11347065600461051,107,1701,0.90625,0.7139633759327837,1,174,192,NA,NA,NA,0,81,NA
48,241,TX,Jasper County,48241,NA,NA,NA,4,4,0.15375302663438256,0.003461405571507148,0.304044647697258,127,826,0.2417297728178557,0.1873113700124766,0.2961481756232348,1213,5018,0.44478063540090773,0.31132187928120525,0.5782393915206102,588,1322,NA,NA,NA,0,10,NA
48,243,TX,Jeff Davis County,48243,NA,NA,NA,0,0,NA,NA,NA,0,142,0.45251396648044695,0,0.9772396035923119,81,179,NA,NA,NA,0,0,NA,NA,NA,0,0,NA
48,245,TX,Jefferson County,48245,0.14583333333333334,0,0.35981905698121697,63,432,0.2333579699433358,0.1955578059142928,0.2711581339723788,4736,20295,0.09640431233252321,0.053084475244602546,0.13972414942044387,1547,16047,0.4325228536424465,0.3911969985831214,0.47384870870177165,9179,21222,0.10093549975381585,0.026093031803778297,0.1757779677038534,205,2031,NA
48,247,TX,Jim Hogg County,48247,NA,NA,NA,0,0,0.5077464788732394,0.3423872402847099,0.673105717461769,721,1420,0.7794117647058824,0.44898836482628424,1,53,68,NA,NA,NA,0,0,NA,NA,NA,0,49,NA
48,249,TX,Jim Wells County,48249,NA,NA,NA,8,8,0.3961112367171603,0.3315570351804507,0.4606654382538699,3504,8846,0.31827242524916943,0.16958807702567563,0.46695677347266323,479,1505,0.42045454545454547,0.30053550126825274,0.5403735896408381,148,352,NA,NA,NA,0,0,NA
48,251,TX,Johnson County,48251,NA,NA,NA,0,140,0.1626360338573156,0.12572224566506057,0.1995498220495706,2690,16540,0.08406836730959265,0.05939293544088082,0.10874379917830448,2297,27323,0.06036564332528458,0.024938450570429094,0.09579283608014007,175,2899,0.055299539170506916,0,0.22337181603212597,36,651,NA
48,253,TX,Jones County,48253,NA,NA,NA,0,24,0.3508030431107354,0.2551588806145577,0.4464472056069131,415,1183,0.0371900826446281,0.004701439211601939,0.06967872607765427,72,1936,NA,NA,NA,21,32,NA,NA,NA,0,33,NA
48,255,TX,Karnes County,48255,NA,NA,NA,0,0,0.2852882703777336,0.1211542053531025,0.44942233540236465,574,2012,0.12514757969303425,0,0.25552848791597005,106,847,NA,NA,NA,7,46,NA,NA,NA,0,0,NA
48,257,TX,Kaufman County,48257,0.11538461538461539,0,0.46994479054383176,24,208,0.11901009747271347,0.08813080081957145,0.1498893941258555,2039,17133,0.07058078809938281,0.04844504871652618,0.09271652748223944,1338,18957,0.2632320386395653,0.17611598689920321,0.35034809037992737,2616,9938,0.1159090909090909,0,0.30316764463394297,102,880,NA
48,259,TX,Kendall County,48259,NA,NA,NA,0,0,0.13642960812772134,0.052199498183964896,0.22065971807147777,470,3445,0.02600657997806674,0.002968190438998139,0.04904496951713534,166,6383,NA,NA,NA,0,68,NA,NA,NA,0,181,NA
48,261,TX,Kenedy County,48261,NA,NA,NA,0,0,NA,NA,NA,0,19,NA,NA,NA,0,0,NA,NA,NA,0,0,NA,NA,NA,0,0,NA
48,263,TX,Kent County,48263,NA,NA,NA,0,0,NA,NA,NA,0,0,NA,NA,NA,0,83,NA,NA,NA,0,0,NA,NA,NA,0,0,NA
48,265,TX,Kerr County,48265,NA,NA,NA,0,19,0.13147023086269743,0.07025201975924372,0.19268844196615115,541,4115,0.1302247427011132,0.07061213189429603,0.18983735350793035,620,4761,NA,NA,NA,19,24,NA,NA,NA,0,70,NA
48,267,TX,Kimble County,48267,NA,NA,NA,0,0,0.1610738255033557,1.6371641543094784e-4,0.32198393459128044,48,298,0.2400990099009901,0.058211096526735395,0.4219869232752448,97,404,NA,NA,NA,0,18,NA,NA,NA,0,0,NA
48,269,TX,King County,48269,NA,NA,NA,0,0,NA,NA,NA,0,15,NA,NA,NA,0,8,NA,NA,NA,0,0,NA,NA,NA,0,0,NA
48,271,TX,Kinney County,48271,NA,NA,NA,0,0,0.017391304347826087,0,0.13065832709155456,4,230,NA,NA,NA,0,0,NA,NA,NA,0,0,NA,NA,NA,0,0,NA
48,273,TX,Kleberg County,48273,NA,NA,NA,2,2,0.40855404438081605,0.3321450527801199,0.4849630359815122,2283,5588,0.2759226713532513,0.10647811943273947,0.4453672232737632,314,1138,0.49044585987261147,0.26294939948784213,0.7179423202573808,154,314,NA,NA,NA,0,31,NA
48,275,TX,Knox County,48275,NA,NA,NA,0,0,0.15051020408163265,0.009765880440495422,0.2912545277227699,59,392,0.17268041237113402,0,0.37716405722255486,67,388,NA,NA,NA,0,42,NA,NA,NA,0,0,NA
48,277,TX,Lamar County,48277,0.2777777777777778,0,0.844592285684219,25,90,0.3521978021978022,0.13986166289787016,0.5645339414977343,641,1820,0.1972154636388213,0.1458115128316997,0.2486194144459429,1459,7398,0.6232741617357002,0.5079809187858095,0.7385674046855908,948,1521,NA,NA,NA,0,264,NA
48,279,TX,Lamb County,48279,NA,NA,NA,28,28,0.24094827586206896,0.16889608552929003,0.3130004661948479,559,2320,0.034934497816593885,0,0.08090506685660719,32,916,0.21153846153846154,0,0.6208637018997882,33,156,NA,NA,NA,0,70,NA
48,281,TX,Lampasas County,48281,NA,NA,NA,0,60,0.15032211882605584,0.07507071676056401,0.22557352089154767,210,1397,0.07586680398214898,0.018971652262887738,0.13276195570141022,221,2913,0.025,0,0.4301460030514208,3,120,NA,NA,NA,28,60,NA
48,283,TX,La Salle County,48283,NA,NA,NA,0,15,0.3661148977604674,0.23590030707222265,0.49632948844871216,376,1027,NA,NA,NA,0,391,NA,NA,NA,0,0,NA,NA,NA,0,0,NA
48,285,TX,Lavaca County,48285,NA,NA,NA,0,12,0.22503419972640218,0.13161896860343603,0.31844943084936833,329,1462,0.05549774540409296,0.020119090817766333,0.09087639999041959,160,2883,NA,NA,NA,59,64,NA,NA,NA,3,21,NA
48,287,TX,Lee County,48287,NA,NA,NA,23,23,0.17876712328767122,0.04755526465706053,0.3099789819182819,261,1460,0.058719906048150326,0.013781021828415771,0.10365879026788488,100,1703,0.45323741007194246,0,0.9199222525921422,126,278,NA,NA,NA,0,0,NA
48,289,TX,Leon County,48289,NA,NA,NA,0,3,0.42658730158730157,0.30068562581070724,0.5524889773638959,430,1008,0.050424128180961356,0.016526836687853985,0.08432141967406873,107,2122,0.6701754385964912,0.13922751547170353,1,191,285,NA,NA,NA,0,0,NA
48,291,TX,Liberty County,48291,NA,NA,NA,0,780,0.29922319407914855,0.2368674164420846,0.3615789717162125,4892,16349,0.09784045835169679,0.05952788518355705,0.13615303151983654,1110,11345,0.4954128440366973,0.27106402937567453,0.71976165869772,864,1744,NA,NA,NA,0,84,NA
48,293,TX,Limestone County,48293,NA,NA,NA,0,1,0.2596685082872928,0.18690174334769927,0.3324352732268864,470,1810,0.09105180533751962,0.03743303517086097,0.14467057550417828,174,1911,0.2550335570469799,0.10932009841217719,0.4007470156817826,228,894,NA,NA,NA,0,25,NA
48,295,TX,Lipscomb County,48295,NA,NA,NA,0,2,0.21908893709327548,0.10987979754127288,0.3282980766452781,101,461,0.045454545454545456,0,0.11535875956267229,19,418,NA,NA,NA,0,0,NA,NA,NA,0,0,NA
48,297,TX,Live Oak County,48297,NA,NA,NA,0,0,0.22335890878090367,0.09876991968288909,0.3479478978789182,262,1173,0.14527027027027026,0.01490306274526168,0.2756374777952788,129,888,NA,NA,NA,3,27,NA,NA,NA,0,5,NA
48,299,TX,Llano County,48299,NA,NA,NA,0,0,0.28008519701810436,0.11922593496327033,0.4409444590729384,263,939,0.19643652561247216,0.12332153922137637,0.269551512003568,441,2245,NA,NA,NA,0,0,NA,NA,NA,0,33,NA
48,301,TX,Loving County,48301,NA,NA,NA,0,0,NA,NA,NA,0,0,NA,NA,NA,0,0,NA,NA,NA,0,0,NA,NA,NA,0,0,NA
48,303,TX,Lubbock County,48303,0.12244897959183673,0,0.3947510131683468,42,343,0.2480727989335188,0.21780026087127283,0.27834533699576475,8560,34506,0.07913937625139987,0.06138657351204396,0.09689217899075578,2332,29467,0.37817185697808536,0.28603197807451614,0.4703117358816546,2623,6936,0.15024630541871922,0.03755515278659184,0.2629374580508466,244,1624,NA
48,305,TX,Lynn County,48305,NA,NA,NA,0,9,0.35511363636363635,0.22209274198644646,0.48813453074082624,250,704,0.08484848484848485,0.02251996816828073,0.14717700152868898,70,825,NA,NA,NA,0,28,NA,NA,NA,0,0,NA
48,307,TX,McCulloch County,48307,NA,NA,NA,0,0,0.11609907120743033,0,0.3076575588377814,75,646,0.22509225092250923,0.09962375294868234,0.35056074889633615,183,813,NA,NA,NA,0,0,NA,NA,NA,0,0,NA
48,309,TX,McLennan County,48309,0.22119815668202766,0,0.47151011698982337,48,217,0.27432099831598944,0.23663924930819868,0.3120027473237802,6353,23159,0.06280826140567201,0.04702402171484335,0.07859250109650068,1630,25952,0.5122192539823884,0.4447359122542425,0.5797025957105343,5177,10107,0.13447782546494993,0,0.327480268408698,94,699,NA
48,311,TX,McMullen County,48311,NA,NA,NA,0,0,0.2094240837696335,0,0.466335451774821,40,191,NA,NA,NA,0,88,NA,NA,NA,0,0,NA,NA,NA,0,0,NA
48,313,TX,Madison County,48313,NA,NA,NA,0,0,0.04007820136852395,0,0.08439560226300133,41,1023,0.1963913948646773,0.08296357402470798,0.3098192157046466,283,1441,0.13559322033898305,0,0.33898983133972577,40,295,NA,NA,NA,18,58,NA
48,315,TX,Marion County,48315,NA,NA,NA,0,14,0.6805555555555556,0.31293067117789863,1,49,72,0.3017319963536919,0.17677445786325524,0.4266895348441286,331,1097,0.5925925925925926,0.3600459622486629,0.8251392229365222,256,432,NA,NA,NA,0,0,NA
48,317,TX,Martin County,48317,NA,NA,NA,0,0,0.09058823529411765,0,0.1920512533210097,77,850,0.19377162629757785,0.06986421050642823,0.3176790420887275,112,578,NA,NA,NA,0,0,NA,NA,NA,0,0,NA
48,319,TX,Mason County,48319,NA,NA,NA,0,0,NA,NA,NA,0,140,0.014563106796116505,0,0.06342109541997343,9,618,NA,NA,NA,0,0,NA,NA,NA,0,0,NA
48,321,TX,Matagorda County,48321,NA,NA,NA,0,0,0.3605797101449275,0.2650388559268021,0.4561205643630529,1866,5175,0.14788226848528357,0.058304565612598266,0.23745997135796887,412,2786,0.5720601237842617,0.37792869429896325,0.7661915532695602,647,1131,NA,NA,NA,0,22,NA
48,323,TX,Maverick County,48323,NA,NA,NA,0,292,0.3033516934255244,0.2443456242144986,0.3623577626365503,5177,17066,0.23822714681440443,0,0.5124524080747914,86,361,NA,NA,NA,0,0,NA,NA,NA,0,102,NA
48,325,TX,Medina County,48325,NA,NA,NA,0,19,0.15102436323366555,0.0972999669950722,0.2047487594722589,1091,7224,0.11615521176768957,0.034687863596976884,0.19762255993840228,458,3943,NA,NA,NA,0,207,NA,NA,NA,51,103,NA
48,327,TX,Menard County,48327,NA,NA,NA,0,0,0.7345132743362832,0.5003423208821874,0.968684227790379,83,113,NA,NA,NA,0,286,NA,NA,NA,0,0,NA,NA,NA,0,0,NA
48,329,TX,Midland County,48329,NA,NA,NA,0,122,0.17935657840530317,0.13963127212161985,0.21908188468898648,4789,26701,0.04226428403479897,0.021379286793221534,0.0631492812763764,719,17012,0.28474204171240397,0.13667551726840935,0.4328085661563986,1297,4555,0.17052980132450332,0.03444957198511095,0.3066100306638957,206,1208,NA
48,331,TX,Milam County,48331,NA,NA,NA,0,0,0.25756186984417967,0.14358985861486495,0.3715338810734944,562,2182,0.06351497654276435,0.02817640658511466,0.09885354650041403,176,2771,0.32987551867219916,0.15171348949939698,0.5080375478450013,159,482,NA,NA,NA,0,0,NA
48,333,TX,Mills County,48333,NA,NA,NA,0,0,0.017543859649122806,0,0.0804439001763245,6,342,0.10609480812641084,0.03770523249947248,0.17448438375334918,47,443,NA,NA,NA,0,0,NA,NA,NA,0,17,NA
48,335,TX,Mitchell County,48335,NA,NA,NA,0,0,0.17753623188405798,0.0322762002887545,0.32279626347936147,147,828,0.10653753026634383,0.004836827688957018,0.20823823284373064,88,826,NA,NA,NA,119,182,NA,NA,NA,0,0,NA
48,337,TX,Montague County,48337,NA,NA,NA,0,1,0.0165016501650165,0,0.060962139292052055,15,909,0.20121951219512196,0.1305643765152837,0.27187464787496024,726,3608,NA,NA,NA,0,0,NA,NA,NA,0,6,NA
48,339,TX,Montgomery County,48339,0.22461170848267623,0.059341236280049225,0.3898821806853032,188,837,0.21020430631792517,0.18247637205089673,0.2379322405849536,13365,63581,0.05657000906532924,0.04352264202348101,0.06961737610717747,4805,84939,0.10624785444558874,0.05794915617863973,0.15454655271253775,1238,11652,0.04777298850574713,0.01206791002655632,0.08347806698493793,266,5568,NA
48,341,TX,Moore County,48341,0.8725099601593626,0.5110756220514605,1,219,251,0.2825711820534944,0.20121712636844738,0.36392523773854146,1310,4636,0.1047244094488189,0.026635753800792167,0.18281306509684564,133,1270,0.1327683615819209,0,0.393149433670712,47,354,0.7372881355932204,0.34093456734876326,1,174,236,NA
48,343,TX,Morris County,48343,NA,NA,NA,0,0,0.1,0,0.2197828662837838,53,530,0.24897400820793433,0.14615977684986503,0.35178823956600364,364,1462,0.3180952380952381,0.12069883862494413,0.5154916375655321,167,525,NA,NA,NA,17,20,NA
48,345,TX,Motley County,48345,NA,NA,NA,0,0,NA,NA,NA,0,23,0.17094017094017094,0.09398694436031309,0.2478933975200288,20,117,NA,NA,NA,0,0,NA,NA,NA,0,0,NA
48,347,TX,Nacogdoches County,48347,NA,NA,NA,0,13,0.35095591104174795,0.2711333847425298,0.4307784373409661,1799,5126,0.12679197196559414,0.07651379893402804,0.17707014499716023,796,6278,0.5532934131736527,0.4392222331753499,0.6673645931719554,1386,2505,NA,NA,NA,16,53,NA
48,349,TX,Navarro County,48349,NA,NA,NA,0,26,0.22781700951796133,0.16642437359265522,0.28920964544326744,1484,6514,0.13435776201733649,0.08759697976296593,0.18111854427170704,682,5076,0.4588045234248788,0.2720389390275211,0.6455701078222366,568,1238,NA,NA,NA,0,154,NA
48,351,TX,Newton County,48351,NA,NA,NA,0,24,NA,NA,NA,0,84,0.08742138364779874,0,0.17748911055422184,139,1590,0.6708333333333333,0.5265797504557816,0.8150869162108849,322,480,NA,NA,NA,0,0,NA
48,353,TX,Nolan County,48353,NA,NA,NA,0,21,0.24402840542285345,0.13061084665406497,0.35744596419164193,378,1549,0.25029868578255676,0.15421198626613097,0.34638538529898255,419,1674,NA,NA,NA,21,74,NA,NA,NA,0,0,NA
48,355,TX,Nueces County,48355,0.5692307692307692,0.2742262208888858,0.8642353175726526,222,390,0.30236282850549373,0.27597399857455973,0.32875165843642773,17557,58066,0.11696105072463768,0.07477854985989546,0.1591435515893799,2066,17664,0.36060802069857695,0.23864191611522967,0.4825741252819242,1115,3092,0.13202779532533165,0.026185394900460193,0.23787019575020313,209,1583,NA
48,357,TX,Ochiltree County,48357,NA,NA,NA,0,2,0.10980392156862745,0.02015611076416174,0.19945173237309316,224,2040,0.16627634660421545,0.08433766828141312,0.24821502492701777,142,854,NA,NA,NA,0,0,NA,NA,NA,0,0,NA
48,359,TX,Oldham County,48359,NA,NA,NA,0,0,0.6707317073170732,0.2522655383966014,1,110,164,0.14285714285714285,0.01905507577166174,0.26665920994262393,33,231,NA,NA,NA,0,1,NA,NA,NA,0,0,NA
48,361,TX,Orange County,48361,NA,NA,NA,0,0,0.14599040438656613,0.07404358978825434,0.21793721898487792,426,2918,0.09295088621296171,0.05976472610270062,0.1261370463232228,1374,14782,0.620293554562859,0.5066936388591504,0.7338934702665675,972,1567,0.2577777777777778,0,0.6468656646330266,58,225,NA
48,363,TX,Palo Pinto County,48363,0.04395604395604396,0,0.3215137729793563,8,182,0.255182625863771,0.17521045153574116,0.33515480019180083,517,2026,0.1972064393939394,0.11899587105137116,0.2754170077365076,833,4224,0.389937106918239,0,0.9236038967014981,62,159,NA,NA,NA,0,0,NA
48,365,TX,Panola County,48365,NA,NA,NA,0,0,0.15222222222222223,0.02138045713136008,0.28306398731308435,137,900,0.10047990401919617,0.04967362252251893,0.15128618551587342,335,3334,0.17785234899328858,0.05280194906538416,0.302902748921193,106,596,NA,NA,NA,0,0,NA
48,367,TX,Parker County,48367,0.45112781954887216,0.08704043890909646,0.8152152001886479,60,133,0.1681930693069307,0.09963258157232097,0.23675355704154044,1359,8080,0.06559121331731595,0.044561098706963564,0.08662132792766833,1911,29135,0.35804701627486435,0.16521843847031298,0.5508755940794157,198,553,0.15753424657534246,0,0.5353046385483303,46,292,NA
48,369,TX,Parmer County,48369,NA,NA,NA,0,16,0.13719663199603765,0.06196183567360952,0.2124314283184658,277,2019,0.10016420361247948,0,0.20937182865531734,61,609,NA,NA,NA,0,0,NA,NA,NA,0,0,NA
48,371,TX,Pecos County,48371,NA,NA,NA,0,0,0.319279156749405,0.19692596519420041,0.44163234830460957,939,2941,0.09230769230769231,0,0.22467736416004258,48,520,NA,NA,NA,0,78,NA,NA,NA,0,0,NA
48,373,TX,Polk County,48373,0.2543352601156069,0.09568809402229803,0.4129824262089158,44,173,0.3552055993000875,0.2559207346754702,0.45449046392470477,812,2286,0.2156804292741094,0.15353106466244715,0.27782979388577167,1447,6709,0.5786864931846345,0.4348003046816641,0.7225726816876049,467,807,NA,NA,NA,0,40,NA
48,375,TX,Potter County,48375,0.06938775510204082,0,0.33387235014142874,17,245,0.3677007905400917,0.31404001843450724,0.42136156264567615,5535,15053,0.09601820250284414,0.055755500957295985,0.1362809040483923,844,8790,0.6519104084321475,0.58050708552399,0.7233137313403051,2474,3795,0.37906309751434036,0.22123051386824996,0.5368956811604307,793,2092,NA
48,377,TX,Presidio County,48377,NA,NA,NA,0,0,0.5172690763052209,0.21373673543439214,0.8208014171760496,644,1245,0.5652173913043478,0.35540761252319264,0.7750271700855029,156,276,NA,NA,NA,0,0,NA,NA,NA,0,0,NA
48,379,TX,Rains County,48379,NA,NA,NA,0,0,0.21867881548974943,0,0.4673010195749008,96,439,0.1376734258271078,0.06317460255498453,0.21217224909923105,258,1874,NA,NA,NA,0,43,NA,NA,NA,0,5,NA
48,381,TX,Randall County,48381,0.13010204081632654,0,0.36417442022369506,51,392,0.08331856053891154,0.05569256447354615,0.11094455660427693,940,11282,0.0803479514103356,0.05813629560584595,0.10255960721482525,1561,19428,0.355194428322693,0.19574578823592576,0.5146430684094603,612,1723,0.1066350710900474,0,0.3020102381025649,90,844,NA
48,383,TX,Reagan County,48383,NA,NA,NA,0,0,0.15728900255754474,0.0341234845745481,0.2804545205405414,123,782,NA,NA,NA,0,162,NA,NA,NA,0,124,NA,NA,NA,0,0,NA
48,385,TX,Real County,48385,NA,NA,NA,0,0,0.2916666666666667,0.03415548018192166,0.5491778531514118,56,192,0.10989010989010989,0,0.3222282080560188,50,455,NA,NA,NA,0,0,NA,NA,NA,0,0,NA
48,387,TX,Red River County,48387,NA,NA,NA,0,266,0.01948051948051948,0,0.1496326098540388,6,308,0.14267352185089974,0.05122405760574417,0.2341229860960553,222,1556,0.3944723618090452,0.08849997070965837,0.7004447529084321,157,398,NA,NA,NA,0,15,NA
48,389,TX,Reeves County,48389,NA,NA,NA,0,18,0.2459016393442623,0.14805658354548243,0.3437466951430421,720,2928,NA,NA,NA,0,346,NA,NA,NA,0,0,NA,NA,NA,0,0,NA
48,391,TX,Refugio County,48391,NA,NA,NA,0,0,0.22604951560818085,0.09199814834366393,0.36010088287269776,210,929,NA,NA,NA,0,457,0.2948717948717949,0,0.899193191616509,23,78,NA,NA,NA,0,0,NA
48,393,TX,Roberts County,48393,NA,NA,NA,0,0,NA,NA,NA,12,12,0.020202020202020204,0,0.15115008286687143,4,198,NA,NA,NA,0,0,NA,NA,NA,0,0,NA
48,395,TX,Robertson County,48395,NA,NA,NA,21,21,0.07142857142857142,0,0.15678932494663045,94,1316,0.10230466554243957,0.023994072238615577,0.18061525884626356,182,1779,0.5179340028694405,0.34839209691408723,0.6874759088247937,361,697,NA,NA,NA,0,0,NA
48,397,TX,Rockwall County,48397,0.10476190476190476,0,0.8700632894817999,11,105,0.043904166174908534,0.016394380706846422,0.07141395164297065,372,8473,0.03245379648185259,0.017172750467394395,0.04773484249631079,583,17964,0.04158215010141988,0.0012084643988752447,0.08195583580396451,123,2958,0.11542390194075587,0,0.2789302439987484,113,979,NA
48,399,TX,Runnels County,48399,NA,NA,NA,0,0,0.20060180541624875,0.09946666806548723,0.30173694276701024,200,997,0.07208717518860017,0.0010719374494258666,0.14310241292777448,86,1193,NA,NA,NA,0,16,NA,NA,NA,0,0,NA
48,401,TX,Rusk County,48401,NA,NA,NA,0,14,0.36611374407582936,0.25611339617228257,0.47611409197937615,1236,3376,0.14186303969634667,0.09052027627818035,0.193205803114513,897,6323,0.13432835820895522,0.040283278929865884,0.22837343748804456,135,1005,NA,NA,NA,0,21,NA
48,403,TX,Sabine County,48403,NA,NA,NA,0,0,NA,NA,NA,42,42,0.08247422680412371,0.012150031893006327,0.1527984217152411,112,1358,NA,NA,NA,0,104,NA,NA,NA,0,0,NA
48,405,TX,San Augustine County,48405,NA,NA,NA,0,0,0.7306122448979592,0.11763543493371698,1,179,245,0.232163080407701,0.1077394912639527,0.3565866695514493,205,883,0.7982708933717579,0.6827199786836732,0.9138218080598427,277,347,NA,NA,NA,0,0,NA
48,407,TX,San Jacinto County,48407,NA,NA,NA,0,2,0.2829021372328459,0.18693802576410257,0.37886624870158925,503,1778,0.22937443336355395,0.10119182682500996,0.357557039902098,759,3309,0.3695652173913043,0.2141205256796192,0.5250099091029894,204,552,NA,NA,NA,0,0,NA
48,409,TX,San Patricio County,48409,0.14054054054054055,0,0.3817148790432469,26,185,0.2839304168101964,0.23279749945181405,0.3350633341685787,3297,11612,0.08458183197420822,0.04334512569558344,0.125818538252833,446,5273,NA,NA,NA,1,1,NA,NA,NA,65,132,NA
48,411,TX,San Saba County,48411,NA,NA,NA,0,0,0.20948616600790515,0.0757320617727339,0.3432402702430764,106,506,0.046125461254612546,0,0.11035967136920863,25,542,NA,NA,NA,0,2,NA,NA,NA,0,0,NA
48,413,TX,Schleicher County,48413,NA,NA,NA,0,0,0.11078717201166181,0,0.23904527531812286,38,343,NA,NA,NA,0,171,NA,NA,NA,0,0,NA,NA,NA,0,0,NA
48,415,TX,Scurry County,48415,NA,NA,NA,0,34,0.19225915018931425,0.0768643327201344,0.30765396765849407,457,2377,0.025016903313049357,0,0.06606520436583344,37,1479,NA,NA,NA,71,71,NA,NA,NA,0,38,NA
48,417,TX,Shackelford County,48417,NA,NA,NA,0,0,NA,NA,NA,0,62,0.08974358974358974,0.01633221646870038,0.1631549630184791,49,546,NA,NA,NA,0,11,NA,NA,NA,0,0,NA
48,419,TX,Shelby County,48419,0.42748091603053434,0,0.8630364552651317,112,262,0.2738888888888889,0.16447948524546646,0.38329829253231135,493,1800,0.11086190323614226,0.061158047473951205,0.1605657589983333,346,3121,0.59727385377943,0.43744963515539287,0.757098072403467,482,807,NA,NA,NA,130,130,NA
48,421,TX,Sherman County,48421,NA,NA,NA,0,0,0.3212669683257919,0.0388024239914212,0.6037315126601626,71,221,0.06832298136645963,0,0.2165960360609961,11,161,NA,NA,NA,0,0,NA,NA,NA,0,7,NA
48,423,TX,Smith County,48423,0.4728682170542636,0.019287707076287075,0.9264487270322401,122,258,0.20541093554620893,0.15911238217089047,0.2517094889215274,3614,17594,0.08136603254641302,0.058026485306970604,0.10470557978585543,2130,26178,0.2851824274013403,0.20182627060021807,0.36853858420246255,2298,8058,0.007525083612040134,0,0.08709442421580026,9,1196,NA
48,425,TX,Somervell County,48425,NA,NA,NA,0,6,0.09172259507829977,0,0.21571598994487756,41,447,0.03889255108767304,0,0.0830505955433064,59,1517,NA,NA,NA,30,60,NA,NA,NA,0,0,NA
48,427,TX,Starr County,48427,NA,NA,NA,0,0,0.407996192289386,0.3680413672909003,0.4479510172878717,8572,21010,0.6080691642651297,0.036845337576242754,1,211,347,0.13274336283185842,0,0.49677572588256047,15,113,NA,NA,NA,0,0,NA
48,429,TX,Stephens County,48429,NA,NA,NA,0,8,0.42677824267782427,0.2686918916609963,0.5848645936946523,306,717,0.09812667261373774,0.027558425054324473,0.16869492017315102,110,1121,NA,NA,NA,0,50,NA,NA,NA,5,35,NA
48,431,TX,Sterling County,48431,NA,NA,NA,0,0,NA,NA,NA,0,222,NA,NA,NA,0,284,NA,NA,NA,0,0,NA,NA,NA,0,0,NA
48,433,TX,Stonewall County,48433,NA,NA,NA,0,0,NA,NA,NA,0,118,0.3684210526315789,0.2295956384827237,0.5072464667804342,70,190,NA,NA,NA,0,0,NA,NA,NA,0,0,NA
48,435,TX,Sutton County,48435,NA,NA,NA,0,0,NA,NA,NA,0,543,NA,NA,NA,0,160,NA,NA,NA,0,0,NA,NA,NA,0,0,NA
48,437,TX,Swisher County,48437,NA,NA,NA,0,0,0.38477366255144035,0.24861304612238513,0.5209342789804956,374,972,0.23155737704918034,0.05357662903250682,0.40953812506585385,113,488,NA,NA,NA,76,81,NA,NA,NA,0,0,NA
48,439,TX,Tarrant County,48439,0.13965744400527008,0.06271762140654669,0.21659726660399348,424,3036,0.1876360180565455,0.17553803655095004,0.19973399956214097,39488,210450,0.08242028478818657,0.07033424171791855,0.09450632785845459,13909,168757,0.21883768305338816,0.1997845002098143,0.237890865896962,22774,104068,0.1095672213373098,0.08542803624359623,0.13370640643102338,3233,29507,NA
48,441,TX,Taylor County,48441,NA,NA,NA,0,91,0.23308141532119547,0.18538226962821475,0.2807805610141762,2714,11644,0.1014582512245932,0.06940526201003676,0.13351124043914964,1802,17761,0.3185378590078329,0.2027269132898834,0.43434880472578236,976,3064,0.15080527086383602,0,0.5228766544711473,103,683,NA
48,443,TX,Terrell County,48443,NA,NA,NA,0,0,NA,NA,NA,0,50,NA,NA,NA,0,94,NA,NA,NA,0,0,NA,NA,NA,0,0,NA
48,445,TX,Terry County,48445,NA,NA,NA,0,5,0.2893719806763285,0.15363255873703305,0.42511140261562397,599,2070,0.09142857142857143,0.012084248190501648,0.1707728946666412,96,1050,NA,NA,NA,19,52,NA,NA,NA,0,0,NA
48,447,TX,Throckmorton County,48447,NA,NA,NA,0,0,NA,NA,NA,48,69,0.4028776978417266,0.15292307869093158,0.6528323169925216,112,278,NA,NA,NA,0,0,NA,NA,NA,0,0,NA
48,449,TX,Titus County,48449,0.524390243902439,0.18195109736399345,0.8668293904408846,43,82,0.31140266255064636,0.24991131500916525,0.37289401009212747,1614,5183,0.13569438917628332,0.06651717051102767,0.20487160784153896,341,2513,0.14733178654292342,0.0042871315258932174,0.2903764415599536,127,862,NA,NA,NA,0,0,NA
48,451,TX,Tom Green County,48451,NA,NA,NA,62,103,0.16794579271243865,0.11496110472467291,0.22093048070020438,2429,14463,0.06561914114811178,0.030477790877273203,0.10076049141895035,735,11201,0.2517361111111111,0.13128314348157988,0.37218907874064233,290,1152,NA,NA,NA,0,420,NA
48,453,TX,Travis County,48453,0.21887640449438203,0.08682199306708982,0.35093081592167424,487,2225,0.22201015052270853,0.19650940384748025,0.2475108971979368,25590,115265,0.04928052834149755,0.03737028595842857,0.06119077072456653,4507,91456,0.12604534473146256,0.0870617800563992,0.16502890940652593,2713,21524,0.09454505662854955,0.053164223211536604,0.1359258900455625,1728,18277,NA
48,455,TX,Trinity County,48455,NA,NA,NA,0,0,0.43822393822393824,0.17427284450243147,0.702175031945445,227,518,0.1403002309468822,0.06343738638020197,0.21716307551356245,243,1732,0.21904761904761905,0,0.542935131447027,23,105,NA,NA,NA,0,0,NA
48,457,TX,Tyler County,48457,NA,NA,NA,0,0,0.19759036144578312,0,0.43404547082042966,82,415,0.24322396576319544,0.141719059540027,0.34472887198636387,682,2804,0.6776859504132231,0.3986870456016808,0.9566848552247654,164,242,NA,NA,NA,3,3,NA
48,459,TX,Upshur County,48459,NA,NA,NA,0,0,0.19244604316546762,0.09377335012908578,0.29111873620184947,321,1668,0.13598744292237444,0.09698632175278082,0.17498856409196806,953,7008,0.13015873015873017,0.012634908244005635,0.2476825520734547,82,630,NA,NA,NA,0,39,NA
48,461,TX,Upton County,48461,NA,NA,NA,0,0,0.09271523178807947,0,0.19156228463406494,42,453,0.2682926829268293,0.034676454078012287,0.5019089117756463,66,246,NA,NA,NA,0,0,NA,NA,NA,0,13,NA
48,463,TX,Uvalde County,48463,0.6285714285714286,0.2682898241427491,0.988853033000108,110,175,0.3278183916891112,0.23276374849779913,0.42287303488042327,1704,5198,0.195013357079252,0.0662332934916352,0.3237934206668688,219,1123,NA,NA,NA,0,0,0.8315789473684211,0.42031545478813714,1,158,190,NA
48,465,TX,Val Verde County,48465,NA,NA,NA,7,37,0.19527288354103997,0.14624914635109176,0.24429662073098818,2272,11635,0.0932524639878696,0.01567930963592111,0.17082561833981807,123,1319,NA,NA,NA,0,57,NA,NA,NA,0,39,NA
48,467,TX,Van Zandt County,48467,NA,NA,NA,0,41,0.12438625204582651,0.06217538415297657,0.18659711993867645,380,3055,0.13613081166272656,0.09094008930507406,0.18132153402037904,1382,10152,0.07075471698113207,0,0.30478192683074673,15,212,NA,NA,NA,8,72,NA
48,469,TX,Victoria County,48469,NA,NA,NA,0,0,0.24556780067081935,0.19206880843953325,0.2990667929021054,3075,12522,0.1526518274251168,0.08968021762817267,0.2156234372220609,1111,7278,0.40496508921644686,0.12332899912054518,0.6866011793123485,522,1289,NA,NA,NA,0,213,NA
48,471,TX,Walker County,48471,NA,NA,NA,0,13,0.09291784702549576,0.021579980224300396,0.16425571382669113,328,3530,0.09065495207667731,0.04256404473858341,0.13874585941477122,454,5008,0.3471698113207547,0.2456874306912189,0.4486521919502905,920,2650,NA,NA,NA,0,72,NA
48,473,TX,Waller County,48473,NA,NA,NA,0,199,0.2688747468903674,0.19692933468191237,0.3408201590988224,1859,6914,0.04526663910706904,0.01120829345162469,0.07932498476251339,219,4838,0.21414821944177093,0.09051540640051639,0.3377810324830255,445,2078,NA,NA,NA,0,301,NA
48,475,TX,Ward County,48475,NA,NA,NA,0,2,0.25435897435897437,0.1223554246576917,0.38636252406025706,496,1950,0.13829787234042554,0.07361180512334108,0.20298393955750998,143,1034,0.35988200589970504,0,0.8800718651251658,122,339,NA,NA,NA,0,23,NA
48,477,TX,Washington County,48477,NA,NA,NA,0,25,0.12609970674486803,0.05272086701526073,0.19947854647447533,301,2387,0.056514476614699334,0.015679765954660883,0.09734918727473779,203,3592,0.5983066792097836,0.37285467157229213,0.8237586868472752,636,1063,NA,NA,NA,0,25,NA
48,479,TX,Webb County,48479,0.12195121951219512,0,0.3452408007041058,25,205,0.2907712696780906,0.2669783750632686,0.31456416429291256,23476,80737,0.28856964397251716,0.15887036948281263,0.4182689184622217,462,1601,0.056856187290969896,0,0.28012268238508486,17,299,0.13564668769716087,0,0.43572311201975994,43,317,NA
48,481,TX,Wharton County,48481,NA,NA,NA,0,0,0.22560335781741866,0.15248813648673548,0.29871857914810185,1290,5718,0.01727328809376928,0,0.03883789497641646,56,3242,0.3495412844036697,0.1749908842961895,0.52409168451115,381,1090,NA,NA,NA,43,45,NA
48,483,TX,Wheeler County,48483,NA,NA,NA,0,0,0.1162280701754386,0.035756745368222764,0.19669939498265443,53,456,0.16228748068006182,0.05285541066972255,0.2717195506904011,105,647,NA,NA,NA,0,3,NA,NA,NA,0,0,NA
48,485,TX,Wichita County,48485,0.15819209039548024,0.004621135280564986,0.31176304551039546,28,177,0.2924731182795699,0.2359194436104045,0.3490267929487353,2448,8370,0.19557195571955718,0.1332119936050509,0.25793191783406344,2968,15176,0.3562061604147606,0.2633368564546741,0.44907546437484713,1168,3279,0.02564102564102564,0,0.17456499016618635,15,585,NA
48,487,TX,Wilbarger County,48487,NA,NA,NA,0,0,0.300531914893617,0.12750356472896343,0.47356026505827065,339,1128,0.3077660594439118,0.14784525945644533,0.4676868594313782,321,1043,0.17117117117117117,0,0.6347745243756168,19,111,NA,NA,NA,0,144,NA
48,489,TX,Willacy County,48489,NA,NA,NA,0,0,0.2659549228944247,0.18395296620965645,0.3479568795791929,1121,4215,0.15492957746478872,0,0.38056600647845695,55,355,NA,NA,NA,0,0,NA,NA,NA,0,0,NA
48,491,TX,Williamson County,48491,0.15630885122410546,0.02472287592664582,0.28789482652156506,83,531,0.09975483631718823,0.08152109444897525,0.11798857818540122,4842,48539,0.042004793339780515,0.03291500887200702,0.05109457780755401,2997,71349,0.18521084076543423,0.09365502585034614,0.27676665568052233,2139,11549,0.029298380878951428,0.016039506858318446,0.04255725489958441,494,16861,NA
48,493,TX,Wilson County,48493,NA,NA,NA,0,0,0.14144677795727875,0.08021162262904408,0.20268193328551343,788,5571,0.11874272409778813,0.0741396837199746,0.16334576447560167,714,6013,NA,NA,NA,0,277,0.046357615894039736,0,0.6776957801887136,7,151,NA
48,495,TX,Winkler County,48495,NA,NA,NA,0,72,0.22957461174881835,0.09613336451611001,0.36301585898152666,340,1481,0.1478743068391867,0.010942691859544246,0.28480592181882913,80,541,NA,NA,NA,154,154,NA,NA,NA,4,4,NA
48,497,TX,Wise County,48497,NA,NA,NA,0,50,0.17215831546110352,0.10701532142299162,0.2373013094992154,883,5129,0.0804162724692526,0.05022264327609417,0.11060990166241104,935,11627,0.09635416666666667,0,0.29913351635119717,37,384,0.043010752688172046,0,0.9411781122748675,4,93,NA
48,499,TX,Wood County,48499,NA,NA,NA,0,1,0.07553058676654183,0.002643107845091683,0.14841806568799198,121,1602,0.15339899886969158,0.09004941039278402,0.21674858734659913,950,6193,0.06402439024390244,0,0.1626164286533267,21,328,NA,NA,NA,0,0,NA
48,501,TX,Yoakum County,48501,NA,NA,NA,0,43,0.2930660888407367,0.13402901569662154,0.4521031619848519,541,1846,0.1973018549747049,0,0.41480376407984737,117,593,NA,NA,NA,0,0,NA,NA,NA,0,43,NA
48,503,TX,Young County,48503,NA,NA,NA,0,0,0.4037122969837587,0.22841444502669436,0.579010148940823,522,1293,0.2823486770569047,0.17604415693761766,0.38865319717619173,779,2759,NA,NA,NA,0,0,NA,NA,NA,0,30,NA
48,505,TX,Zapata County,48505,NA,NA,NA,0,0,0.5172166427546628,0.4520859516245881,0.5823473338847376,2163,4182,0.4105263157894737,0,0.9844200056032641,39,95,NA,NA,NA,0,0,NA,NA,NA,0,0,NA
48,507,TX,Zavala County,48507,NA,NA,NA,0,0,0.5126508369015181,0.3856662703523198,0.6396354034507165,1317,2569,0.1987179487179487,0,0.5994218473537161,31,156,NA,NA,NA,32,32,NA,NA,NA,0,0,NA
49,000,UT,Utah,49000,0.2016376663254862,0.15315086052304994,0.25012447212792244,1379,6839,0.14528900939556796,0.13497812945228946,0.15559988933884647,26953,185513,0.06496545541662159,0.06121896036509992,0.06871195046814327,42032,646990,0.31470230862697446,0.2626285630945385,0.3667760541594104,3626,11522,0.12610573093531213,0.09932200533662028,0.152889456534004,3008,23853,NA
49,001,UT,Beaver County,49001,NA,NA,NA,0,0,0.3118811881188119,0.05157863792174272,0.572183738315881,126,404,0.008087810514153668,0,0.03167731007102917,14,1731,NA,NA,NA,0,0,NA,NA,NA,0,0,NA
49,003,UT,Box Elder County,49003,NA,NA,NA,0,72,0.1745362563237774,0.08028355019332972,0.26878896245422507,414,2372,0.06889064350572444,0.048004108606231,0.08977717840521787,1047,15198,NA,NA,NA,43,58,NA,NA,NA,0,84,NA
49,005,UT,Cache County,49005,NA,NA,NA,0,18,0.29152487441257496,0.21191132810359864,0.3711384207215513,1799,6171,0.06736342042755344,0.051450648947259064,0.08327619190784782,2127,31575,0.1975609756097561,0,0.44917850677028565,81,410,0.27232796486090777,0.17085692097284444,0.3737990087489711,186,683,NA
49,007,UT,Carbon County,49007,NA,NA,NA,0,18,0.2441860465116279,0.1264412529543701,0.3619308400688857,210,860,0.2151424287856072,0.14157297213460718,0.2887118854366072,861,4002,NA,NA,NA,0,16,NA,NA,NA,0,19,NA
49,009,UT,Daggett County,49009,NA,NA,NA,0,0,NA,NA,NA,0,2,0.03355704697986577,0,0.14422948750137388,5,149,NA,NA,NA,0,0,NA,NA,NA,0,0,NA
49,011,UT,Davis County,49011,0.028089887640449437,0,0.13965259294284316,10,356,0.152935017341797,0.11481567895144908,0.19105435573214496,2337,15281,0.06784263719656182,0.05144851896045917,0.08423675543266447,5746,84696,0.11900826446280992,0,0.2728436152326496,144,1210,0.2219524040796503,0.10614967533591334,0.33775513282338726,457,2059,NA
49,013,UT,Duchesne County,49013,0.39572192513368987,0.2225262069852911,0.5689176432820886,74,187,0.15572519083969466,0.06713811866063323,0.24431226301875608,102,655,0.14182174338883446,0.10047837278024609,0.18316511399742286,724,5105,NA,NA,NA,0,5,0.08955223880597014,0,0.8329768372017944,6,67,NA
49,015,UT,Emery County,49015,NA,NA,NA,51,51,0.21782178217821782,0.07595204915328094,0.3596915152031547,66,303,0.18306832831972497,0.1283730546336166,0.23776360200583335,426,2327,NA,NA,NA,0,0,NA,NA,NA,0,0,NA
49,017,UT,Garfield County,49017,NA,NA,NA,0,0,0.0625,0,0.35865988810644694,5,80,0.06513026052104208,0.008807014978486238,0.12145350606359792,65,998,NA,NA,NA,0,0,NA,NA,NA,0,0,NA
49,019,UT,Grand County,49019,NA,NA,NA,0,80,0.13025210084033614,0,0.34109417468352554,62,476,0.1352619233776388,0.02563236106826737,0.2448914856870102,173,1279,NA,NA,NA,0,0,NA,NA,NA,0,22,NA
49,021,UT,Iron County,49021,0.25,0,0.5329063741673802,64,256,0.27976926246394723,0.16050814935715754,0.39903037557073695,679,2427,0.11103500761035008,0.07465719797391067,0.1474128172467895,1459,13140,0.09333333333333334,0,0.7789301079921361,7,75,NA,NA,NA,0,285,NA
49,023,UT,Juab County,49023,NA,NA,NA,11,11,0.26421404682274247,0.11052242654353711,0.4179056671019478,79,299,0.06528270964217427,0.029444364303915477,0.10112105498043306,239,3661,NA,NA,NA,0,32,NA,NA,NA,0,0,NA
49,025,UT,Kane County,49025,NA,NA,NA,0,0,NA,NA,NA,0,12,0.12672521957340024,0.03512456104973301,0.2183258780970675,202,1594,NA,NA,NA,0,0,NA,NA,NA,0,0,NA
49,027,UT,Millard County,49027,NA,NA,NA,0,26,0.20113314447592068,0.056996983653070404,0.345269305298771,142,706,0.07251908396946564,0.023603930978873533,0.12143423696005776,228,3144,NA,NA,NA,4,4,NA,NA,NA,0,36,NA
49,029,UT,Morgan County,49029,NA,NA,NA,0,0,0.0703125,0,0.3748441527995754,9,128,0.009766126959650475,0,0.026814686411076205,38,3891,NA,NA,NA,0,0,NA,NA,NA,0,57,NA
49,031,UT,Piute County,49031,NA,NA,NA,0,0,NA,NA,NA,0,28,0.05782312925170068,0,0.13867406959000494,17,294,NA,NA,NA,0,0,NA,NA,NA,0,0,NA
49,033,UT,Rich County,49033,NA,NA,NA,2,2,NA,NA,NA,0,39,NA,NA,NA,0,680,NA,NA,NA,0,0,NA,NA,NA,0,4,NA
49,035,UT,Salt Lake County,49035,0.16314863676341249,0.08402619969553517,0.24227107383128982,371,2274,0.12594583831142972,0.1083582693311404,0.14353340729171904,10120,80352,0.04993699808961949,0.04325446732886744,0.05661952885037154,8600,172217,0.3470645929662323,0.2770884921729446,0.41704069375952,2477,7137,0.09945689069925323,0.06321605953239079,0.13569772186611567,1465,14730,NA
49,037,UT,San Juan County,49037,0.27053669222343923,0.21292954583240847,0.32814383861447,494,1826,0.06645569620253164,0,0.17951309484402225,21,316,0.05982905982905983,0.02084661420938804,0.09881150544873163,105,1755,NA,NA,NA,0,0,NA,NA,NA,0,0,NA
49,039,UT,Sanpete County,49039,NA,NA,NA,0,16,0.2148846960167715,0.1310055781491527,0.2987638138843903,205,954,0.20144685587089595,0.15014547276686846,0.25274823897492343,1086,5391,NA,NA,NA,0,27,0.5432098765432098,0.04695354550068931,1,44,81,NA
49,041,UT,Sevier County,49041,NA,NA,NA,0,34,0.10909090909090909,0.015025377115610195,0.20315644106620798,48,440,0.08989197530864197,0.055998463555649775,0.12378548706163417,466,5184,NA,NA,NA,0,4,NA,NA,NA,0,7,NA
49,043,UT,Summit County,49043,NA,NA,NA,0,84,0.06331360946745562,0.00977860808801162,0.11684861084689963,107,1690,0.029858776059179557,0.012233293565783721,0.04748425855257539,222,7435,NA,NA,NA,0,25,NA,NA,NA,0,91,NA
49,045,UT,Tooele County,49045,NA,NA,NA,22,82,0.12540415704387992,0.07607034721662748,0.17473796687113236,543,4330,0.03758716480526107,0.020111659251169405,0.055062670359352736,663,17639,0.0728476821192053,0,0.24026625068951363,22,302,NA,NA,NA,0,399,NA
49,047,UT,Uintah County,49047,0.0377906976744186,0,0.1928247489533011,13,344,0.08172362555720654,0.010256678278457484,0.1531905728359556,110,1346,0.10872134247222878,0.07039243260956098,0.1470502523348966,920,8462,NA,NA,NA,142,142,NA,NA,NA,0,78,NA
49,049,UT,Utah County,49049,0.17991004497751126,0.002605001642465077,0.35721508831255744,120,667,0.1393138991786117,0.11660139059893512,0.16202640775828828,5190,37254,0.051343090935658274,0.044656978199078295,0.05802920367223825,8433,164248,0.3326488706365503,0.17861635860400799,0.4866813826690926,486,1461,0.11816130851663846,0.06465479633882318,0.17166782069445374,419,3546,NA
49,051,UT,Wasatch County,49051,NA,NA,NA,0,0,0.12425492893168272,0.04472315392748687,0.20378670393587855,271,2181,0.056293568328291466,0.022084393990384872,0.09050274266619807,428,7603,NA,NA,NA,0,12,NA,NA,NA,0,157,NA
49,053,UT,Washington County,49053,NA,NA,NA,77,149,0.19629497684360528,0.13256939756895159,0.26002055611825897,1653,8421,0.10458595462438441,0.08156158097098846,0.12761032827778038,3674,35129,0.13986013986013987,0,0.5967337518545692,20,143,0.4698275862068966,0.3177874018383171,0.621867770575476,327,696,NA
49,055,UT,Wayne County,49055,NA,NA,NA,0,0,NA,NA,NA,0,6,0.09448818897637795,0.01571598049224357,0.17326039746051233,48,508,NA,NA,NA,0,0,NA,NA,NA,0,0,NA
49,057,UT,Weber County,49057,0.24475524475524477,0,0.5104282671481368,70,286,0.14766407119021135,0.11140162082952892,0.18392652155089378,2655,17980,0.08374517777082682,0.0668151411561423,0.10067521438551134,4016,47955,0.4357298474945534,0.17913367204280495,0.6923260229463019,200,459,0.13829787234042554,0.0028530240184914957,0.2737427206623596,104,752,NA
50,000,VT,Vermont,50000,0.35185185185185186,0.16932712204446962,0.5343765816592341,76,216,0.18823236100723012,0.1286794061987536,0.24778531581570665,755,4011,0.09768881804806277,0.08797832858838536,0.10739930750774018,9561,97872,0.17539682539682538,0.042486002671673045,0.30830764812197775,221,1260,0.13729405891163254,0.0657538438878133,0.2088342739354518,275,2003,NA
50,001,VT,Addison County,50001,NA,NA,NA,0,0,0.1116751269035533,0,0.30595556211654623,22,197,0.06818181818181818,0.047627862963344564,0.08873577340029179,351,5148,NA,NA,NA,0,39,NA,NA,NA,0,100,NA
50,003,VT,Bennington County,50003,NA,NA,NA,12,13,0.45714285714285713,0.17595173350275617,0.7383339807829581,144,315,0.14548238897396631,0.09310209117390289,0.19786268677402974,855,5877,NA,NA,NA,12,44,NA,NA,NA,24,30,NA
50,005,VT,Caledonia County,50005,NA,NA,NA,5,20,0.026785714285714284,0,0.19736191134264688,6,224,0.13249082755809213,0.09678266239099118,0.1681989927251931,650,4906,NA,NA,NA,0,24,NA,NA,NA,0,3,NA
50,007,VT,Chittenden County,50007,NA,NA,NA,12,25,0.1749084249084249,0.02768219496061622,0.3221346548562336,191,1092,0.05052178976127559,0.03454832857644806,0.06649525094610312,1128,22327,0.2186046511627907,0.03175477663525844,0.405454525690323,188,860,0.11461908030199039,0.018284645795872495,0.21095351480810828,167,1457,NA
50,009,VT,Essex County,50009,NA,NA,NA,0,3,NA,NA,NA,2,2,0.15,0.05549580719258146,0.24450419280741853,135,900,NA,NA,NA,0,0,NA,NA,NA,20,24,NA
50,011,VT,Franklin County,50011,0.8076923076923077,0.3968158269859643,1,42,52,0.2129032258064516,0.029635981521195454,0.39617047009170775,66,310,0.1196092694585888,0.08478394677986789,0.1544345921373097,1151,9623,NA,NA,NA,0,14,NA,NA,NA,12,20,NA
50,013,VT,Grand Isle County,50013,NA,NA,NA,0,14,NA,NA,NA,0,45,0.07142857142857142,0.02317195368535071,0.11968518917179213,76,1064,NA,NA,NA,0,4,NA,NA,NA,0,0,NA
50,015,VT,Lamoille County,50015,NA,NA,NA,0,14,0.03954802259887006,0,0.23387934490277332,7,177,0.09370131315379479,0.03928912404251507,0.14811350226507453,421,4493,0.20512820512820512,0,0.7205837752114979,16,78,NA,NA,NA,0,33,NA
50,017,VT,Orange County,50017,NA,NA,NA,0,1,0.0916030534351145,0,0.3064119803363874,12,131,0.12188841201716738,0.08468981272747564,0.15908701130685912,568,4660,NA,NA,NA,0,32,NA,NA,NA,0,24,NA
50,019,VT,Orleans County,50019,NA,NA,NA,5,19,0.09848484848484848,0.009620737167108193,0.18734895980258875,13,132,0.14787547328565417,0.11745192280990784,0.17829902376140053,703,4754,NA,NA,NA,5,34,NA,NA,NA,0,60,NA
50,021,VT,Rutland County,50021,NA,NA,NA,0,21,0.3103448275862069,0.09272473501317297,0.5279649201592409,117,377,0.09278350515463918,0.06538479071390779,0.12018221959537057,864,9312,NA,NA,NA,0,14,NA,NA,NA,0,74,NA
50,023,VT,Washington County,50023,NA,NA,NA,0,0,0.01466275659824047,0,0.10201759131055373,5,341,0.0958860423089189,0.05650791291856545,0.13526417169927235,902,9407,NA,NA,NA,0,76,NA,NA,NA,0,27,NA
50,025,VT,Windham County,50025,NA,NA,NA,0,28,0.23053892215568864,0.04011562290074819,0.4209622214106291,77,334,0.12063394368364364,0.0689531922948103,0.172314695072477,784,6499,NA,NA,NA,0,6,NA,NA,NA,52,71,NA
50,027,VT,Windsor County,50027,NA,NA,NA,0,6,0.27844311377245506,0.07997071453900412,0.476915513005906,93,334,0.10930128061109863,0.07411127351836111,0.14449128770383615,973,8902,NA,NA,NA,0,35,NA,NA,NA,0,80,NA
51,000,VA,Virginia,51000,0.17299155090935128,0.12941931066331697,0.2165637911553856,1208,6983,0.1637624881931349,0.15471004664326526,0.17281492974300455,48372,295379,0.07998817355948883,0.07631482980121154,0.08366151731776611,74128,926737,0.23501181271783705,0.22478505578399124,0.24523856965168286,82464,350893,0.06547398551944772,0.057447935117428725,0.07350003592146671,7777,118780,NA
51,001,VA,Accomack County,51001,NA,NA,NA,0,0,0.1429572529782761,0.02980113990258465,0.25611336605396756,204,1427,0.1327845382963493,0.07926827306878986,0.18630080352390876,371,2794,0.19477543538038497,0.11114233890463938,0.27840853185613057,425,2182,NA,NA,NA,0,7,NA
51,003,VA,Albemarle County,51003,NA,NA,NA,0,104,0.1697622585438336,0.028590040564269698,0.31093447652339745,457,2692,0.06303583977512298,0.040615641151204696,0.08545603839904126,897,14230,0.21511922881785894,0.10816771099530345,0.32207074664041446,424,1971,0.0074005550416281225,0,0.08555729688414783,8,1081,NA
51,005,VA,Alleghany County,51005,NA,NA,NA,0,0,NA,NA,NA,0,142,0.08126410835214447,0.02800196425877085,0.13452625244551808,180,2215,NA,NA,NA,0,286,NA,NA,NA,0,0,NA
51,007,VA,Amelia County,51007,NA,NA,NA,0,0,NA,NA,NA,0,115,0.07342657342657342,0.023723834191881024,0.12312931266126582,147,2002,0.07109004739336493,0,0.2267803917820218,30,422,NA,NA,NA,29,29,NA
51,009,VA,Amherst County,51009,NA,NA,NA,0,6,0.5506756756756757,0.2524834898366579,0.8488678615146934,163,296,0.10380704658311658,0.059040999438967,0.14857309372726618,439,4229,0.08333333333333333,0,0.16891239809431452,64,768,NA,NA,NA,0,76,NA
51,011,VA,Appomattox County,51011,NA,NA,NA,0,0,0.7394957983193278,0.29629634547593514,1,88,119,0.13227722772277228,0.0677083600954467,0.19684609535009787,334,2525,0.23917995444191345,0.041067165273489914,0.437292743610337,105,439,0.6785714285714286,0.26963256541353675,1,19,28,NA
51,013,VA,Arlington County,51013,0.06088560885608856,0,0.22053017514946843,33,542,0.09493315357824963,0.05169350146772522,0.13817280568877405,845,8901,0.026761992174291097,0.014979201590932495,0.0385447827576497,554,20701,0.29788749109897933,0.20490410192515474,0.3908708802728039,1255,4213,0.1406003159557662,0.08091474302074707,0.2002858888907853,445,3165,NA
51,015,VA,Augusta County,51015,NA,NA,NA,0,0,0.22130299896587383,0.0844550603624904,0.35815093756925725,214,967,0.06514218209433803,0.03887131046431854,0.09141305372435751,772,11851,0.425531914893617,0.14729980258923592,0.7037640271979981,200,470,NA,NA,NA,14,51,NA
51,017,VA,Bath County,51017,NA,NA,NA,0,0,NA,NA,NA,0,65,0.41776315789473684,0.16073036100311555,0.6747959547863581,254,608,NA,NA,NA,0,0,NA,NA,NA,0,0,NA
51,019,VA,Bedford County,51019,NA,NA,NA,0,35,0.08489208633093526,0,0.1809851026740521,59,695,0.08460853372196583,0.055640774963331543,0.11357629248060012,1045,12351,0.4389312977099237,0.1566460369144413,0.721216558505406,345,786,0.17370892018779344,0,0.49821670180147243,37,213,NA
51,021,VA,Bland County,51021,NA,NA,NA,0,0,NA,NA,NA,0,0,0.2179640718562874,0.04914365992850403,0.3867844837840708,182,835,NA,NA,NA,0,0,NA,NA,NA,0,0,NA
51,023,VA,Botetourt County,51023,NA,NA,NA,0,0,NA,NA,NA,0,273,0.04648609077598829,0.017674684297082875,0.07529749725489371,254,5464,NA,NA,NA,0,24,NA,NA,NA,0,0,NA
51,025,VA,Brunswick County,51025,NA,NA,NA,22,22,NA,NA,NA,0,21,0.06666666666666667,0.014106530773921988,0.11922680255941134,59,885,0.4336734693877551,0.31396172792735455,0.5533852108481556,595,1372,NA,NA,NA,0,10,NA
51,027,VA,Buchanan County,51027,NA,NA,NA,0,0,NA,NA,NA,44,56,0.3108153078202995,0.22522439672747255,0.39640621891312644,934,3005,NA,NA,NA,0,0,NA,NA,NA,0,70,NA
51,029,VA,Buckingham County,51029,NA,NA,NA,0,0,0.859375,0.5284694345151681,1,110,128,0.07391064533921676,0.03317440163842342,0.11464688904001011,134,1813,0.35182679296346414,0.23224285407712011,0.4714107318498082,260,739,NA,NA,NA,0,0,NA
51,031,VA,Campbell County,51031,NA,NA,NA,0,0,0.14285714285714285,0,0.3492165268657059,81,567,0.15309489243764024,0.1108482854181964,0.19534149945708407,1160,7577,0.13423423423423422,0.044305790694869535,0.2241626777735989,149,1110,NA,NA,NA,0,116,NA
51,033,VA,Caroline County,51033,NA,NA,NA,0,11,0.41975308641975306,0.23767517866865234,0.6018309941708537,340,810,0.11318944844124701,0.05993929413613895,0.16643960274635505,472,4170,0.31613431613431614,0.17191453561963652,0.46035409664899574,386,1221,NA,NA,NA,0,72,NA
51,035,VA,Carroll County,51035,NA,NA,NA,0,0,0.17034700315457413,0,0.38595212041896876,54,317,0.219763022579924,0.15852985572689332,0.2809961894329547,983,4473,NA,NA,NA,0,0,NA,NA,NA,0,15,NA
51,036,VA,Charles City County,51036,NA,NA,NA,0,20,NA,NA,NA,10,28,0.030456852791878174,0,0.10449083346560589,12,394,0.16954022988505746,0.066669368218522,0.27241109155159293,59,348,NA,NA,NA,0,0,NA
51,037,VA,Charlotte County,51037,NA,NA,NA,0,0,0.24299065420560748,0,0.5498291192861378,26,107,0.2528957528957529,0.15313699669679973,0.3526545090947061,393,1554,0.3056234718826406,0.14134661492772907,0.4699003288375522,125,409,NA,NA,NA,0,7,NA
51,041,VA,Chesterfield County,51041,0.09900990099009901,0.002285228118024271,0.19573457386217374,60,606,0.17728202758893802,0.1319747359944114,0.22258931918346464,2686,15151,0.04003305481590304,0.02870805326775862,0.05135805636404746,1744,43564,0.13984674329501914,0.10631044292833024,0.17338304366170804,2774,19836,0.09579100145137881,0.018570195171958417,0.17301180773079922,264,2756,NA
51,043,VA,Clarke County,51043,NA,NA,NA,0,30,0.18635170603674542,0,0.39435052135110094,71,381,0.047465437788018434,0,0.09897217498182984,103,2170,0.19230769230769232,0,0.4454830310166794,50,260,NA,NA,NA,0,17,NA
51,045,VA,Craig County,51045,NA,NA,NA,0,0,NA,NA,NA,0,0,0.21476510067114093,0.05932050620229973,0.37020969513998214,192,894,NA,NA,NA,0,0,NA,NA,NA,0,0,NA
51,047,VA,Culpeper County,51047,NA,NA,NA,0,64,0.23019104290635767,0.1115971902546649,0.3487848955580504,735,3193,0.06636250518457072,0.021457173355738768,0.11126783701340268,480,7233,0.011648745519713262,0,0.06388018692325237,13,1116,NA,NA,NA,24,71,NA
51,049,VA,Cumberland County,51049,NA,NA,NA,0,0,0.23255813953488372,0,0.7633014072844688,20,86,0.02930728241563055,0,0.0655838159481431,33,1126,NA,NA,NA,0,414,NA,NA,NA,0,0,NA
51,051,VA,Dickenson County,51051,NA,NA,NA,0,0,NA,NA,NA,3,24,0.24823529411764705,0.15079476472454328,0.3456758235107508,633,2550,NA,NA,NA,0,5,NA,NA,NA,0,3,NA
51,053,VA,Dinwiddie County,51053,NA,NA,NA,0,0,NA,NA,NA,0,374,0.1372670807453416,0.07329882314235737,0.20123533834832585,442,3220,0.2985179957657022,0.155485160569833,0.44155083096157144,423,1417,NA,NA,NA,0,0,NA
51,057,VA,Essex County,51057,NA,NA,NA,0,8,0.05228758169934641,0,0.2312728739973061,8,153,NA,NA,NA,0,775,0.31721698113207547,0.09628672677369604,0.5381472354904548,269,848,NA,NA,NA,0,23,NA
51,059,VA,Fairfax County,51059,0.13829787234042554,0.03904573410259403,0.23755001057825703,221,1598,0.14792253993824675,0.12771225682800375,0.16813282304848975,8815,59592,0.037110884269373506,0.028813393026254006,0.04540837551249301,3890,104821,0.10442188286625273,0.07595003585714023,0.1328937298753652,2489,23836,0.0529500756429652,0.037953796606016665,0.06794635467991374,2240,42304,NA
51,061,VA,Fauquier County,51061,NA,NA,NA,0,29,0.2621019108280255,0.1659698870792562,0.35823393457679475,823,3140,0.04300139275766017,0.022185154964471352,0.06381763055084899,494,11488,0.14570858283433133,0.032224910931302544,0.25919225473736013,146,1002,0.2887700534759358,0,0.7581910997603138,54,187,NA
51,063,VA,Floyd County,51063,NA,NA,NA,0,0,0.11504424778761062,0,0.5067879705702748,13,113,0.06712696586114307,0.024050030632099324,0.11020390109018682,175,2607,NA,NA,NA,39,39,NA,NA,NA,0,6,NA
51,065,VA,Fluvanna County,51065,NA,NA,NA,0,27,0.11529411764705882,0,0.3121467668205463,49,425,0.0843604491920022,0.03548519864771977,0.13323569973628463,308,3651,NA,NA,NA,0,296,0.7142857142857143,0.2812216763290271,1,40,56,NA
51,067,VA,Franklin County,51067,NA,NA,NA,0,49,0.37268847795163584,0.18588689910364115,0.5594900567996306,262,703,0.17602578405850997,0.1262400001969293,0.22581156792009063,1420,8067,0.15481832543443919,0.013200265295332247,0.2964363855735461,98,633,NA,NA,NA,0,47,NA
51,069,VA,Frederick County,51069,NA,NA,NA,23,71,0.17478713339640492,0.10289455888018886,0.24667970791262098,739,4228,0.05354286906334747,0.03213090663801518,0.07495483148867976,770,14381,0.06839945280437756,0,0.15115073709079713,50,731,0.1276595744680851,0,0.3685359208781193,48,376,NA
51,071,VA,Giles County,51071,NA,NA,NA,0,0,0.15384615384615385,0,0.6594545900138955,14,91,0.0657323990657324,0.03106423799355621,0.1004005601379086,197,2997,0.9752066115702479,0.28477458740775563,1,118,121,NA,NA,NA,0,17,NA
51,073,VA,Gloucester County,51073,NA,NA,NA,0,16,0.03896103896103896,0,0.1700474011788904,21,539,0.055191445325974475,0.020711540436212927,0.08967135021573602,320,5798,0.03197158081705151,0,0.11654036758615846,18,563,NA,NA,NA,0,81,NA
51,075,VA,Goochland County,51075,NA,NA,NA,0,0,NA,NA,NA,0,305,0.04460386774797255,0.014581254528910348,0.07462648096703475,143,3206,0.037267080745341616,0,0.15732823908590626,18,483,NA,NA,NA,0,0,NA
51,077,VA,Grayson County,51077,NA,NA,NA,0,0,0.03535353535353535,0,0.2300186844143156,7,198,0.23709369024856597,0.15667427825354507,0.31751310224358686,496,2092,NA,NA,NA,44,73,NA,NA,NA,0,0,NA
51,079,VA,Greene County,51079,NA,NA,NA,0,0,0.42504409171075835,0.25445415863283477,0.595634024788682,241,567,0.13521457965902411,0.06260925257705816,0.20781990674099007,460,3402,0.3088235294117647,0.020834516227163202,0.5968125425963662,105,340,NA,NA,NA,0,57,NA
51,081,VA,Greensville County,51081,NA,NA,NA,0,0,NA,NA,NA,6,7,0.047516198704103674,0.0025418881444158187,0.09249050926379153,22,463,0.08425925925925926,0.00848679672819154,0.160031721790327,91,1080,NA,NA,NA,0,0,NA
51,083,VA,Halifax County,51083,NA,NA,NA,0,2,0.22413793103448276,0.07319347543828184,0.3750823866306837,65,290,0.21623772884054127,0.13650207959326766,0.2959733780878149,815,3769,0.38015206082432973,0.26003600042086494,0.5002681212277945,950,2499,NA,NA,NA,0,37,NA
51,085,VA,Hanover County,51085,NA,NA,NA,0,9,0.29092113982770046,0.1684855911163467,0.4133566885390542,439,1509,0.04373161964927568,0.029536518892246573,0.05792672040630479,803,18362,0.24332712600869025,0.12454708895781573,0.36210716305956475,392,1611,NA,NA,NA,0,565,NA
51,087,VA,Henrico County,51087,NA,NA,NA,0,201,0.24976284049329178,0.18109886162483424,0.3184268193617493,1843,7379,0.049299795143903015,0.03620233500225745,0.062397255285548577,1468,29777,0.19896558037348958,0.1625550471970743,0.23537611354990484,4347,21848,0.04279953167685703,0.010422612408242618,0.07517645094547144,329,7687,NA
51,089,VA,Henry County,51089,NA,NA,NA,67,67,0.18745545260156807,0.09025190159033925,0.2846590036127969,263,1403,0.19383991147178162,0.11812456257959275,0.2695552603639705,1051,5422,0.25758354755784063,0.158576915014797,0.3565901801008843,501,1945,NA,NA,NA,0,90,NA
51,091,VA,Highland County,51091,NA,NA,NA,0,0,NA,NA,NA,0,0,0.09032258064516129,0,0.18858025429493205,28,310,NA,NA,NA,0,0,NA,NA,NA,0,2,NA
51,093,VA,Isle of Wight County,51093,NA,NA,NA,0,17,0.034782608695652174,0,0.1145230353391394,20,575,0.03639386661740255,0.009003525651763558,0.06378420758304154,197,5413,0.05733944954128441,0,0.13526059410600638,100,1744,NA,NA,NA,0,114,NA
51,095,VA,James City County,51095,NA,NA,NA,0,0,0.1263823064770932,0.03184718070089561,0.2209174322532908,240,1899,0.0196078431372549,0.004760600262581925,0.03445508601192788,185,9435,0.2138239681750373,0.09586187581352605,0.3317860605365485,430,2011,0.07710843373493977,0,0.3407744789007411,32,415,NA
51,097,VA,King and Queen County,51097,NA,NA,NA,0,0,NA,NA,NA,65,74,0.28917378917378916,0.15019631336465603,0.42815126498292233,203,702,0.6011560693641619,0.3496896001527379,0.8526225385755859,104,173,NA,NA,NA,0,0,NA
51,099,VA,King George County,51099,NA,NA,NA,0,0,0.1838351822503962,0,0.45042687672276305,116,631,0.058206958073148976,0.02302685291207933,0.09338706323421862,261,4484,0.20287958115183247,0,0.4160576146371673,155,764,NA,NA,NA,0,25,NA
51,101,VA,King William County,51101,NA,NA,NA,0,25,NA,NA,NA,0,215,0.03700189753320683,0.003540910628121431,0.07046288443829224,117,3162,0.04215456674473068,0,0.16259595713089572,18,427,NA,NA,NA,0,0,NA
51,103,VA,Lancaster County,51103,NA,NA,NA,0,0,NA,NA,NA,0,2,0.10909090909090909,0,0.21960640565425094,84,770,0.2881646655231561,0.037816158289089685,0.5385131727572225,168,583,NA,NA,NA,0,7,NA
51,105,VA,Lee County,51105,NA,NA,NA,0,0,0.0547945205479452,0,0.6478335268610426,4,73,0.4422768572955639,0.3717404534672677,0.51281326112386,1655,3742,NA,NA,NA,0,4,NA,NA,NA,0,0,NA
51,107,VA,Loudoun County,51107,0.04216867469879518,0,0.08501960454307547,7,166,0.09411638738690509,0.06283915367226024,0.12539362110154995,1758,18679,0.02844311377245509,0.019382085185603394,0.03750414235930678,1482,52104,0.11843627110802683,0.07249906211066037,0.1643734801053933,1024,8646,0.022862537454336494,0.013217025207542482,0.032508049701130505,557,24363,NA
51,109,VA,Louisa County,51109,NA,NA,NA,0,0,0.21653543307086615,0.015031340719710795,0.4180395254220215,110,508,0.09942154736080984,0.05222444777785027,0.14661864694376942,550,5532,0.13851351351351351,0.02182479284170341,0.2552022341853236,82,592,NA,NA,NA,0,37,NA
51,111,VA,Lunenburg County,51111,NA,NA,NA,0,0,0.3400673400673401,0.17221186933046953,0.5079228108042106,101,297,0.08153078202995008,0.026722899644586483,0.13633866441531367,98,1202,0.2737752161383285,0.0863236854016099,0.4612267468750471,190,694,NA,NA,NA,0,0,NA
51,113,VA,Madison County,51113,NA,NA,NA,0,0,0.17682926829268292,0,0.4255417388047059,29,164,0.1341301460823373,0.0642340540040043,0.20402623816067034,303,2259,0.3076923076923077,0.004098294315263928,0.6112863210693515,60,195,NA,NA,NA,0,0,NA
51,115,VA,Mathews County,51115,NA,NA,NA,0,0,NA,NA,NA,0,42,0.08538899430740038,0,0.18860072076098888,90,1054,NA,NA,NA,0,82,NA,NA,NA,0,0,NA
51,117,VA,Mecklenburg County,51117,NA,NA,NA,0,0,0.2912912912912913,0.15977385414220638,0.4228087284403762,97,333,0.1146804835924007,0.058152351140962566,0.17120861604383883,332,2895,0.2983623336745138,0.18387793434078062,0.41284673300824704,583,1954,NA,NA,NA,0,3,NA
51,119,VA,Middlesex County,51119,NA,NA,NA,0,0,NA,NA,NA,0,101,0.09477413640389726,0.012864802456768423,0.1766834703510261,107,1129,NA,NA,NA,0,271,NA,NA,NA,0,0,NA
51,121,VA,Montgomery County,51121,NA,NA,NA,0,2,0.289825282631038,0.18639521363470934,0.3932553516273667,282,973,0.11998980978260869,0.079851394186402,0.16012822537881538,1413,11776,0.34234234234234234,0.021331305154345337,0.6633533795303393,152,444,0.13220338983050847,0,0.28765155862131964,78,590,NA
51,125,VA,Nelson County,51125,NA,NA,NA,0,0,0.21370967741935484,0.005507947994041168,0.42191140684466855,53,248,0.07392776523702031,0.02419267074138641,0.12366285973265422,131,1772,0.059748427672955975,0,0.2259933044683467,19,318,NA,NA,NA,0,0,NA
51,127,VA,New Kent County,51127,0.15384615384615385,0.014417016147599382,0.2932752915447083,6,39,NA,NA,NA,0,255,0.017279821627647716,0,0.036038829964150323,62,3588,0.24661246612466126,0,0.56699546070179,91,369,NA,NA,NA,0,23,NA
51,131,VA,Northampton County,51131,NA,NA,NA,0,0,0.28465346534653463,0.09234950432054465,0.4769574263725246,115,404,0.15674362089914945,0.07255935044843657,0.2409278913498623,129,823,0.5595984943538268,0.2721456568106107,0.847051331897043,446,797,NA,NA,NA,0,31,NA
51,133,VA,Northumberland County,51133,NA,NA,NA,0,0,NA,NA,NA,0,98,0.2720306513409962,0.142181439628966,0.40187986305302636,213,783,0.17687074829931973,0,0.508422370145665,52,294,0.06278026905829596,0,0.3403607761191484,14,223,NA
51,135,VA,Nottoway County,51135,NA,NA,NA,0,0,0.07894736842105263,0,0.32313894595761694,18,228,0.04560697518443997,0,0.09412998732280414,68,1491,0.3201471941122355,0.16533814225160268,0.47495624597286834,348,1087,NA,NA,NA,3,8,NA
51,137,VA,Orange County,51137,NA,NA,NA,0,0,0.06037321624588365,0,0.1976568253628682,55,911,0.1447297539953313,0.07662363419579674,0.21283587379486588,806,5569,0.29411764705882354,0.1523518061161322,0.4358834880015149,125,425,NA,NA,NA,0,0,NA
51,139,VA,Page County,51139,NA,NA,NA,0,0,0.025,0,0.24192464995328739,5,200,0.10621193666260657,0.060584038430979,0.15183983489423414,436,4105,NA,NA,NA,0,87,NA,NA,NA,0,21,NA
51,141,VA,Patrick County,51141,NA,NA,NA,0,0,NA,NA,NA,0,179,0.09544049459041731,0.04136508449274654,0.1495159046880881,247,2588,0.1732283464566929,0,0.6110531716755802,22,127,NA,NA,NA,6,15,NA
51,143,VA,Pittsylvania County,51143,NA,NA,NA,0,0,0.28314238952536824,0.11749633093832262,0.44878844811241386,173,611,0.13641867348311584,0.0971244441735065,0.17571290279272517,1014,7433,0.26618332470222683,0.1748047411335531,0.35756190827090056,514,1931,NA,NA,NA,0,19,NA
51,145,VA,Powhatan County,51145,NA,NA,NA,0,66,NA,NA,NA,0,138,0.020317460317460317,0.003432960183412801,0.03720196045150784,96,4725,NA,NA,NA,0,169,NA,NA,NA,0,8,NA
51,147,VA,Prince Edward County,51147,NA,NA,NA,0,53,NA,NA,NA,0,80,0.12446873102610807,0.034203163900571376,0.21473429815164477,205,1647,0.4508816120906801,0.34932408898691436,0.5524391351944459,537,1191,NA,NA,NA,0,80,NA
51,149,VA,Prince George County,51149,NA,NA,NA,0,19,0.027800490596892886,0,0.09059059875387224,34,1223,0.09210194297249559,0.029469992619776716,0.15473389332521448,365,3963,0.22170542635658916,0.13046926300463643,0.3129415897085419,572,2580,NA,NA,NA,0,131,NA
51,153,VA,Prince William County,51153,0.13509749303621169,0.0015381150520426823,0.2686568710203807,97,718,0.14570214508780013,0.12124090724936915,0.17016338292623112,5692,39066,0.026571295135560308,0.01772244703487046,0.03542014323625016,1081,40683,0.06244492005539469,0.04470945326224451,0.08018038684854487,1488,23829,0.09007809726659567,0.06301281154374065,0.11714338298945069,1015,11268,NA
51,155,VA,Pulaski County,51155,NA,NA,NA,0,0,NA,NA,NA,0,206,0.21461646869337628,0.15999122420737039,0.26924171317938217,1066,4967,NA,NA,NA,0,44,NA,NA,NA,0,35,NA
51,157,VA,Rappahannock County,51157,NA,NA,NA,0,0,NA,NA,NA,0,143,0.19662921348314608,0,0.3943239524760373,175,890,NA,NA,NA,22,36,NA,NA,NA,0,0,NA
51,159,VA,Richmond County,51159,NA,NA,NA,0,4,NA,NA,NA,0,207,0.016816143497757848,0,0.04524682518503806,15,892,NA,NA,NA,0,387,NA,NA,NA,0,0,NA
51,161,VA,Roanoke County,51161,NA,NA,NA,0,33,0.09953343701399689,0,0.21167502800240645,128,1286,0.06035519705653435,0.0356722744264827,0.085038119686586,853,14133,0.12133550488599348,0.0317718999165493,0.21089910985543767,149,1228,0.0036363636363636364,0,0.0819414506801461,3,825,NA
51,163,VA,Rockbridge County,51163,NA,NA,NA,0,3,NA,NA,NA,0,176,0.07451612903225806,0.036262362907462334,0.11276989515705378,231,3100,NA,NA,NA,0,231,NA,NA,NA,7,25,NA
51,165,VA,Rockingham County,51165,NA,NA,NA,0,57,0.2551950419248997,0.1517504179619894,0.35863966588781004,700,2743,0.07908127208480566,0.052810448905053334,0.10535209526455798,1119,14150,0.44258373205741625,0.13983269456570913,0.7453347695491234,185,418,0.2057142857142857,0,0.8206553654445349,36,175,NA
51,167,VA,Russell County,51167,NA,NA,NA,0,7,NA,NA,NA,38,45,0.1567261645624728,0.11011253774698943,0.20333979137795616,720,4594,NA,NA,NA,0,0,NA,NA,NA,0,0,NA
51,169,VA,Scott County,51169,NA,NA,NA,0,0,0.4537037037037037,0.11722570938467397,0.7901816980227334,49,108,0.25855188141391106,0.192526424341269,0.3245773384865531,907,3508,NA,NA,NA,0,43,NA,NA,NA,0,10,NA
51,171,VA,Shenandoah County,51171,NA,NA,NA,0,16,0.21777777777777776,0.10605734905399648,0.32949820650155903,294,1350,0.18341954424716903,0.1388878954252434,0.22795119306909464,1312,7153,0.5793871866295265,0.3753702725002219,0.783404100758831,208,359,NA,NA,NA,0,134,NA
51,173,VA,Smyth County,51173,NA,NA,NA,0,0,NA,NA,NA,0,194,0.18856589147286823,0.12893000664099652,0.24820177630473994,973,5160,0.14678899082568808,0,0.4541630993765175,16,109,NA,NA,NA,0,18,NA
51,175,VA,Southampton County,51175,NA,NA,NA,0,0,0.08536585365853659,0,0.2757188733113518,14,164,0.0371708828084667,0,0.07536839936033699,72,1937,0.3071104387291982,0.1111242282688252,0.5030966491895712,203,661,NA,NA,NA,0,41,NA
51,177,VA,Spotsylvania County,51177,0.02127659574468085,0,0.5787539036847282,2,94,0.12472160356347439,0.08361753607770067,0.1658256710492481,840,6735,0.07044870743837787,0.04624986742949319,0.09464754744726256,1289,18297,0.15340801215112967,0.08102593853503899,0.22579008576722037,808,5267,0.10998307952622674,0,0.248680471251029,65,591,NA
51,179,VA,Stafford County,51179,NA,NA,NA,0,182,0.11953451587391255,0.05911339606163197,0.17995563568619313,1058,8851,0.02441809876006091,0.014132805213214871,0.034703392306906944,449,18388,0.04892319183368604,0.02252335498138948,0.0753230286859826,393,8033,0.05955757231990925,0.002107982503046113,0.11700716213677238,105,1763,NA
51,181,VA,Surry County,51181,NA,NA,NA,0,0,NA,NA,NA,0,72,0.08108108108108109,0,0.20932011655306806,39,481,0.43640897755610975,0.19088508474324586,0.6819328703689737,175,401,NA,NA,NA,0,14,NA
51,183,VA,Sussex County,51183,NA,NA,NA,0,0,NA,NA,NA,0,0,0.17846607669616518,0.056269536223695626,0.30066261716863474,121,678,0.20504009163802978,0.14229485401755781,0.26778532925850174,179,873,NA,NA,NA,0,0,NA
51,185,VA,Tazewell County,51185,NA,NA,NA,0,0,0.547486033519553,0.3736573483991671,0.721314718639939,98,179,0.2624927367809413,0.2149003935934678,0.31008507996841483,1807,6884,0.18815331010452963,0,0.48706005621746834,54,287,NA,NA,NA,0,32,NA
51,187,VA,Warren County,51187,NA,NA,NA,0,10,0.05907172995780591,0,0.1307949024869275,56,948,0.17380201291873215,0.10809082384244706,0.23951320199501724,1157,6657,0.11627906976744186,0,0.3364571309193699,60,516,NA,NA,NA,80,106,NA
51,191,VA,Washington County,51191,NA,NA,NA,0,15,0.16835016835016836,0,0.3556594250971086,50,297,0.12010812081325656,0.08216129652300239,0.15805494510351073,1022,8509,0.38492063492063494,0,0.8601205026422702,97,252,NA,NA,NA,0,36,NA
51,193,VA,Westmoreland County,51193,NA,NA,NA,0,0,NA,NA,NA,0,293,0.11411042944785275,0.04628776301741991,0.1819330958782856,186,1630,0.4178168130489335,0.2366278752678758,0.5990057508299912,333,797,NA,NA,NA,0,59,NA
51,195,VA,Wise County,51195,NA,NA,NA,0,0,NA,NA,NA,1,39,0.2036345935421061,0.15375612161313373,0.2535130654710785,1255,6163,0.10687022900763359,0,0.5370649910171222,14,131,NA,NA,NA,0,0,NA
51,197,VA,Wythe County,51197,NA,NA,NA,0,0,0.15,0,0.4687015303689078,21,140,0.1875256462864177,0.1339599964152598,0.24109129615757563,914,4874,NA,NA,NA,56,107,NA,NA,NA,39,39,NA
51,199,VA,York County,51199,NA,NA,NA,0,6,0.06387546967257113,0.01814560542813378,0.10960533391700847,119,1863,0.03639388582718103,0.013393120322650828,0.059394651331711235,350,9617,0.1163184641445511,0.035009095140425994,0.1976278331486762,206,1771,0.10948905109489052,0,0.2334245473815159,90,822,NA
51,510,VA,Alexandria city,51510,0.06583072100313479,0,0.2702489737431215,21,319,0.17360114777618366,0.11934151781356131,0.227860777738806,1331,7667,0.05517241379310345,0.019012106110838138,0.09133272147536875,584,10585,0.15144230769230768,0.08472474566520524,0.21815986971941012,945,6240,0.14692982456140352,0.05381397436823429,0.24004567475457275,201,1368,NA
51,520,VA,Bristol city,51520,NA,NA,NA,0,0,0.6638655462184874,0.43116818898082343,0.8965629034561513,79,119,0.09544049459041731,0.03097090610322667,0.15991008307760796,247,2588,0.3125,0.07227325549524724,0.5527267445047528,55,176,NA,NA,NA,0,0,NA
51,530,VA,Buena Vista city,51530,NA,NA,NA,0,25,NA,NA,NA,0,0,0.3056768558951965,0.14754438286603105,0.46380932892436194,350,1145,NA,NA,NA,0,0,NA,NA,NA,0,40,NA
51,540,VA,Charlottesville city,51540,NA,NA,NA,0,0,NA,NA,NA,0,918,0.056857067649381414,0.019760656255741846,0.09395347904302098,216,3799,0.49002394253790904,0.3301214366412596,0.6499264484345585,614,1253,0.6412429378531074,0.4500970196670281,0.8323888560391867,227,354,NA
51,550,VA,Chesapeake city,51550,0.15789473684210525,0,0.8264200373038217,9,57,0.10049349484073576,0.048820587229182554,0.15216640245228896,672,6687,0.05729854130707009,0.0410338289548525,0.07356325365928769,1693,29547,0.2850835698517818,0.21432799912363648,0.3558391405799271,4520,15855,0.06008793356130923,0,0.12053971352290624,123,2047,NA
51,570,VA,Colonial Heights city,51570,NA,NA,NA,0,71,NA,NA,NA,0,598,0.07430617726051925,0.0309434135505429,0.1176689409704956,166,2234,0.07443609022556391,0,0.17097051023325976,99,1330,0.13917525773195877,0,0.5137997426285528,27,194,NA
51,580,VA,Covington city,51580,NA,NA,NA,0,0,NA,NA,NA,52,58,0.3558515699333968,0.18343917579945346,0.5282639640673401,374,1051,0.7966101694915254,0.576093085669243,1,94,118,NA,NA,NA,0,2,NA
51,590,VA,Danville city,51590,NA,NA,NA,0,11,0.527542372881356,0.33350478082190327,0.7215799649408087,498,944,0.2918524523713012,0.17863003597348545,0.4050748687691169,720,2467,0.39307649357900615,0.30198716676240533,0.48416582039560696,2112,5373,0.09278350515463918,0,0.8769503853535219,9,97,NA
51,595,VA,Emporia city,51595,NA,NA,NA,0,0,NA,NA,NA,0,186,NA,NA,NA,0,50,0.27053669222343923,0.10134449260701933,0.43972889183985914,247,913,NA,NA,NA,0,0,NA
51,600,VA,Fairfax city,51600,NA,NA,NA,0,0,0.09345106696100074,0.015089266838684154,0.17181286708331733,127,1359,0.05913173652694611,0.007274122012835164,0.11098935104105706,158,2672,NA,NA,NA,0,335,0.028735632183908046,0,0.0870060988257691,30,1044,NA
51,610,VA,Falls Church city,51610,NA,NA,NA,0,0,NA,NA,NA,0,428,0.021331058020477817,0,0.05163929324023257,50,2344,NA,NA,NA,0,47,NA,NA,NA,0,209,NA
51,620,VA,Franklin city,51620,NA,NA,NA,0,0,0.31521739130434784,0,0.8279586440539735,29,92,NA,NA,NA,0,612,0.4631367292225201,0.27225600594845145,0.6540174524965887,691,1492,NA,NA,NA,0,0,NA
51,630,VA,Fredericksburg city,51630,NA,NA,NA,0,0,0.1218925421010425,0,0.25329532446415093,152,1247,0.1020128087831656,0.022355079144641105,0.1816705384216901,223,2186,0.47394366197183097,0.21726564984200525,0.7306216741016567,673,1420,0.310126582278481,0.06946967324065406,0.5507834913163079,98,316,NA
51,640,VA,Galax city,51640,NA,NA,NA,0,0,0.43309002433090027,0.19443907851386993,0.6717409701479307,178,411,0.3909348441926346,0.22188040217453975,0.5599892862107294,414,1059,NA,NA,NA,26,39,NA,NA,NA,0,0,NA
51,650,VA,Hampton city,51650,NA,NA,NA,46,46,0.16401590457256462,0.09976218847365442,0.22826962067147483,495,3018,0.17516161113873693,0.1191844082569834,0.23113881402049047,1409,8044,0.22786280404482098,0.17311410832919624,0.2826114997604457,3335,14636,0.02865329512893983,0,0.27110881099633855,10,349,NA
51,660,VA,Harrisonburg city,51660,0.11304347826086956,0,0.6060947078361423,13,115,0.231198511825671,0.14117620378251527,0.3212208198688267,870,3763,0.15384615384615385,0.0711301638443089,0.2365621438479988,520,3380,0.3785450061652281,0.12862252909171482,0.6284674832387415,307,811,0.3246753246753247,0,0.7764475178660953,75,231,NA
51,670,VA,Hopewell city,51670,NA,NA,NA,0,0,0.47883211678832116,0.35753684447638423,0.6001273891002581,328,685,0.15476904619076184,0.06200496035341983,0.24753313202810384,258,1667,0.4837816455696203,0.35752261745700686,0.6100406736822337,1223,2528,NA,NA,NA,0,0,NA
51,678,VA,Lexington city,51678,NA,NA,NA,0,0,NA,NA,NA,0,40,0.3220675944333996,0,0.6716905169745438,162,503,NA,NA,NA,0,0,NA,NA,NA,0,0,NA
51,680,VA,Lynchburg city,51680,NA,NA,NA,0,7,0.1773356401384083,0.05270679621263104,0.3019644840641856,205,1156,0.09325279905715969,0.05730950617395708,0.1291960919403623,633,6788,0.41503870254331,0.3126970500529312,0.5173803550336888,2252,5426,0.0989010989010989,0,0.46209377117856226,27,273,NA
51,683,VA,Manassas city,51683,NA,NA,NA,33,40,0.1046902513206339,0.05210972619307616,0.15727077644819165,654,6247,0.029539188656951557,0,0.06294478987269211,75,2539,0.19935691318327975,0.029324281405291502,0.36938954496126797,248,1244,NA,NA,NA,0,304,NA
51,685,VA,Manassas Park city,51685,0.7034120734908137,0.44251275562382386,0.9643113913578035,268,381,0.15050590219224283,0.06656362357562497,0.2344481808088607,357,2372,0.056439942112879886,0,0.138925352870314,39,691,NA,NA,NA,0,417,NA,NA,NA,0,234,NA
51,690,VA,Martinsville city,51690,NA,NA,NA,0,0,0.37298387096774194,0.08948294473885776,0.6564847971966261,185,496,0.10459183673469388,0.017350907256732412,0.19183276621265535,123,1176,0.2952318745917701,0.1345362600415454,0.45592748914199477,452,1531,NA,NA,NA,295,295,NA
51,700,VA,Newport News city,51700,NA,NA,NA,0,55,0.16454159077109898,0.10244715220128378,0.22663602934091417,1084,6588,0.08414092926365366,0.050615272857451474,0.11766658566985584,929,11041,0.2778112147657739,0.2296625561706196,0.32595987336092824,5539,19938,0.12950257289879932,0.04250995355727774,0.2164951922403209,151,1166,NA
51,710,VA,Norfolk city,51710,0.3309608540925267,0.07028160642724568,0.5916401017578077,93,281,0.18673330304407088,0.13137285819139533,0.24209374789674643,1233,6603,0.07782523709548976,0.053803908568236636,0.10184656562274289,1075,13813,0.40038785356163087,0.35658511487279354,0.4441905922504682,8465,21142,0.17625570776255708,0.048503611674056146,0.304007803851058,193,1095,NA
51,720,VA,Norton city,51720,NA,NA,NA,0,0,NA,NA,NA,0,89,0.3667205169628433,0.1252758910625406,0.608165142863146,227,619,NA,NA,NA,0,0,NA,NA,NA,0,0,NA
51,730,VA,Petersburg city,51730,NA,NA,NA,0,0,0.5025,0.31703641255569415,0.6879635874443057,402,800,0.05303030303030303,0,0.16038341907921103,49,924,0.27365728900255754,0.1964992041395351,0.35081537386558,1712,6256,NA,NA,NA,0,44,NA
51,735,VA,Poquoson city,51735,NA,NA,NA,0,24,0.17989417989417988,0,0.5354966598866946,34,189,0.06612244897959184,0.02706068924542243,0.10518420871376125,162,2450,NA,NA,NA,0,73,NA,NA,NA,0,28,NA
51,740,VA,Portsmouth city,51740,NA,NA,NA,16,66,0.2546838407494145,0.14622037864685722,0.36314730285197183,435,1708,0.11515800749866095,0.05112357228720474,0.17919244271011717,645,5601,0.3060375354107649,0.250621042587623,0.36145402823390677,3457,11296,NA,NA,NA,0,304,NA
51,750,VA,Radford city,51750,NA,NA,NA,0,0,0.42857142857142855,0,0.9563061991456323,51,119,0.15295629820051415,0.04962887445893367,0.25628372194209464,238,1556,0.329004329004329,0,0.8643775107917333,76,231,NA,NA,NA,0,52,NA
51,760,VA,Richmond city,51760,NA,NA,NA,0,44,0.31492972014689125,0.23733669540530028,0.3925227448884822,2487,7897,0.07272929158338885,0.04229145611821638,0.10316712704856132,655,9006,0.37674087628341973,0.31915957860195354,0.4343221739648859,7412,19674,0.28888888888888886,0,0.7582344748809261,78,270,NA
51,770,VA,Roanoke city,51770,NA,NA,NA,0,0,0.4669296116504854,0.37291181288679287,0.560947410414178,1539,3296,0.18248499666592577,0.11988090113871407,0.24508909219313746,1642,8998,0.23911838092597726,0.16585197020448134,0.3123847916474732,1725,7214,0.27168576104746317,0.0789058263848402,0.4644656957100861,166,611,NA
51,775,VA,Salem city,51775,NA,NA,NA,28,28,0.24367816091954023,0.05370630709171567,0.43365001474736475,106,435,0.10854243022272343,0.06395340528572649,0.15313145515972038,385,3547,0.3651226158038147,0.09172141499858305,0.6385238166090463,268,734,NA,NA,NA,0,117,NA
51,790,VA,Staunton city,51790,NA,NA,NA,0,3,0.334375,0,0.6727554221429634,107,320,0.11150338334804354,0.05540249700935316,0.16760426968673392,379,3399,0.39929947460595444,0.14725973827448663,0.6513392109374223,228,571,NA,NA,NA,0,33,NA
51,800,VA,Suffolk city,51800,0.65,0.21439474244555956,1,143,220,0.12151748666271488,0.037967830173395015,0.20506714315203473,205,1687,0.05812417437252312,0.037936905785887716,0.07831144295915851,528,9084,0.2053509724553263,0.1473616685177325,0.2633402763929201,2080,10129,NA,NA,NA,0,364,NA
51,810,VA,Virginia Beach city,51810,NA,NA,NA,0,124,0.10148535391253838,0.07372443918654045,0.1292462686385363,1223,12051,0.07096243047328367,0.0563054316256543,0.08561942932091304,3534,49801,0.28113382899628253,0.2306383777846071,0.33162928020795795,5445,19368,0.05354357996880957,0.021228945993366354,0.08585821394425278,309,5771,NA
51,820,VA,Waynesboro city,51820,NA,NA,NA,0,6,0.3042291950886767,0.03690008071738099,0.5715583094599723,223,733,0.11118210862619808,0.029442068597663587,0.19292214865473256,348,3130,0.23104265402843602,0,0.466067238686099,195,844,NA,NA,NA,0,0,NA
51,830,VA,Williamsburg city,51830,NA,NA,NA,0,0,0.06611570247933884,0,0.22706407849096583,24,363,0.1282051282051282,0,0.3150720297468854,95,741,0.29055690072639223,0.08815372767360416,0.4929600737791803,120,413,NA,NA,NA,0,17,NA
51,840,VA,Winchester city,51840,NA,NA,NA,0,11,0.345679012345679,0.24326707051672203,0.44809095417463596,756,2187,0.3083462132921175,0.18672890066233244,0.4299635259219025,798,2588,0.16314199395770393,0,0.38126493462958944,54,331,0.6260162601626016,0.3928382906544458,0.8591942296707573,77,123,NA
53,000,WA,Washington,53000,0.21619721610348222,0.18737688361730212,0.24501754858966232,4613,21337,0.18935686845425131,0.18024305089690998,0.19847068601159265,73098,386033,0.08127091957341283,0.07725979271156896,0.08528204643525669,67282,827873,0.20448669721633267,0.18555847606580617,0.22341491836685917,14949,73105,0.09216868698543058,0.08272932459902466,0.10160804937183651,13557,147089,NA
53,001,WA,Adams County,53001,NA,NA,NA,0,47,0.31842672413793105,0.24797743175838938,0.3888760165174727,1773,5568,0.05363703159441587,0.021351129105407013,0.08592293408342473,73,1361,NA,NA,NA,0,0,NA,NA,NA,0,0,NA
53,003,WA,Asotin County,53003,NA,NA,NA,55,81,0.08527131782945736,0,0.22499231710299328,33,387,0.1686886192952051,0.11361649724646089,0.2237607413439493,584,3462,NA,NA,NA,72,72,NA,NA,NA,0,90,NA
53,005,WA,Benton County,53005,0.16964285714285715,0.13949520605516058,0.19979050823055372,114,672,0.23368063968984734,0.19146240433643946,0.2758988750432552,4822,20635,0.07099121164097393,0.04925465078940837,0.09272777249253948,1971,27764,0.14941690962099125,0.0461907082903098,0.2526431109516727,205,1372,0.042071197411003236,0,0.11051779197548355,65,1545,NA
53,007,WA,Chelan County,53007,NA,NA,NA,0,141,0.12628835446037198,0.06783300396598216,0.1847437049547618,1066,8441,0.050985221674876846,0.023306240038894803,0.07866420331085888,414,8120,NA,NA,NA,0,117,NA,NA,NA,0,78,NA
53,009,WA,Clallam County,53009,0.275320970042796,0.18830193425505748,0.3623400058305345,193,701,0.35927505330490406,0.24687370735019945,0.4716763992596087,674,1876,0.057618278902272446,0.03369922858065612,0.08153732922388877,464,8053,0.07228915662650602,0,0.3164905567966935,12,166,NA,NA,NA,0,157,NA
53,011,WA,Clark County,53011,0.10218253968253968,0.001575502752716354,0.20278957661236302,103,1008,0.13635183101030213,0.10658069129836845,0.1661229707222358,3150,23102,0.06690304334979529,0.05478988543325471,0.07901620126633585,4755,71073,0.15952890792291222,0.06712200653893267,0.25193580930689174,447,2802,0.05427030787963124,0.023533912086600748,0.08500670367266173,312,5749,NA
53,013,WA,Columbia County,53013,NA,NA,NA,0,0,0.16176470588235295,0,0.5862216621532554,11,68,0.013461538461538462,0,0.06632552373910375,7,520,NA,NA,NA,0,0,NA,NA,NA,0,45,NA
53,015,WA,Cowlitz County,53015,0.32840236686390534,0.13236486159361388,0.5244398721341967,111,338,0.2797846084810411,0.20940375827365063,0.3501654586884315,1247,4457,0.11813997403517054,0.08694898961398045,0.14933095845636063,2002,16946,0.5285714285714286,0.032772536395327956,1,111,210,0.04428044280442804,0,0.3602746068982133,12,271,NA
53,017,WA,Douglas County,53017,0.08391608391608392,0,0.357212499266731,12,143,0.08306947289998137,0.04128162078844572,0.12485732501151703,446,5369,0.10848623853211009,0.05360738946129549,0.16336508760292467,473,4360,NA,NA,NA,11,22,0.0457516339869281,0,0.5389945773910582,7,153,NA
53,019,WA,Ferry County,53019,0.40441176470588236,0.2749419624274849,0.5338815669842798,110,272,0.273972602739726,0.13866173703683393,0.4092834684426181,20,73,0.0824891461649783,0.029780671105837986,0.1351976212241186,57,691,NA,NA,NA,0,0,NA,NA,NA,5,17,NA
53,021,WA,Franklin County,53021,NA,NA,NA,0,593,0.22612519144311052,0.18060941545441034,0.2716409674318107,4577,20241,0.0666834107748336,0.023796251267608093,0.1095705702820591,531,7963,NA,NA,NA,0,577,NA,NA,NA,0,200,NA
53,023,WA,Garfield County,53023,NA,NA,NA,0,0,NA,NA,NA,0,43,0.20348837209302326,0.03683138590793772,0.3701453582781088,70,344,NA,NA,NA,0,17,NA,NA,NA,0,0,NA
53,025,WA,Grant County,53025,0.39779005524861877,0.07411788719784462,0.7214622232993929,72,181,0.2380348844227171,0.18944197318818412,0.2866277956572501,3944,16569,0.09794534211051267,0.06425250320923817,0.13163818101178718,982,10026,0.11791383219954649,0,0.2536612212600273,52,441,NA,NA,NA,41,59,NA
53,027,WA,Grays Harbor County,53027,0.229064039408867,0.12908205028671138,0.3290460285310226,186,812,0.35574712643678164,0.2544380744535837,0.4570561784199796,1238,3480,0.14524151652481485,0.10316398763794199,0.1873190454116877,1314,9047,0.8811881188118812,0.7044317401482292,1,178,202,NA,NA,NA,46,95,NA
53,029,WA,Island County,53029,0.09774436090225563,0,0.5263566094794805,13,133,0.04389395914819644,0.001468937352384743,0.08631898094400814,101,2301,0.09443307849682352,0.061716187399887094,0.12714996959375993,877,9287,NA,NA,NA,0,236,0.018832391713747645,0,0.178264120567871,10,531,NA
53,031,WA,Jefferson County,53031,NA,NA,NA,14,59,0.13984168865435356,0,0.3020445803816844,53,379,0.11048158640226628,0.06642796684278146,0.1545352059617511,312,2824,NA,NA,NA,16,16,NA,NA,NA,0,5,NA
53,033,WA,King County,53033,0.28529698149951316,0.17861009785968035,0.39198386513934597,879,3081,0.16151392952215282,0.1402400027424416,0.18278785630186403,12256,75882,0.05166683230088007,0.04534913262819572,0.057984531973564415,9358,181122,0.252635315964826,0.22190966143056975,0.2833609704990823,9251,36618,0.08009551465117953,0.06824195232321881,0.09194907697914026,6675,83338,NA
53,035,WA,Kitsap County,53035,0.15730337078651685,0.0677414252994932,0.2468653162735405,70,445,0.16874763526295877,0.11940066668856228,0.21809460383735527,1338,7929,0.08103313488483974,0.060942652354403715,0.10112361741527576,2695,33258,0.21480878763222133,0.07765701767272193,0.35196055759172074,264,1229,0.0917941585535466,0.02476114353051692,0.15882717357657627,198,2157,NA
53,037,WA,Kittitas County,53037,NA,NA,NA,0,13,0.22859327217125383,0.10502490346845189,0.35216164087405577,299,1308,0.12370940491834052,0.06253480222737418,0.18488400760930687,659,5327,NA,NA,NA,0,0,NA,NA,NA,0,122,NA
53,039,WA,Klickitat County,53039,0.20388349514563106,0,0.5853651403866102,21,103,0.006674082313681869,0,0.05756241178782972,6,899,0.1811320754716981,0.09901397225099301,0.2632501786924032,528,2915,NA,NA,NA,0,0,NA,NA,NA,0,9,NA
53,041,WA,Lewis County,53041,0.26334519572953735,0.07673882019648803,0.44995157126258667,74,281,0.3004939626783754,0.2148627646499607,0.38612516070679015,1095,3644,0.11226266478733107,0.08040631012086633,0.14411901945379582,1354,12061,NA,NA,NA,0,173,0.2949640287769784,0,0.8873965124288581,41,139,NA
53,043,WA,Lincoln County,53043,0.1875,0,0.9726219690836001,6,32,0.19736842105263158,0.047366436754674085,0.34737040535058905,30,152,0.20240384615384616,0.1304162447382783,0.274391447569414,421,2080,NA,NA,NA,0,4,NA,NA,NA,0,13,NA
53,045,WA,Mason County,53045,0.29867674858223064,0.1439096819364108,0.4534438152280505,158,529,0.17543859649122806,0.09553114225836352,0.2553460507240926,650,3705,0.1326825244053348,0.06990665664328588,0.1954583921673837,965,7273,NA,NA,NA,0,29,NA,NA,NA,7,58,NA
53,047,WA,Okanogan County,53047,0.27947154471544716,0.2079529093956367,0.3509901800352576,275,984,0.31976744186046513,0.22802126987003257,0.4115136138508977,1100,3440,0.2484154071184788,0.1777512059221426,0.31907960831481497,1019,4102,NA,NA,NA,0,3,NA,NA,NA,16,26,NA
53,049,WA,Pacific County,53049,0.10784313725490197,0.009048472639310842,0.20663780187049308,11,102,0.2450229709035222,0.11778848707630224,0.3722574547307422,160,653,0.06233062330623306,0.020146619958452357,0.10451462665401376,138,2214,NA,NA,NA,0,0,NA,NA,NA,13,23,NA
53,051,WA,Pend Oreille County,53051,0.19047619047619047,0,0.6915018287296784,12,63,0.29444444444444445,0,0.6253448893801297,53,180,0.1871577899452464,0.10560020333161525,0.26871537655887756,376,2009,NA,NA,NA,0,0,NA,NA,NA,0,8,NA
53,053,WA,Pierce County,53053,0.038017941050832976,0.009949002323666366,0.06608687977799958,89,2341,0.13381257164692395,0.1113575042373546,0.1562676390564933,5603,41872,0.0722227077203919,0.06173918559632148,0.08270622984446231,7438,102987,0.17206887819701192,0.1274404546260896,0.21669730176793423,2718,15796,0.15790170007276577,0.12190274842597784,0.1939006517195537,2387,15117,NA
53,055,WA,San Juan County,53055,NA,NA,NA,7,15,0.2356020942408377,0.10243594698525793,0.36876824149641746,90,382,0.1357234314980794,0.09473063833603998,0.1767162246601188,212,1562,NA,NA,NA,0,11,NA,NA,NA,3,44,NA
53,057,WA,Skagit County,53057,0.2750642673521851,0.20481921483226884,0.34530931987210134,107,389,0.29927324004772754,0.22935668300568285,0.36918979708977223,2759,9219,0.07556072210065645,0.05588326176600647,0.09523818243530643,1105,14624,0.34210526315789475,0.0031756805779270536,0.6810348457378624,52,152,0.06329113924050633,0,0.20862827639746048,35,553,NA
53,059,WA,Skamania County,53059,NA,NA,NA,0,1,0.06329113924050633,0,0.1432174776463554,15,237,0.05319148936170213,0.019085625804167033,0.08729735291923722,85,1598,NA,NA,NA,0,0,NA,NA,NA,0,11,NA
53,061,WA,Snohomish County,53061,0.2139446036294174,0.08087026301565678,0.34701894424317803,448,2094,0.15774992357077347,0.13098219122478896,0.18451765591675798,5676,35981,0.0757929078945928,0.06440668992374478,0.08717912586544081,6923,91341,0.12660731948565776,0.08281623988114242,0.1703983990901731,896,7077,0.06485074035949007,0.045986943593300925,0.08371453712567921,1638,25258,NA
53,063,WA,Spokane County,53063,0.2111388196176226,0.04995234603037976,0.3723252932048654,254,1203,0.18576444302585382,0.1423746086957498,0.22915427735595784,2328,12532,0.10285810235436631,0.08719572862061722,0.11852047608811539,8576,83377,0.07283396617190196,0.02268086984831879,0.12298706249548513,211,2897,0.24883960804538421,0.17067882202590284,0.3270003940648656,965,3878,NA
53,065,WA,Stevens County,53065,0.3276955602536998,0.19817952878072853,0.45721159172667103,155,473,0.08669656203288491,0,0.18594053571407476,58,669,0.13251566457805625,0.09800400729886474,0.16702732185724775,994,7501,NA,NA,NA,25,48,0.32653061224489793,0,0.8044911709978035,48,147,NA
53,067,WA,Thurston County,53067,0.4695752009184845,0.27892047735394526,0.6602299244830236,409,871,0.1334773623896299,0.09578993349616266,0.17116479128309714,1421,10646,0.09470471363989749,0.07164407967907072,0.11776534760072427,3289,34729,0.1342451874366768,0.022772642104703852,0.24571773276864972,265,1974,0.15057196062782655,0.06173153052837234,0.23941239072728077,566,3759,NA
53,069,WA,Wahkiakum County,53069,NA,NA,NA,0,5,NA,NA,NA,0,74,0.246422893481717,0.08415345019486983,0.4086923367685642,155,629,NA,NA,NA,14,23,NA,NA,NA,0,17,NA
53,071,WA,Walla Walla County,53071,NA,NA,NA,0,0,0.20156752411575563,0.12655063510055603,0.2765844131309552,1003,4976,0.1069952774498229,0.06656460681211332,0.14742594808753248,725,6776,0.09090909090909091,0,0.3557686972673689,6,66,NA,NA,NA,0,203,NA
53,073,WA,Whatcom County,53073,0.10748299319727891,0.019859186346407418,0.1951068000481504,79,735,0.2372754491017964,0.17316524715630183,0.301385651047291,1902,8016,0.11871973365617433,0.08655740487840595,0.1508820624339427,3138,26432,0.3064516129032258,0.06793793725952088,0.5449652885469307,114,372,0.09547461368653422,0,0.19393262053773508,173,1812,NA
53,075,WA,Whitman County,53075,NA,NA,NA,0,35,0.05357142857142857,0,0.1343589497152221,42,784,0.08202223620725824,0.046318060699404806,0.11772641171511167,391,4767,NA,NA,NA,8,47,0.430062630480167,0.22260217341711006,0.637523087543224,206,479,NA
53,077,WA,Yakima County,53077,0.24396442185514614,0.16961051890319773,0.31831832480709454,576,2361,0.24183779881277073,0.21663250933564218,0.2670430882898993,12059,49864,0.10675582199677196,0.07506053721851688,0.13845110677502703,1852,17348,0.0625,0,0.2502961912435291,21,336,0.09534127843986999,0,0.24208199690290372,88,923,NA
54,000,WV,West Virginia,54000,0.5043478260869565,0.2544895356734602,0.7542061165004528,116,230,0.23363309352517986,0.1960508214678709,0.2712153655824888,2598,11120,0.20142868146699397,0.19264803170045877,0.21020933123352917,60146,298597,0.3230753072156286,0.26367995852950005,0.38247065590175716,3076,9521,0.07223476297968397,0.02033519954980552,0.12413432640956241,160,2215,NA
54,001,WV,Barbour County,54001,NA,NA,NA,0,0,0.17567567567567569,0,0.6170738576955176,13,74,0.2150336574420344,0.14608491736390933,0.28398239752015947,575,2674,NA,NA,NA,6,29,NA,NA,NA,0,0,NA
54,003,WV,Berkeley County,54003,NA,NA,NA,42,42,0.189453125,0.11836822922036008,0.26053802077963994,485,2560,0.10365796613340818,0.07854636659566865,0.12876956567114772,2216,21378,0.35813730196831495,0.1991139759157859,0.5171606280208441,746,2083,NA,NA,NA,0,151,NA
54,005,WV,Boone County,54005,NA,NA,NA,0,0,NA,NA,NA,0,0,0.2023541197094916,0.13399890670657677,0.27070933271240644,808,3993,NA,NA,NA,0,0,NA,NA,NA,0,8,NA
54,007,WV,Braxton County,54007,NA,NA,NA,0,0,NA,NA,NA,11,11,0.23415400733368255,0.13789830346045617,0.33040971120690893,447,1909,NA,NA,NA,0,0,NA,NA,NA,1,1,NA
54,009,WV,Brooke County,54009,NA,NA,NA,0,0,0.08235294117647059,0,0.5891763649358566,7,85,0.19179331306990882,0.12511103662936832,0.25847558951044936,631,3290,NA,NA,NA,8,18,NA,NA,NA,0,1,NA
54,011,WV,Cabell County,54011,NA,NA,NA,0,2,0.3893280632411067,0.12226332856590977,0.6563927979163036,197,506,0.19750616790024672,0.16148705725829487,0.23352527854219857,2962,14997,0.5769230769230769,0.33028415039138265,0.823562003454771,450,780,0.25443786982248523,0,0.7017269850235526,43,169,NA
54,013,WV,Calhoun County,54013,NA,NA,NA,0,0,NA,NA,NA,0,0,0.5033816425120773,0.3581536375088609,0.6486096475152936,521,1035,NA,NA,NA,0,0,NA,NA,NA,0,0,NA
54,015,WV,Clay County,54015,NA,NA,NA,0,0,NA,NA,NA,3,3,0.3932515337423313,0.25795955947443305,0.5285435080102295,641,1630,NA,NA,NA,0,0,NA,NA,NA,0,0,NA
54,017,WV,Doddridge County,54017,NA,NA,NA,0,0,NA,NA,NA,43,60,0.09528795811518324,0.02668323241987279,0.1638926838104937,91,955,NA,NA,NA,0,42,NA,NA,NA,0,0,NA
54,019,WV,Fayette County,54019,NA,NA,NA,0,0,0.4405940594059406,0,0.9514465378475558,89,202,0.27115812917594656,0.2088675046721529,0.3334487536797402,1948,7184,0.7552447552447552,0.1777236456539817,1,108,143,NA,NA,NA,0,0,NA
54,021,WV,Gilmer County,54021,NA,NA,NA,0,0,NA,NA,NA,0,12,0.19875776397515527,0.09350459830928375,0.3040109296410268,192,966,NA,NA,NA,0,2,NA,NA,NA,0,0,NA
54,023,WV,Grant County,54023,NA,NA,NA,0,0,NA,NA,NA,0,30,0.10479485912011864,0.032629299401531184,0.1769604188387061,212,2023,NA,NA,NA,42,76,NA,NA,NA,0,0,NA
54,025,WV,Greenbrier County,54025,NA,NA,NA,0,0,0.43548387096774194,0.21308517029057678,0.657882571644907,81,186,0.273524575187283,0.1974401621332118,0.3496089882413542,1497,5473,NA,NA,NA,23,51,NA,NA,NA,0,16,NA
54,027,WV,Hampshire County,54027,NA,NA,NA,0,0,0.224,0,0.6404531905951779,28,125,0.1698744769874477,0.10169869903939503,0.23805025493550036,609,3585,NA,NA,NA,12,12,NA,NA,NA,0,0,NA
54,029,WV,Hancock County,54029,NA,NA,NA,0,0,0.6394557823129252,0.4212334474141768,0.8576781172116736,94,147,0.16837782340862423,0.10142205375732274,0.2353335930599257,738,4383,NA,NA,NA,0,195,NA,NA,NA,0,0,NA
54,031,WV,Hardy County,54031,NA,NA,NA,0,0,0.341991341991342,0.06465998519389904,0.619322698788785,79,231,0.2905317769130999,0.17830735468312342,0.40275619914307637,672,2313,NA,NA,NA,0,163,NA,NA,NA,8,8,NA
54,033,WV,Harrison County,54033,NA,NA,NA,20,21,0.06443914081145585,0,0.1482451735369349,27,419,0.16557390654826126,0.12702794415173346,0.20411986894478906,1995,12049,0.5267175572519084,0.16717175691999364,0.8862633575838231,69,131,NA,NA,NA,0,101,NA
54,035,WV,Jackson County,54035,NA,NA,NA,0,0,0.14035087719298245,0,0.9036407385714758,8,57,0.2355065920173379,0.175572956255724,0.2954402277789518,1304,5537,NA,NA,NA,0,0,NA,NA,NA,0,56,NA
54,037,WV,Jefferson County,54037,NA,NA,NA,0,0,0.12798766383962992,0.06391614449752932,0.19205918318173054,166,1297,0.11788617886178862,0.08084342806555235,0.1549289296580249,1044,8856,0.01443298969072165,0,0.12402187615095683,7,485,NA,NA,NA,0,90,NA
54,039,WV,Kanawha County,54039,NA,NA,NA,0,0,0.06740196078431372,0,0.1556307361607206,55,816,0.19498423406907678,0.16532988376169752,0.22463858437645604,5318,27274,0.34468937875751504,0.22040812415554178,0.4689706333594883,688,1996,NA,NA,NA,0,409,NA
54,041,WV,Lewis County,54041,NA,NA,NA,0,0,0.1267605633802817,0,0.663543328660906,9,71,0.17290322580645162,0.10789269632454933,0.2379137552883539,536,3100,NA,NA,NA,70,70,NA,NA,NA,0,21,NA
54,043,WV,Lincoln County,54043,NA,NA,NA,0,5,NA,NA,NA,75,75,0.2928190814514083,0.21399967837429917,0.3716384845285174,1154,3941,NA,NA,NA,1,1,NA,NA,NA,0,38,NA
54,045,WV,Logan County,54045,NA,NA,NA,0,0,0.7444444444444445,0.6033836633238889,0.885505225565,67,90,0.31085141903171953,0.24006546154297814,0.3816373765204609,1862,5990,NA,NA,NA,0,177,NA,NA,NA,0,0,NA
54,047,WV,McDowell County,54047,NA,NA,NA,0,0,NA,NA,NA,26,26,0.3611768684477511,0.24018815318508713,0.48216558371041507,1068,2957,0.8648648648648649,0.344362731144369,1,32,37,NA,NA,NA,0,0,NA
54,049,WV,Marion County,54049,NA,NA,NA,0,0,0.03180212014134275,0,0.1681496583522745,9,283,0.15125872646498836,0.11150886707820434,0.19100858585177238,1430,9454,0.14361702127659576,0,0.44023733024658834,27,188,NA,NA,NA,0,133,NA
54,051,WV,Marshall County,54051,NA,NA,NA,0,3,0.10619469026548672,0,0.5581080262418372,12,113,0.26820856157435585,0.20176602924394052,0.3346510939047712,1322,4929,NA,NA,NA,5,5,NA,NA,NA,0,0,NA
54,053,WV,Mason County,54053,NA,NA,NA,0,3,NA,NA,NA,0,3,0.2827455919395466,0.17177635405235908,0.39371482982673417,1347,4764,NA,NA,NA,14,14,NA,NA,NA,0,42,NA
54,055,WV,Mercer County,54055,NA,NA,NA,0,44,NA,NA,NA,0,224,0.1791394779771615,0.12645796591674313,0.2318209900375799,1757,9808,0.3026634382566586,0.015742139059909954,0.5895847374534072,125,413,NA,NA,NA,0,2,NA
54,057,WV,Mineral County,54057,NA,NA,NA,0,0,0.17475728155339806,0,0.5386894980575435,18,103,0.1711183496199783,0.10126774466757904,0.24096895457237755,788,4605,0.10714285714285714,0,0.28917141134659996,3,28,NA,NA,NA,0,0,NA
54,059,WV,Mingo County,54059,NA,NA,NA,0,0,NA,NA,NA,44,44,0.4225625539257981,0.34353388059594747,0.5015912272556488,1959,4636,NA,NA,NA,64,64,NA,NA,NA,0,0,NA
54,061,WV,Monongalia County,54061,NA,NA,NA,0,23,0.1956521739130435,0.015532341344804274,0.37577200648128273,153,782,0.16403003572209668,0.1265024416574393,0.20155762978675407,2250,13717,0.08505747126436781,0,0.21658081778692367,37,435,0.04788213627992634,0,0.18665071124888943,26,543,NA
54,063,WV,Monroe County,54063,NA,NA,NA,0,0,NA,NA,NA,0,27,0.2362661902635105,0.12585788829315103,0.34667449223387,529,2239,NA,NA,NA,0,162,NA,NA,NA,0,0,NA
54,065,WV,Morgan County,54065,NA,NA,NA,0,0,NA,NA,NA,40,84,0.16427432216905902,0.10415453011966058,0.22439411421845745,412,2508,NA,NA,NA,0,0,NA,NA,NA,0,43,NA
54,067,WV,Nicholas County,54067,NA,NA,NA,0,1,NA,NA,NA,0,232,0.16922402455063568,0.10244680162102802,0.23600124748024331,772,4562,NA,NA,NA,0,42,NA,NA,NA,0,0,NA
54,069,WV,Ohio County,54069,NA,NA,NA,12,12,0.2085889570552147,0,0.4802412025623224,34,163,0.18744243168560024,0.13808459208362053,0.23680027128757994,1221,6514,0.5714285714285714,0.3763323205057212,0.7665248223514216,140,245,NA,NA,NA,0,33,NA
54,071,WV,Pendleton County,54071,NA,NA,NA,0,0,NA,NA,NA,79,79,0.22233201581027667,0.1295162357490075,0.31514779587154584,225,1012,NA,NA,NA,0,15,NA,NA,NA,0,0,NA
54,073,WV,Pleasants County,54073,NA,NA,NA,0,0,NA,NA,NA,37,72,0.07628398791540786,0.007446465441265926,0.1451215103895498,101,1324,NA,NA,NA,0,0,NA,NA,NA,0,0,NA
54,075,WV,Pocahontas County,54075,NA,NA,NA,36,36,NA,NA,NA,36,36,0.25101874490627546,0.18029550770878305,0.32174198210376787,308,1227,NA,NA,NA,0,13,NA,NA,NA,0,0,NA
54,077,WV,Preston County,54077,NA,NA,NA,0,0,0.25,0,0.8641486689688397,14,56,0.16830065359477125,0.12362003157099102,0.21298127561855149,927,5508,NA,NA,NA,20,37,NA,NA,NA,9,23,NA
54,079,WV,Putnam County,54079,NA,NA,NA,0,8,0.01020408163265306,0,0.1838309191443203,3,294,0.15910740203193033,0.10461982385056584,0.21359498021329482,1754,11024,0.018404907975460124,0,0.3309933592231348,3,163,NA,NA,NA,0,94,NA
54,081,WV,Raleigh County,54081,NA,NA,NA,0,0,0.6814159292035398,0.3127104017072143,1,231,339,0.2819774418046556,0.22686151903952048,0.3370933645697908,3525,12501,0.4044776119402985,0.18107424102443143,0.6278809828561656,271,670,0.23684210526315788,0,0.775156783136258,36,152,NA
54,083,WV,Randolph County,54083,NA,NA,NA,0,23,NA,NA,NA,0,76,0.19614003590664272,0.1315257822585485,0.26075428955473695,874,4456,NA,NA,NA,0,5,NA,NA,NA,0,0,NA
54,085,WV,Ritchie County,54085,NA,NA,NA,0,0,NA,NA,NA,0,0,0.2524682651622003,0.15503889246621222,0.34989763785818834,358,1418,NA,NA,NA,0,0,NA,NA,NA,37,37,NA
54,087,WV,Roane County,54087,NA,NA,NA,0,0,NA,NA,NA,16,53,0.27265339292970336,0.17280379409140806,0.37250299176799867,671,2461,NA,NA,NA,0,0,NA,NA,NA,0,16,NA
54,089,WV,Summers County,54089,NA,NA,NA,0,0,NA,NA,NA,22,22,0.4084675014907573,0.319072628660516,0.49786237432099856,685,1677,NA,NA,NA,99,99,NA,NA,NA,0,0,NA
54,091,WV,Taylor County,54091,NA,NA,NA,0,0,NA,NA,NA,0,54,0.1667245571378951,0.1042359449205127,0.22921316935527752,480,2879,NA,NA,NA,0,68,NA,NA,NA,0,0,NA
54,093,WV,Tucker County,54093,NA,NA,NA,0,0,NA,NA,NA,2,2,0.2607626076260763,0.16167523059154076,0.3598499846606118,212,813,NA,NA,NA,0,0,NA,NA,NA,0,0,NA
54,095,WV,Tyler County,54095,NA,NA,NA,6,6,NA,NA,NA,0,9,0.3013972055888224,0.2132358675440095,0.3895585436336353,453,1503,NA,NA,NA,0,0,NA,NA,NA,0,0,NA
54,097,WV,Upshur County,54097,NA,NA,NA,0,0,0.7111111111111111,0.4999287545768071,0.9222934676454152,64,90,0.23681179451739232,0.1726589089880715,0.3009646800467131,1028,4341,NA,NA,NA,0,50,NA,NA,NA,0,16,NA
54,099,WV,Wayne County,54099,NA,NA,NA,0,0,0.11666666666666667,0,0.3591867543619862,21,180,0.17193479801559178,0.11871165700566685,0.2251579390255167,1213,7055,0.09375,0,0.817495821642021,6,64,NA,NA,NA,0,0,NA
54,101,WV,Webster County,54101,NA,NA,NA,0,0,NA,NA,NA,0,40,0.38209752839011357,0.198024396114998,0.5661706606652291,572,1497,NA,NA,NA,0,0,NA,NA,NA,0,0,NA
54,103,WV,Wetzel County,54103,NA,NA,NA,0,0,NA,NA,NA,0,140,0.14957780458383596,0.09487279007995122,0.2042828190877207,372,2487,NA,NA,NA,0,0,NA,NA,NA,0,0,NA
54,105,WV,Wirt County,54105,NA,NA,NA,0,0,NA,NA,NA,0,0,0.23061224489795917,0.07699880173477999,0.3842256880611383,226,980,NA,NA,NA,0,0,NA,NA,NA,0,0,NA
54,107,WV,Wood County,54107,NA,NA,NA,0,1,0.4618937644341801,0.3615292592280023,0.562258269640358,200,433,0.16692934068820595,0.1340397902470483,0.1998188911293636,2542,15228,NA,NA,NA,0,250,NA,NA,NA,0,12,NA
54,109,WV,Wyoming County,54109,NA,NA,NA,0,0,NA,NA,NA,0,4,0.19909502262443438,0.11297927360604013,0.2852107716428286,792,3978,NA,NA,NA,0,0,NA,NA,NA,0,0,NA
55,000,WI,Wisconsin,55000,0.28584383785254375,0.255414792607617,0.3162728830974705,3152,11027,0.21260538320078337,0.20124558227699132,0.22396518412457542,35608,167484,0.07740461646004136,0.07469438825801399,0.08011484466206874,64446,832586,0.34479239506359494,0.32571221382084814,0.36387257630634173,36488,105826,0.1613361132058732,0.13890662968727374,0.18376559672447268,7274,45086,NA
55,001,WI,Adams County,55001,NA,NA,NA,1,12,0.44976076555023925,0.29820392564846476,0.6013176054520137,94,209,0.16602150537634408,0.12336074376856355,0.20868226698412462,386,2325,NA,NA,NA,6,12,NA,NA,NA,0,65,NA
55,003,WI,Ashland County,55003,0.14634146341463414,0.06196436610392826,0.23071856072534003,42,287,0.0972972972972973,0,0.2528689013239005,18,185,0.07802287581699346,0.041804679088741206,0.11424107254524572,191,2448,NA,NA,NA,0,0,NA,NA,NA,6,8,NA
55,005,WI,Barron County,55005,0.7384615384615385,0.16348700438341035,1,48,65,0.20103092783505155,0.08600937175840408,0.31605248391169904,117,582,0.13258998909223124,0.09466055951171803,0.17051941867274445,1094,8251,0.0364963503649635,0,0.300229219590606,5,137,NA,NA,NA,2,45,NA
55,007,WI,Bayfield County,55007,0.4451219512195122,0.3029805803396318,0.5872633220993926,146,328,0.13043478260869565,0.008657164239458948,0.25221240097793235,18,138,0.07049608355091384,0.051198088916362794,0.08979407818546489,135,1915,0.1016949152542373,0,0.5679691670276725,6,59,NA,NA,NA,3,15,NA
55,009,WI,Brown County,55009,0.3718381112984823,0.24061587746086713,0.5030603451360975,441,1186,0.22907651229168585,0.16939190345516775,0.28876112112820396,2488,10861,0.041272216060051076,0.03047908983722956,0.05206534228287259,1600,38767,0.24486301369863014,0.14137964914533696,0.3483463782519233,429,1752,0.13884615384615384,0.05921756302180628,0.2184747446705014,361,2600,NA
55,011,WI,Buffalo County,55011,NA,NA,NA,8,12,0.23684210526315788,3.953175781293283e-5,0.4736446787685028,27,114,0.08072133963074281,0.05548505541228878,0.10595762384919684,188,2329,NA,NA,NA,0,7,NA,NA,NA,0,2,NA
55,013,WI,Burnett County,55013,0.2413793103448276,0.10418571097033011,0.3785729097193251,21,87,0.4823529411764706,0.175071435701537,0.7896344466514043,41,85,0.13405456255879586,0.10008908071551076,0.16802004440208096,285,2126,0.030303030303030304,0,0.8493131440540368,1,33,NA,NA,NA,0,7,NA
55,015,WI,Calumet County,55015,NA,NA,NA,0,20,0.31561461794019935,0.1898388612919673,0.4413903745884314,380,1204,0.033573657591735716,0.018910073157454882,0.04823724202601655,312,9293,0.057692307692307696,0,0.3227088262973003,9,156,0.1547911547911548,0,0.36104119958939923,63,407,NA
55,017,WI,Chippewa County,55017,0.4117647058823529,0.2899584489418302,0.5335709628228756,35,85,0.21875,0,0.5180177475621011,91,416,0.128071422928024,0.09691220332122465,0.15923064253482336,1621,12657,0.7021276595744681,0.5710736971035636,0.8331816220453726,66,94,NA,NA,NA,0,192,NA
55,019,WI,Clark County,55019,NA,NA,NA,2,21,0.19285714285714287,0.10955018047667443,0.2761641052376113,216,1120,0.15391737067469044,0.12369466972405135,0.18414007162532953,1330,8641,0.023668639053254437,0,0.23482840021785206,4,169,NA,NA,NA,0,27,NA
55,021,WI,Columbia County,55021,0.1111111111111111,0,0.7342073060484884,5,45,0.12607099143206854,0.02312890248407326,0.22901308038006382,103,817,0.07941146830595586,0.05552076242241594,0.10330217418949578,788,9923,0.16285714285714287,0,0.3863686849041261,57,350,0.10091743119266056,0,0.6117459282204576,11,109,NA
55,023,WI,Crawford County,55023,NA,NA,NA,0,0,0.4482758620689655,0.18129918006624346,0.7152525440716876,52,116,0.20122832369942195,0.14611085218501996,0.25634579521382395,557,2768,NA,NA,NA,0,4,NA,NA,NA,0,0,NA
55,025,WI,Dane County,55025,0.19696969696969696,0,0.5095364177718003,39,198,0.19596135784247953,0.15248050375908276,0.2394422119258763,2921,14906,0.03869912278227512,0.030754814181555293,0.046643431382994954,2744,70906,0.21900452488687783,0.15945803134188336,0.2785510184318723,1936,8840,0.12926867300795258,0.07095200650258,0.18758533951332518,829,6413,NA
55,027,WI,Dodge County,55027,0.2523364485981308,0,0.7898685232589484,27,107,0.15996025832091407,0.09266213375347979,0.22725838288834835,322,2013,0.08475319926873857,0.05906841323042693,0.11043798530705022,1159,13675,0.42045454545454547,0.2101320350002169,0.630777055908874,74,176,NA,NA,NA,0,142,NA
55,029,WI,Door County,55029,NA,NA,NA,0,40,0.013888888888888888,0,0.09936620484737202,6,432,0.09846772167797035,0.055618729236048124,0.14131671411989258,392,3981,NA,NA,NA,0,57,NA,NA,NA,0,15,NA
55,031,WI,Douglas County,55031,NA,NA,NA,0,34,0.1827956989247312,0.02522336372217268,0.34036803412728966,51,279,0.11033199771036062,0.07580918789775337,0.14485480752296787,771,6988,NA,NA,NA,59,75,NA,NA,NA,0,87,NA
55,033,WI,Dunn County,55033,NA,NA,NA,0,12,0.2416452442159383,0.10050853282218214,0.38278195560969447,94,389,0.07920384351407,0.05769086143901441,0.10071682558912559,577,7285,NA,NA,NA,0,47,0.022675736961451247,0,0.13832270054550677,10,441,NA
55,035,WI,Eau Claire County,55035,0.018867924528301886,0,0.7511530698614596,1,53,0.08680248007085917,0.02161106695946087,0.15199389318225748,98,1129,0.09129770992366412,0.06556291993055494,0.11703249991677331,1495,16375,0.2222222222222222,0.020175810570054686,0.42426863387438973,116,522,0.0390625,0,0.11262633502385233,50,1280,NA
55,037,WI,Florence County,55037,NA,NA,NA,0,32,NA,NA,NA,0,4,0.07232704402515723,0.010223028803890706,0.13443105924642376,46,636,NA,NA,NA,0,3,NA,NA,NA,0,0,NA
55,039,WI,Fond du Lac County,55039,NA,NA,NA,0,138,0.12856125356125356,0.0631155698286956,0.19400693729381152,361,2808,0.1091245376078915,0.08320590090983675,0.13504317430594626,1770,16220,0.6639344262295082,0.12577486508389035,1,324,488,0.06802721088435375,0,0.21283394109622417,50,735,NA
55,041,WI,Forest County,55041,0.3007246376811594,0.18661765254192286,0.414831622820396,83,276,0.4948453608247423,0.2783928746793961,0.7112978469700885,48,97,0.18687329079307202,0.1271163500628258,0.24663023152331826,205,1097,NA,NA,NA,0,6,NA,NA,NA,0,10,NA
55,043,WI,Grant County,55043,NA,NA,NA,1,6,0.21548117154811716,0.010583812486429894,0.42037853060980446,103,478,0.1349124613800206,0.10978140211068334,0.16004352064935787,1310,9710,0.4857142857142857,0.0193083150153594,0.9521202564132121,85,175,NA,NA,NA,6,8,NA
55,045,WI,Green County,55045,NA,NA,NA,0,7,0.024916943521594685,0,0.07663589973343625,15,602,0.0991044776119403,0.06735936120905237,0.13084959401482824,664,6700,0.136,0,0.2757589631989338,17,125,NA,NA,NA,0,92,NA
55,047,WI,Green Lake County,55047,NA,NA,NA,0,16,0.23308270676691728,0.07648411346885814,0.3896813000649764,93,399,0.2016013726050901,0.15421466091178765,0.24898808429839253,705,3497,NA,NA,NA,31,35,NA,NA,NA,0,91,NA
55,049,WI,Iowa County,55049,NA,NA,NA,0,0,0.2146341463414634,0.08341216672323201,0.34585612595969484,44,205,0.07258248009101251,0.05132170434098328,0.09384325584104174,319,4395,NA,NA,NA,10,17,NA,NA,NA,0,47,NA
55,051,WI,Iron County,55051,NA,NA,NA,0,0,NA,NA,NA,0,24,0.1518987341772152,0.1050255590087599,0.1987719093456705,120,790,NA,NA,NA,0,0,NA,NA,NA,0,14,NA
55,053,WI,Jackson County,55053,0.41361256544502617,0.25813723294386115,0.5690878979461912,79,191,0.28957528957528955,0.1626373960861335,0.4165131830644456,75,259,0.1342434584755404,0.10159190707293547,0.16689500987814532,472,3516,NA,NA,NA,0,18,NA,NA,NA,8,40,NA
55,055,WI,Jefferson County,55055,NA,NA,NA,0,0,0.08695652173913043,0.020358017929304778,0.1535550255489561,228,2622,0.0980556614563477,0.0707728625214763,0.1253384603912191,1286,13115,0.251063829787234,0,0.5192220136544811,59,235,NA,NA,NA,0,92,NA
55,057,WI,Juneau County,55057,NA,NA,NA,38,42,0.15859030837004406,0,0.3216152930823925,36,227,0.09165687426556991,0.07002175367421931,0.11329199485692051,390,4255,NA,NA,NA,0,10,NA,NA,NA,3,38,NA
55,059,WI,Kenosha County,55059,0.11965811965811966,0,0.5019825872705846,14,117,0.19660277745896937,0.1347181539256602,0.2584874009922785,1713,8713,0.08934138737334373,0.06602728769830013,0.11265548704838732,1834,20528,0.37102601156069365,0.24804375514412352,0.49400826797726377,1027,2768,0.13016845329249618,0.006641564307990094,0.2536953422770023,85,653,NA
55,061,WI,Kewaunee County,55061,NA,NA,NA,0,0,0.07643312101910828,0,0.16814094801945764,24,314,0.07361795292829776,0.04315416626743454,0.10408173958916098,269,3654,NA,NA,NA,0,20,NA,NA,NA,0,14,NA
55,063,WI,La Crosse County,55063,0.31627906976744186,0,0.8417720565170652,68,215,0.18786127167630057,0.06341995215646846,0.3123025911961327,195,1038,0.07015793848711555,0.050830111960490434,0.08948576501374066,1266,18045,0.2535211267605634,0,0.5847468210127245,90,355,0.11784975878704342,0.014855263126082568,0.22084425444800426,171,1451,NA
55,065,WI,Lafayette County,55065,NA,NA,NA,0,5,0.5337954939341422,0.3688195726633968,0.6987714152048875,308,577,0.0979381443298969,0.07303036924601101,0.1228459194137828,342,3492,NA,NA,NA,2,10,NA,NA,NA,6,28,NA
55,067,WI,Langlade County,55067,NA,NA,NA,0,35,0.19553072625698323,0,0.4287730483873563,35,179,0.10684474123539232,0.06443375835421133,0.1492557241165733,320,2995,NA,NA,NA,9,30,NA,NA,NA,0,0,NA
55,069,WI,Lincoln County,55069,NA,NA,NA,0,0,0.16423357664233576,0.05255118697738449,0.27591596630728704,45,274,0.13106221906789686,0.08721524380706891,0.17490919432872482,554,4227,NA,NA,NA,0,13,NA,NA,NA,4,23,NA
55,071,WI,Manitowoc County,55071,0.4222222222222222,0.15747099897446887,0.6869734454699756,19,45,0.13663133097762073,0.05629164565427801,0.21697101630096344,232,1698,0.10389504563233377,0.07765700993585249,0.13013308132881507,1275,12272,0.1476510067114094,0,0.37283228472136254,22,149,0.12974683544303797,0,0.27281301013929093,82,632,NA
55,073,WI,Marathon County,55073,0.125,0,0.7378569226574062,8,64,0.29103726082578046,0.20772393011465745,0.3743505915369035,578,1986,0.06645677331518039,0.05104049034747022,0.08187305628289057,1562,23504,0.5787401574803149,0.21289097481874836,0.9445893401418815,147,254,0.3011219688744119,0.18037868031590193,0.42186525743292186,832,2763,NA
55,075,WI,Marinette County,55075,NA,NA,NA,16,19,0.19954128440366972,0.06919965667200031,0.32988291213533916,87,436,0.0947867298578199,0.06513151931923955,0.12444194039640025,640,6752,NA,NA,NA,6,29,0.029411764705882353,0,0.8558549413883122,2,68,NA
55,077,WI,Marquette County,55077,NA,NA,NA,6,9,0.40654205607476634,0.19274364366771587,0.6203404684818168,87,214,0.16100679184978026,0.12097044123052977,0.20104314246903074,403,2503,NA,NA,NA,5,8,NA,NA,NA,0,8,NA
55,078,WI,Menominee County,55078,0.351575456053068,0.27323860759843915,0.42991230450769685,424,1206,0.1388888888888889,0,0.3511767983664919,15,108,NA,NA,NA,6,12,NA,NA,NA,0,27,NA,NA,NA,0,2,NA
55,079,WI,Milwaukee County,55079,0.30775075987841943,0.15824953941962996,0.45725198033720893,405,1316,0.24854079254079253,0.22737990248707657,0.2697016825945085,13328,53625,0.08008664803943114,0.06651406465011013,0.09365923142875214,5102,63706,0.3730590486604702,0.35037562371807474,0.39574247360286563,27293,73160,0.26420341676599124,0.20385321695236885,0.3245536165796136,3325,12585,NA
55,081,WI,Monroe County,55081,0.3958333333333333,0.02529297194392588,0.7663736947227408,38,96,0.39093242087254065,0.24520794151044464,0.5366569002346366,457,1169,0.1336961160904823,0.10003038571935932,0.16736184646160526,1253,9372,NA,NA,NA,0,167,0.10975609756097561,0,0.8221956492553426,9,82,NA
55,083,WI,Oconto County,55083,0.34594594594594597,0.18284122675451223,0.5090506651373797,64,185,0.2857142857142857,0.16823511396837298,0.4031934574601984,106,371,0.07396762970806232,0.04920954983313505,0.0987257095829896,489,6611,NA,NA,NA,0,17,NA,NA,NA,3,45,NA
55,085,WI,Oneida County,55085,NA,NA,NA,0,75,0.1645021645021645,0,0.35702338766118913,38,231,0.06769065904625826,0.03811103244217824,0.09727028565033828,379,5599,NA,NA,NA,0,51,NA,NA,NA,0,62,NA
55,087,WI,Outagamie County,55087,0.09090909090909091,0.004576396711824318,0.17724178510635752,48,528,0.24633123689727462,0.17687294524510433,0.3157895285494449,940,3816,0.039487117890817366,0.030582324566768137,0.04839191121486659,1315,33302,0.2076771653543307,0.0756367631095139,0.3397175675991475,211,1016,0.09949564419990829,0.02407132471099732,0.17491996368881926,217,2181,NA
55,089,WI,Ozaukee County,55089,NA,NA,NA,0,15,0.08582089552238806,0.003273789499752572,0.16836800154502354,92,1072,0.0439913500154464,0.02670755205415067,0.061275147976742134,712,16185,NA,NA,NA,0,257,0.1390532544378698,0,0.3943465152770708,47,338,NA
55,091,WI,Pepin County,55091,NA,NA,NA,2,7,0.05,0,0.3621572090031547,4,80,0.18114478114478114,0.11347066627191708,0.24881889601764517,269,1485,NA,NA,NA,0,14,NA,NA,NA,0,0,NA
55,093,WI,Pierce County,55093,NA,NA,NA,0,37,0.24507658643326038,0.06485334065538695,0.4252998322111338,112,457,0.06837955410549211,0.032111551269731926,0.1046475569412523,503,7356,NA,NA,NA,0,16,NA,NA,NA,0,135,NA
55,095,WI,Polk County,55095,0.2807017543859649,0.0669929669164209,0.4944105418555089,16,57,0.18181818181818182,0.06388437310101888,0.29975199053534474,66,363,0.10113081470059111,0.07759963927380412,0.12466199012737811,787,7782,NA,NA,NA,0,22,NA,NA,NA,0,63,NA
55,097,WI,Portage County,55097,NA,NA,NA,6,18,0.42658730158730157,0.28107571847984986,0.5720988846947532,430,1008,0.06359420838459355,0.04467038927204955,0.08251802749713755,672,10567,0.12307692307692308,0,0.5329249056646896,16,130,0.06368330464716007,0,0.1740951229734713,37,581,NA
55,099,WI,Price County,55099,NA,NA,NA,0,18,0.8133333333333334,0.28826657862973426,1,61,75,0.1684964200477327,0.13186520151641512,0.20512763857905025,353,2095,NA,NA,NA,0,7,NA,NA,NA,0,13,NA
55,101,WI,Racine County,55101,NA,NA,NA,0,289,0.2557608074652447,0.1923823334454465,0.3191392814850429,2686,10502,0.056168070144977864,0.03707252223475495,0.07526361805520078,1294,23038,0.2608553705517467,0.16022576334623131,0.36148497775726207,1598,6126,NA,NA,NA,0,426,NA
55,103,WI,Richland County,55103,NA,NA,NA,1,1,0.13725490196078433,0,0.3663253771430417,35,255,0.2047349116372124,0.15856714124107585,0.250902682033349,614,2999,NA,NA,NA,6,6,0.09433962264150944,0,0.9340959129040558,5,53,NA
55,105,WI,Rock County,55105,NA,NA,NA,0,214,0.18637936458005663,0.12425564340129602,0.24850308575881724,1185,6358,0.08371227780074411,0.06469007180268702,0.10273448379880121,2025,24190,0.30193439865433136,0.18877329833835993,0.4150954989703028,718,2378,0.061855670103092786,0,0.25456864256629863,24,388,NA
55,107,WI,Rusk County,55107,NA,NA,NA,4,10,0.18947368421052632,0,0.5055695502134944,18,95,0.20926517571884984,0.1658179310647782,0.25271242037292146,524,2504,NA,NA,NA,18,34,NA,NA,NA,0,4,NA
55,109,WI,St. Croix County,55109,NA,NA,NA,0,12,0.2544731610337972,0.13004706129037863,0.37889926077721575,256,1006,0.05552436846134218,0.04060787654980062,0.07044086037288373,1088,19595,0.18699186991869918,0,0.6716146559233925,23,123,NA,NA,NA,0,470,NA
55,111,WI,Sauk County,55111,0.656934306569343,0.4292136461692406,0.8846549669694455,90,137,0.19927754364840458,0.11885137316698459,0.2797037141298246,331,1661,0.06526847097728657,0.05069228188288837,0.07984466007168475,750,11491,0.4,0,0.9876328416801337,66,165,NA,NA,NA,0,63,NA
55,113,WI,Sawyer County,55113,0.3711615487316422,0.2670939446853404,0.475229152777944,278,749,0.05747126436781609,0,0.3753118431905514,5,87,0.16968442834971548,0.10821827293906516,0.2311505837603658,328,1933,NA,NA,NA,0,2,NA,NA,NA,1,36,NA
55,115,WI,Shawano County,55115,0.19290123456790123,0.12572220466085665,0.2600802644749458,125,648,0.11694915254237288,0.03282029533220822,0.20107800975253753,69,590,0.10217113665389528,0.07766164295309327,0.1266806303546973,640,6264,0.043478260869565216,0,0.8143703604733632,2,46,NA,NA,NA,0,71,NA
55,117,WI,Sheboygan County,55117,NA,NA,NA,15,35,0.13005528076811174,0.07523126958981535,0.18487929194640812,447,3437,0.06806408866401638,0.0523342118006595,0.08379396552737325,1130,16602,0.3223270440251572,0.09141875388501414,0.5532353341653002,205,636,0.14786856127886322,0.07110797925893239,0.22462914329879405,333,2252,NA
55,119,WI,Taylor County,55119,NA,NA,NA,0,15,0.09293680297397769,0.004843959649447463,0.18102964629850793,25,269,0.10383581724896164,0.08420200515967789,0.12346962933824539,425,4093,0.24324324324324326,0,0.8901520093860527,9,37,NA,NA,NA,7,23,NA
55,121,WI,Trempealeau County,55121,NA,NA,NA,0,220,0.22311942201444965,0.12355140376981553,0.32268744025908375,525,2353,0.08088372963864444,0.06302811785219503,0.09873934142509386,432,5341,NA,NA,NA,8,28,0.6630434782608695,0.020627273818284886,1,61,92,NA
55,123,WI,Vernon County,55123,NA,NA,NA,0,4,0.17543859649122806,0.04064030638140145,0.31023688660105464,30,171,0.19054017737167428,0.1571279198945525,0.22395243484879607,1418,7442,NA,NA,NA,0,24,NA,NA,NA,20,20,NA
55,125,WI,Vilas County,55125,0.5614525139664804,0.44416899676403065,0.6787360311689302,402,716,0.39461883408071746,0.14110007997951696,0.648137588181918,88,223,0.08840864440078586,0.04602367845576407,0.13079361034580764,225,2545,NA,NA,NA,0,3,NA,NA,NA,0,6,NA
55,127,WI,Walworth County,55127,NA,NA,NA,0,87,0.07270642201834862,0.03770459188583108,0.10770825215086616,317,4360,0.08279209680727422,0.05929879823464382,0.10628539537990461,1211,14627,NA,NA,NA,0,133,0.7572254335260116,0.5222419345382766,0.9922089325137465,131,173,NA
55,129,WI,Washburn County,55129,0.3,0,0.8110746362703212,12,40,0.11607142857142858,0,0.29990196843441896,13,112,0.1296711509715994,0.09887708751903425,0.16046521442416453,347,2676,NA,NA,NA,6,15,NA,NA,NA,0,15,NA
55,131,WI,Washington County,55131,NA,NA,NA,0,47,0.14712041884816754,0.03728555150939343,0.25695528618694163,281,1910,0.05329348773502677,0.038470279885881815,0.06811669558417173,1284,24093,0.06346153846153846,0,0.19654273641570086,33,520,NA,NA,NA,0,435,NA
55,133,WI,Waukesha County,55133,0.07633587786259542,0,0.20784363042703652,20,262,0.08359761512114677,0.046062583841571005,0.12113264640072255,659,7883,0.04002714727396124,0.030969401983671305,0.04908489256425118,2654,66305,0.3693379790940767,0.2681757512524532,0.47050020693570016,636,1722,0.018249140439037293,0,0.04265874331970863,69,3781,NA
55,135,WI,Waupaca County,55135,NA,NA,NA,0,11,0.30266666666666664,0.1615769657230699,0.4437563676102634,227,750,0.10190574004336414,0.07158194270550738,0.1322295373812209,893,8763,NA,NA,NA,0,44,NA,NA,NA,0,3,NA
55,137,WI,Waushara County,55137,0.7254901960784313,0.06263026037426545,1,37,51,0.2566510172143975,0.1637142977630901,0.34958773666570486,164,639,0.13561286583598955,0.10362721049475274,0.16759852117722637,468,3451,NA,NA,NA,0,6,NA,NA,NA,0,15,NA
55,139,WI,Winnebago County,55139,0.036585365853658534,0,0.5258005497723223,3,82,0.28511326860841424,0.18551074887307137,0.3847157883437571,881,3090,0.09214274410507992,0.07408375690454419,0.11020173130561564,2329,25276,0.6875,0.5706819667203655,0.8043180332796345,1012,1472,0.2187120291616039,0.09224792877500884,0.345176129548199,360,1646,NA
55,141,WI,Wood County,55141,0.4666666666666667,0.09189018597283727,0.8414431473604961,14,30,0.22580645161290322,0.12491006344604666,0.3267028397797598,273,1209,0.09033778476040849,0.06793615870223817,0.11273941081857881,1150,12730,0.14130434782608695,0,0.3534093808392639,26,184,0.11232876712328767,0,0.28124918523305614,41,365,NA
56,000,WY,Wyoming,56000,0.3032258064516129,0.22522281041781525,0.3812288024854106,940,3100,0.1330792977040324,0.10453858690849897,0.16162000849956581,2759,20732,0.10635753252203105,0.09385063523140286,0.11886442981265924,10138,95320,0.4269572235673931,0.22600380159847835,0.6279106455363078,529,1239,0.08903225806451613,0,0.19124312779880667,69,775,NA
56,001,WY,Albany County,56001,NA,NA,NA,0,58,0.016477857878475798,0,0.05765602655715231,16,971,0.15686735653809972,0.07914350146156211,0.2345912116146373,667,4252,0.6388888888888888,0.38781800179461473,0.889959775983163,23,36,0.15254237288135594,0,0.4479203532055903,36,236,NA
56,003,WY,Big Horn County,56003,NA,NA,NA,0,2,0.2770780856423174,0.13366870389015753,0.4204874673944773,110,397,0.14614703277236493,0.08987636987096978,0.20241769567376008,330,2258,NA,NA,NA,0,47,NA,NA,NA,0,0,NA
56,005,WY,Campbell County,56005,NA,NA,NA,0,31,0.06105144149236857,0,0.1373380325253991,108,1769,0.07180570221752904,0.040021762916286965,0.1035896415187711,680,9470,NA,NA,NA,0,43,NA,NA,NA,0,20,NA
56,007,WY,Carbon County,56007,NA,NA,NA,0,6,0.20220588235294118,0.06919708297645041,0.3352146817294319,165,816,0.0756578947368421,0.02385174760964509,0.12746404186403912,161,2128,0.2441860465116279,0,0.7586350845216268,21,86,NA,NA,NA,0,0,NA
56,009,WY,Converse County,56009,NA,NA,NA,0,0,0.13908872901678657,0,0.38745669707052394,58,417,0.1768428890543559,0.07814165111583309,0.2755441269928787,475,2686,NA,NA,NA,10,10,NA,NA,NA,0,28,NA
56,011,WY,Crook County,56011,NA,NA,NA,0,0,NA,NA,NA,0,86,0.044314868804664724,2.7171990840860194e-5,0.08860256561848859,76,1715,NA,NA,NA,0,0,NA,NA,NA,0,0,NA
56,013,WY,Fremont County,56013,0.26596638655462185,0.21253863648261825,0.3193941366266254,633,2380,0.1712707182320442,0.07679284006147927,0.26574859640260917,217,1267,0.12222222222222222,0.08148203926537069,0.16296240517907373,616,5040,NA,NA,NA,9,25,NA,NA,NA,0,17,NA
56,015,WY,Goshen County,56015,NA,NA,NA,0,2,0.26582278481012656,0.03099853957699933,0.5006470300432537,105,395,0.11175847457627118,0.047171678201191974,0.17634527095135039,211,1888,NA,NA,NA,0,0,NA,NA,NA,0,0,NA
56,017,WY,Hot Springs County,56017,NA,NA,NA,0,0,NA,NA,NA,0,40,0.25914315569487983,0.13480594873745555,0.3834803626523041,248,957,NA,NA,NA,0,0,NA,NA,NA,0,0,NA
56,019,WY,Johnson County,56019,0.7906976744186046,0.1212067934203005,1,68,86,0.21428571428571427,0,0.8475558245887134,12,56,0.06310013717421124,0,0.14262991690747723,92,1458,NA,NA,NA,0,0,NA,NA,NA,0,0,NA
56,021,WY,Laramie County,56021,0.6580645161290323,0.20034827755978019,1,204,310,0.15009596928982727,0.08301096982400147,0.21718096875565307,782,5210,0.0871154642019589,0.06224445758191231,0.11198647082200548,1263,14498,0.6452205882352942,0.3608254742891695,0.9296157021814189,351,544,0.1746031746031746,0,0.6072222378285554,33,189,NA
56,023,WY,Lincoln County,56023,NA,NA,NA,0,14,0.34615384615384615,0.14446832666998838,0.5478393656377039,144,416,0.06229217468410552,0.024955463420517056,0.09962888594769398,281,4511,NA,NA,NA,0,5,NA,NA,NA,0,0,NA
56,025,WY,Natrona County,56025,NA,NA,NA,0,39,0.10815666546891843,0.038524965743943984,0.17778836519389288,301,2783,0.12232332215912978,0.08358951030624862,0.16105713401201094,1788,14617,NA,NA,NA,27,60,NA,NA,NA,0,20,NA
56,027,WY,Niobrara County,56027,NA,NA,NA,0,0,NA,NA,NA,0,53,0.041237113402061855,0,0.21159691347668816,8,194,NA,NA,NA,0,0,NA,NA,NA,0,0,NA
56,029,WY,Park County,56029,NA,NA,NA,0,0,0.08288288288288288,0,0.1836129659344107,46,555,0.1299740051989602,0.06104221823426344,0.198905792163657,650,5001,NA,NA,NA,5,39,NA,NA,NA,0,3,NA
56,031,WY,Platte County,56031,NA,NA,NA,0,10,NA,NA,NA,0,213,0.026870007262164125,0.0013697441686871432,0.05237027035564111,37,1377,NA,NA,NA,0,0,NA,NA,NA,0,0,NA
56,033,WY,Sheridan County,56033,NA,NA,NA,25,25,NA,NA,NA,0,459,0.12737608811511814,0.07644066399769091,0.17831151223254538,717,5629,NA,NA,NA,0,55,NA,NA,NA,0,215,NA
56,035,WY,Sublette County,56035,NA,NA,NA,0,13,0.021367521367521368,0,0.15714302300676888,5,234,0.040882543802725504,0,0.08549828567643585,63,1541,NA,NA,NA,0,0,NA,NA,NA,0,0,NA
56,037,WY,Sweetwater County,56037,0.14285714285714285,0,0.848832991923584,10,70,0.14001766784452296,0.06468572129486184,0.2153496143941841,317,2264,0.16218091009988903,0.10633414522431063,0.21802767497546743,1169,7208,0.3562231759656652,0,0.8065497255427956,83,233,NA,NA,NA,0,11,NA
56,039,WY,Teton County,56039,NA,NA,NA,0,0,0.12201834862385322,0.013310781091684792,0.23072591615602164,133,1090,0.0347970173985087,0.0037293131875374176,0.06586472160947998,84,2414,NA,NA,NA,0,0,NA,NA,NA,0,12,NA
56,041,WY,Uinta County,56041,NA,NA,NA,0,0,0.1830808080808081,0.061449158143524474,0.3047124580180917,145,792,0.08245774326176336,0.03268946270633223,0.1322260238171945,361,4378,NA,NA,NA,0,56,NA,NA,NA,0,0,NA
56,043,WY,Washakie County,56043,NA,NA,NA,0,0,0.052941176470588235,0,0.16719565147201326,18,340,0.0989399293286219,0.041233076680202256,0.15664678197704154,112,1132,NA,NA,NA,0,0,NA,NA,NA,0,8,NA
56,045,WY,Weston County,56045,NA,NA,NA,0,54,0.7064220183486238,0.06443566022467184,1,77,109,0.0506198347107438,0,0.12557045840601347,49,968,NA,NA,NA,0,0,NA,NA,NA,0,16,NA
