statecode,countycode,v063_race_black,v063_race_white,v063_race_hispanic,v063_race_asian,v063_race_aian,v063_race_white_cilow,v063_race_white_cihigh,v063_race_black_cilow,v063_race_black_cihigh,v063_race_hispanic_cilow,v063_race_hispanic_cihigh,v063_race_asian_cilow,v063_race_asian_cihigh,v063_race_aian_cilow,v063_race_aian_cihigh,v063_race_flag_CT
00,000,55157,86872,71415,116503,62420,86706.3829787234,87037.6170212766,54853.17021276596,55460.82978723404,71114.74468085106,71715.25531914894,115903.68085106384,117102.31914893616,61755.14893617021,63084.85106382979,
01,000,44035,73987,58702,89784,62769,73329.29787234042,74644.70212765958,43055.59574468085,45014.40425531915,55327.70212765958,62076.29787234042,84074.3829787234,95493.6170212766,54684.744680851065,70853.25531914894,
01,001,52224,79842,98876,63073,,73369.82978723405,86314.17021276595,46728.85106382979,57719.14893617021,82652.68085106384,115099.31914893616,14665.170212765952,111480.82978723405,,,
01,003,39073,83258,81744,103661,67531,79883.70212765958,86632.29787234042,27603.723404255317,50542.27659574468,65237.10638297872,98250.89361702127,76486.70212765958,130835.29787234042,22054.234042553195,113007.7659574468,
01,005,28627,67201,43583,67228,,56196.40425531915,78205.59574468085,25215.76595744681,32038.23404255319,27509.8085106383,59656.1914893617,1936.7659574468053,132519.2340425532,,,
01,007,28363,62067,,,,52691.17021276596,71442.82978723405,21119.936170212764,35606.063829787236,,,,,,,
01,009,63024,66154,50417,,64028,61662.085106382976,70645.91489361702,1756.4255319148942,124291.5744680851,38857.17021276596,61976.82978723404,,,23265.957446808512,104790.04255319148,
01,011,25201,54875,,,,42244.02127659575,67505.97872340426,21074.872340425532,29327.127659574468,,,,,,,
01,013,34830,53547,21299,,,46402.82978723404,60691.17021276596,25924.8085106383,43735.1914893617,20094.40425531915,22503.59574468085,,,,,
01,015,41658,59848,47828,69231,,56735.82978723404,62960.17021276596,37484.21276595745,45831.78723404255,30650.297872340427,65005.70212765958,32213.8085106383,106248.19148936169,,,
01,017,36828,54794,61667,,120950,43020.89361702128,66567.10638297872,28351.744680851065,45304.255319148935,43438.404255319154,79895.59574468085,,,80421.48936170213,161478.51063829788,
01,019,72725,53461,64219,16250,,48671.21276595745,58250.78723404255,40830.02127659575,104619.97872340426,36271.425531914894,92166.5744680851,8978.340425531915,23521.659574468085,,,
01,021,41389,68679,63242,,93554,62691.76595744681,74666.23404255319,17262.531914893618,65515.46808510638,42888.97872340426,83595.02127659574,,,92743.78723404255,94364.21276595745,
01,023,29692,61598,75870,,,51738.425531914894,71457.5744680851,24374.382978723406,35009.617021276594,2826.9361702127644,148913.06382978725,,,,,
01,025,32557,62817,,,,56610.53191489362,69023.46808510637,24495.382978723403,40618.617021276594,,,,,,,
01,027,38137,58438,73750,,,48169.744680851065,68706.25531914894,22159.12765957447,54114.87234042553,7347.106382978731,140152.89361702127,,,,,
01,029,,59901,,,,51007.72340425532,68794.27659574468,,,,,,,,,
01,031,42582,75223,78382,59943,,68659.08510638298,81786.91489361702,34321.40425531915,50842.59574468085,55439.87234042553,101324.12765957447,6953.893617021276,112932.10638297873,,,
01,033,35680,66794,53158,156286,,61226.17021276596,72361.82978723405,30827.063829787236,40532.936170212764,37877.14893617021,68438.85106382979,101609.74468085106,210962.25531914894,,,
01,035,34724,54274,,,,48926.59574468085,59621.40425531915,26912.59574468085,42535.40425531915,,,,,,,
01,037,42516,66489,,,,52704.65957446809,80273.34042553192,27143.40425531915,57888.595744680846,,,,,,,
01,039,32450,57407,49107,,30938,51322.063829787236,63491.936170212764,23843.872340425532,41056.12765957447,36638.063829787236,61575.936170212764,,,27884.212765957447,33991.78723404255,
01,041,27652,57453,53179,,,48868.31914893617,66037.68085106384,17488.595744680853,37815.40425531915,2815.9361702127644,103542.06382978724,,,,,
01,043,57083,63026,64688,68348,54325,58219.53191489362,67832.46808510637,29959.936170212764,84206.06382978724,38495.48936170213,90880.51063829787,61761.44680851064,74934.55319148937,46245.51063829787,62404.48936170213,
01,045,32268,61307,70375,28750,,55262.574468085106,67351.4255319149,25083.31914893617,39452.68085106383,46234.234042553195,94515.7659574468,10840.723404255321,46659.27659574468,,,
01,047,28879,55619,,,,47084.36170212766,64153.63829787234,25040.021276595744,32717.978723404256,,,,,,,
01,049,,51916,47039,,52005,48693.02127659575,55138.97872340425,,,35317.12765957447,58760.87234042553,,,48429.34042553192,55580.65957446808,
01,051,46850,86470,63487,82898,79792,82800.21276595745,90139.78723404255,38923.02127659575,54776.97872340425,43921.553191489365,83052.44680851063,65387.87234042553,100408.12765957447,55698.893617021284,103885.10638297872,
01,053,36172,54184,,,65327,48545.87234042553,59822.12765957447,29504.425531914894,42839.574468085106,,,,,33380.78723404255,97273.21276595745,
01,055,38213,59960,50944,128578,,56660.76595744681,63259.23404255319,32453.340425531915,43972.65957446808,38245.10638297872,63642.89361702128,96889.14893617021,160266.8510638298,,,
01,057,26202,52635,,,,45579,59691,4869.574468085109,47534.425531914894,,,,,,,
01,059,,55196,45568,,58710,48346.12765957447,62045.87234042553,,,28832.340425531915,62303.65957446808,,,29914.08510638298,87505.91489361702,
01,061,31850,59183,41550,,,52497.553191489365,65868.44680851063,19700.382978723406,43999.617021276594,16221.31914893617,66878.68085106384,,,,,
01,063,26584,57969,,,,44349.085106382976,71588.91489361702,22837.957446808512,30330.042553191488,,,,,,,
01,065,27018,66351,,,,57783,74919,21213.063829787236,32822.936170212764,,,,,,,
01,067,28140,69438,,,,63810.59574468085,75065.40425531915,19745.957446808512,36534.04255319149,,,,,,,
01,069,38349,68787,56927,108125,52422,66220.53191489361,71353.46808510639,35285.68085106383,41412.31914893617,39676.617021276594,74177.38297872341,81193.76595744681,135056.2340425532,29772.978723404256,75071.02127659574,
01,071,42292,53162,38233,39609,66250,50535.95744680851,55788.04255319149,27320.936170212768,57263.063829787236,23789.76595744681,52676.23404255319,301.76595744680526,78916.2340425532,7152.127659574471,125347.87234042553,
01,073,46958,87981,53707,88783,55250,84561.4255319149,91400.5744680851,45024.21276595745,48891.78723404255,49369.97872340426,58044.02127659574,77654.48936170213,99911.51063829787,32620.04255319149,77879.9574468085,
01,075,26103,55527,,,,49152.53191489362,61901.46808510638,13790.148936170213,38415.85106382979,,,,,,,
01,077,37633,68016,56689,70500,54474,62498.21276595745,73533.78723404255,28152.31914893617,47113.68085106383,51827.72340425532,61550.27659574468,28616.765957446813,112383.23404255319,38879.78723404255,70068.21276595745,
01,079,39933,68879,53981,123542,90795,61757.46808510638,76000.53191489361,33061.68085106383,46804.31914893617,34986.27659574468,72975.72340425532,108511.36170212766,138572.63829787233,69864.10638297873,111725.89361702127,
01,081,43331,76091,46964,89988,82227,71600.27659574468,80581.72340425532,39144.10638297872,47517.89361702128,34033.95744680851,59894.04255319149,68119.40425531915,111856.59574468085,64813.382978723406,99640.61702127659,
01,083,63015,87662,65190,80353,56431,83551.36170212766,91772.63829787234,45259.425531914894,80770.5744680851,11750.510638297877,118629.48936170212,10325.595744680846,150380.40425531915,50956.10638297872,61905.89361702128,
01,085,29128,60263,,,,42101.12765957447,78424.87234042553,24688.51063829787,33567.48936170213,,,,,,,
01,087,40387,82563,,,,57925.382978723406,107200.61702127659,35188.53191489362,45585.46808510638,,,,,,,
01,089,58900,99758,61468,109673,101574,96490.93617021276,103025.06382978724,55097.95744680851,62702.04255319149,56793.78723404255,66142.21276595745,94855.63829787234,124490.36170212766,67125.6595744681,136022.3404255319,
01,091,28679,75598,,,,61236.97872340425,89959.02127659574,22428.44680851064,34929.553191489365,,,,,,,
01,093,30527,51734,42344,,11513,46141.14893617021,57326.85106382979,25454.82978723404,35599.17021276596,6430.127659574471,78257.87234042553,,,10416.829787234043,12609.170212765957,
01,095,38125,65820,54537,86250,44318,60877.70212765958,70762.29787234042,23480.404255319147,52769.59574468085,44796.574468085106,64277.425531914894,4873.659574468096,167626.3404255319,11065.914893617024,77570.08510638298,
01,097,41966,73180,59138,63929,56724,70792.25531914894,75567.74468085106,39505.574468085106,44426.425531914894,50483.02127659574,67792.97872340426,52348.914893617024,75509.08510638298,25466.468085106382,87981.53191489363,
01,099,31021,54401,,57969,,46173.76595744681,62628.23404255319,27121.255319148935,34920.744680851065,,,33922.36170212766,82015.63829787234,,,
01,101,48954,80476,47050,115242,,76687.06382978724,84264.93617021276,46233.82978723404,51674.17021276596,24118.595744680853,69981.40425531915,93813.06382978724,136670.93617021275,,,
01,103,41250,73444,70434,,,69068.85106382979,77819.14893617021,29418.510638297874,53081.48936170213,59967.95744680851,80900.0425531915,,,,,
01,105,34891,53988,,,,35929.78723404255,72046.21276595745,30332.36170212766,39449.63829787234,,,,,,,
01,107,35833,63059,,,,55491.85106382979,70626.14893617021,31398.276595744683,40267.72340425532,,,,,,,
01,109,36195,62815,40375,,111125,56199.85106382979,69430.14893617021,33516.53191489362,38873.46808510638,22893.468085106382,57856.53191489362,,,90883.97872340426,131366.02127659574,
01,111,37077,61800,,,,53318.97872340425,70281.02127659574,19781.340425531915,54372.65957446808,,,,,,,
01,113,40032,60720,50288,,,56163.744680851065,65276.255319148935,29778.042553191488,50285.95744680851,18969.702127659577,81606.29787234042,,,,,
01,115,68942,77237,82011,81080,212820,71327.21276595745,83146.78723404255,56325.31914893617,81558.68085106384,36483,127539,62074.553191489365,100085.44680851063,47025.446808510664,378614.5531914893,
01,117,75730,105827,68882,119000,150208,102356.1914893617,109297.8085106383,72627.36170212766,78832.63829787234,54491.1914893617,83272.8085106383,82454.63829787234,155545.36170212767,98739.2340425532,201676.7659574468,
01,119,25995,84375,,,,45067.765957446805,123682.2340425532,18685.212765957447,33304.78723404255,,,,,,,
01,121,43409,62174,82860,63250,,58013.31914893617,66334.68085106384,37191.8085106383,49626.1914893617,36793.44680851064,128926.55319148937,1119.7872340425529,125380.21276595745,,,
01,123,39645,64976,,86272,,60403.063829787236,69548.93617021276,33015.553191489365,46274.446808510635,,,85309.27659574468,87234.72340425532,,,
01,125,49433,79088,67432,73542,55515,73554.72340425532,84621.27659574468,45989.59574468085,52876.40425531915,41185.87234042553,93678.12765957447,16897.404255319147,130186.59574468085,18664.6170212766,92365.3829787234,
01,127,31991,57728,38510,90714,,53586.382978723406,61869.617021276594,24217.72340425532,39764.27659574468,25323.787234042553,51696.21276595745,3082.3404255319183,178345.6595744681,,,
01,129,26188,72222,,,151241,49628.97872340426,94815.02127659574,16913.44680851064,35462.553191489365,,,,,130156.40425531915,172325.59574468085,
01,131,31458,68150,,,,59828.63829787234,76471.36170212766,15349.063829787234,47566.936170212764,,,,,,,
01,133,,56823,64464,,61500,48885.29787234042,64760.70212765958,,,36797.6170212766,92130.3829787234,,,40567.914893617024,82432.08510638298,
02,000,73726,101360,79360,93199,60737,99326.12765957447,103393.87234042553,70137.23404255319,77314.76595744681,74328.34042553192,84391.65957446808,85510.31914893616,100887.68085106384,58623.29787234042,62850.70212765958,
02,013,,87083,89063,83800,54514,65564.70212765958,108601.29787234042,,,3853.6382978723414,174272.36170212767,63457.70212765958,104142.29787234042,49916.04255319149,59111.95744680851,
02,016,,154773,125313,108750,57083,140345.25531914894,169200.74468085106,,,84702.27659574468,165923.72340425532,59323.44680851064,158176.55319148937,11087.936170212764,103078.06382978724,
02,020,74593,112972,80991,98684,63119,108632.59574468085,117311.40425531915,69172.91489361702,80013.08510638298,74614.14893617021,87367.85106382979,87899.82978723405,109468.17021276595,54058.914893617024,72179.08510638298,
02,050,115455,160000,120833,68375,59155,135348.085106383,184651.914893617,78195.93617021278,152714.06382978722,34266.531914893625,207399.46808510637,8295.340425531918,128454.65957446808,53275,65035,
02,060,,116250,,,80000,83685.40425531915,148814.59574468085,,,,,,,52946.04255319149,107053.95744680852,
02,063,,92875,,,65313,80814.74468085106,104935.25531914894,,,,,,,38362.70212765958,92263.29787234042,
02,066,,89598,111364,,62109,72015.1914893617,107180.8085106383,,,103148.68085106384,119579.31914893616,,,39474.27659574468,84743.72340425532,
02,068,,82188,,,,57540.85106382979,106835.14893617021,,,,,,,,,
02,070,,130000,84250,,63438,65683.40425531915,194316.59574468085,,,36869.234042553195,131630.7659574468,,,54151.53191489362,72724.46808510637,
02,090,63014,93875,79559,76066,61977,87243.17021276595,100506.82978723405,53501.14893617021,72526.85106382979,65115.76595744681,94002.23404255319,71203.53191489361,80928.46808510639,48494.10638297872,75459.89361702127,
02,100,,79464,,114965,58056,56972.25531914894,101955.74468085106,,,,,77528.40425531915,152401.59574468085,8673.531914893618,107438.46808510637,
02,105,,88854,53417,,41875,79304.21276595745,98403.78723404255,,,20324.574468085106,86509.4255319149,,,33056.78723404255,50693.21276595745,
02,110,,112687,57823,101553,62244,107567.17021276595,117806.82978723405,,,21303.85106382979,94342.14893617021,72764.2340425532,130341.7659574468,47978.29787234042,76509.70212765958,
02,122,56172,86175,58073,66553,60878,83404.78723404255,88945.21276595745,18133.702127659577,94210.29787234042,50675.04255319149,65470.95744680851,49144.14893617021,83961.85106382979,43582.34042553192,78173.65957446808,
02,130,100875,95779,,148333,49375,87348.02127659574,104209.97872340426,13836.702127659577,187913.29787234042,,,128542.36170212766,168123.63829787233,38246.48936170213,60503.51063829787,
02,150,,88880,110814,75078,81250,74978.89361702127,102781.10638297873,,,78843.95744680852,142784.04255319148,53604.97872340425,96551.02127659574,42278.765957446805,120221.2340425532,
02,158,,69394,,78750,47938,39187.36170212766,99600.63829787234,,,,,74370.08510638298,83129.91489361702,42758.59574468085,53117.40425531915,
02,164,,87500,,,52188,66818.12765957447,108181.87234042553,,,,,,,41662.382978723406,62713.617021276594,
02,170,123136,95107,78833,85833,73214,92005.55319148937,98208.44680851063,88833.02127659574,157438.97872340426,69526.27659574468,88139.72340425532,58152.31914893617,113513.68085106384,59891.95744680851,86536.04255319148,
02,180,111563,138750,157778,,60663,103913.2340425532,173586.7659574468,20543.93617021278,202582.06382978722,118393.31914893616,197162.68085106384,,,56541.63829787234,64784.36170212766,
02,185,,204375,,207679,73505,149604.6170212766,259145.3829787234,,,,,135512.87234042553,279845.1276595745,63746.70212765958,83263.29787234042,
02,188,,145833,,,68438,110986.70212765958,180679.29787234042,,,,,,,63307.446808510635,73568.55319148937,
02,195,38250,82639,83911,66786,60313,66922.06382978724,98355.93617021276,6954.340425531915,69545.65957446808,82736.1914893617,85085.8085106383,53228.04255319149,80343.9574468085,7500.234042553195,113125.7659574468,
02,198,,63938,54821,,60536,55938.34042553192,71937.65957446808,,,33608.914893617024,76033.08510638298,,,50892.085106382976,70179.91489361702,
02,220,,104226,,83167,57813,99495.78723404255,108956.21276595745,,,,,64446.31914893617,101887.68085106384,33709.17021276595,81916.82978723405,
02,230,,70000,163438,193750,39167,45836.595744680846,94163.40425531915,,,87546.08510638298,239329.91489361704,104344.21276595745,283155.78723404254,6071,72263,
02,240,,84102,71815,,33214,70814.51063829787,97389.48936170213,,,56456.70212765958,87173.29787234042,,,15590.68085106383,50837.31914893617,
02,275,,69179,,,51806,62049.12765957447,76308.87234042553,,,,,,,32220.297872340427,71391.70212765958,
02,282,,87500,,135787,60865,53312.59574468085,121687.40425531915,,,,,114495.08510638298,157078.914893617,48977.51063829787,72752.48936170213,
02,290,,70536,51111,,47461,52356.255319148935,88715.74468085106,,,896.8723404255288,101325.12765957447,,,35059.97872340426,59862.02127659574,
04,000,63021,85455,71214,104817,51388,84855.68085106384,86054.31914893616,61080.063829787236,64961.936170212764,70153.5744680851,72274.4255319149,101972.91489361702,107661.08510638298,49596,53180,
04,001,,66250,70521,55809,33701,52612.21276595745,79887.78723404255,,,27111.46808510639,113930.53191489361,25005.425531914894,86612.5744680851,31227.468085106382,36174.53191489362,
04,003,69028,62365,51367,42083,46648,58710.70212765958,66019.29787234042,33804,104252,46677.29787234042,56056.70212765958,863.4255319148942,83302.5744680851,27354.212765957447,65941.78723404255,
04,005,38955,83276,58820,100605,52963,80026.8085106383,86525.1914893617,28904.787234042553,49005.21276595745,53933.70212765958,63706.29787234042,54735.04255319149,146474.95744680852,45880.78723404255,60045.21276595745,
04,007,,65292,60022,138211,47667,61260,69324,,,48723.10638297872,71320.89361702127,91844.1914893617,184577.8085106383,32218.14893617021,63115.85106382979,
04,009,,75971,58182,95934,34485,68052.36170212766,83889.63829787234,,,47202.425531914894,69161.5744680851,94655.53191489361,97212.46808510639,2497.085106382976,66472.91489361702,
04,011,,76146,74219,,48850,62268.72340425532,90023.27659574468,,,52020.36170212766,96417.63829787234,,,16504.638297872338,81195.36170212766,
04,012,26525,48422,54063,101333,56968,43059.10638297872,53784.89361702128,6766.531914893618,46283.46808510638,43334.82978723404,64791.17021276596,40727.893617021284,161938.10638297873,49387.744680851065,64548.255319148935,
04,013,63291,96334,77294,112050,70617,95393.91489361702,97274.08510638298,61160.617021276594,65421.382978723406,76047.70212765958,78540.29787234042,107541.40425531915,116558.59574468085,62363.553191489365,78870.44680851063,
04,015,55234,57125,60498,78854,50588,55137.59574468085,59112.40425531915,21670.936170212764,88797.06382978724,56308.72340425532,64687.27659574468,37069.65957446808,120638.34042553192,35103.40425531915,66072.59574468085,
04,017,,67212,55605,120156,34957,64104.59574468085,70319.40425531915,,,46855.89361702128,64354.10638297872,41894.21276595745,198417.78723404254,32678.872340425532,37235.12765957447,
04,019,56618,75442,63004,72961,54761,73807.27659574468,77076.72340425532,48812.553191489365,64423.446808510635,60697.27659574468,65310.72340425532,62765.425531914894,83156.5744680851,49959.29787234042,59562.70212765958,
04,021,77850,80823,78302,100708,59289,78594.91489361702,83051.08510638298,67596.0425531915,88103.9574468085,74859.78723404255,81744.21276595745,92485.53191489363,108930.46808510637,45828.744680851065,72749.25531914894,
04,023,,70517,47465,45556,90795,59358.70212765958,81675.29787234042,,,44330.1914893617,50599.8085106383,20132.000000000004,70980,35569.46808510638,146020.53191489363,
04,025,30609,70319,66777,65150,74318,67723.93617021276,72914.06382978724,3015.2978723404267,58202.70212765958,61297.34042553192,72256.65957446808,32317.31914893617,97982.68085106384,59249.234042553195,89386.76595744681,
04,027,51842,65592,61974,105674,47471,62208.17021276596,68975.82978723405,32929.48936170213,70754.51063829787,58650.936170212764,65297.063829787236,91950.4255319149,119397.5744680851,25150.82978723404,69791.17021276595,
05,000,40164,65541,59588,88767,57488,64708.14893617021,66373.85106382979,39116.68085106383,41211.31914893617,57412.34042553192,61763.65957446808,83892.6170212766,93641.3829787234,53062.8085106383,61913.1914893617,
05,001,29069,64983,47891,,41367,57753.04255319149,72212.9574468085,19253.51063829787,38884.48936170213,24628.36170212766,71153.63829787234,,,40708.10638297872,42025.89361702128,
05,003,26849,49690,47500,,,43895.78723404255,55484.21276595745,21501.595744680853,32196.404255319147,41428.17021276596,53571.82978723404,,,,,
05,005,105641,48963,48534,,26335,44212.53191489362,53713.46808510638,11210.702127659577,200071.29787234042,26937.063829787236,70130.93617021276,,,25671.340425531915,26998.659574468085,
05,007,84151,96526,74428,132214,80754,93760.55319148937,99291.44680851063,65232.53191489362,103069.46808510637,69937.27659574468,78918.72340425532,118447.53191489363,145980.46808510637,74974.08510638298,86533.91489361702,
05,009,,55940,46875,,,51103.744680851065,60776.255319148935,,,12972.361702127659,80777.63829787234,,,,,
05,011,23944,58173,77286,,,40187.46808510638,76158.53191489363,17315.744680851065,30572.255319148935,56817.404255319154,97754.59574468085,,,,,
05,013,23750,71776,,,,58990.12765957447,84561.87234042553,3169.4042553191466,44330.59574468085,,,,,,,
05,015,,54984,51071,,,46307.574468085106,63660.425531914894,,,43911.34042553192,58230.65957446808,,,,,
05,017,29176,54500,72396,,,32223.914893617024,76776.08510638298,24526.808510638297,33825.1914893617,63446.72340425532,81345.27659574468,,,,,
05,019,40234,60733,36136,,,53643.63829787234,67822.36170212766,24450.34042553192,56017.65957446808,6874.212765957447,65397.78723404255,,,,,
05,021,,52870,,,11310,48064.72340425532,57675.27659574468,,,,,,,10943.021276595744,11676.978723404256,
05,023,,57214,,,56019,52507.617021276594,61920.382978723406,,,,,,,55364.87234042553,56673.12765957447,
05,025,20168,65000,,,,50381.6170212766,79618.3829787234,16560.17021276596,23775.82978723404,,,,,,,
05,027,35561,61990,48669,,,54603.95744680851,69376.0425531915,27525.595744680853,43596.40425531915,16582.191489361707,80755.8085106383,,,,,
05,029,27903,60646,97569,,,53336.21276595745,67955.78723404255,16826.914893617024,38979.085106382976,29234.702127659577,165903.29787234042,,,,,
05,031,32542,65809,56004,61838,73411,61380.234042553195,70237.76595744681,24324.297872340427,40759.70212765958,47901.87234042553,64106.12765957447,42992.21276595745,80683.78723404255,72331.51063829787,74490.48936170213,
05,033,55855,64281,62582,69514,,59687.8085106383,68874.1914893617,18796.106382978724,92913.89361702127,50515.78723404255,74648.21276595745,32260.893617021276,106767.10638297873,,,
05,035,40889,72080,64654,60913,,65217.02127659575,78942.97872340426,38365.425531914894,43412.574468085106,57140.46808510638,72167.53191489361,20944.48936170213,100881.51063829787,,,
05,037,32708,57956,75912,,,48176.255319148935,67735.74468085106,23566.893617021276,41849.10638297872,24762.553191489365,127061.44680851063,,,,,
05,039,32237,58478,,,,39596.46808510638,77359.53191489363,14535.042553191488,49938.95744680851,,,,,,,
05,041,30000,47390,50441,,,36844.12765957447,57935.87234042553,20642.042553191488,39357.95744680851,24686.95744680851,76195.0425531915,,,,,
05,043,22560,52998,,,,43906.936170212764,62089.063829787236,18996.255319148935,26123.744680851065,,,,,,,
05,045,51333,70651,51027,86157,59063,67622.23404255319,73679.76595744681,45859.29787234042,56806.70212765958,33935.085106382976,68118.91489361702,75588.48936170213,96725.51063829787,22260.276595744683,95865.72340425532,
05,047,,56042,59118,,20278,46237.23404255319,65846.76595744681,,,12739.276595744683,105496.72340425532,,,1660.978723404256,38895.02127659574,
05,049,,42517,73453,,,37475.8085106383,47558.1914893617,,,65831.0425531915,81074.9574468085,,,,,
05,051,33969,60699,49334,82981,64135,57496.27659574468,63901.72340425532,29616.48936170213,38321.51063829787,41821.65957446808,56846.34042553192,22996.65957446808,142965.3404255319,27425.212765957447,100844.78723404255,
05,053,,72212,96250,,,64038.382978723406,80385.6170212766,,,41838.25531914894,150661.74468085106,,,,,
05,055,,60089,50761,118600,,55342.10638297872,64835.89361702128,,,20438.787234042553,81083.21276595745,59381.78723404256,177818.21276595743,,,
05,057,30089,56724,69026,,,46944.255319148935,66503.74468085106,19121.340425531915,41056.65957446808,63171.02127659574,74880.97872340426,,,,,
05,059,45714,57912,,,53250,50086.29787234042,65737.70212765958,27973.914893617024,63454.085106382976,,,,,17805.574468085106,88694.4255319149,
05,061,32284,50049,40174,,,40943.63829787234,59154.36170212766,16693.36170212766,47874.63829787234,20862.340425531915,59485.65957446808,,,,,
05,063,18417,58853,36648,57875,105931,53345.936170212764,64360.063829787236,12341.595744680852,24492.404255319147,1433.5319148936178,71862.46808510637,29453.21276595745,86296.78723404255,102032.44680851063,109829.55319148937,
05,065,,49881,38036,,27031,43685.255319148935,56076.744680851065,,,25116.68085106383,50955.31914893617,,,1416.3617021276586,52645.63829787234,
05,067,32629,51796,45580,,,43691.48936170213,59900.51063829787,11155.978723404252,54102.02127659575,17104.59574468085,74055.40425531915,,,,,
05,069,44515,58352,59971,,59018,51780.936170212764,64923.063829787236,40961.97872340425,48068.02127659575,43884.70212765958,76057.29787234042,,,27965.40425531915,90070.59574468085,
05,071,,45436,51538,,,40547.31914893617,50324.68085106383,,,27069.57446808511,76006.4255319149,,,,,
05,073,35214,51179,32292,,,39822.914893617024,62535.085106382976,25083.957446808512,45344.04255319149,18594.63829787234,45989.36170212766,,,,,
05,075,,45915,53833,,,41281.29787234042,50548.70212765958,,,23028.234042553195,84637.7659574468,,,,,
05,077,20762,53768,55417,,,48148.936170212764,59387.063829787236,15805.40425531915,25718.59574468085,38364.404255319154,72469.59574468085,,,,,
05,079,33620,62313,60096,,,50489.85106382979,74136.14893617021,26170.808510638297,41069.1914893617,15605.78723404256,104586.21276595743,,,,,
05,081,46250,55129,91250,,19375,46188.063829787236,64069.936170212764,36353.48936170213,56146.51063829787,32708.553191489365,149791.44680851063,,,15658.744680851065,23091.255319148935,
05,083,47765,60173,46444,51772,86250,54899.46808510638,65446.53191489362,4266.106382978731,91263.89361702127,41927.063829787236,50960.936170212764,49403.31914893617,54140.68085106383,9849.319148936178,162650.6808510638,
05,085,40319,76465,61883,,103920,72527.12765957447,80402.87234042553,26396.446808510642,54241.55319148936,51928.10638297872,71837.89361702127,,,61723.404255319154,146116.59574468085,
05,087,,60010,86075,,43284,54084.72340425532,65935.27659574468,,,18967.936170212764,153182.06382978725,,,41617.10638297872,44950.89361702128,
05,089,,48797,66855,39526,39350,45510.87234042553,52083.12765957447,,,23892.276595744683,109817.72340425532,36698.59574468085,42353.40425531915,28683.787234042553,50016.21276595745,
05,091,31235,55263,72639,,56689,49025.553191489365,61500.446808510635,28199.08510638298,34270.914893617024,33191.17021276596,112086.82978723405,,,16116.404255319154,97261.59574468085,
05,093,35039,68056,78750,19107,138553,59070.97872340425,77041.02127659574,27932.957446808512,42145.04255319149,33661.65957446809,123838.3404255319,15751.765957446809,22462.23404255319,138075.21276595743,139030.78723404257,
05,095,28814,50846,124688,,,41799.02127659575,59892.97872340425,26740.808510638297,30887.191489361703,50286.63829787234,199089.36170212767,,,,,
05,097,,49447,,,,42554.23404255319,56339.76595744681,,,,,,,,,
05,099,53992,55326,47898,,,47824.382978723406,62827.617021276594,42473.87234042553,65510.12765957447,22715.872340425532,73080.12765957447,,,,,
05,101,,49837,31182,,,41056.914893617024,58617.085106382976,,,25825.063829787236,36538.936170212764,,,,,
05,103,36167,56419,67109,,,49359.425531914894,63478.574468085106,23868.44680851064,48465.553191489365,31270.191489361707,102947.8085106383,,,,,
05,105,143098,55573,105556,,,45664.574468085106,65481.425531914894,5364.212765957462,280831.78723404254,63320.085106382976,147791.91489361704,,,,,
05,107,29353,59459,,,,48785.63829787234,70132.36170212766,21528.48936170213,37177.51063829787,,,,,,,
05,109,33112,52500,58889,,,39646.21276595745,65353.78723404255,2889.8723404255325,63334.12765957447,43684.40425531915,74093.59574468085,,,,,
05,111,38438,50254,40893,,,41665.744680851065,58842.255319148935,15856.893617021276,61019.10638297872,24612.48936170213,57173.51063829787,,,,,
05,113,,49924,43618,,,42582.04255319149,57265.95744680851,,,20971.36170212766,66264.63829787234,,,,,
05,115,61696,58055,60061,,38221,53274.744680851065,62835.255319148935,37844.76595744681,85547.23404255319,47789.85106382979,72332.14893617021,,,27152.063829787236,49289.936170212764,
05,117,30682,59094,84821,,,47530.59574468085,70657.40425531915,13723.531914893618,47640.46808510638,51803.63829787234,117838.36170212766,,,,,
05,119,44762,82182,47018,83339,67639,79457.06382978724,84906.93617021276,42121.65957446808,47402.34042553192,42378.34042553192,51657.65957446808,56704.44680851064,109973.55319148937,48146.23404255319,87131.76595744681,
05,121,55806,50071,,,53250,41354.063829787236,58787.936170212764,50374,61238,,,,,20168.297872340423,86331.70212765958,
05,123,30019,61070,50601,,,54009.234042553195,68130.76595744681,20541.893617021276,39496.10638297872,27412.234042553195,73789.7659574468,,,,,
05,125,71946,80477,67333,62629,66667,76076.82978723405,84877.17021276595,56625.82978723404,87266.17021276595,48210.78723404255,86455.21276595745,51070.36170212766,74187.63829787234,479.76595744681254,132854.23404255317,
05,127,,41186,59504,,,28092.72340425532,54279.27659574468,,,44208.85106382979,74799.14893617021,,,,,
05,129,,44294,,,,37248.72340425532,51339.27659574468,,,,,,,,,
05,131,42571,59704,55934,66821,38929,56460.765957446805,62947.234042553195,29609.978723404252,55532.02127659575,48440.72340425532,63427.27659574468,42039.21276595745,91602.78723404255,17030.617021276597,60827.3829787234,
05,133,39219,45692,62823,,,29479.404255319147,61904.59574468085,15523.851063829788,62914.14893617021,44458.574468085106,81187.4255319149,,,,,
05,135,,44875,,103594,,38219.34042553192,51530.65957446808,,,,,46983.95744680851,160204.04255319148,,,
05,137,,45090,28939,,43750,32117.063829787236,58062.936170212764,,,21115.68085106383,36762.31914893617,,,22736.893617021276,64763.10638297872,
05,139,34632,68514,61495,65346,58984,61496.12765957447,75531.87234042553,30489.191489361703,38774.8085106383,43714.404255319154,79275.59574468085,2985.829787234048,127706.17021276595,35185.19148936171,82782.8085106383,
05,141,,49126,130420,,53642,40127.87234042553,58124.12765957447,,,64708.17021276597,196131.82978723402,,,53159.44680851064,54124.55319148936,
05,143,44345,75390,63125,67423,69079,72058.59574468085,78721.40425531915,32402.702127659577,56287.29787234042,57545.255319148935,68704.74468085106,49997.46808510638,84848.53191489363,57800.36170212766,80357.63829787234,
05,145,34336,58942,50260,64390,19038,56108.63829787234,61775.36170212766,27761.36170212766,40910.63829787234,17600.08510638298,82919.91489361702,38884.97872340426,89895.02127659574,18032.382978723403,20043.617021276597,
05,147,23533,51881,,,,47969.34042553192,55792.65957446808,6710.361702127662,40355.63829787234,,,,,,,
05,149,,55296,60625,,,44014.97872340426,66577.02127659574,,,43937,77313,,,,,
06,000,69282,111251,81624,129046,83494,110665.97872340426,111836.02127659574,67798.59574468085,70765.40425531915,81190.29787234042,82057.70212765958,128034.4255319149,130057.5744680851,81202.76595744681,85785.23404255319,
06,001,69961,148857,97143,171583,102086,145357.59574468085,152356.40425531915,64266.87234042553,75655.12765957447,94521.72340425532,99764.27659574468,167446.1489361702,175719.8510638298,92412.29787234042,111759.70212765958,
06,003,,109375,166000,,67417,86711.68085106384,132038.31914893616,,,123799.82978723405,208200.17021276595,,,60937.68085106383,73896.31914893616,
06,005,148068,88319,86125,109904,78841,83221.8085106383,93416.1914893617,115261.53191489363,180874.46808510637,64955.80851063829,107294.1914893617,62483.914893617024,157324.08510638296,77385,80297,
06,007,33938,72388,56216,59962,68929,68765.87234042553,76010.12765957447,25688.12765957447,42187.87234042553,50384.85106382979,62047.14893617021,44359.446808510635,75564.55319148937,50788.574468085106,87069.4255319149,
06,009,88905,79626,69337,,,70841.14893617021,88410.85106382979,51426.70212765958,126383.29787234042,58947.21276595745,79726.78723404255,,,,,
06,011,,74508,81424,,115972,68544.59574468085,80471.40425531915,,,70573.10638297873,92274.89361702127,,,33022.893617021284,198921.10638297873,
06,013,85322,141972,101446,163191,103730,138577.44680851063,145366.55319148937,78734.25531914894,91909.74468085106,96775.36170212766,106116.63829787234,156636.6170212766,169745.3829787234,84035.87234042553,123424.12765957447,
06,015,,66071,74939,128462,58618,60237.46808510638,71904.53191489361,,,50862.574468085106,99015.4255319149,27028.12765957447,229895.87234042553,25009.65957446808,92226.34042553192,
06,017,,110269,77490,149853,91838,106160.74468085106,114377.25531914894,,,63179.02127659574,91800.97872340426,112893,186813,68464.55319148937,115211.44680851063,
06,019,53077,88515,63204,95040,70242,85423.08510638298,91606.91489361702,48059.63829787234,58094.36170212766,61059.31914893617,65348.68085106383,88572.59574468085,101507.40425531915,62477.063829787236,78006.93617021276,
06,021,,67566,64375,67159,,53941.31914893617,81190.68085106384,,,54106.744680851065,74643.25531914894,45500.10638297872,88817.89361702127,,,
06,023,54500,62560,54950,60192,54440,59634.89361702128,65485.10638297872,16889.446808510642,92110.55319148937,42852.80851063829,67047.1914893617,23336.85106382979,97047.14893617021,41866.21276595745,67013.78723404255,
06,025,60871,67000,56438,110673,69167,51395.063829787236,82604.93617021276,29151.170212765956,92590.82978723405,52964.8085106383,59911.1914893617,90258.02127659574,131087.97872340426,39365.46808510639,98968.53191489361,
06,027,,82911,68675,,39722,70683.93617021276,95138.06382978724,,,59056.10638297872,78293.89361702127,,,26940.893617021276,52503.10638297872,
06,029,51222,83006,62405,109750,63377,80532.46808510639,85479.53191489361,44298.255319148935,58145.744680851065,60312.744680851065,64497.255319148935,96075.27659574468,123424.72340425532,55490.53191489362,71263.46808510639,
06,031,49199,89184,62046,98239,66048,82016,96352,26534.489361702126,71863.51063829787,59303.1914893617,64788.8085106383,87129.55319148937,109348.44680851063,51504.68085106383,80591.31914893616,
06,033,,62108,58146,,,57961.617021276594,66254.3829787234,,,51045.914893617024,65246.085106382976,,,,,
06,035,,69042,59729,95341,51302,63457.48936170213,74626.51063829787,,,50080.31914893617,69377.68085106384,41559.553191489365,149122.44680851063,34005.14893617021,68598.85106382979,
06,037,62999,111891,77687,103742,85506,110648.27659574468,113133.72340425532,60717.29787234042,65280.70212765958,76912.53191489361,78461.46808510639,102274.08510638298,105209.91489361702,81569.31914893616,89442.68085106384,
06,039,84155,89480,64513,99821,71875,84101.6170212766,94858.3829787234,55524.70212765958,112785.29787234042,61209,67817,67531.63829787234,132110.36170212767,68065.8085106383,75684.1914893617,
06,041,94299,164301,95638,161250,89643,157242.6170212766,171359.3829787234,57841.8085106383,130756.19148936169,83233.40425531915,108042.59574468085,131268.55319148937,191231.44680851063,39462.234042553195,139823.7659574468,
06,043,,67275,97214,,54211,59803.17021276596,74746.82978723405,,,64946.085106382976,129481.91489361702,,,7672.617021276594,100749.38297872341,
06,045,69567,70572,63710,60369,65469,67071.40425531915,74072.59574468085,19120.531914893618,120013.46808510637,54260.29787234042,73159.70212765958,39341.595744680846,81396.40425531915,48354.446808510635,82583.55319148937,
06,047,47313,70712,63347,78790,82854,63905.02127659575,77518.97872340426,38463.8085106383,56162.1914893617,60616.10638297872,66077.89361702127,69211.6170212766,88368.3829787234,74473.06382978724,91234.93617021276,
06,049,,60288,44842,,,52868.59574468085,67707.40425531915,,,7789.063829787236,81894.93617021276,,,,,
06,051,,110000,73750,,,90921.87234042553,129078.12765957447,,,32133.65957446808,115366.34042553192,,,,,
06,053,77108,120085,83158,108454,87847,116199.55319148937,123970.44680851063,65570.8085106383,88645.1914893617,79413.14893617021,86902.85106382979,99161.5744680851,117746.4255319149,67544.02127659574,108149.97872340426,
06,055,141821,120338,89378,143032,97679,110891.87234042553,129784.12765957447,89786.27659574468,193855.72340425532,80179.70212765958,98576.29787234042,120774.97872340426,165289.02127659574,43366.14893617021,151991.8510638298,
06,057,,90265,83676,114893,93413,84707.89361702127,95822.10638297873,,,68718.0425531915,98633.9574468085,40407.042553191495,189378.95744680852,36947.12765957447,149878.87234042553,
06,059,102316,127673,95732,122396,84558,125505.68085106384,129840.31914893616,93376.25531914894,111255.74468085106,94094.89361702128,97369.10638297872,119713.9574468085,125078.0425531915,77568.72340425532,91547.27659574468,
06,061,127337,116538,99626,150658,100714,112675.1914893617,120400.8085106383,94463.80851063831,160210.1914893617,93007.27659574468,106244.72340425532,138969.48936170212,162346.51063829788,49485.914893617024,151942.08510638296,
06,063,69375,65385,49080,,175114,57158.95744680851,73611.0425531915,11457.893617021276,127292.10638297873,19421.44680851064,78738.55319148937,,,30175.276595744683,320052.72340425535,
06,065,89383,97795,86233,115966,94268,96018.48936170213,99571.51063829787,83530.40425531915,95235.59574468085,84598.27659574468,87867.72340425532,111406.17021276595,120525.82978723405,89044.51063829787,99491.48936170213,
06,067,67408,97821,83397,102463,88544,95827.63829787234,99814.36170212766,61767.48936170213,73048.51063829787,80775.72340425532,86018.27659574468,99038.65957446808,105887.34042553192,75125.44680851063,101962.55319148937,
06,069,,124691,110735,188341,142644,113603,135779,,,102326.65957446808,119143.34042553192,153265.93617021278,223416.06382978722,81445.53191489363,203842.46808510637,
06,071,62550,91158,83561,105609,83281,89200.3829787234,93115.6170212766,57126.34042553192,67973.65957446808,82240.82978723405,84881.17021276595,101310.10638297873,109907.89361702127,75511.29787234042,91050.70212765958,
06,073,68968,117251,86286,130874,83536,115573.3829787234,118928.6170212766,63414.46808510638,74521.53191489361,84833.5744680851,87738.4255319149,127913.14893617021,133834.8510638298,76962.55319148937,90109.44680851063,
06,075,54384,178859,102392,124172,62488,172485.72340425532,185232.27659574468,44069.27659574468,64698.72340425532,95884.08510638298,108899.91489361702,119178.46808510639,129165.53191489361,53186.04255319149,71789.9574468085,
06,077,77414,99314,81719,115397,77554,96198.25531914894,102429.74468085106,69249.91489361702,85578.08510638298,79097.72340425532,84340.27659574468,109178.6170212766,121615.3829787234,68602.34042553192,86505.65957446808,
06,079,86318,100570,86942,94477,90926,96504.63829787234,104635.36170212766,66005.48936170213,106630.51063829787,81106.08510638298,92777.91489361702,79769.25531914894,109184.74468085106,67583.53191489363,114268.46808510637,
06,081,88862,176325,106007,186492,107969,170735.72340425532,181914.27659574468,70017.40425531915,107706.59574468085,100302.14893617021,111711.85106382979,180193.78723404257,192790.21276595743,71776.31914893616,144161.68085106384,
06,083,96429,111873,81321,112924,63358,107719.46808510639,116026.53191489361,71886.70212765958,120971.29787234042,78069.4255319149,84572.5744680851,98408.08510638298,127439.91489361702,45001.914893617024,81714.08510638298,
06,085,96561,170650,103976,207241,98907,166507.1914893617,174792.8085106383,88955.72340425532,104166.27659574468,101176,106776,203591.46808510637,210890.53191489363,89387,108427,
06,087,143984,121058,92157,121172,105050,116899.70212765958,125216.29787234042,2410.0425531914807,285557.9574468085,88337.08510638298,95976.91489361702,102877.87234042553,139466.12765957447,85466.68085106384,124633.31914893616,
06,089,91702,73658,67118,69611,57768,70805.5744680851,76510.4255319149,88255.02127659574,95148.97872340426,56487.53191489362,77748.46808510637,49273.46808510639,89948.53191489361,18626.382978723406,96909.61702127659,
06,091,,54598,100905,,,30744.382978723406,78451.61702127659,,,90545,111265,,,,,
06,093,45417,61331,52398,66875,56477,57813.72340425532,64848.27659574468,6083.553191489365,84750.44680851063,38604.12765957447,66191.87234042553,44452.36170212766,89297.63829787234,44848.063829787236,68105.93617021276,
06,095,77441,108309,87090,122224,119722,105293.34042553192,111324.65957446808,71295.29787234042,83586.70212765958,83401.14893617021,90778.85106382979,116460.76595744681,127987.23404255319,69320.80851063831,170123.1914893617,
06,097,100123,110574,90720,113438,92070,106937.5744680851,114210.4255319149,73139.34042553192,127106.65957446808,86814.29787234042,94625.70212765958,97939.10638297873,128936.89361702127,82295.02127659574,101844.97872340426,
06,099,66909,88409,73793,89002,84500,84976.31914893616,91841.68085106384,53613.17021276596,80204.82978723405,71062.10638297873,76523.89361702127,80314.85106382979,97689.14893617021,72533.87234042553,96466.12765957447,
06,101,49035,83780,70603,99708,75294,73516.51063829787,94043.48936170213,32375.59574468085,65694.40425531915,61671.59574468085,79534.40425531915,88129.10638297873,111286.89361702127,49585.23404255319,101002.76595744681,
06,103,41667,64905,62736,,71618,59102.446808510635,70707.55319148937,1108.702127659577,82225.29787234042,49046.97872340426,76425.02127659574,,,53570.51063829787,89665.48936170213,
06,105,,59327,40901,,88958,47640.87234042553,71013.12765957447,,,2893.6808510638293,78908.31914893616,,,6105.404255319154,171810.59574468085,
06,107,61423,85274,63708,76940,75625,81404.0425531915,89143.9574468085,44816.02127659574,78029.97872340426,61413.1914893617,66002.8085106383,60349.70212765958,93530.29787234042,63726.78723404255,87523.21276595745,
06,109,41446,78177,74207,,66083,70317.93617021276,86036.06382978724,11565.829787234044,71326.17021276595,62477.97872340426,85936.02127659574,,,34213.04255319149,97952.95744680852,
06,111,106106,119276,91677,147346,89878,116001.78723404255,122550.21276595745,85569.48936170213,126642.51063829787,88403.97872340426,94950.02127659574,137497.1489361702,157194.8510638298,75795.78723404255,103960.21276595745,
06,113,44346,104821,75425,82666,69006,99042.27659574468,110599.72340425532,33559.446808510635,55132.553191489365,69212.5744680851,81637.4255319149,74317.23404255319,91014.76595744681,56177.23404255319,81834.76595744681,
06,115,75000,75553,81858,69561,77873,68952.14893617021,82153.85106382979,42014.8085106383,107985.19148936169,74162.17021276595,89553.82978723405,65440.82978723404,73681.17021276595,58025.17021276596,97720.82978723405,
08,000,68608,102244,76704,112228,69080,101392.08510638298,103095.91489361702,65833.02127659574,71382.97872340426,75207.48936170213,78200.51063829787,107557.36170212766,116898.63829787234,64499.914893617024,73660.08510638298,
08,001,80401,104120,83154,109835,81000,101630.97872340426,106609.02127659574,70197.08510638298,90604.91489361702,78196.21276595745,88111.78723404255,96430.74468085106,123239.25531914894,63333.78723404255,98666.21276595745,
08,003,101357,64545,50060,55799,32553,58707.89361702128,70382.10638297872,100729.08510638298,101984.91489361702,42908.68085106383,57211.31914893617,49366.14893617021,62231.85106382979,26901.76595744681,38204.234042553195,
08,005,67566,111039,88251,111032,81429,108763.25531914894,113314.74468085106,61079.53191489362,74052.46808510639,84519.25531914894,91982.74468085106,105962.21276595745,116101.78723404255,58407.04255319149,104450.95744680852,
08,007,,84621,52122,,,76609.4255319149,92632.5744680851,,,36167.95744680851,68076.04255319148,,,,,
08,009,,48750,29516,,,41660.63829787234,55839.36170212766,,,10641.617021276597,48390.3829787234,,,,,
08,011,,53872,42000,,,45600.68085106383,62143.31914893617,,,15589.446808510638,68410.55319148937,,,,,
08,013,65833,108462,77522,119633,110601,105733.48936170213,111190.51063829787,35728.82978723404,95937.17021276595,70019.1914893617,85024.8085106383,102008.48936170213,137257.51063829788,104662.6170212766,116539.3829787234,
08,014,183125,124910,103887,148229,58882,119431.53191489361,130388.46808510639,142915.8085106383,223334.1914893617,89672.53191489363,118101.46808510637,117588.65957446808,178869.3404255319,53745.48936170213,64018.51063829787,
08,015,,86592,81136,94853,53523,75710.12765957447,97473.87234042553,,,51766.97872340426,110505.02127659574,16630.531914893625,173075.46808510637,37481.97872340426,69564.02127659574,
08,017,,74784,,,,52840.34042553192,96727.65957446808,,,,,,,,,
08,019,,95273,87719,,58920,72121.17021276595,118424.82978723405,,,18819.936170212764,156618.06382978725,,,49548.936170212764,68291.06382978724,
08,021,,58617,42750,8920,79583,51918.44680851064,65315.55319148936,,,32390,53110,7941.787234042553,9898.212765957447,57117.46808510638,102048.53191489363,
08,023,,35964,37772,65682,53438,16319.91489361702,55608.085106382976,,,27689.617021276594,47854.382978723406,9475.872340425529,121888.12765957447,9171.787234042553,97704.21276595745,
08,025,,47720,72986,,35446,41081.02127659575,54358.97872340425,,,23665.489361702123,122306.51063829788,,,25233.744680851065,45658.255319148935,
08,027,,74203,,,,64700.87234042553,83705.12765957447,,,,,,,,,
08,029,,58133,55517,,70288,53419.46808510638,62846.53191489362,,,21322.446808510635,89711.55319148937,,,6276.4255319149015,134299.5744680851,
08,031,61920,109853,74100,110565,68523,107269.85106382979,112436.14893617021,57480.51063829787,66359.48936170213,70346.8085106383,77853.1914893617,99278.02127659574,121851.97872340426,54967.425531914894,82078.5744680851,
08,033,,57545,118526,,,43447.29787234042,71642.70212765958,,,118174.51063829787,118877.48936170213,,,,,
08,035,96720,151466,128041,166696,68542,148650.51063829788,154281.48936170212,75183.82978723405,118256.17021276595,115541.08510638298,140540.914893617,151590.29787234042,181801.70212765958,8038.170212765959,129045.82978723405,
08,037,89038,112466,64869,181699,,104142.25531914894,120789.74468085106,21678.34042553192,156397.6595744681,59669.34042553192,70068.65957446808,124428.87234042553,238969.12765957447,,,
08,039,,130421,146908,203125,,114650.44680851063,146191.55319148937,,,79749.70212765958,214066.29787234042,181093.17021276595,225156.82978723405,,,
08,041,74614,96042,75632,93507,68329,94149.91489361702,97934.08510638298,69664.55319148937,79563.44680851063,71630.97872340426,79633.02127659574,84996.1914893617,102017.8085106383,56504.65957446808,80153.34042553192,
08,043,,63316,57500,61595,,57674.29787234042,68957.70212765958,,,14069.021276595748,100930.97872340426,36695.255319148935,86494.74468085106,,,
08,045,,97500,77352,,,92518.3829787234,102481.6170212766,,,66422.46808510639,88281.53191489361,,,,,
08,047,,95120,106141,,,72501.95744680852,117738.04255319148,,,3308.3191489361634,208973.68085106384,,,,,
08,049,,90359,86696,89543,,77109.63829787234,103608.36170212766,,,43330.55319148936,130061.44680851063,86658.40425531915,92427.59574468085,,,
08,051,,88720,60098,,198490,77469.9574468085,99970.0425531915,,,26749.404255319147,93446.59574468085,,,129515.87234042553,267464.1276595745,
08,053,,80000,,,,46736,113264,,,,,,,,,
08,055,,54747,41923,,,47507.51063829787,61986.48936170213,,,24952.617021276597,58893.3829787234,,,,,
08,057,,58060,,,,23643.82978723404,92476.17021276595,,,,,,,,,
08,059,64688,115581,85319,103179,84167,113251.63829787234,117910.36170212766,46019.744680851065,83356.25531914894,80699.59574468085,89938.40425531915,81135.25531914894,125222.74468085106,35180.10638297872,133153.89361702127,
08,061,,53819,60694,,,39423.425531914894,68214.5744680851,,,58618.425531914894,62769.574468085106,,,,,
08,063,,72923,59195,,31129,62929.97872340426,82916.02127659574,,,46839.255319148935,71550.74468085106,,,30628.574468085106,31629.425531914894,
08,065,,100275,95375,,,85432.6170212766,115117.3829787234,,,29791.85106382979,160958.1489361702,,,,,
08,067,,87977,58160,,95560,84357.25531914894,91596.74468085106,,,39071.14893617021,77248.85106382979,,,62840.51063829787,128279.48936170213,
08,069,87833,96361,78612,86025,89286,93465.68085106384,99256.31914893616,18763.553191489365,156902.44680851063,73078.72340425532,84145.27659574468,64590.10638297872,107459.89361702127,41612.127659574464,136959.87234042553,
08,071,,59809,38735,,50912,51510.27659574468,68107.72340425532,,,28003.255319148935,49466.744680851065,,,31451.40425531915,70372.59574468085,
08,073,,65327,63796,,,53652.78723404255,77001.21276595745,,,35152.595744680846,92439.40425531915,,,,,
08,075,63455,51472,44688,,,44598.29787234042,58345.70212765958,8044.787234042553,118865.21276595745,20907.063829787236,68468.93617021276,,,,,
08,077,68542,74550,68017,57566,82784,71989.48936170213,77110.51063829787,5072.553191489358,132011.44680851063,57435.382978723406,78598.6170212766,8539.78723404256,106592.21276595743,36209.87234042553,129358.12765957447,
08,079,,54828,,,,38708.34042553192,70947.65957446808,,,,,,,,,
08,081,,78750,52195,,19438,71500.97872340426,85999.02127659574,,,40928.27659574468,63461.72340425532,,,7563.617021276596,31312.382978723406,
08,083,,68156,69150,,50417,62280.765957446805,74031.23404255319,,,47075.27659574468,91224.72340425532,,,28485.255319148935,72348.74468085106,
08,085,,71128,73942,,42127,66839.82978723405,75416.17021276595,,,65279.87234042553,82604.12765957447,,,13512.191489361703,70741.8085106383,
08,087,,74158,75805,86875,97434,71324.63829787234,76991.36170212766,,,66615.0425531915,84994.9574468085,35530.14893617021,138219.8510638298,89091.1914893617,105776.8085106383,
08,089,,59094,51031,62548,30345,47904.72340425532,70283.27659574468,,,41260.78723404255,60801.21276595745,17576.425531914894,107519.5744680851,21948.574468085106,38741.425531914894,
08,091,,94152,,,,80696.51063829787,107607.48936170213,,,,,,,,,
08,093,72784,102952,136364,,,80229.10638297873,125674.89361702127,43590.12765957447,101977.87234042553,63488.936170212764,209239.06382978725,,,,,
08,095,,76607,47074,,,60127.51063829787,93086.48936170213,,,37353.82978723404,56794.17021276596,,,,,
08,097,,110325,73217,,,102300.31914893616,118349.68085106384,,,64409.51063829787,82024.48936170213,,,,,
08,099,,60279,44000,105588,,43763.76595744681,76794.23404255319,,,23341.957446808512,64658.04255319149,325.87234042554337,210850.12765957444,,,
08,101,62220,68284,59815,88523,62730,65125.36170212766,71442.63829787234,43376.59574468085,81063.40425531915,55989.12765957447,63640.87234042553,62020.70212765958,115025.29787234042,45869.23404255319,79590.76595744681,
08,103,,64679,79556,,55909,58297.382978723406,71060.6170212766,,,43245.36170212766,115866.63829787234,,,40768.744680851065,71049.25531914894,
08,105,103333,70460,62938,,102004,53281.10638297872,87638.89361702127,22081.765957446813,184584.23404255317,52406.425531914894,73469.5744680851,,,63548.68085106383,140459.31914893616,
08,107,,115563,55694,,77813,105143.4255319149,125982.5744680851,,,37552.382978723406,73835.61702127659,,,40288.234042553195,115337.7659574468,
08,109,,47067,52955,,,33538.82978723404,60595.17021276596,,,29066.82978723404,76843.17021276595,,,,,
08,111,,77963,,,,45228.02127659574,110697.97872340426,,,,,,,,,
08,113,,84919,,,,65091.425531914894,104746.5744680851,,,,,,,,,
08,115,,53947,42308,,,46376.27659574468,61517.72340425532,,,21728.59574468085,62887.404255319154,,,,,
08,117,,116421,71458,,209286,99488.74468085106,133353.25531914894,,,33586.51063829787,109329.48936170213,,,106384.21276595745,312187.78723404254,
08,119,,89837,54805,,,82481.93617021276,97192.06382978724,,,29093.85106382979,80516.14893617021,,,,,
08,121,,66585,68594,,,60641.85106382979,72528.14893617021,,,46084.382978723406,91103.61702127659,,,,,
08,123,87895,104163,74488,97685,57388,101696.6170212766,106629.3829787234,78322.5744680851,97467.4255319149,69847.14893617021,79128.85106382979,76298.95744680852,119071.04255319148,27673.44680851064,87102.55319148937,
08,125,,62293,,,,52559.72340425532,72026.27659574468,,,,,,,,,
09,000,65521,107520,63457,131092,66387,106438.12765957447,108601.87234042553,62587.553191489365,68454.44680851063,61737.68085106383,65176.31914893617,125395.48936170213,136788.51063829788,51913.97872340426,80860.02127659574,
09,001,,,,,,,,,,,,,,,,U
09,003,,,,,,,,,,,,,,,,U
09,005,,,,,,,,,,,,,,,,U
09,007,,,,,,,,,,,,,,,,U
09,009,,,,,,,,,,,,,,,,U
09,011,,,,,,,,,,,,,,,,U
09,013,,,,,,,,,,,,,,,,U
09,015,,,,,,,,,,,,,,,,U
09,110,65780,105857,56030,130245,67351,103694.44680851063,108019.55319148937,59773.70212765958,71786.29787234042,54105.744680851065,57954.255319148935,119553.76595744681,140936.2340425532,27480.191489361707,107221.8085106383,A
09,120,65765,112200,59224,137411,48158,105895.82978723405,118504.17021276595,59245.17021276596,72284.82978723405,55663.82978723404,62784.17021276596,110919.4255319149,163902.5744680851,39923.617021276594,56392.382978723406,A
09,130,63187,108630,84450,97432,79839,105452.29787234042,111807.70212765958,52276.53191489362,74097.46808510639,73089.14893617021,95810.85106382979,69030.46808510639,125833.53191489361,21161.723404255325,138516.27659574468,A
09,140,61578,97757,59443,120992,91781,94697.25531914894,100816.74468085106,51091.70212765958,72064.29787234042,52489.46808510638,66396.53191489361,105626.55319148937,136357.44680851063,62445.34042553192,121116.65957446808,A
09,150,60418,91463,86156,109435,44104,86274.06382978724,96651.93617021276,47324.72340425532,73511.27659574468,66603.65957446808,105708.34042553192,55564.19148936171,163305.8085106383,20213.44680851064,67994.55319148937,A
09,160,80833,96292,78509,94801,83500,91499.82978723405,101084.17021276595,48154.02127659575,113511.97872340426,63689.255319148935,93328.74468085106,71813.59574468085,117788.40425531915,23021.191489361707,143978.8085106383,A
09,170,61314,102655,62589,104546,58194,100185.0425531915,105124.9574468085,57826.51063829787,64801.48936170213,58654.70212765958,66523.29787234042,96039.9574468085,113052.0425531915,17470.085106382983,98917.91489361701,A
09,180,58690,92031,52160,98159,70859,89095.17021276595,94966.82978723405,52557.40425531915,64822.59574468085,45313.70212765958,59006.29787234042,83251.08510638298,113066.91489361702,46310.744680851065,95407.25531914894,A
09,190,79454,151260,84934,179667,93375,146753.78723404254,155766.21276595746,72860.29787234042,86047.70212765958,79471.02127659574,90396.97872340426,165282.1489361702,194051.8510638298,57781.63829787234,128968.36170212766,A
10,000,65718,91928,68056,134255,62648,90182.46808510639,93673.53191489361,63012.12765957447,68423.87234042553,61733.95744680851,74378.0425531915,125874.06382978724,142635.93617021278,48873.1914893617,76422.8085106383,
10,001,65880,78323,82321,65372,58049,73700.02127659574,82945.97872340426,59588.936170212764,72171.06382978724,63914.87234042553,100727.12765957447,24965.021276595748,105778.97872340426,20287.12765957447,95810.87234042553,
10,003,67733,101363,69525,136563,78750,98876.36170212766,103849.63829787234,62495.21276595745,72970.78723404255,61226.27659574468,77823.72340425532,127127.59574468085,145998.40425531915,45412.12765957447,112087.87234042553,
10,005,52175,85823,55971,127500,57098,83056.36170212766,88589.63829787234,44259.936170212764,60090.063829787236,46154.31914893617,65787.68085106384,81631.2340425532,173368.7659574468,37064.29787234042,77131.70212765958,
11,000,60764,170201,117634,126268,66485,166300.06382978722,174101.93617021278,57037.02127659575,64490.97872340425,109794,125474,112668.34042553192,139867.6595744681,63802.95744680851,69167.0425531915,
11,001,60764,170201,117634,126268,66485,166300.06382978722,174101.93617021278,57037.02127659575,64490.97872340425,109794,125474,112668.34042553192,139867.6595744681,63802.95744680851,69167.0425531915,
12,000,56881,80830,70097,96990,67552,80384.3829787234,81275.6170212766,56173.255319148935,57588.744680851065,69473.85106382979,70720.14893617021,94679.70212765958,99300.29787234042,62170.04255319149,72933.9574468085,
12,001,43649,72709,53410,80182,,69314.44680851063,76103.55319148937,35865,51433,46178.85106382979,60641.14893617021,64092.12765957447,96271.87234042553,,,
12,003,,77323,121842,89286,,63094.23404255319,91551.76595744681,,,78500.38297872341,165183.6170212766,52943.19148936171,125628.8085106383,,,
12,005,48865,78303,66215,70795,71250,75501.8085106383,81104.1914893617,44946.1914893617,52783.8085106383,55208.02127659575,77221.97872340426,46085.893617021284,95504.10638297872,37253.234042553195,105246.7659574468,
12,007,45645,62317,79703,177950,,52521.76595744681,72112.23404255319,14697.255319148935,76592.74468085106,27551.510638297877,131854.48936170212,163846.3404255319,192053.6595744681,,,
12,009,55402,80528,76710,104215,72875,78766.97872340426,82289.02127659574,50955.36170212766,59848.63829787234,71311.36170212766,82108.63829787234,92242.91489361702,116187.08510638298,58021.89361702128,87728.10638297873,
12,011,62857,86292,77476,101572,78615,84508.34042553192,88075.65957446808,60621.765957446805,65092.234042553195,75369.44680851063,79582.55319148937,96310.3829787234,106833.6170212766,61060.78723404255,96169.21276595745,
12,013,,51539,80037,,16172,46195.17021276596,56882.82978723404,,,60621.68085106383,99452.31914893616,,,15790.72340425532,16553.276595744683,
12,015,42224,71099,65560,81532,,69285.55319148937,72912.44680851063,30025.531914893618,54422.46808510638,55200,75920,63905.10638297872,99158.89361702127,,,
12,017,45221,57076,50689,60921,,54912.255319148935,59239.744680851065,20352.23404255319,70089.76595744681,39388.914893617024,61989.085106382976,4169.170212765959,117672.82978723405,,,
12,019,85967,89326,79606,98174,148250,85795.6170212766,92856.3829787234,73824.53191489361,98109.46808510639,67063.1914893617,92148.8085106383,84251.44680851063,112096.55319148937,28199.10638297873,268300.89361702127,
12,021,70425,99570,70464,100455,80980,96684.21276595745,102455.78723404255,60378.36170212766,80471.63829787234,64158.63829787234,76769.36170212766,78897.38297872341,122012.61702127659,67012.17021276595,94947.82978723405,
12,023,54444,60401,63878,43432,79722,56092.574468085106,64709.425531914894,41965.53191489362,66922.46808510637,44075.446808510635,83680.55319148937,31511.14893617021,55352.85106382979,13146.340425531918,146297.6595744681,
12,027,28974,53883,60187,,,49113.46808510638,58652.53191489362,12785.234042553191,45162.76595744681,50101.04255319149,70272.95744680852,,,,,
12,029,,49156,,,,42920.936170212764,55391.063829787236,,,,,,,,,
12,031,51724,82007,66638,97147,70523,80110.14893617021,83903.85106382979,48657.10638297872,54790.89361702128,62013.82978723404,71262.17021276595,88695.76595744681,105598.23404255319,33717.89361702128,107328.10638297873,
12,033,45743,75942,67161,66102,106563,73293.31914893616,78590.68085106384,42447.34042553192,49038.65957446808,61285.765957446805,73036.23404255319,60376.89361702128,71827.10638297872,60992.10638297872,152133.89361702127,
12,035,72857,78488,71680,112976,,74410.72340425532,82565.27659574468,62338.53191489362,83375.46808510639,61231.82978723405,82128.17021276595,66276.7659574468,159675.2340425532,,,
12,037,19554,64764,86563,,,52084.17021276596,77443.82978723405,12293.063829787236,26814.936170212764,27826.14893617022,145299.8510638298,,,,,
12,039,36682,67321,60354,,,55427.553191489365,79214.44680851063,32702.425531914894,40661.574468085106,38040.97872340426,82667.02127659574,,,,,
12,041,71667,62348,71667,,66000,51343.40425531915,73352.59574468085,33106.82978723405,110227.17021276595,8160.617021276594,135173.3829787234,,,13292.085106382976,118707.91489361702,
12,043,,45287,61452,,,34949.63829787234,55624.36170212766,,,3040.4255319149015,119863.5744680851,,,,,
12,045,38785,62036,,,,55083.65957446808,68988.34042553192,2823.468085106382,74746.53191489363,,,,,,,
12,047,29335,52932,57097,,,47192.59574468085,58671.40425531915,23978.063829787236,34691.936170212764,46918.10638297872,67275.89361702127,,,,,
12,049,,56045,65909,71645,84650,46273.59574468085,65816.40425531915,,,44522.95744680851,87295.04255319148,42484.48936170213,100805.51063829787,36768.8085106383,132531.1914893617,
12,051,41797,71675,51740,83192,,55865.12765957447,87484.87234042553,29304.234042553195,54289.765957446805,42992.085106382976,60487.914893617024,1049.531914893625,165334.46808510637,,,
12,053,61690,65815,65752,86563,66000,63717.97872340425,67912.02127659574,48920.8085106383,74459.1914893617,56996.936170212764,74507.06382978724,64683.68085106384,108442.31914893616,23692.595744680853,108307.40425531915,
12,055,48503,57379,49716,76875,41750,53438.744680851065,61319.255319148935,40399.68085106383,56606.31914893617,42860.17021276596,56571.82978723404,21437.3829787234,132312.61702127662,11051.276595744679,72448.72340425532,
12,057,58213,93666,68246,111002,51947,91583.27659574468,95748.72340425532,55833.59574468085,60592.40425531915,66103.70212765958,70388.29787234042,105110.08510638298,116893.91489361702,40644.53191489362,63249.46808510638,
12,059,,49046,58672,,13536,46398.51063829787,51693.48936170213,,,43812.936170212764,73531.06382978724,,,12164.595744680852,14907.404255319148,
12,061,51163,75685,63842,62783,,73014.87234042553,78355.12765957447,33349.042553191495,68976.9574468085,52257.14893617021,75426.85106382979,38307.425531914894,87258.5744680851,,,
12,063,36311,55232,41740,,44444,50610.21276595745,59853.78723404255,30160.531914893618,42461.46808510638,36640.425531914894,46839.574468085106,,,6428.340425531911,82459.6595744681,
12,065,40393,74828,87765,,,57099.82978723404,92556.17021276595,15189.425531914894,65596.5744680851,52373,123157,,,,,
12,067,,62946,47134,,,54467.36170212766,71424.63829787234,,,21801.744680851065,72466.25531914894,,,,,
12,069,60872,73845,72974,105833,71607,71823.0425531915,75866.9574468085,52094.29787234042,69649.70212765958,66335.02127659574,79612.97872340426,68384.48936170213,143281.51063829788,44787.76595744681,98426.23404255319,
12,071,58616,81548,63337,88866,44861,79358.0425531915,83737.9574468085,53957.27659574468,63274.72340425532,60609.68085106383,66064.31914893616,69531.70212765958,108200.29787234042,11170.446808510642,78551.55319148937,
12,073,46436,79759,71994,85885,,76170.23404255319,83347.76595744681,41829.70212765958,51042.29787234042,54650.68085106383,89337.31914893616,70896.06382978724,100873.93617021276,,,
12,075,50353,58896,61007,54313,,52703.82978723404,65088.17021276596,24637.08510638298,76068.91489361702,45259.085106382976,76754.91489361702,52796.234042553195,55829.765957446805,,,
12,077,,61096,71786,48438,58875,52965.27659574468,69226.72340425532,,,34448.29787234043,109123.70212765958,18824.72340425532,78051.27659574468,39276.19148936171,78473.8085106383,
12,079,30463,54957,63617,,,49026.95744680851,60887.04255319149,24057.55319148936,36868.446808510635,45677.936170212764,81556.06382978724,,,,,
12,081,55898,80758,72918,99435,83681,78267.78723404255,83248.21276595745,47941.234042553195,63854.765957446805,62733.14893617021,83102.85106382979,68462.2340425532,130407.7659574468,57849.51063829787,109512.48936170213,
12,083,54239,62819,56308,67422,68313,60763.68085106383,64874.31914893617,46303.68085106383,62174.31914893617,50476.85106382979,62139.14893617021,57461.14893617021,77382.85106382979,41438.95744680851,95187.04255319148,
12,085,36934,86230,56986,84873,39643,82819.9574468085,89640.0425531915,24716.468085106382,49151.53191489362,46972.72340425532,66999.27659574468,18241.34042553192,151504.6595744681,3476.531914893618,75809.46808510637,
12,086,54274,105541,69887,100720,66563,102032.06382978724,109049.93617021276,51963.70212765958,56584.29787234042,68851.59574468085,70922.40425531915,90435.06382978724,111004.93617021276,42481.8085106383,90644.19148936169,
12,087,66552,95990,74228,,127917,87015.70212765958,104964.29787234042,30153.1914893617,102950.80851063831,61429.02127659575,87026.97872340426,,,62196.82978723405,193637.17021276595,
12,089,52760,92235,89568,81587,113387,86619.51063829787,97850.48936170213,29506.893617021276,76013.10638297873,76596.25531914894,102539.74468085106,74103.25531914894,89070.74468085106,95477.72340425532,131296.27659574468,
12,091,58885,89599,70978,65894,60750,85663.51063829787,93534.48936170213,52191.21276595745,65578.78723404255,65541.23404255319,76414.76595744681,59065.574468085106,72722.4255319149,24404.8085106383,97095.19148936169,
12,093,24056,58103,58930,,,51744.02127659575,64461.97872340425,6931.91489361702,41180.085106382976,53326.425531914894,64533.574468085106,,,,,
12,095,60565,99024,70313,104389,71489,96496.85106382979,101551.14893617021,58563.29787234042,62566.70212765958,67769.17021276595,72856.82978723405,95989,112789,52663.46808510638,90314.53191489363,
12,097,65837,83281,68021,82940,170433,79428.91489361702,87133.08510638298,62355.46808510638,69318.53191489361,62872.574468085106,73169.4255319149,71946.12765957447,93933.87234042553,63910.27659574468,276955.72340425535,
12,099,65775,92664,76091,95922,60147,90708.76595744681,94619.23404255319,63193.04255319149,68356.9574468085,73754.48936170213,78427.51063829787,85025.82978723405,106818.17021276595,32813.04255319149,87480.95744680852,
12,101,71367,68109,74366,123958,66294,65922.6170212766,70295.3829787234,61706.40425531915,81027.59574468085,70216.0425531915,78515.9574468085,98424.38297872341,149491.6170212766,43562.76595744681,89025.23404255319,
12,103,52147,75612,67043,89661,65417,74074.97872340426,77149.02127659574,48964.53191489362,55329.46808510638,63012.1914893617,71073.8085106383,80367.3829787234,98954.6170212766,48431.12765957447,82402.87234042553,
12,105,54889,70999,62595,70000,54000,69336.87234042553,72661.12765957447,50510.27659574468,59267.72340425532,59810.48936170213,65379.51063829787,49985.36170212766,90014.63829787234,35524.76595744681,72475.23404255319,
12,107,31228,50077,45608,,53854,46817.085106382976,53336.914893617024,21118.212765957447,41337.78723404255,35411.23404255319,55804.76595744681,,,53554.936170212764,54153.063829787236,
12,109,90231,109835,97701,148607,167533,105499.17021276595,114170.82978723405,72482.5744680851,107979.4255319149,73595.97872340426,121806.02127659574,130203.25531914894,167010.74468085106,37540.31914893618,297525.6808510638,
12,111,62247,76616,66806,86085,58397,72176.51063829787,81055.48936170213,56570.744680851065,67923.25531914894,59760.72340425532,73851.27659574468,72045.68085106384,100124.31914893616,30563.8085106383,86230.19148936169,
12,113,84889,92309,92565,96729,,88559.3829787234,96058.6170212766,57998.27659574468,111779.72340425532,84609.4255319149,100520.5744680851,90645.25531914894,102812.74468085106,,,
12,115,59104,85509,78457,76822,79896,83700.31914893616,87317.68085106384,48126.8085106383,70081.1914893617,68960.82978723405,87953.17021276595,60480.72340425532,93163.27659574468,43137.36170212766,116654.63829787234,
12,117,63637,94233,71966,110398,89205,91388.91489361702,97077.08510638298,56478.53191489362,70795.46808510639,68737.06382978724,75194.93617021276,97940.97872340426,122855.02127659574,56123.29787234042,122286.70212765958,
12,119,47132,77506,78412,60096,,73740.89361702128,81271.10638297872,24677.191489361703,69586.8085106383,64668.17021276596,92155.82978723405,35566.8085106383,84625.19148936169,,,
12,121,45402,58208,55985,,,53013.10638297872,63402.89361702128,35249.31914893617,55554.68085106383,30366.787234042553,81603.21276595745,,,,,
12,123,31855,53000,52098,60705,,44907.40425531915,61092.59574468085,22047.85106382979,41662.14893617021,7174.085106382983,97021.91489361701,6405.255319148935,115004.74468085106,,,
12,125,,66685,,,,53453.51063829787,79916.48936170213,,,,,,,,,
12,127,55868,72065,70287,73964,62634,70169.34042553192,73960.65957446808,52450.8085106383,59285.1914893617,65860.6170212766,74713.3829787234,63289.446808510635,84638.55319148937,17304.978723404252,107963.02127659574,
12,129,66438,82981,96818,,,76339.63829787234,89622.36170212766,44360.893617021284,88515.10638297872,78349.91489361702,115286.08510638298,,,,,
12,131,48155,83331,80071,,108125,79111.93617021276,87550.06382978724,9886.744680851065,86423.25531914894,62944.53191489362,97197.46808510637,,,22711.893617021284,193538.10638297873,
12,133,31719,60878,54917,140938,,54110.34042553192,67645.65957446808,24856.021276595744,38581.97872340425,25948.319148936174,83885.68085106382,2982.595744680875,278893.40425531915,,,
13,000,60205,88639,71161,110971,62516,87938.40425531915,89339.59574468085,59543.72340425532,60866.27659574468,69593,72729,107942.23404255319,113999.76595744681,59325.1914893617,65706.8085106383,
13,001,27772,52073,,,72708,44070.95744680851,60075.04255319149,20458.63829787234,35085.36170212766,,,,,29826.29787234043,115589.70212765958,
13,003,,52640,33586,,,43570.382978723406,61709.617021276594,,,30668.042553191488,36503.95744680851,,,,,
13,005,39931,50417,25764,,,38391.29787234042,62442.70212765958,20799.255319148935,59062.744680851065,14161.27659574468,37366.72340425532,,,,,
13,007,27321,60278,,,,37458.59574468085,83097.40425531915,10233.851063829788,44408.14893617021,,,,,,,
13,009,40776,68565,,,,57992.914893617024,79137.08510638298,36456.85106382979,45095.14893617021,,,,,,,
13,011,47969,81899,71875,42606,,72837.72340425532,90960.27659574468,1049.3404255319183,94888.65957446808,1842.8297872340481,141907.17021276595,34557.48936170213,50654.51063829787,,,
13,013,74637,82649,75294,91912,116429,76438.9574468085,88859.0425531915,62648.23404255319,86625.76595744681,60929.404255319154,89658.59574468085,76282.0425531915,107541.9574468085,19189.170212765966,213668.82978723402,
13,015,59014,86718,78110,82313,68075,82074.76595744681,91361.23404255319,49342.68085106383,68685.31914893616,70124.63829787234,86095.36170212766,26722.872340425536,137903.12765957447,21564.021276595748,114585.97872340426,
13,017,32174,57500,,,,45949.70212765958,69050.29787234042,23804.978723404256,40543.02127659574,,,,,,,
13,019,34338,54114,83125,,,44185.31914893617,64042.68085106383,20702.595744680853,47973.40425531915,49387.97872340425,116862.02127659574,,,,,
13,021,37905,72602,60260,61655,,65938,79266,35064.48936170213,40745.51063829787,41961.10638297872,78558.89361702127,20220.957446808512,103089.04255319148,,,
13,023,24453,87558,83393,85625,,70891.44680851063,104224.55319148937,14486.191489361701,34419.8085106383,16476.574468085106,150309.4255319149,7294.106382978731,163955.89361702127,,,
13,025,,59866,,,,48593.31914893617,71138.68085106384,,,,,,,,,
13,027,22044,61617,,,,47165.425531914894,76068.5744680851,14596,29492,,,,,,,
13,029,90450,110563,105347,,,100455.59574468085,120670.40425531915,62772.893617021284,118127.10638297872,66561.63829787234,144132.36170212767,,,,,
13,031,45860,67068,37679,,37946,61298.8085106383,72837.1914893617,39903.744680851065,51816.255319148935,27028.276595744683,48329.72340425532,,,9051.191489361703,66840.8085106383,
13,033,35394,79825,90849,,,56418.19148936171,103231.8085106383,28171.191489361703,42616.8085106383,88153.85106382979,93544.14893617021,,,,,
13,035,43832,80611,81008,,,66651.51063829787,94570.48936170213,25747.574468085106,61916.425531914894,24282.382978723406,137733.6170212766,,,,,
13,037,31280,77094,,,,70215.53191489361,83972.46808510639,20441.021276595748,42118.97872340425,,,,,,,
13,039,61250,79773,69798,100208,,70678.36170212766,88867.63829787234,42512.63829787234,79987.36170212766,51770.76595744681,87825.23404255319,73065.87234042553,127350.12765957447,,,
13,043,47934,52944,52023,,,41365.10638297872,64522.89361702128,30104.55319148936,65763.44680851063,31848.702127659573,72197.29787234042,,,,,
13,045,59422,78093,56535,91667,,74741.34042553192,81444.65957446808,46907.78723404255,71936.21276595745,48448.36170212766,64621.63829787234,37257.63829787234,146076.36170212767,,,
13,047,78333,76303,55781,51161,,71775.34042553192,80830.65957446808,34527.893617021284,122138.10638297872,40102.19148936171,71459.8085106383,28911.127659574468,73410.87234042553,,,
13,049,49927,61250,,,,45024.29787234042,77475.70212765958,11833.893617021276,88020.10638297873,,,,,,,
13,051,52083,86863,73036,75407,66579,84271.51063829787,89454.48936170213,49284.1914893617,54881.8085106383,61634.63829787234,84437.36170212766,66383.85106382979,84430.14893617021,35317.893617021284,97840.10638297872,
13,053,62136,55375,84353,63750,,37288.19148936171,73461.8085106383,23634.212765957447,100637.78723404255,56044.404255319154,112661.59574468085,37502.68085106384,89997.31914893616,,,
13,055,31803,52370,36708,,36461,48674,56066,16835.51063829787,46770.48936170213,33214.553191489365,40201.446808510635,,,35406.53191489362,37515.46808510638,
13,057,102822,112653,74273,115681,62321,109018.9574468085,116287.0425531915,89754.93617021276,115889.06382978724,63694.95744680851,84851.0425531915,98777.34042553192,132584.6595744681,49804.404255319154,74837.59574468085,
13,059,41607,59948,54400,57159,,55415.574468085106,64480.425531914894,37329.553191489365,45884.446808510635,41298.382978723406,67501.6170212766,33105.21276595745,81212.78723404255,,,
13,061,45446,86756,,,,80513.78723404255,92998.21276595745,32750.68085106383,58141.31914893617,,,,,,,
13,063,58057,59673,62931,72912,,50107.72340425532,69238.27659574468,55160.48936170213,60953.51063829787,55717.72340425532,70144.27659574468,60534.8085106383,85289.1914893617,,,
13,065,,62402,6307,,,42296.80851063829,82507.1914893617,,,6057.978723404255,6556.021276595745,,,,,
13,067,84793,117354,81875,130295,70901,114347.87234042553,120360.12765957447,80550.10638297873,89035.89361702127,76727.76595744681,87022.23404255319,119245.12765957447,141344.87234042553,41652.31914893617,100149.68085106384,
13,069,33990,57998,37527,,,52151.36170212766,63844.63829787234,30416.723404255317,37563.27659574468,32865.89361702128,42188.10638297872,,,,,
13,071,38203,63697,45304,,67450,57262.95744680851,70131.0425531915,28892.702127659577,47513.29787234042,41075.40425531915,49532.59574468085,,,34006.08510638298,100893.91489361701,
13,073,86521,99891,83094,96336,,95402.65957446808,104379.34042553192,81525.08510638298,91516.91489361702,71301.82978723405,94886.17021276595,62166.46808510638,130505.53191489363,,,
13,075,35530,60012,59261,,,50407.404255319154,69616.59574468085,22069.744680851065,48990.255319148935,9504.404255319154,109017.59574468085,,,,,
13,077,68977,102107,83261,90096,173313,97625.8085106383,106588.1914893617,62310.617021276594,75643.3829787234,54075.46808510639,112446.53191489361,53707.914893617024,126484.08510638298,75119.97872340426,271506.02127659577,
13,079,41786,70980,74565,,,61004.85106382979,80955.14893617021,11005.063829787236,72566.93617021276,961.9361702127644,148168.06382978725,,,,,
13,081,31505,73576,44742,,,59714.21276595745,87437.78723404255,28676.40425531915,34333.59574468085,22844.8085106383,66639.19148936169,,,,,
13,083,,65631,,33188,,58491.59574468085,72770.40425531915,,,,,18085.872340425532,48290.12765957447,,,
13,085,,94757,75052,,,84485.17021276595,105028.82978723405,,,56921.10638297872,93182.89361702127,,,,,
13,087,34615,65696,63924,163242,63234,54335.14893617021,77056.85106382979,30810.574468085106,38419.425531914894,49308,78540,20016.638297872327,306467.3617021277,55651.36170212766,70816.63829787234,
13,089,63329,129400,63408,102361,45875,124302.8085106383,134497.1914893617,61074.70212765958,65583.29787234042,59160.34042553192,67655.65957446808,94375.63829787234,110346.36170212766,32823.425531914894,58926.574468085106,
13,091,44457,54010,36119,,,46592.97872340425,61427.02127659575,29737.340425531915,59176.65957446808,26852.787234042553,45385.21276595745,,,,,
13,093,44063,87198,78285,,,61874.085106382976,112521.91489361702,28016.021276595748,60109.97872340425,57448.234042553195,99121.7659574468,,,,,
13,095,44427,66482,48520,79000,,60945.14893617021,72018.85106382979,40551.085106382976,48302.914893617024,23478.468085106382,73561.53191489363,24270.12765957447,133729.87234042553,,,
13,097,82072,83740,86261,91757,60395,78801.27659574468,88678.72340425532,75212.59574468085,88931.40425531915,78000.40425531915,94521.59574468085,37245.17021276597,146268.82978723402,6070.2340425531875,114719.76595744681,
13,099,44748,64659,58333,,,53356.53191489362,75961.46808510639,34158.04255319149,55337.95744680851,35558.87234042553,81107.12765957447,,,,,
13,101,,63065,76607,,,50282.70212765958,75847.29787234042,,,24951.17021276596,128262.82978723405,,,,,
13,103,72727,92160,96375,109630,,85661.6170212766,98658.3829787234,59144.02127659574,86309.97872340426,60153.72340425532,132596.27659574468,102008.0425531915,117251.9574468085,,,
13,105,43176,59909,,86157,,51517.34042553192,68300.65957446808,33113.87234042553,53238.12765957447,,,51494.1914893617,120819.80851063831,,,
13,107,45287,54924,47882,,,46924.34042553192,62923.65957446808,35682.404255319154,54891.595744680846,24128.468085106386,71635.53191489361,,,,,
13,109,39135,58839,49000,,,50251.936170212764,67426.06382978724,18235.08510638298,60034.914893617024,32503.82978723404,65496.17021276596,,,,,
13,111,,56879,64479,,,50839.34042553192,62918.65957446808,,,3637.9787234042597,125320.02127659574,,,,,
13,113,109391,113243,91208,128929,99853,108735.59574468085,117750.40425531915,99163.25531914894,119618.74468085106,72010.72340425532,110405.27659574468,104409.34042553192,153448.6595744681,84542.36170212766,115163.63829787234,
13,115,35270,72696,66604,65446,76207,69407.48936170213,75984.51063829787,29496.042553191488,41043.95744680851,45868.51063829787,87339.48936170213,38332.46808510638,92559.53191489363,35191.17021276596,117222.82978723405,
13,117,111367,136589,113177,199768,122321,132088.74468085106,141089.25531914894,82700.95744680852,140033.04255319148,106875.21276595745,119478.78723404255,193462.63829787233,206073.36170212767,10923.893617021284,233718.10638297873,
13,119,39261,53323,54211,,,48193.63829787234,58452.36170212766,26997,51525,21269.893617021276,87152.10638297873,,,,,
13,121,62851,139048,86348,141463,57978,135541.44680851063,142554.55319148937,60558.574468085106,65143.425531914894,79345.6170212766,93350.3829787234,134262.82978723405,148663.17021276595,31473.31914893617,84482.68085106384,
13,123,,73596,92923,,36339,66966.55319148937,80225.44680851063,,,57565.553191489365,128280.44680851063,,,19030.23404255319,53647.76595744681,
13,125,44250,54901,,,,47343.382978723406,62458.617021276594,19154.85106382979,69345.14893617021,,,,,,,
13,127,41311,80594,42170,,,74978.51063829787,86209.48936170213,33048.02127659574,49573.97872340426,21691.872340425532,62648.12765957447,,,,,
13,129,32174,67987,57716,55301,36272,62414.40425531915,73559.59574468085,24316.127659574468,40031.87234042553,37990.89361702128,77441.10638297873,4617.425531914894,105984.5744680851,26717.44680851064,45826.553191489365,
13,131,41604,69302,54761,,,60281.23404255319,78322.76595744681,32560.595744680853,50647.40425531915,30609.510638297874,78912.48936170213,,,,,
13,133,44129,106480,,,,95880.51063829787,117079.48936170213,35093.936170212764,53164.063829787236,,,,,,,
13,135,83899,106601,67521,89313,73480,102187.72340425532,111014.27659574468,78773.21276595745,89024.78723404255,63612.914893617024,71429.08510638298,84620.91489361702,94005.08510638298,43118.46808510638,103841.53191489363,
13,137,56210,67460,73607,86094,146168,62306.8085106383,72613.1914893617,16883.702127659577,95536.29787234042,56828.446808510635,90385.55319148937,15587.617021276601,156600.38297872338,145081.36170212767,147254.63829787233,
13,139,68074,87933,73737,76265,78182,83386.27659574468,92479.72340425532,60764.21276595745,75383.78723404255,70913.17021276595,76560.82978723405,64395.382978723406,88134.6170212766,50471.53191489362,105892.46808510637,
13,141,31439,62426,,,,50163.19148936171,74688.8085106383,23800.36170212766,39077.63829787234,,,,,,,
13,143,85298,71564,120734,,,62461.02127659575,80666.97872340426,8095.446808510635,162500.55319148937,25755.6170212766,215712.38297872338,,,,,
13,145,69782,103490,102768,,,96806.93617021276,110173.06382978724,49959.19148936171,89604.8085106383,50909.6170212766,154626.38297872338,,,,,
13,147,48201,64781,58604,247908,,51333.85106382979,78228.14893617021,41434.53191489362,54967.46808510638,43323.14893617021,73884.85106382979,174875.6595744681,320940.3404255319,,,
13,149,,64605,,93839,,46301.34042553192,82908.65957446808,,,,,93064.53191489361,94613.46808510639,,,
13,151,83255,83140,85287,94208,51184,79173.53191489361,87106.46808510639,78835.76595744681,87674.23404255319,74682.74468085106,95891.25531914894,56421.10638297872,131994.89361702127,37910.8085106383,64457.1914893617,
13,153,62108,91320,71017,91450,103182,87977.87234042553,94662.12765957447,54835.14893617021,69380.85106382979,58326.446808510635,83707.55319148937,43064.8085106383,139835.1914893617,95428.97872340426,110935.02127659574,
13,155,31313,53438,86875,,,34960.3829787234,71915.6170212766,14995.553191489362,47630.446808510635,51424.6170212766,122325.3829787234,,,,,
13,157,61978,90489,94412,109207,74776,85982.78723404255,94995.21276595745,51185.48936170213,72770.51063829787,71177.95744680852,117646.04255319148,75216.1914893617,143197.8085106383,123.23404255318746,149428.76595744683,
13,159,41884,68777,58357,,,59820.574468085106,77733.4255319149,27428.85106382979,56339.14893617021,35056.23404255319,81657.76595744681,,,,,
13,161,32670,40565,61223,,73837,33457.76595744681,47672.23404255319,6626.425531914894,58713.574468085106,11864.361702127666,110581.63829787233,,,73057.76595744681,74616.23404255319,
13,163,39443,73398,,,,65096.89361702128,81699.10638297873,33627.34042553192,45258.65957446808,,,,,,,
13,165,22827,53493,46107,,,43203.29787234042,63782.70212765958,2762.3191489361707,42891.68085106383,41625.8085106383,50588.1914893617,,,,,
13,167,34497,62893,,,,58109.17021276596,67676.82978723405,30640.14893617021,38353.85106382979,,,,,,,
13,169,66617,79524,85638,,,70313.78723404255,88734.21276595745,55569.51063829787,77664.48936170213,59288.21276595745,111987.78723404255,,,,,
13,171,50078,81568,,,,71517.78723404255,91618.21276595745,26150.51063829787,74005.48936170213,,,,,,,
13,173,42306,57905,77557,,,41400.48936170213,74409.51063829787,32735.957446808512,51876.04255319149,32958.361702127666,122155.63829787233,,,,,
13,175,31422,66823,86200,,105000,61993.89361702128,71652.10638297873,25816.042553191488,37027.95744680851,57069.27659574468,115330.72340425532,,,32919.65957446808,177080.3404255319,
13,177,77926,88926,108889,121772,,81887.87234042553,95964.12765957447,55879.87234042553,99972.12765957447,76406.6170212766,141371.3829787234,103918.72340425532,139625.27659574468,,,
13,179,57934,69596,56599,52910,50985,60998.21276595745,78193.78723404255,50733.82978723404,65134.17021276596,49919.51063829787,63278.48936170213,36756.97872340425,69063.02127659574,38452.914893617024,63517.085106382976,
13,181,41159,66020,,,,57728.425531914894,74311.5744680851,23722.744680851065,58595.255319148935,,,,,,,
13,183,65677,78797,40313,,,71701.68085106384,85892.31914893616,50906.10638297872,80447.89361702127,22042.702127659573,58583.29787234042,,,,,
13,185,38143,74138,55088,71181,,68354.51063829787,79921.48936170213,33471.17021276596,42814.82978723404,32952.51063829787,77223.48936170213,22995.978723404252,119366.02127659574,,,
13,187,,78284,86000,83750,,70040.08510638298,86527.91489361702,,,46871.48936170213,125128.51063829787,51989.65957446808,115510.34042553192,,,
13,189,35582,71842,98333,,,59314.68085106383,84369.31914893616,23460.978723404256,47703.02127659574,34014.02127659575,162651.97872340426,,,,,
13,191,29327,58524,,,,49110.04255319149,67937.9574468085,22688.021276595748,35965.97872340425,,,,,,,
13,193,30521,64974,,87955,,56666.936170212764,73281.06382978724,21993.51063829787,39048.48936170213,,,15457.638297872341,160452.36170212767,,,
13,195,78750,65300,49423,32656,,57412.34042553192,73187.65957446808,46596.46808510639,110903.53191489361,38487.51063829787,60358.48936170213,11484.425531914894,53827.574468085106,,,
13,197,36167,65806,,,,53397.82978723404,78214.17021276595,25518.659574468085,46815.34042553192,,,,,,,
13,199,51847,65064,,117981,,59080.34042553192,71047.65957446808,48593.04255319149,55100.95744680851,,,49802.78723404255,186159.21276595746,,,
13,201,23719,59180,85645,,,51249.446808510635,67110.55319148937,12485.63829787234,34952.36170212766,78446.02127659574,92843.97872340426,,,,,
13,205,40489,73060,,,,62369.95744680851,83750.04255319148,28754.021276595744,52223.97872340426,,,,,,,
13,207,73681,87867,,,,74513.97872340426,101220.02127659574,44479.97872340426,102882.02127659574,,,,,,,
13,209,30852,66667,52647,,,53066.14893617021,80267.85106382979,23616.08510638298,38087.914893617024,22522.574468085106,82771.4255319149,,,,,
13,211,46464,85781,58155,133426,,73217.93617021276,98344.06382978724,29915.40425531915,63012.595744680846,42169.97872340426,74140.02127659574,124705.48936170213,142146.51063829788,,,
13,213,93071,66449,81849,,71146,58325.425531914894,74572.5744680851,66629.46808510637,119512.53191489363,75398.27659574468,88299.72340425532,,,17745.82978723404,124546.17021276595,
13,215,46108,75503,67844,91273,79342,71200.53191489363,79805.46808510637,43338.97872340425,48877.02127659575,61481.446808510635,74206.55319148937,73323.21276595745,109222.78723404255,49385.574468085106,109298.4255319149,
13,217,75892,81837,66984,,,78073.08510638298,85600.91489361702,71475.14893617021,80308.85106382979,26298.212765957447,107669.78723404255,,,,,
13,219,,122242,186000,155391,117292,110136.46808510639,134347.53191489363,,,106699.2340425532,265300.76595744677,108402.23404255319,202379.76595744683,21218.63829787234,213365.36170212767,
13,221,72692,73208,95333,,,64551.82978723404,81864.17021276595,17400.936170212764,127983.06382978724,44022.70212765958,146643.29787234042,,,,,
13,223,92327,103933,96559,90888,62831,98195.97872340426,109670.02127659574,78810.74468085106,105843.25531914894,92310.14893617021,100807.85106382979,39483.574468085106,142292.4255319149,645.9787234042524,125016.02127659574,
13,225,60456,76450,84741,143000,,63839.27659574468,89060.72340425532,48324.255319148935,72587.74468085106,29407.042553191488,140074.95744680852,60302.29787234042,225697.70212765958,,,
13,227,108500,78366,123250,,,72180.97872340426,84551.02127659574,58499.14893617022,158500.8510638298,69998.76595744681,176501.23404255317,,,,,
13,229,33462,64511,87670,,,52801.04255319149,76220.95744680852,29838.68085106383,37085.31914893617,18554.08510638299,156785.914893617,,,,,
13,231,36375,90620,67206,65735,,84857.9574468085,96382.0425531915,15103.340425531918,57646.65957446808,26348.63829787234,108063.36170212766,26841.212765957447,104628.78723404255,,,
13,233,40870,62469,56883,,,53030.02127659575,71907.97872340426,16420.63829787234,65319.36170212766,44178.14893617021,69587.85106382979,,,,,
13,235,34409,61827,66081,,,46235.17021276596,77418.82978723405,24485.08510638298,44332.914893617024,33665.34042553192,98496.65957446808,,,,,
13,237,34840,79594,,,,66410.17021276595,92777.82978723405,10956.595744680853,58723.40425531915,,,,,,,
13,239,35028,55074,,,,33144.63829787234,77003.36170212766,18583.063829787236,51472.936170212764,,,,,,,
13,241,46042,72229,57583,,,63494.1914893617,80963.8085106383,6560.8085106383005,85523.19148936169,19076.446808510642,96089.55319148937,,,,,
13,243,22055,47444,,,,36122.46808510638,58765.53191489362,13483.425531914894,30626.574468085106,,,,,,,
13,245,47520,70206,63560,65366,,65790.34042553192,74621.65957446808,44158.8085106383,50881.1914893617,53071.31914893617,74048.68085106384,56092.63829787234,74639.36170212766,,,
13,247,82858,75026,53625,64650,,67756.72340425532,82295.27659574468,73874.17021276595,91841.82978723405,40158.78723404255,67091.21276595745,21140.382978723406,108159.61702127659,,,
13,249,32700,59219,,,,51017.97872340426,67420.02127659574,12545.957446808508,52854.042553191495,,,,,,,
13,251,35940,65887,,,,57266.574468085106,74507.4255319149,29802.63829787234,42077.36170212766,,,,,,,
13,253,30954,54095,,,,41663,66527,8146.510638297874,53761.48936170213,,,,,,,
13,255,42062,75752,55399,,28625,72378.89361702127,79125.10638297873,35679.1914893617,48444.8085106383,41854.14893617021,68943.85106382979,,,20234.531914893618,37015.46808510638,
13,257,44522,56310,57788,,,49581.65957446809,63038.34042553191,15208.978723404256,73835.02127659574,3594.297872340423,111981.70212765958,,,,,
13,259,24722,62986,,,,37187.87234042553,88784.12765957447,9295.787234042555,40148.21276595745,,,,,,,
13,261,39335,59323,41458,29694,26652,47375.936170212764,71270.06382978724,35783.17021276596,42886.82978723404,12266.510638297874,70649.48936170213,27376.55319148936,32011.44680851064,16520.76595744681,36783.23404255319,
13,263,37207,50833,,,,27679.978723404256,73986.02127659574,32128.872340425532,42285.12765957447,,,,,,,
13,265,47670,65400,61250,,,56608,74192,42068.8085106383,53271.1914893617,44861.063829787236,77638.93617021276,,,,,
13,267,36625,59814,32426,59946,,49983.02127659575,69644.97872340426,21845.76595744681,51404.23404255319,13464.638297872341,51387.36170212766,50501.063829787236,69390.93617021276,,,
13,269,,54560,,,,41576.34042553192,67543.65957446808,,,,,,,,,
13,271,31250,52568,62904,,,45302.29787234042,59833.70212765958,18723.872340425532,43776.12765957447,11251.744680851072,114556.25531914893,,,,,
13,273,33247,83500,,,,62698.97872340426,104301.02127659574,26378.063829787236,40115.936170212764,,,,,,,
13,275,41690,72510,49611,101531,66923,65506.425531914894,79513.5744680851,35566.936170212764,47813.063829787236,39104.446808510635,60117.553191489365,77821.55319148937,125240.44680851063,13839.765957446813,120006.23404255319,
13,277,33507,66022,68906,,103229,60220.63829787234,71823.36170212766,28325.212765957447,38688.78723404255,57279.446808510635,80532.55319148937,,,70733.51063829787,135724.48936170212,
13,279,31715,60327,48551,76118,,51910.31914893617,68743.68085106384,25102.23404255319,38327.765957446805,38288.70212765958,58813.29787234042,42295.19148936171,109940.8085106383,,,
13,281,,60492,40735,,115156,53427.65957446808,67556.34042553192,,,9701.468085106386,71768.53191489361,,,68515.14893617021,161796.8510638298,
13,283,33140,71113,,,,56203.89361702128,86022.10638297873,19130.468085106382,47149.53191489362,,,,,,,
13,285,39643,75296,57206,102100,,69877.10638297873,80714.89361702127,35471.59574468085,43814.40425531915,28513.74468085106,85898.25531914894,86446.21276595745,117753.78723404255,,,
13,287,29722,57194,,,35809,47465.48936170213,66922.51063829787,20716.723404255317,38727.27659574468,,,,,19812.063829787236,51805.936170212764,
13,289,45719,62639,,,,56330.063829787236,68947.93617021276,22512.361702127662,68925.63829787234,,,,,,,
13,291,,64757,88661,,,58635.12765957447,70878.87234042553,,,65276.82978723405,112045.17021276595,,,,,
13,293,35691,65728,,,,59649.02127659575,71806.97872340426,28122.659574468085,43259.34042553192,,,,,,,
13,295,41222,60625,59565,36921,,56303.46808510638,64946.53191489362,21371.787234042553,61072.21276595745,28672.063829787236,90457.93617021276,21903.468085106382,51938.53191489362,,,
13,297,74784,88378,62000,71094,,81986.85106382979,94769.14893617021,45026.553191489365,104541.44680851063,50808.34042553192,73191.65957446808,49750.85106382979,92437.14893617021,,,
13,299,41363,50796,,62303,,42705.78723404255,58886.21276595745,28863.085106382976,53862.914893617024,,,13678.31914893617,110927.68085106384,,,
13,301,40262,57022,61250,,,45270.34042553192,68773.65957446808,28073.063829787236,52450.936170212764,54504.97872340426,67995.02127659574,,,,,
13,303,33714,72521,81354,,,62419.553191489365,82622.44680851063,31035.531914893618,36392.46808510638,51366.59574468085,111341.40425531915,,,,,
13,305,32232,61602,18833,,,57107.70212765958,66096.29787234042,17695.82978723404,46768.17021276596,12225,25441,,,,,
13,307,33750,56563,,,,32544.957446808512,80581.04255319148,18874.255319148935,48625.744680851065,,,,,,,
13,309,26000,42220,82188,,,25777.44680851064,58662.553191489365,13720.510638297874,38279.48936170213,24250.63829787235,140125.36170212764,,,,,
13,311,46250,71250,45455,93750,,64972.04255319149,77527.9574468085,45700.72340425532,46799.27659574468,31855.34042553192,59054.65957446808,32955.44680851064,154544.55319148937,,,
13,313,40665,64973,75063,100694,83000,58175.553191489365,71770.44680851063,24965.936170212764,56364.063829787236,63928.53191489362,86197.46808510639,52884.29787234043,148503.70212765958,37813.95744680851,128186.04255319148,
13,315,35625,63648,64375,,,57029.27659574468,70266.72340425532,20964.914893617024,50285.085106382976,20177.893617021276,108572.10638297873,,,,,
13,317,41250,62143,,,,46318.82978723405,77967.17021276595,21324.723404255317,61175.27659574468,,,,,,,
13,319,31073,55888,53258,,,48174.29787234042,63601.70212765958,26653.76595744681,35492.23404255319,38767.10638297872,67748.89361702127,,,,,
13,321,44784,64601,43199,,,57683.21276595745,71518.78723404255,36677.10638297872,52890.89361702128,21173.12765957447,65224.87234042553,,,,,
15,000,81548,98872,88708,107564,73854,95993.36170212766,101750.63829787234,72610.63829787234,90485.36170212766,84344.76595744681,93071.23404255319,105295.40425531915,109832.59574468085,46565.31914893617,101142.68085106384,
15,001,,78571,64641,87644,87072,73677.55319148937,83464.44680851063,,,54599.12765957447,74682.87234042553,79602.63829787234,95685.36170212766,66708.25531914894,107435.74468085106,
15,003,80890,109489,95310,110294,79036,106582.9574468085,112395.0425531915,72235.02127659574,89544.97872340426,88759.1914893617,101860.8085106383,107311.70212765958,113276.29787234042,56304.76595744681,101767.23404255319,
15,005,,29375,,,,1232.0212765957476,57517.97872340425,,,,,,,,,
15,007,113021,94913,82886,98892,,84014.44680851063,105811.55319148937,36465.425531914894,189576.5744680851,59103.87234042553,106668.12765957447,86003.65957446808,111780.34042553192,,,
15,009,165748,93823,92500,106282,,87858.40425531915,99787.59574468085,108010.80851063831,223485.1914893617,75921.6170212766,109078.3829787234,94746,117818,,,
16,000,70436,79586,69300,83421,57439,78706.68085106384,80465.31914893616,56513.44680851064,84358.55319148937,67089.78723404255,71510.21276595745,74446.70212765958,92395.29787234042,50643.936170212764,64234.063829787236,
16,001,59595,92480,80124,98766,66567,90626.0425531915,94333.9574468085,28038.40425531915,91151.59574468085,74210.63829787234,86037.36170212766,90457.74468085106,107074.25531914894,52066.574468085106,81067.4255319149,
16,003,,62192,,,,56640.85106382979,67743.14893617021,,,,,,,,,
16,005,82298,68710,58724,63720,45966,64331.27659574468,73088.72340425532,60565.23404255319,104030.76595744681,52074.29787234042,65373.70212765958,33686.12765957447,93753.87234042553,33805.65957446808,58126.34042553192,
16,007,,76302,,,,65913.40425531915,86690.59574468085,,,,,,,,,
16,009,,61875,,,41042,54907.17021276596,68842.82978723405,,,,,,,21895.957446808512,60188.04255319149,
16,011,,81835,71884,,41894,74918.40425531915,88751.59574468085,,,54446.553191489365,89321.44680851063,,,31000.212765957447,52787.78723404255,
16,013,88882,95352,69915,,191218,85134.97872340426,105569.02127659574,85145.48936170213,92618.51063829787,43334.063829787236,96495.93617021276,,,191047.6170212766,191388.3829787234,
16,015,,78486,,,39167,73777.23404255319,83194.76595744681,,,,,,,25319.510638297874,53014.48936170213,
16,017,46542,67075,75436,105875,64514,62735.59574468085,71414.40425531915,45952.21276595745,47131.78723404255,61581.36170212766,89290.63829787234,36604.19148936171,175145.8085106383,30250.34042553191,98777.6595744681,
16,019,75763,81409,64429,98000,61216,77771.3829787234,85046.6170212766,39466.65957446809,112059.3404255319,56017.085106382976,72840.91489361702,81584.85106382979,114415.14893617021,50083.914893617024,72348.08510638298,
16,021,,64560,,,,51996.936170212764,77123.06382978724,,,,,,,,,
16,023,,58462,42500,,,44121.23404255319,72802.76595744681,,,15120.765957446813,69879.23404255319,,,,,
16,025,,55875,,,,44691.68085106383,67058.31914893616,,,,,,,,,
16,027,73250,79934,68475,97778,60461,76734.85106382979,83133.14893617021,61530.51063829787,84969.48936170213,64889.8085106383,72060.1914893617,65349.23404255319,130206.76595744681,36095.04255319149,84826.95744680852,
16,029,,68493,108156,,,57140.48936170213,79845.51063829787,,,36434.29787234042,179877.70212765958,,,,,
16,031,,76048,49201,,81250,70693.44680851063,81402.55319148937,,,45259.553191489365,53142.446808510635,,,38077.574468085106,124422.4255319149,
16,033,,63824,32321,,,57347.063829787236,70300.93617021276,,,4834.531914893618,59807.46808510638,,,,,
16,035,,61383,,,,54329.382978723406,68436.6170212766,,,,,,,,,
16,037,,68279,,,,45226.063829787236,91331.93617021276,,,,,,,,,
16,039,49116,65482,61895,83813,52563,58744.12765957447,72219.87234042553,25915.31914893617,72316.68085106384,53448.53191489362,70341.46808510639,62482.95744680851,105143.04255319148,4591.255319148935,100534.74468085106,
16,041,,71100,101333,,,59013.53191489362,83186.46808510637,,,50688.744680851065,151977.25531914894,,,,,
16,043,,76250,53650,,81442,70596.3829787234,81903.6170212766,,,27383.617021276597,79916.3829787234,,,63933.063829787236,98950.93617021276,
16,045,,62291,83281,,,55824.78723404255,68757.21276595745,,,47525.59574468085,119036.40425531915,,,,,
16,047,,61444,76750,,59609,53938.8085106383,68949.1914893617,,,60706.59574468085,92793.40425531915,,,47661.936170212764,71556.06382978724,
16,049,,66075,84423,83011,,59400.27659574468,72749.72340425532,,,14904.361702127659,153941.63829787233,26117.382978723406,139904.6170212766,,,
16,051,,87495,69412,65583,,82916.10638297873,92073.89361702127,,,29379.14893617022,109444.85106382979,53417.89361702128,77748.10638297872,,,
16,053,,76324,66875,,61250,67180.51063829787,85467.48936170213,,,55728.617021276594,78021.3829787234,,,9900.382978723406,112599.61702127659,
16,055,,82243,100345,37043,60333,79278.5744680851,85207.4255319149,,,86155.55319148937,114534.44680851063,25719.08510638298,48366.914893617024,22804.65957446809,97861.3404255319,
16,057,28295,65069,39800,71161,,61319.382978723406,68818.6170212766,25797.63829787234,30792.36170212766,6146.382978723406,73453.61702127659,17872.829787234048,124449.17021276595,,,
16,059,,53115,66213,,,47075.34042553192,59154.65957446808,,,17320.234042553195,115105.7659574468,,,,,
16,061,,52870,31964,,23958,46887.53191489362,58852.46808510638,,,11763.48936170213,52164.51063829787,,,8387.617021276597,39528.3829787234,
16,063,,70031,78295,,85104,59967.68085106383,80094.31914893616,,,65493.63829787234,91096.36170212766,,,42229.44680851064,127978.55319148937,
16,065,80822,60122,53804,50716,70625,52137.82978723404,68106.17021276595,68636.63829787234,93007.36170212766,33075.65957446808,74532.34042553192,31790.382978723406,69641.61702127659,57167.12765957447,84082.87234042553,
16,067,,71906,71250,97734,50800,64173.234042553195,79638.76595744681,,,49038.255319148935,93461.74468085106,81153.23404255319,114314.76595744681,49065.1914893617,52534.8085106383,
16,069,,72967,103956,62250,64125,66895.17021276595,79038.82978723405,,,95582.21276595745,112329.78723404255,49777.48936170213,74722.51063829787,46838.87234042553,81411.12765957447,
16,071,,76875,80978,,,64645.553191489365,89104.44680851063,,,50705.82978723404,111250.17021276595,,,,,
16,073,,68571,61642,,,56423.76595744681,80718.23404255319,,,43772.042553191495,79511.9574468085,,,,,
16,075,,70449,66171,113155,140179,62452.914893617024,78445.08510638298,,,60816.446808510635,71525.55319148937,101120.9574468085,125189.0425531915,84858.14893617021,195499.8510638298,
16,077,,68986,50500,,53411,58539.02127659575,79432.97872340426,,,34871.23404255319,66128.76595744681,,,51586.82978723404,55235.17021276596,
16,079,,56905,30000,,41250,50118.27659574468,63691.72340425532,,,513.021276595744,59486.97872340426,,,3469.0638297872356,79030.93617021276,
16,081,,104886,96765,,,76305.74468085106,133466.25531914894,,,75648.23404255319,117881.76595744681,,,,,
16,083,59741,68956,63879,67870,,64399.744680851065,73512.25531914894,22361.595744680853,97120.40425531915,53177.04255319149,74580.95744680852,29917.48936170213,105822.51063829787,,,
16,085,,78856,,,,65118.12765957447,92593.87234042553,,,,,,,,,
16,087,,55852,37083,,163261,49466.8085106383,62237.1914893617,,,14174.234042553191,59991.76595744681,,,715.6382978723559,325806.3617021276,
17,000,50704,91123,77559,114625,76593,90652.36170212766,91593.63829787234,49698.382978723406,51709.617021276594,76413.97872340426,78704.02127659574,111748.74468085106,117501.25531914894,72121.34042553192,81064.65957446808,
17,001,34808,66702,,,,62756.97872340425,70647.02127659574,17449.191489361703,52166.80851063829,,,,,,,
17,003,44848,51758,,,,36692.8085106383,66823.1914893617,39261.10638297872,50434.89361702128,,,,,,,
17,005,,66341,29130,,,61955.12765957447,70726.87234042553,,,17848.978723404256,40411.02127659574,,,,,
17,007,110180,86013,76500,,,77883.46808510639,94142.53191489361,83890.97872340426,136469.02127659574,41292.68085106383,111707.31914893616,,,,,
17,009,,68611,,,,59639.085106382976,77582.91489361702,,,,,,,,,
17,011,69279,69459,75781,83000,,66513.63829787234,72404.36170212766,29082.914893617024,109475.08510638298,57484.48936170213,94077.51063829787,9250.382978723414,156749.6170212766,,,
17,013,,92578,73125,,,80250.85106382979,104905.14893617021,,,26161.255319148935,120088.74468085106,,,,,
17,015,,61207,29159,,,57682.574468085106,64731.425531914894,,,5343.510638297874,52974.48936170213,,,,,
17,017,80438,64063,73711,72880,,56952.1914893617,71173.8085106383,69966,90910,70254.48936170213,77167.51063829787,40732.425531914894,105027.5744680851,,,
17,019,42172,76895,42457,32017,57054,73797.12765957447,79992.87234042553,36850.8085106383,47493.1914893617,32276.914893617024,52637.085106382976,28438.957446808512,35595.04255319149,17080.723404255325,97027.27659574468,
17,021,,62373,,,,58997.51063829787,65748.48936170213,,,,,,,,,
17,023,,73869,87537,,,67774.53191489361,79963.46808510639,,,25384.14893617021,149689.8510638298,,,,,
17,025,,58000,,,71477,44882.89361702128,71117.10638297873,,,,,,,32122.106382978724,110831.89361702127,
17,027,84338,86745,74754,160750,115179,80962.70212765958,92527.29787234042,35950.425531914894,132725.5744680851,38440.97872340426,111067.02127659574,35162.25531914894,286337.74468085106,13441.297872340438,216916.70212765958,
17,029,34407,58349,,26765,,55254.70212765958,61443.29787234042,18563.76595744681,50250.23404255319,,,9568.234042553191,43961.76595744681,,,
17,031,51523,104360,75467,104713,77643,103290.0425531915,105429.9574468085,50311.255319148935,52734.744680851065,74016.9574468085,76917.0425531915,99594.36170212766,109831.63829787234,72638.74468085106,82647.25531914894,
17,033,,72353,56453,,11296,66997.25531914894,77708.74468085106,,,50251.29787234042,62654.70212765958,,,11176.851063829787,11415.148936170213,
17,035,,74133,,,,65616.23404255319,82649.76595744681,,,,,,,,,
17,037,22944,76777,71991,25217,,73017.85106382979,80536.14893617021,15951.148936170213,29936.85106382979,57329.72340425532,86652.27659574468,9071.12765957447,41362.87234042553,,,
17,039,,70829,127321,,,63071.21276595745,78586.78723404255,,,97868.5744680851,156773.4255319149,,,,,
17,041,,76665,96406,,,74087.8085106383,79242.1914893617,,,36004.63829787234,156807.36170212767,,,,,
17,043,71687,118379,87315,140175,85950,115598.06382978724,121159.93617021276,66143,77231,83838.23404255319,90791.76595744681,135505.55319148937,144844.44680851063,76109.48936170213,95790.51063829787,
17,045,,60732,48906,,,52265.27659574468,69198.72340425532,,,25608.8085106383,72203.19148936169,,,,,
17,047,,61023,,,,56706.234042553195,65339.765957446805,,,,,,,,,
17,049,,79787,96750,75811,,75365.3829787234,84208.6170212766,,,91905.40425531915,101594.59574468085,8565.723404255317,143056.27659574468,,,
17,051,,59876,,,,54668,65084,,,,,,,,,
17,053,,61385,84531,,,54370.70212765958,68399.29787234042,,,37692.36170212766,131369.63829787233,,,,,
17,055,11369,57708,26645,114750,,53205.36170212766,62210.63829787234,4620.404255319148,18117.595744680853,5285.170212765959,48004.82978723404,73037.14893617021,156462.8510638298,,,
17,057,,60943,,43906,118750,58271.68085106383,63614.31914893617,,,,,43216.12765957447,44595.87234042553,113793.40425531915,123706.59574468085,
17,059,,58516,,,,51016.76595744681,66015.23404255319,,,,,,,,,
17,061,,62305,,153295,73125,59364.40425531915,65245.59574468085,,,,,12338.234042553202,294251.76595744677,3706.4468085106346,142543.55319148937,
17,063,78451,92513,99336,,,83138.36170212766,101887.63829787234,62331.34042553192,94570.65957446808,79232,119440,,,,,
17,065,,66056,,,,59735.14893617021,72376.85106382979,,,,,,,,,
17,067,,66829,49792,,,62791.04255319149,70866.9574468085,,,2852.085106382976,96731.91489361702,,,,,
17,069,,55078,,,,39452.8085106383,70703.1914893617,,,,,,,,,
17,071,,62786,,,66563,55295.10638297872,70276.89361702127,,,,,,,53169.46808510638,79956.53191489363,
17,073,59934,72703,72426,135893,,69810.06382978724,75595.93617021276,34290.76595744681,85577.23404255319,45828.3829787234,99023.6170212766,18699.297872340438,253086.70212765958,,,
17,075,,66698,66010,9069,128869,63256.97872340425,70139.02127659574,,,54439.446808510635,77580.55319148937,8208.744680851063,9929.255319148937,117203.12765957447,140534.87234042553,
17,077,34138,54778,42008,,59107,50771.02127659575,58784.97872340425,22705.659574468085,45570.34042553192,13593.361702127659,70422.63829787234,,,45307.17021276596,72906.82978723405,
17,079,,74472,83382,,,65566.8085106383,83377.1914893617,,,30919.531914893618,135844.46808510637,,,,,
17,081,30375,65339,52363,76477,38900,60841.12765957447,69836.87234042553,11712.702127659573,49037.29787234042,37594.48936170213,67131.51063829787,45338.6170212766,107615.3829787234,38411.48936170213,39388.51063829787,
17,083,,82139,,,,73540.02127659574,90737.97872340426,,,,,,,,,
17,085,67105,75135,46816,83182,,70062.82978723405,80207.17021276595,64310.95744680851,69899.0425531915,22028.25531914894,71603.74468085106,31713.234042553195,134650.7659574468,,,
17,087,87835,61473,,,,54471.8085106383,68474.1914893617,53330.65957446809,122339.3404255319,,,,,,,
17,089,70113,112444,88536,128528,82645,109219.82978723405,115668.17021276595,59694.6170212766,80531.3829787234,84461.10638297873,92610.89361702127,114034.72340425532,143021.27659574468,73588.48936170213,91701.51063829787,
17,091,41243,79381,67398,,107604,76235.46808510639,82526.53191489361,31786.14893617021,50699.85106382979,58691.78723404255,76104.21276595745,,,73333.1914893617,141874.8085106383,
17,093,96528,115752,98084,162256,,111678.29787234042,119825.70212765958,60195.914893617024,132860.08510638296,90637.1914893617,105530.8085106383,143841.53191489363,180670.46808510637,,,
17,095,37206,60925,49286,,,57436.31914893617,64413.68085106383,27892.127659574468,46519.87234042553,25407.36170212766,73164.63829787234,,,,,
17,097,62539,122774,82048,158871,80417,120416.0425531915,125131.9574468085,53586.14893617021,71491.85106382979,79172.93617021276,84923.06382978724,150845.12765957447,166896.87234042553,60863.46808510639,99970.53191489361,
17,099,53750,74540,64330,83750,56544,71131.14893617021,77948.85106382979,41296.553191489365,66203.44680851063,50457.48936170213,78202.51063829787,34062.51063829788,133437.48936170212,44282.382978723406,68805.6170212766,
17,101,,58723,68611,,,52253.21276595745,65192.78723404255,,,37890.82978723405,99331.17021276595,,,,,
17,103,,70625,68601,,23750,66215.29787234042,75034.70212765958,,,55135.97872340426,82066.02127659574,,,22846.85106382979,24653.14893617021,
17,105,136897,73762,67464,168036,,68376.46808510637,79147.53191489363,8200.659574468082,265593.3404255319,57678.29787234042,77249.70212765958,101137.44680851063,234934.55319148937,,,
17,107,,67640,53859,,,63469.78723404255,71810.21276595745,,,36396.53191489362,71321.46808510637,,,,,
17,109,37917,53128,59886,100366,,49404.59574468085,56851.40425531915,14147.978723404256,61686.02127659574,22955.787234042553,96816.21276595745,50191.19148936171,150540.8085106383,,,
17,111,76349,107164,96244,112557,84844,104249.6170212766,110078.3829787234,43500.82978723404,109197.17021276595,90132.85106382979,102355.14893617021,91535.55319148937,133578.44680851063,47583.744680851065,122104.25531914894,
17,113,31971,84016,62934,125466,,80234.21276595745,87797.78723404255,22361.63829787234,41580.36170212766,53391.36170212766,72476.63829787234,89033.82978723405,161898.17021276595,,,
17,115,36575,71262,49786,58458,,68079.53191489361,74444.46808510639,32539.425531914894,40610.574468085106,20966.25531914894,78605.74468085106,13108.723404255325,103807.27659574468,,,
17,117,,70321,76750,123021,181094,64567.29787234042,76074.70212765958,,,3952.382978723399,149547.61702127662,40691.46808510639,205350.5319148936,139374,222814,
17,119,48238,80012,52742,68310,,77947.14893617021,82076.85106382979,42690.425531914894,53785.574468085106,43593.744680851065,61890.255319148935,45863.53191489361,90756.46808510639,,,
17,121,24375,62946,92708,43393,,60070.936170212764,65821.06382978724,5084.7872340425565,43665.21276595745,55073.6170212766,130342.3829787234,28452.914893617024,58333.085106382976,,,
17,123,,72218,,,,67355.53191489361,77080.46808510639,,,,,,,,,
17,125,145804,64683,146250,,,58371.68085106383,70994.31914893616,70648.4255319149,220959.5744680851,102998.93617021276,189501.06382978725,,,,,
17,127,54016,67096,,,,60619.063829787236,73572.93617021276,41989.10638297872,66042.89361702127,,,,,,,
17,129,,82793,168550,,,78007.97872340426,87578.02127659574,,,9510,327590,,,,,
17,131,,74508,53750,,,64881.95744680851,84134.0425531915,,,20584.893617021276,86915.10638297873,,,,,
17,133,,104099,87837,,,97396.87234042553,110801.12765957447,,,48959.89361702128,126714.10638297873,,,,,
17,135,,63974,34257,108095,,58221.48936170213,69726.51063829787,,,16269.08510638298,52244.914893617024,73529.89361702127,142660.10638297873,,,
17,137,28304,67868,42708,,,63511.914893617024,72224.08510638298,4196.59574468085,52411.404255319154,22878.04255319149,62537.957446808505,,,,,
17,139,,71836,,,,63194.12765957447,80477.87234042553,,,,,,,,,
17,141,44107,82999,73400,,64551,78872.87234042553,87125.12765957447,14069.553191489362,74144.44680851063,55951.82978723405,90848.17021276595,,,53609.553191489365,75492.44680851063,
17,143,37081,72886,59327,97455,26377,70556.63829787234,75215.36170212766,32384.14893617021,41777.85106382979,49194.574468085106,69459.4255319149,73573.97872340426,121336.02127659574,4836.063829787236,47917.936170212764,
17,145,42411,66070,34409,,,58402.765957446805,73737.23404255319,25234.489361702126,59587.51063829787,31045.425531914894,37772.574468085106,,,,,
17,147,,93725,98539,,,83565.17021276595,103884.82978723405,,,91972.70212765958,105105.29787234042,,,,,
17,149,,59883,,,,56071.425531914894,63694.574468085106,,,,,,,,,
17,151,,60050,65972,,,49618.51063829787,70481.48936170213,,,23270.212765957447,108673.78723404255,,,,,
17,153,31766,55820,,,,45567.234042553195,66072.76595744681,24437.14893617021,39094.85106382979,,,,,,,
17,155,,76213,69708,,,69601.4255319149,82824.5744680851,,,62301.70212765958,77114.29787234042,,,,,
17,157,35459,70014,52604,99087,48125,65388.63829787234,74639.36170212766,25884.191489361703,45033.80851063829,30395.82978723404,74812.17021276595,3468.787234042553,194705.21276595746,29405.510638297874,66844.48936170213,
17,159,53654,63627,,,,56500.70212765958,70753.29787234042,52712.72340425532,54595.27659574468,,,,,,,
17,161,40348,71614,64701,93320,95595,68483.9574468085,74744.0425531915,35716.68085106383,44979.31914893617,58788.82978723404,70613.17021276595,43661.10638297872,142978.89361702127,27734.914893617024,163455.08510638296,
17,163,46611,85043,65972,82188,95743,81915.34042553192,88170.65957446808,44055.255319148935,49166.744680851065,52682.12765957447,79261.87234042553,58316.51063829787,106059.48936170213,61955.936170212764,129530.06382978724,
17,165,,53973,39720,53906,24615,49639.553191489365,58306.446808510635,,,16035.57446808511,63404.425531914894,6558.595744680853,101253.40425531915,6678.319148936171,42551.68085106383,
17,167,33276,81549,68250,120370,,79177.93617021276,83920.06382978724,23094.723404255317,43457.27659574468,46370.68085106384,90129.31914893616,105601.48936170213,135138.51063829788,,,
17,169,,66616,27813,,,58841.53191489362,74390.46808510639,,,15653.851063829788,39972.14893617021,,,,,
17,171,,67017,,,,57242.02127659574,76791.97872340426,,,,,,,,,
17,173,,72289,157619,,21944,66194.53191489361,78383.46808510639,,,73467.68085106384,241770.31914893616,,,18967.659574468085,24920.340425531915,
17,175,,63654,83125,,,54505.744680851065,72802.25531914894,,,55581.34042553192,110668.65957446808,,,,,
17,177,24981,68327,53871,93466,36818,63926.82978723404,72727.17021276595,13542.702127659575,36419.29787234042,38338.744680851065,69403.25531914894,80968.46808510639,105963.53191489361,33998.936170212764,39637.063829787236,
17,179,,78877,73024,100202,,76827.63829787234,80926.36170212766,,,62293.44680851064,83754.55319148937,57027.19148936171,143376.8085106383,,,
17,181,,55620,50423,200703,,49065.617021276594,62174.382978723406,,,32176.531914893618,68669.46808510637,38755.7659574468,362650.23404255323,,,
17,183,31798,62446,49651,57632,11375,58686.85106382979,66205.14893617021,29307.787234042553,34288.21276595745,23500.191489361703,75801.8085106383,24674.212765957447,90589.78723404255,11065.212765957447,11684.787234042553,
17,185,,59089,8750,,,52152.14893617021,66025.85106382979,,,6666.085106382979,10833.91489361702,,,,,
17,187,,64478,65966,71515,,56113.744680851065,72842.25531914894,,,29442.085106382983,102489.91489361701,68990.23404255319,74039.76595744681,,,
17,189,81382,77447,136442,,,69663,85231,80764.8085106383,81999.1914893617,108066.68085106384,164817.31914893616,,,,,
17,191,,55379,55455,,,50064.95744680851,60693.04255319149,,,14726.319148936178,96183.68085106382,,,,,
17,193,,55208,35357,33056,,50511.14893617021,59904.85106382979,,,18691.63829787234,52022.36170212766,21645.106382978724,44466.89361702128,,,
17,195,55662,69782,54974,56250,52184,66603.10638297873,72960.89361702127,43928.21276595745,67395.78723404255,41859.27659574468,68088.72340425532,49576.46808510638,62923.53191489362,35179.063829787236,69188.93617021276,
17,197,79777,116731,92350,164167,102130,114436.1914893617,119025.8085106383,75499.55319148937,84054.44680851063,88121.40425531915,96578.59574468085,150309.97872340426,178024.02127659574,78842.34042553192,125417.65957446808,
17,199,27685,66933,81827,89192,,62886.70212765958,70979.29787234042,15745.08510638298,39624.914893617024,44000.78723404255,119653.21276595745,67182.8085106383,111201.1914893617,,,
17,201,35615,71989,61542,89313,68096,70012.31914893616,73965.68085106384,33629.97872340425,37600.02127659575,58820.63829787234,64263.36170212766,77524.40425531915,101101.59574468085,45018.042553191495,91173.9574468085,
17,203,,91238,81520,,,85567.70212765958,96908.29787234042,,,77484.4255319149,85555.5744680851,,,,,
18,000,47487,75784,65467,84542,61576,75341.9574468085,76226.0425531915,46087,48887,63685.72340425532,67248.27659574468,80668.46808510639,88415.53191489361,56639.65957446808,66512.34042553192,
18,001,,66453,63452,,,61279.553191489365,71626.44680851063,,,28064.765957446805,98839.2340425532,,,,,
18,003,41481,76695,59875,71229,45671,75015,78375,37113,45849,56014.574468085106,63735.425531914894,60660.48936170213,81797.51063829787,33117.46808510638,58224.53191489362,
18,005,87164,76627,71766,116143,,72285.21276595745,80968.78723404255,83851.65957446808,90476.34042553192,58258.085106382976,85273.91489361702,108051.59574468085,124234.40425531915,,,
18,007,,66329,45500,,163359,63092.914893617024,69565.08510638298,,,22373.191489361703,68626.8085106383,,,162633.3829787234,164084.6170212766,
18,009,,51579,,,,43648.446808510635,59509.553191489365,,,,,,,,,
18,011,,109508,105667,163679,,104073.6170212766,114942.3829787234,,,59041.63829787234,152292.36170212767,146075.93617021275,181282.06382978725,,,
18,013,,80291,,,,69056.44680851063,91525.55319148937,,,,,,,,,
18,015,,66401,70481,,,60056.31914893617,72745.68085106384,,,43494.95744680851,97467.04255319148,,,,,
18,017,68060,58771,55053,48157,,53143.59574468085,64398.40425531915,65488.765957446805,70631.23404255319,40858.78723404255,69247.21276595745,25087.382978723406,71226.61702127659,,,
18,019,55424,76451,79279,44956,51422,73992.9574468085,78909.0425531915,40514.89361702128,70333.10638297873,57811.936170212764,100746.06382978724,29190.212765957447,60721.78723404255,34266.936170212764,68577.06382978724,
18,021,,68701,,,,61205.34042553192,76196.65957446808,,,,,,,,,
18,023,,65417,62239,,,61112.14893617021,69721.85106382979,,,50015.51063829787,74462.48936170213,,,,,
18,025,,49661,,,,42242.78723404255,57079.21276595745,,,,,,,,,
18,027,77368,70358,50134,,,63384.21276595745,77331.78723404255,56872,97864,21479.872340425532,78788.12765957447,,,,,
18,029,,85297,100968,100764,,81042.1914893617,89551.8085106383,,,18260.765957446813,183675.23404255317,82574.72340425532,118953.27659574468,,,
18,031,,70097,,,,61175.12765957447,79018.87234042553,,,,,,,,,
18,033,,73782,91050,65962,,67719.70212765958,79844.29787234042,,,58720.12765957447,123379.87234042553,38365.914893617024,93558.08510638298,,,
18,035,34840,60038,46094,68333,,58275.78723404255,61800.21276595745,23468.425531914894,46211.574468085106,34782,57406,35631.382978723406,101034.61702127659,,,
18,037,71296,77189,54297,73086,,71787.97872340426,82590.02127659574,40351.82978723405,102240.17021276595,285.5957446808534,108308.40425531915,52678.17021276596,93493.82978723405,,,
18,039,31303,74707,55358,78636,86855,72171.51063829787,77242.48936170213,25150.14893617021,37455.85106382979,48545.063829787236,62170.936170212764,54203.31914893617,103068.68085106384,47893.29787234042,125816.70212765958,
18,041,,59927,,,,55294.48936170213,64559.51063829787,,,,,,,,,
18,043,39250,81401,68781,205038,,77565.59574468085,85236.40425531915,15632.297872340423,62867.70212765958,43082.95744680851,94479.04255319148,52385.574468085106,357690.4255319149,,,
18,045,,63062,40417,,60000,55948.8085106383,70175.1914893617,,,2531.212765957447,78302.78723404255,,,39899.574468085106,80100.4255319149,
18,047,,78763,75208,,,65871.08510638298,91654.91489361702,,,41077.78723404255,109338.21276595745,,,,,
18,049,,61097,77755,,,53830.10638297872,68363.89361702127,,,40529.29787234042,114980.70212765958,,,,,
18,051,64688,70376,45625,76125,,64848.68085106383,75903.31914893616,23159.829787234048,106216.17021276595,7076.744680851065,84173.25531914894,40717.51063829787,111532.48936170213,,,
18,053,35197,54885,48667,120758,90225,51423.72340425532,58346.27659574468,17041.08510638298,53352.914893617024,41304.78723404255,56029.21276595745,28546.255319148928,212969.74468085106,6856.489361702115,173593.51063829788,
18,055,34261,62072,,,,55904.85106382979,68239.14893617021,16700.829787234044,51821.17021276595,,,,,,,
18,057,96423,121244,111462,152715,133884,117776.76595744681,124711.23404255319,86005.8085106383,106840.1914893617,90739.6170212766,132184.3829787234,136999.25531914894,168430.74468085106,119289.44680851063,148478.55319148937,
18,059,104948,93530,81250,91090,,90279.6170212766,96780.3829787234,53296.936170212764,156599.06382978725,59542.25531914894,102957.74468085106,52615.617021276594,129564.38297872341,,,
18,061,,75597,42152,,,67367.3829787234,83826.6170212766,,,1484.085106382976,82819.91489361702,,,,,
18,063,81782,104144,80921,115809,63333,100316.93617021276,107971.06382978724,69083.10638297873,94480.89361702127,53797.936170212764,108044.06382978724,92665.51063829787,138952.48936170212,54424.23404255319,72241.76595744681,
18,065,,63429,61815,,,60005.85106382979,66852.14893617021,,,17678.65957446809,105951.3404255319,,,,,
18,067,35019,67638,59910,46635,,62456.21276595745,72819.78723404255,21776.787234042553,48261.21276595745,42737.063829787236,77082.93617021276,32986.48936170213,60283.51063829787,,,
18,069,33708,66886,118705,55139,,62224.89361702128,71547.10638297872,33090.8085106383,34325.1914893617,58625.34042553192,178784.6595744681,27043.680851063833,83234.31914893616,,,
18,071,,72959,49345,97154,46863,68270.48936170213,77647.51063829787,,,24783.638297872338,73906.36170212766,36240.29787234043,158067.70212765958,15019.255319148939,78706.74468085106,
18,073,,79860,55972,,,74187.31914893616,85532.68085106384,,,9631.404255319147,102312.59574468085,,,,,
18,075,,56349,,,33000,51753.425531914894,60944.574468085106,,,,,,,30704,35296,
18,077,45625,66679,22438,80852,,58767.51063829787,74590.48936170213,12906.702127659577,78343.29787234042,5531.957446808512,39344.04255319149,31857.957446808512,129846.04255319148,,,
18,079,,69244,103088,,,65197.70212765958,73290.29787234042,,,8492.085106382976,197683.91489361704,,,,,
18,081,54341,91525,64089,136042,118889,88966.87234042553,94083.12765957447,39863.21276595745,68818.78723404255,48575.80851063829,79602.1914893617,83634.34042553192,188449.6595744681,20726.95744680852,217051.04255319148,
18,083,56250,61355,63841,,,56105.29787234042,66604.70212765958,53578.68085106383,58921.31914893617,41794.87234042553,85887.12765957447,,,,,
18,085,38750,75436,69522,94292,,71881.78723404255,78990.21276595745,23579.957446808512,53920.04255319149,34018,105026,54653.53191489362,133930.46808510637,,,
18,087,,85140,86500,,54688,80393.10638297873,89886.89361702127,,,58934.89361702128,114065.10638297873,,,13837.787234042553,95538.21276595745,
18,089,44837,84935,71521,101863,74463,82443.59574468085,87426.40425531915,42319.382978723406,47354.617021276594,67125.59574468085,75916.40425531915,87000.36170212766,116725.63829787234,62400.36170212766,86525.63829787234,
18,091,40670,75708,61154,101905,52016,72376.59574468085,79039.40425531915,35767.02127659575,45572.97872340425,42148.553191489365,80159.44680851063,23972.063829787236,179837.93617021275,3490.212765957447,100541.78723404255,
18,093,,66129,87196,,103529,61932.574468085106,70325.4255319149,,,47033.27659574468,127358.72340425532,,,65470.44680851064,141587.55319148937,
18,095,35000,65728,70203,54461,43550,63059.063829787236,68396.93617021276,27319.659574468085,42680.34042553192,62995.68085106383,77410.31914893616,41894.36170212766,67027.63829787234,31174,55926,
18,097,48557,77490,62061,78377,59097,75889.82978723405,79090.17021276595,46281.255319148935,50832.744680851065,59178.78723404255,64943.21276595745,71996.5744680851,84757.4255319149,43359.8085106383,74834.1914893617,
18,099,,72408,66176,,,67932.76595744681,76883.23404255319,,,31127.14893617021,101224.85106382979,,,,,
18,101,,70665,,,,60809,80521,,,,,,,,,
18,103,48864,61744,75833,,,57414.12765957447,66073.87234042553,26598.63829787234,71129.36170212766,53447.29787234042,98218.70212765958,,,,,
18,105,49188,68637,78279,31697,,65248.40425531915,72025.59574468085,22634.468085106386,75741.53191489361,63058.914893617024,93499.08510638298,19243.553191489365,44150.446808510635,,,
18,107,39750,73150,55893,103466,,67061.48936170213,79238.51063829787,6818.425531914894,72681.5744680851,33815.893617021284,77970.10638297872,58724.382978723406,148207.6170212766,,,
18,109,,80542,54542,122031,,76189.48936170213,84894.51063829787,,,21028.97872340426,88055.02127659574,42515.76595744681,201546.23404255317,,,
18,111,,76022,54028,,,66951.1914893617,85092.8085106383,,,28310.893617021276,79745.10638297873,,,,,
18,113,,71906,79828,,,68737.82978723405,75074.17021276595,,,61573.19148936171,98082.8085106383,,,,,
18,115,,69024,,,,61462.8085106383,76585.1914893617,,,,,,,,,
18,117,133268,65984,,,,60708.085106382976,71259.91489361702,82889.44680851063,183646.55319148937,,,,,,,
18,119,,62464,,,,56293.27659574468,68634.72340425532,,,,,,,,,
18,121,,69289,,,,64681.51063829787,73896.48936170213,,,,,,,,,
18,123,,60873,,124155,,51967.8085106383,69778.1914893617,,,,,105829.89361702127,142480.10638297873,,,
18,125,,71933,,,53750,66713.08510638298,77152.91489361702,,,,,,,16577.914893617024,90922.08510638298,
18,127,69872,90024,80456,98777,,86898.72340425532,93149.27659574468,52336.85106382979,87407.14893617021,67798.8085106383,93113.1914893617,72583.29787234042,124970.70212765958,,,
18,129,,78003,,,,72300.53191489363,83705.46808510637,,,,,,,,,
18,131,,63114,85880,,,58563.70212765958,67664.29787234042,,,47039.82978723404,124720.17021276595,,,,,
18,133,,80518,,216500,,75962.93617021276,85073.06382978724,,,,,56058.80851063831,376941.1914893617,,,
18,135,,61305,,,,55790.78723404255,66819.21276595745,,,,,,,,,
18,137,,71256,,43375,,66369.70212765958,76142.29787234042,,,,,26819.255319148935,59930.744680851065,,,
18,139,,66987,33194,,,59813.04255319149,74160.9574468085,,,10291.1914893617,56096.8085106383,,,,,
18,141,41180,72308,58425,92500,72361,70343.23404255319,74272.76595744681,36659.48936170213,45700.51063829787,47817.17021276596,69032.82978723405,68456.93617021276,116543.06382978724,58129.85106382979,86592.14893617021,
18,143,,56183,72878,,,49353.382978723406,63012.617021276594,,,33984.21276595745,111771.78723404255,,,,,
18,145,,74016,56355,62969,,68153.87234042553,79878.12765957447,,,37984.6170212766,74725.3829787234,37622.446808510635,88315.55319148937,,,
18,147,,75960,67250,,,67439.65957446808,84480.34042553192,,,19661.914893617024,114838.08510638298,,,,,
18,149,39279,65212,46217,155673,11322,59485.70212765958,70938.29787234042,20314.063829787236,58243.936170212764,24268.57446808511,68165.4255319149,129624.6595744681,181721.3404255319,11078.936170212766,11565.063829787234,
18,151,,74085,82375,118513,,69473.93617021276,78696.06382978724,,,28738.914893617024,136011.08510638296,117943.46808510639,119082.53191489361,,,
18,153,,56651,50000,,,51053.382978723406,62248.617021276594,,,18941.44680851064,81058.55319148937,,,,,
18,155,,65977,,,,58965.085106382976,72988.91489361702,,,,,,,,,
18,157,43472,65373,60283,35765,,62451.46808510638,68294.53191489361,39463.82978723404,47480.17021276596,50371,70195,24926.021276595748,46603.97872340425,,,
18,159,,78257,,,,70268.06382978724,86245.93617021276,,,,,,,,,
18,161,,77656,,,,70099.5744680851,85212.4255319149,,,,,,,,,
18,163,37456,64541,54444,72985,33723,62544.063829787236,66537.93617021276,32860.425531914894,42051.574468085106,39478.89361702128,69409.10638297872,49792.65957446808,96177.34042553192,25794.82978723404,41651.17021276596,
18,165,,60480,95769,,54167,55834.382978723406,65125.617021276594,,,80869.4255319149,110668.5744680851,,,21411.76595744681,86922.23404255319,
18,167,36355,54690,49622,67292,58431,51895.95744680851,57484.04255319149,23663.255319148935,49046.744680851065,30552.212765957447,68691.78723404255,34918.042553191495,99665.9574468085,53468.446808510635,63393.553191489365,
18,169,,66842,69784,45000,,61815.10638297872,71868.89361702127,,,62517.10638297872,77050.89361702127,20558.97872340426,69441.02127659574,,,
18,171,,83367,,,,75678.31914893616,91055.68085106384,,,,,,,,,
18,173,108125,90348,,172222,38900,84672.93617021276,96023.06382978724,44902.1914893617,171347.8085106383,,,48859.95744680852,295584.0425531915,33757.53191489362,44042.46808510638,
18,175,,64124,88071,28173,,57139.48936170213,71108.51063829787,,,46104.361702127666,130037.63829787233,25731.63829787234,30614.36170212766,,,
18,177,35698,58213,43833,,48846,54558.70212765958,61867.29787234042,21474,49922,27668.063829787236,59997.936170212764,,,48103.70212765958,49588.29787234042,
18,179,,71194,73644,,,65082.85106382979,77305.14893617021,,,59506.97872340426,87781.02127659574,,,,,
18,181,113488,67487,52596,,,63751.68085106383,71222.31914893616,112862.46808510639,114113.53191489361,32657.617021276597,72534.3829787234,,,,,
18,183,,78765,68725,81750,,74182.53191489361,83347.46808510639,,,62020.48936170213,75429.51063829787,54922.425531914894,108577.5744680851,,,
19,000,44055,77292,65318,86979,56086,76803.48936170213,77780.51063829787,41681.553191489365,46428.446808510635,62483.446808510635,68152.55319148937,82043.85106382979,91914.14893617021,49015.70212765958,63156.29787234042,
19,001,,68733,65179,,,62425.255319148935,75040.74468085106,,,26286.404255319147,104071.59574468085,,,,,
19,003,,71935,,,,60808.87234042553,83061.12765957447,,,,,,,,,
19,005,18229,72445,49901,,46094,67360.91489361702,77529.08510638298,3419.978723404256,33038.02127659574,25985.42553191489,73816.5744680851,,,38977.234042553195,53210.765957446805,
19,007,,55688,,,,50891.063829787236,60484.936170212764,,,,,,,,,
19,009,,58824,,,,52883.234042553195,64764.765957446805,,,,,,,,,
19,011,,87931,,,78542,83817.97872340426,92044.02127659574,,,,,,,56786.59574468085,100297.40425531915,
19,013,38778,70969,46952,70250,,68762.36170212766,73175.63829787234,33164.89361702128,44391.10638297872,30902.63829787234,63001.36170212766,58009.82978723405,82490.17021276595,,,
19,015,,83977,81250,134565,,76982.9574468085,90971.0425531915,,,64476.21276595745,98023.78723404255,6568.063829787236,262561.93617021275,,,
19,017,,86803,72647,,,83751.59574468085,89854.40425531915,,,8829.638297872341,136464.36170212767,,,,,
19,019,78229,79281,,,,74753.34042553192,83808.65957446808,40082.27659574468,116375.72340425532,,,,,,,
19,021,75039,77675,62969,57115,,69295.25531914894,86054.74468085106,60458.744680851065,89619.25531914894,34064.65957446808,91873.34042553192,36499.85106382979,77730.14893617021,,,
19,023,45417,74384,77083,,,70810.72340425532,77957.27659574468,39175.97872340426,51658.02127659574,31475.170212765952,122690.82978723405,,,,,
19,025,,66289,56771,,,59198.44680851064,73379.55319148937,,,49930.65957446808,63611.34042553192,,,,,
19,027,,72842,80060,,,69827.53191489361,75856.46808510639,,,58312.936170212764,101807.06382978724,,,,,
19,029,,64347,,,,58910.234042553195,69783.76595744681,,,,,,,,,
19,031,,81266,51250,,,78132.3829787234,84399.6170212766,,,4972.553191489365,97527.44680851063,,,,,
19,033,,68996,64598,52984,,66085.1914893617,71906.8085106383,,,43262,85934,29487.829787234044,76480.17021276595,,,
19,035,,71457,123625,,,66876.91489361702,76037.08510638298,,,27843.55319148935,219406.44680851063,,,,,
19,037,,77756,,,,72774.3829787234,82737.6170212766,,,,,,,,,
19,039,,74188,64274,,,53641.95744680851,94734.04255319148,,,22372.893617021284,106175.10638297872,,,,,
19,041,,65799,,,43889,59428.10638297872,72169.89361702127,,,,,,,43100.234042553195,44677.765957446805,
19,043,,68189,36250,,,63492.14893617021,72885.85106382979,,,14690.000000000004,57810,,,,,
19,045,21605,68715,130870,,23958,64133.72340425532,73296.27659574468,13313.425531914894,29896.574468085106,13834.765957446813,247905.23404255317,,,578.5957446808497,47337.404255319154,
19,047,,66332,75093,,,64024.085106382976,68639.91489361702,,,54375.382978723406,95810.61702127659,,,,,
19,049,91972,104491,86719,130956,55865,100743.76595744681,108238.23404255319,87064.25531914894,96879.74468085106,59581.63829787234,113856.36170212766,60866.63829787234,201045.36170212767,42283.21276595745,69446.78723404255,
19,051,,77000,84076,,,66125.27659574468,87874.72340425532,,,72700.85106382979,95451.14893617021,,,,,
19,053,,58641,120370,71250,,51971.04255319149,65310.95744680851,,,22453.404255319154,218286.59574468085,15588.382978723406,126911.61702127659,,,
19,055,,75128,86415,,85731,67002.0425531915,83253.9574468085,,,76002.5744680851,96827.4255319149,,,82344.78723404255,89117.21276595745,
19,057,39516,62869,82039,88734,,59006.1914893617,66731.8085106383,1999.5744680851058,77032.4255319149,33525.12765957447,130552.87234042553,87549.65957446808,89918.34042553192,,,
19,059,,75000,105584,,,68770.89361702128,81229.10638297872,,,88029.78723404255,123138.21276595745,,,,,
19,061,32083,79911,76480,78750,,76450.91489361702,83371.08510638298,3288.2765957446827,60877.72340425532,51567.14893617021,101392.85106382979,14838.510638297877,142661.48936170212,,,
19,063,,65992,,,,57332.255319148935,74651.74468085106,,,,,,,,,
19,065,,61353,,,,56714.53191489362,65991.46808510639,,,,,,,,,
19,067,,66670,108443,170982,,60698.255319148935,72641.74468085106,,,71450.82978723405,145435.17021276595,98435.78723404255,243528.21276595746,,,
19,069,,63958,46359,,,57523.95744680851,70392.0425531915,,,39498.40425531915,53219.59574468085,,,,,
19,071,,75407,27917,,,67391.85106382979,83422.14893617021,,,2118.8723404255325,53715.12765957447,,,,,
19,073,,63942,59271,,,58446.85106382979,69437.14893617021,,,23321.382978723406,95220.61702127659,,,,,
19,075,,88040,30096,,,82227.91489361702,93852.08510638298,,,21063.31914893617,39128.68085106383,,,,,
19,077,,78363,90568,,125781,71980.1914893617,84745.8085106383,,,17628.59574468086,163507.40425531915,,,117717,133845,
19,079,,73477,56519,106187,,65082.95744680851,81871.04255319148,,,26435.08510638298,86602.91489361702,88178.82978723405,124195.17021276595,,,
19,081,,71403,58198,,,67409.12765957447,75396.87234042553,,,44470.85106382979,71925.14893617021,,,,,
19,083,,66235,52500,92969,40833,59200.446808510635,73269.55319148937,,,30238.212765957447,74761.78723404255,75230.10638297873,110707.89361702127,36974.95744680851,44691.04255319149,
19,085,,79288,130625,,,74854.46808510639,83721.53191489361,,,100137.17021276595,161112.82978723405,,,,,
19,087,,67921,79766,70769,,61501.255319148935,74340.74468085106,,,40106.08510638298,119425.91489361701,46310.10638297872,95227.89361702127,,,
19,089,,68173,53068,,,58228.82978723404,78117.17021276595,,,11281.276595744683,94854.72340425532,,,,,
19,091,,74335,,,,68999.51063829787,79670.48936170213,,,,,,,,,
19,093,,63698,77500,,,55276.553191489365,72119.44680851063,,,22169.6170212766,132830.38297872338,,,,,
19,095,,72124,39336,,,66367.91489361702,77880.08510638298,,,32493.276595744683,46178.72340425532,,,,,
19,097,,73866,,,,66454.93617021276,81277.06382978724,,,,,,,,,
19,099,,72121,47636,96298,,68461.93617021276,75780.06382978724,,,36949.53191489362,58322.46808510638,91064.97872340426,101531.02127659574,,,
19,101,51932,65810,73305,8382,,55307.02127659574,76312.97872340426,4510.723404255317,99353.27659574468,64042.36170212766,82567.63829787234,2485.3191489361707,14278.68085106383,,,
19,103,36000,83515,56449,65754,50000,80407.59574468085,86622.40425531915,28133.787234042553,43866.21276595745,44133.765957446805,68764.23404255319,58089.14893617021,73418.85106382979,3749.9574468085193,96250.04255319148,
19,105,,74127,,196089,,69378.91489361702,78875.08510638298,,,,,195608.82978723405,196569.17021276595,,,
19,107,,62851,51875,,,57470.23404255319,68231.76595744681,,,28618.31914893617,75131.68085106384,,,,,
19,109,,69777,,,,62750.78723404255,76803.21276595745,,,,,,,,,
19,111,,63678,35037,,,59399.36170212766,67956.63829787234,,,12913.425531914894,57160.574468085106,,,,,
19,113,47011,80764,66696,87733,38182,77742.3829787234,83785.6170212766,42112.78723404255,51909.21276595745,41195.744680851065,92196.25531914894,74105.93617021276,101360.06382978724,27711.191489361703,48652.80851063829,
19,115,,78750,96029,61200,,69862.68085106384,87637.31914893616,,,71243.63829787234,120814.36170212766,55070.97872340425,67329.02127659574,,,
19,117,,61832,,,,58760.34042553192,64903.65957446808,,,,,,,,,
19,119,,77181,85208,,,68155.46808510637,86206.53191489363,,,51106.382978723406,119309.61702127659,,,,,
19,121,,92222,66979,,,84478.51063829787,99965.48936170213,,,58196.53191489362,75761.46808510637,,,,,
19,123,46168,72270,62813,,,67369.40425531915,77170.59574468085,29750.468085106382,62585.53191489362,6006.361702127659,119619.63829787234,,,,,
19,125,70815,79222,61976,,,75431.87234042553,83012.12765957447,68722.74468085106,72907.25531914894,5134.8085106383005,118817.19148936169,,,,,
19,127,,69351,85257,86389,,64950.82978723404,73751.17021276595,,,77221.59574468085,93292.40425531915,55535.382978723406,117242.61702127659,,,
19,129,,91359,,,,84198.14893617021,98519.85106382979,,,,,,,,,
19,131,,73286,,131250,,65816.55319148937,80755.44680851063,,,,,53194.34042553192,209305.6595744681,,,
19,133,,66364,85667,,,57589.87234042553,75138.12765957447,,,63492.19148936171,107841.8085106383,,,,,
19,135,,71441,,,,61202.53191489362,81679.46808510637,,,,,,,,,
19,137,,65070,,,,58628.8085106383,71511.1914893617,,,,,,,,,
19,139,26832,70520,72781,147692,101293,67204.08510638298,73835.91489361702,11913.36170212766,41750.63829787234,52229,93333,89130.29787234042,206253.70212765958,100509,102077,
19,141,13953,75338,50120,29022,,65284.21276595745,85391.78723404255,6170.191489361702,21735.808510638297,44788.085106382976,55451.914893617024,27818.59574468085,30225.40425531915,,,
19,143,,76098,53790,,,68280.63829787234,83915.36170212766,,,49520.89361702128,58059.10638297872,,,,,
19,145,,59728,,,,53027.063829787236,66428.93617021276,,,,,,,,,
19,147,,71679,31250,,,62340.10638297872,81017.89361702127,,,23336.127659574468,39163.87234042553,,,,,
19,149,,84108,76579,,,80445.36170212766,87770.63829787234,,,46441.46808510639,106716.53191489361,,,,,
19,151,,66126,41146,,,60719.02127659575,71532.97872340426,,,39741.234042553195,42550.765957446805,,,,,
19,153,45958,89085,66573,96762,86146,87221.51063829787,90948.48936170213,43088.89361702128,48827.10638297872,58992.744680851065,74153.25531914894,86496.12765957447,107027.87234042553,42323.02127659574,129968.97872340426,
19,155,44667,74204,64192,94875,53295,72176.08510638298,76231.91489361702,15014.40425531915,74319.59574468085,43849.70212765958,84534.29787234042,60021.553191489365,129728.44680851063,9248.021276595748,97341.97872340426,
19,157,,68810,61629,,,62154.34042553192,75465.65957446808,,,4126.531914893618,119131.46808510637,,,,,
19,159,,73906,73125,,,65780.0425531915,82031.9574468085,,,55564.82978723405,90685.17021276595,,,,,
19,161,,77121,55938,,,70442.70212765958,83799.29787234042,,,35888.8085106383,75987.19148936169,,,,,
19,163,44621,81531,63025,120601,52500,78501.0425531915,84560.9574468085,34819.8085106383,54422.1914893617,44298.36170212766,81751.63829787234,89177.85106382979,152024.1489361702,30725.531914893618,74274.46808510637,
19,165,,73094,32321,,,62627.95744680851,83560.0425531915,,,16868.574468085106,47773.425531914894,,,,,
19,167,,92169,75714,,115727,85863.63829787234,98474.36170212766,,,63389.234042553195,88038.76595744681,,,64305.89361702128,167148.10638297873,
19,169,50433,74132,46607,49283,61563,71268.85106382979,76995.14893617021,23109.76595744681,77756.23404255319,22717.63829787234,70496.36170212766,43566.234042553195,54999.765957446805,42048.78723404255,81077.21276595745,
19,171,,72473,52143,77500,50938,68508.91489361702,76437.08510638298,,,33207.85106382979,71078.14893617021,51967.574468085106,103032.4255319149,35192.46808510638,66683.53191489361,
19,173,,67945,65000,,,62000.65957446808,73889.34042553192,,,9453.957446808505,120546.0425531915,,,,,
19,175,61115,54877,67645,,,47754.27659574468,61999.72340425532,41910.574468085106,80319.4255319149,65060.65957446808,70229.34042553192,,,,,
19,177,,63816,,,,56590.8085106383,71041.1914893617,,,,,,,,,
19,179,42613,64482,72799,121071,,59209.65957446808,69754.34042553192,15102.702127659573,70123.29787234042,56097.89361702128,89500.10638297873,82279.68085106384,159862.31914893616,,,
19,181,,94166,116521,112936,58750,89899.27659574468,98432.72340425532,,,110950.78723404255,122091.21276595745,92484.08510638298,133387.914893617,57932.63829787234,59567.36170212766,
19,183,115156,76250,49732,,,72396.72340425532,80103.27659574468,13053.702127659577,217258.29787234042,32311.23404255319,67152.76595744681,,,,,
19,185,,64722,,,,57530.17021276596,71913.82978723405,,,,,,,,,
19,187,,70655,35288,98207,92656,67050.74468085106,74259.25531914894,,,3347.744680851065,67228.25531914894,19587.765957446813,176826.23404255317,74832.51063829787,110479.48936170213,
19,189,,69613,40385,54922,,60313.425531914894,78912.5744680851,,,27301.255319148935,53468.744680851065,35892.72340425532,73951.27659574468,,,
19,191,,78247,,,,71432.87234042553,85061.12765957447,,,,,,,,,
19,193,77500,74815,68412,100278,50686,71413.29787234042,78216.70212765958,44234.8085106383,110765.19148936169,64024.936170212764,72799.06382978724,86807.02127659574,113748.97872340426,30410.425531914894,70961.5744680851,
19,195,,78574,42750,,,71830.17021276595,85317.82978723405,,,4019.4468085106346,81480.55319148937,,,,,
19,197,,67156,62703,,92813,61078.21276595745,73233.78723404255,,,17512.1914893617,107893.80851063831,,,21932.48936170213,163693.51063829788,
20,000,49021,77760,63926,89660,66688,77046.29787234042,78473.70212765958,46988.31914893617,51053.68085106383,61859.95744680851,65992.0425531915,84269.70212765958,95050.29787234042,61549.10638297872,71826.89361702127,
20,001,,61696,48491,,31250,56533.27659574468,66858.72340425532,,,30722.31914893617,66259.68085106384,,,5163.531914893618,57336.46808510638,
20,003,,71851,20492,,,62869.553191489365,80832.44680851063,,,1537.7872340425529,39446.21276595745,,,,,
20,005,34205,66433,48611,157750,,56652.063829787236,76213.93617021276,12403.127659574468,56006.87234042553,22126.57446808511,75095.4255319149,56902.34042553192,258597.6595744681,,,
20,007,,67679,36460,,,55631.85106382979,79726.14893617021,,,35926.21276595745,36993.78723404255,,,,,
20,009,,61831,48489,,76127,56950.65957446808,66711.34042553192,,,44160.31914893617,52817.68085106383,,,75304.87234042553,76949.12765957447,
20,011,33750,59529,38654,,,51088.48936170213,67969.51063829787,18858.765957446813,48641.23404255319,5801.063829787236,71506.93617021276,,,,,
20,013,,67716,71563,,52188,60375.234042553195,75056.76595744681,,,10732.702127659577,132393.29787234042,,,31294.04255319149,73081.9574468085,
20,015,75625,81705,71920,,73047,77429.93617021276,85980.06382978724,33162.70212765958,118087.29787234042,63858.382978723406,79981.6170212766,,,56280.36170212766,89813.63829787234,
20,017,,57005,,,,51226.27659574468,62783.72340425532,,,,,,,,,
20,019,,56094,,,73750,51065.914893617024,61122.085106382976,,,,,,,61049.914893617024,86450.08510638298,
20,021,,60199,,79844,43947,54207,66191,,,,,5994.297872340423,153693.70212765958,11747,76147,
20,023,,55393,54722,,,50114.70212765958,60671.29787234042,,,33551.6170212766,75892.3829787234,,,,,
20,025,,63804,,,,53762.12765957447,73845.87234042553,,,,,,,,,
20,027,,65610,82083,81146,,57924.89361702128,73295.10638297873,,,47410.65957446809,116755.3404255319,71197.06382978724,91094.93617021276,,,
20,029,,59320,44510,,43083,53475.744680851065,65164.255319148935,,,15785.574468085106,73234.4255319149,,,10485.042553191492,75680.9574468085,
20,031,,71011,,,36471,60871.425531914894,81150.5744680851,,,,,,,35885.97872340425,37056.02127659575,
20,033,,55586,,,,47262.255319148935,63909.744680851065,,,,,,,,,
20,035,,58971,42857,,58100,54950.914893617024,62991.085106382976,,,17853.595744680853,67860.40425531915,,,46490.12765957447,69709.87234042553,
20,037,,54110,44583,,,51348.12765957447,56871.87234042553,,,33540.27659574468,55625.72340425532,,,,,
20,039,,53961,37500,,,48517.085106382976,59404.914893617024,,,12400.08510638298,62599.914893617024,,,,,
20,041,,68424,122759,,36167,62420.085106382976,74427.91489361702,,,80023.85106382979,165494.1489361702,,,25834.40425531915,46499.595744680846,
20,043,123015,74155,44306,,,66635.51063829787,81674.48936170213,9494.659574468096,236535.3404255319,3781.0638297872356,84830.93617021276,,,,,
20,045,38986,75201,65678,52482,57361,69898.87234042553,80503.12765957447,23387.021276595748,54584.97872340425,54492.29787234042,76863.70212765958,38677.40425531915,66286.59574468085,24560.48936170213,90161.51063829787,
20,047,,63958,30987,,,53695.70212765958,74220.29787234042,,,18784.957446808512,43189.04255319149,,,,,
20,049,,64531,79038,,,54303.255319148935,74758.74468085106,,,37198.85106382979,120877.14893617021,,,,,
20,051,20798,65281,34200,,18068,60005.085106382976,70556.91489361702,3502.3404255319147,38093.65957446808,20115.404255319147,48284.59574468085,,,9722.808510638299,26413.1914893617,
20,053,,65111,58571,,,59464.53191489362,70757.46808510639,,,15709.553191489358,101432.44680851063,,,,,
20,055,,77274,66796,153076,,65883.36170212766,88664.63829787234,,,56004.68085106383,77587.31914893616,112249.6170212766,193902.38297872338,,,
20,057,118839,68864,75498,66290,,59845.617021276594,77882.3829787234,19242.404255319154,218435.59574468085,63102.936170212764,87893.06382978724,16247.446808510642,116332.55319148937,,,
20,059,155754,78513,53179,,78375,70188.06382978724,86837.93617021276,87342.25531914894,224165.74468085106,28894.063829787232,77463.93617021276,,,62940.446808510635,93809.55319148937,
20,061,44794,68017,46555,48350,41680,60087.63829787234,75946.36170212766,32338.17021276596,57249.82978723404,39844.53191489362,53265.46808510638,31438,65262,6329.702127659577,77030.29787234042,
20,063,,68047,56042,,,58366.14893617021,77727.85106382979,,,45365.063829787236,66718.93617021276,,,,,
20,065,35370,54044,18906,,,50307.48936170213,57780.51063829787,6209.489361702126,64530.51063829787,18322.17021276596,19489.82978723404,,,,,
20,067,,96927,62483,,,66185.38297872341,127668.61702127659,,,57712.27659574468,67253.72340425532,,,,,
20,069,,80833,46831,,,75148.40425531915,86517.59574468085,,,2903.170212765959,90758.82978723405,,,,,
20,071,,83125,52188,,,73161.76595744681,93088.23404255319,,,10394.127659574471,93981.87234042553,,,,,
20,073,,60138,80000,,57188,53110.59574468085,67165.40425531915,,,33031.48936170213,126968.51063829787,,,32851.82978723405,81524.17021276595,
20,075,,78182,70200,,,50820.63829787234,105543.36170212766,,,20581.617021276594,119818.38297872341,,,,,
20,077,,55043,36429,,,47521.12765957447,62564.87234042553,,,7003.97872340426,65854.02127659574,,,,,
20,079,46848,75542,65526,86829,84003,71073.91489361702,80010.08510638298,36690.553191489365,57005.446808510635,34073.063829787236,96978.93617021276,75077.34042553192,98580.65957446808,83373.89361702128,84632.10638297872,
20,081,,67325,62589,,,48991.553191489365,85658.44680851063,,,39216.744680851065,85961.25531914894,,,,,
20,083,,60125,50417,,,52224.23404255319,68025.76595744681,,,338.70212765956967,100495.29787234042,,,,,
20,085,,76768,92557,53651,56250,70910.63829787234,82625.36170212766,,,42693.17021276596,142420.82978723405,53322.14893617021,53979.85106382979,32510.76595744681,79989.23404255319,
20,087,,80985,111731,231131,,73875.3829787234,88094.6170212766,,,78912.61702127659,144549.3829787234,230102.74468085106,232159.25531914894,,,
20,089,,54345,27813,,,44732.063829787236,63957.936170212764,,,17696.063829787236,37929.936170212764,,,,,
20,091,73779,113254,88899,130490,68605,111055.70212765958,115452.29787234042,70105.63829787234,77452.36170212766,83706.48936170213,94091.51063829787,119590.25531914894,141389.74468085106,62243.63829787234,74966.36170212766,
20,093,,87969,92054,,,53543.29787234042,122394.70212765958,,,42542.85106382979,141565.1489361702,,,,,
20,095,,62071,,,46389,55051.936170212764,69090.06382978724,,,,,,,24068.82978723404,68709.17021276595,
20,097,,75884,,31875,,69162.8085106383,82605.1914893617,,,,,16713.297872340423,47036.70212765958,,,
20,099,30789,56868,,,61458,52753.78723404255,60982.21276595745,15882.27659574468,45695.72340425532,,,,,19479.446808510635,103436.55319148937,
20,101,,58393,,,,42012.404255319154,74773.59574468085,,,,,,,,,
20,103,78844,94689,60529,56306,126875,87923.72340425532,101454.27659574468,51519.574468085106,106168.4255319149,38282.70212765958,82775.29787234042,44548.382978723406,68063.6170212766,36797.21276595745,216952.78723404254,
20,105,,56820,,,,52194.63829787234,61445.36170212766,,,,,,,,,
20,107,,59293,,,,55296.744680851065,63289.255319148935,,,,,,,,,
20,109,,73462,93598,,,63839.53191489362,83084.46808510637,,,47490.93617021277,139705.06382978722,,,,,
20,111,46324,59717,64375,,,55266.78723404255,64167.21276595745,754.297872340423,91893.70212765958,53702.82978723404,75047.17021276595,,,,,
20,113,,80740,47337,,,75545.10638297873,85934.89361702127,,,18115.72340425532,76558.27659574468,,,,,
20,115,,65166,43000,,22059,59344.382978723406,70987.6170212766,,,7009.872340425529,78990.12765957447,,,18592.957446808512,25525.042553191488,
20,117,,70577,,40536,,64792.31914893617,76361.68085106384,,,,,26395.40425531915,54676.595744680846,,,
20,119,,67989,101563,,,59162.446808510635,76815.55319148937,,,85033.46808510639,118092.53191489361,,,,,
20,121,45208,90310,,,,84420.46808510637,96199.53191489363,3092.4255319148942,87323.5744680851,,,,,,,
20,123,,64127,68162,,,53161.72340425532,75092.27659574468,,,26515.87234042553,109808.12765957447,,,,,
20,125,51667,54568,62011,,58750,50501.44680851064,58634.55319148936,22599.425531914898,80734.5744680851,44492.53191489362,79529.46808510637,,,27760.55319148936,89739.44680851063,
20,127,,58565,58284,,,49864.744680851065,67265.25531914894,,,36571.48936170213,79996.51063829787,,,,,
20,129,,67730,54688,,,57521.31914893617,77938.68085106384,,,17324.085106382976,92051.91489361702,,,,,
20,131,28846,77747,,,,70967.4255319149,84526.5744680851,28499.27659574468,29192.72340425532,,,,,,,
20,133,,58853,51771,,,51374.02127659575,66331.97872340426,,,1040.957446808512,102501.04255319148,,,,,
20,135,,72375,63080,,74688,52181.63829787234,92568.36170212766,,,60600.51063829787,65559.48936170213,,,59590.63829787234,89785.36170212766,
20,137,,54863,46302,,,44794.914893617024,64931.085106382976,,,26112.212765957447,66491.78723404255,,,,,
20,139,,73979,110750,,,69030.74468085106,78927.25531914894,,,53276.127659574464,168223.87234042553,,,,,
20,141,,63068,45625,,,54872.936170212764,71263.06382978724,,,27408.31914893617,63841.68085106383,,,,,
20,143,,75850,,,,63995.87234042553,87704.12765957447,,,,,,,,,
20,145,42986,64913,,,,55049.85106382979,74776.14893617021,40323.02127659575,45648.97872340425,,,,,,,
20,147,,63304,53882,,,55733.27659574468,70874.72340425532,,,23494.25531914894,84269.74468085106,,,,,
20,149,,91667,87083,,,85072.10638297873,98261.89361702127,,,42136.446808510635,132029.55319148937,,,,,
20,151,97167,65590,56250,,,57707.10638297872,73472.89361702127,72536.53191489361,121797.46808510639,16424.468085106382,96075.53191489363,,,,,
20,153,,65089,93750,,,48721.51063829787,81456.48936170213,,,80308.8085106383,107191.1914893617,,,,,
20,155,41563,59708,74003,,,56856.76595744681,62559.23404255319,17534.23404255319,65591.76595744681,62793.46808510638,85212.53191489363,,,,,
20,157,,56433,33889,,,52128.14893617021,60737.85106382979,,,779.8936170212764,66998.10638297873,,,,,
20,159,,63281,71030,,,57515.382978723406,69046.6170212766,,,55068.8085106383,86991.1914893617,,,,,
20,161,54417,62080,61403,32519,113427,58030.12765957447,66129.87234042553,32995.21276595745,75838.78723404255,50660.53191489362,72145.46808510639,14154.574468085106,50883.425531914894,63870.57446808511,162983.4255319149,
20,163,,62284,95865,,,60030.89361702128,64537.10638297872,,,3254.106382978731,188475.89361702127,,,,,
20,165,,59625,20250,,,55190.27659574468,64059.72340425532,,,11051.702127659575,29448.297872340423,,,,,
20,167,,66379,,,,53123.68085106383,79634.31914893616,,,,,,,,,
20,169,87917,68840,46319,49766,62417,64936.68085106383,72743.31914893616,36819.97872340426,139014.02127659574,27839,64799,491.95744680851203,99040.04255319148,20834.021276595748,103999.97872340426,
20,171,,65750,70563,,,43905.23404255319,87594.76595744681,,,22100.361702127666,119025.63829787233,,,,,
20,173,40100,75095,59268,75789,56951,73249.3829787234,76940.6170212766,37002.12765957447,43197.87234042553,55782.89361702128,62753.10638297872,67586.78723404255,83991.21276595745,45922.574468085106,67979.4255319149,
20,175,48205,52221,75156,135813,,38319.89361702128,66122.10638297873,33509.17021276596,62900.82978723404,62385.6170212766,87926.3829787234,28854.191489361707,242771.8085106383,,,
20,177,44810,74398,53408,75795,,70793.74468085106,78002.25531914894,38028.04255319149,51591.95744680851,48109.44680851064,58706.55319148936,48378.82978723405,103211.17021276595,,,
20,179,,74167,74219,,,60245.63829787234,88088.36170212766,,,39490.65957446809,108947.3404255319,,,,,
20,181,,61771,59310,,,43230.234042553195,80311.7659574468,,,40079.36170212766,78540.63829787234,,,,,
20,183,,59375,,,,53162.574468085106,65587.4255319149,,,,,,,,,
20,185,,64286,62361,,,51859.95744680851,76712.0425531915,,,17120.14893617021,107601.85106382979,,,,,
20,187,,74900,54808,,100804,63036.34042553192,86763.65957446808,,,19172.936170212764,90443.06382978724,,,28214.89361702127,173393.10638297873,
20,189,,68021,52458,,,46533.68085106383,89508.31914893616,,,20850.17021276596,84065.82978723405,,,,,
20,191,,64846,55170,,68393,58009.234042553195,71682.76595744681,,,26701.744680851065,83638.25531914894,,,60007.29787234042,76778.70212765958,
20,193,,71775,,,,59323.936170212764,84226.06382978724,,,,,,,,,
20,195,,77109,141202,,,55427.46808510638,98790.53191489363,,,140658.68085106384,141745.31914893616,,,,,
20,197,,76612,101528,,,68060.68085106384,85163.31914893616,,,49641.02127659575,153414.97872340426,,,,,
20,199,,60000,,,,46303.82978723404,73696.17021276595,,,,,,,,,
20,201,,65446,48250,,,61081.574468085106,69810.4255319149,,,40835.36170212766,55664.63829787234,,,,,
20,203,,91500,,,,73621.70212765958,109378.29787234042,,,,,,,,,
20,205,,60972,,,,53428.68085106383,68515.31914893616,,,,,,,,,
20,207,,52938,,,,43367.95744680851,62508.04255319149,,,,,,,,,
20,209,47166,73438,65588,68025,89306,71012.12765957447,75863.87234042553,41475.44680851064,52856.55319148936,61212.85106382979,69963.14893617021,53697.34042553192,82352.65957446808,73519.9574468085,105092.0425531915,
21,000,47105,66015,57597,84810,41983,65450.234042553195,66579.76595744681,44949.59574468085,49260.40425531915,55348.65957446808,59845.34042553192,80694.59574468085,88925.40425531915,32572.617021276594,51393.382978723406,
21,001,61157,52683,96429,,,44732.1914893617,60633.8085106383,60651.8085106383,61662.1914893617,5782.872340425529,187075.12765957447,,,,,
21,003,,62222,,,,55251.78723404255,69192.21276595745,,,,,,,,,
21,005,40341,76580,,,,70109.02127659574,83050.97872340426,16395.638297872338,64286.36170212766,,,,,,,
21,007,,68462,73221,,,58187.78723404255,78736.21276595745,,,51415.553191489365,95026.44680851063,,,,,
21,009,33806,53333,35091,76250,36657,49060.31914893617,57605.68085106383,19916.808510638297,47695.19148936171,17280.617021276597,52901.3829787234,39122,113378,29913.17021276596,43400.82978723404,
21,011,,57715,14000,,,45789.382978723406,69640.6170212766,,,13460.255319148937,14539.744680851063,,,,,
21,013,,33042,,,,26889.14893617021,39194.85106382979,,,,,,,,,
21,015,81590,101156,80781,93964,,97790.0425531915,104521.9574468085,74848.55319148937,88331.44680851063,62331.97872340426,99230.02127659574,80529.9574468085,107398.0425531915,,,
21,017,,61981,68861,,,52629,71333,,,44920.404255319154,92801.59574468085,,,,,
21,019,27823,62278,49744,8942,,58586.765957446805,65969.23404255319,21754.744680851065,33891.255319148935,15614.97872340426,83873.02127659574,8278.340425531915,9605.659574468085,,,
21,021,35794,63669,110024,,,59596.48936170213,67741.51063829787,32171.872340425532,39416.12765957447,44481.36170212766,175566.63829787233,,,,,
21,023,,66736,35719,,,56007.82978723404,77464.17021276595,,,20041.382978723406,51396.617021276594,,,,,
21,025,,35330,,,,30444.893617021276,40215.10638297872,,,,,,,,,
21,027,42625,56523,,,,50749.04255319149,62296.95744680851,14253.255319148939,70996.74468085106,,,,,,,
21,029,,80712,108164,,,77915.5744680851,83508.4255319149,,,15010.97872340426,201317.02127659574,,,,,
21,031,,57768,53750,,,50700.085106382976,64835.914893617024,,,27693.31914893617,79806.68085106384,,,,,
21,033,,57778,,,,43088.12765957447,72467.87234042553,,,,,,,,,
21,035,50881,53532,36991,90795,,48563.48936170213,58500.51063829787,33308.914893617024,68453.08510638298,11551.510638297874,62430.48936170213,37690.31914893617,143899.68085106384,,,
21,037,42162,78208,86875,95917,,74949.27659574468,81466.72340425532,21875.702127659577,62448.29787234042,63563.51063829787,110186.48936170213,64726.19148936171,127107.8085106383,,,
21,039,65682,64773,42500,,,54547.63829787234,74998.36170212766,876.8936170212837,130487.10638297872,26327.914893617024,58672.085106382976,,,,,
21,041,133038,56250,35338,,,37231.446808510635,75268.55319148937,92020.97872340426,174055.02127659574,23691.191489361703,46984.80851063829,,,,,
21,043,,50070,,,,45679.36170212766,54460.63829787234,,,,,,,,,
21,045,,46217,,,,40568.14893617021,51865.85106382979,,,,,,,,,
21,047,41348,58558,51964,67889,37031,54730.936170212764,62385.063829787236,33055.23404255319,49640.76595744681,33937.95744680851,69990.04255319148,45425.85106382979,90352.14893617021,4595.08510638298,69466.91489361702,
21,049,,65560,51810,51336,,58476.59574468085,72643.40425531915,,,33604.042553191495,70015.9574468085,51073.87234042553,51598.12765957447,,,
21,051,,42776,,,,35522.21276595745,50029.78723404255,,,,,,,,,
21,053,,45252,36741,36674,,39655.574468085106,50848.425531914894,,,32025.08510638298,41456.914893617024,35785.14893617021,37562.85106382979,,,
21,055,,46546,,,,40594.51063829787,52497.48936170213,,,,,,,,,
21,057,19250,42794,83320,,,28573.574468085106,57014.425531914894,4433.8297872340445,34066.17021276595,61630.12765957447,105009.87234042553,,,,,
21,059,53712,68812,65422,147975,127618,65807.06382978724,71816.93617021276,24973.276595744683,82450.72340425532,32970.59574468085,97873.40425531915,49297.042553191495,246652.95744680852,119975.78723404255,135260.21276595746,
21,061,,54981,90417,,,48508.82978723404,61453.17021276596,,,45854.10638297873,134979.89361702127,,,,,
21,063,,47112,,,,34725.27659574468,59498.72340425532,,,,,,,,,
21,065,,45081,,,,38766.10638297872,51395.89361702128,,,,,,,,,
21,067,45928,77224,58730,82206,59056,74496.68085106384,79951.31914893616,41926.97872340425,49929.02127659575,53592.29787234042,63867.70212765958,65676.46808510639,98735.53191489361,37823.65957446808,80288.34042553192,
21,069,31000,49795,,,,43993.63829787234,55596.36170212766,8972.936170212768,53027.063829787236,,,,,,,
21,071,,41640,,36077,,34532.76595744681,48747.23404255319,,,,,25870.702127659577,46283.29787234042,,,
21,073,42500,69586,55000,197620,28438,62238.085106382976,76933.91489361702,27632.59574468085,57367.404255319154,42241.53191489362,67758.46808510637,55645.70212765958,339594.2978723404,14449.914893617022,42426.085106382976,
21,075,35657,40000,,,,32628.255319148935,47371.744680851065,33382.446808510635,37931.553191489365,,,,,,,
21,077,53611,64783,,,,56473.553191489365,73092.44680851063,29701.382978723406,77520.61702127659,,,,,,,
21,079,,62013,71108,,,52988.65957446808,71037.34042553192,,,69781.87234042553,72434.12765957447,,,,,
21,081,,69418,,,,63601.14893617021,75234.85106382979,,,,,,,,,
21,083,31772,53197,45193,,,48384.574468085106,58009.425531914894,15349.702127659573,48194.29787234042,18507.212765957447,71878.78723404255,,,,,
21,085,,50821,,,,47895.89361702128,53746.10638297872,,,,,,,,,
21,087,,45616,,,,35043.914893617024,56188.085106382976,,,,,,,,,
21,089,67708,60740,67222,128088,29250,58366.553191489365,63113.446808510635,20283.14893617021,115132.85106382979,35337.744680851065,99106.25531914894,50145.53191489361,206030.4680851064,15160.638297872341,43339.36170212766,
21,091,,66005,,,,59044.31914893617,72965.68085106384,,,,,,,,,
21,093,55253,71129,57981,52154,,67064.82978723405,75193.17021276595,47078.1914893617,63427.8085106383,26433.936170212768,89528.06382978724,38356.553191489365,65951.44680851063,,,
21,095,,42997,,,,37288.574468085106,48705.425531914894,,,,,,,,,
21,097,,68539,,,,61406.744680851065,75671.25531914894,,,,,,,,,
21,099,54167,51941,90526,,,47254.87234042553,56627.12765957447,10204.617021276601,98129.3829787234,55131.617021276594,125920.38297872341,,,,,
21,101,35068,61610,41667,42009,,58098.68085106383,65121.31914893617,23464.08510638298,46671.914893617024,1765.2127659574471,81568.78723404255,35335.46808510638,48682.53191489362,,,
21,103,50250,63658,,130625,,58571.53191489362,68744.46808510639,14592.29787234043,85907.70212765958,,,8591.468085106375,252658.53191489363,,,
21,105,34583,67227,,,,55260.87234042553,79193.12765957447,20536.531914893618,48629.46808510638,,,,,,,
21,107,,57947,,,57917,52598.40425531915,63295.59574468085,,,,,,,55095.553191489365,60738.446808510635,
21,109,,39839,,,,26483.595744680853,53194.40425531915,,,,,,,,,
21,111,48082,79512,57902,90662,34600,78069.10638297873,80954.89361702127,45028.21276595745,51135.78723404255,53886.68085106383,61917.31914893617,81152.72340425532,100171.27659574468,2688.3404255319147,66511.65957446808,
21,113,57780,76431,46036,,,70783.34042553192,82078.65957446808,19859.65957446809,95700.3404255319,9307.148936170212,82764.85106382979,,,,,
21,115,,46039,,152273,,40733.29787234042,51344.70212765958,,,,,68056.14893617021,236489.8510638298,,,
21,117,50447,83403,54543,146815,78036,80033.46808510639,86772.53191489361,39755.76595744681,61138.23404255319,37320.02127659574,71765.97872340426,126328.53191489363,167301.46808510637,55141.53191489362,100930.46808510637,
21,119,,42416,,,,33251.063829787236,51580.936170212764,,,,,,,,,
21,121,11922,33358,50757,,,25572.8085106383,41143.1914893617,3626.8510638297867,20217.14893617021,23110.872340425532,78403.12765957447,,,,,
21,123,64821,66967,66429,,,57452.95744680851,76481.0425531915,7846.361702127659,121795.63829787234,21401.425531914894,111456.5744680851,,,,,
21,125,130500,58011,,,,48183.59574468085,67838.40425531915,102361.78723404255,158638.21276595746,,,,,,,
21,127,,47247,,,,40050.40425531915,54443.59574468085,,,,,,,,,
21,129,,36638,103438,,,31208.382978723406,42067.617021276594,,,34915.44680851065,171960.55319148937,,,,,
21,131,,36568,,,,28620.76595744681,44515.23404255319,,,,,,,,,
21,133,,42566,,110313,53750,38555.44680851064,46576.55319148936,,,,,45814.10638297873,174811.89361702127,15416.212765957447,92083.78723404255,
21,135,,46900,,,,40717.36170212766,53082.63829787234,,,,,,,,,
21,137,35690,53125,39280,,,48509.17021276596,57740.82978723404,19952.8085106383,51427.1914893617,27851.23404255319,50708.76595744681,,,,,
21,139,,59922,,,,48257.31914893617,71586.68085106384,,,,,,,,,
21,141,62516,61192,52156,,,55140.425531914894,67243.5744680851,29269.872340425536,95762.12765957447,22876.340425531915,81435.65957446808,,,,,
21,143,100388,62434,,,,54968.12765957447,69899.87234042553,19216.59574468086,181559.40425531915,,,,,,,
21,145,40333,68228,58684,146471,,63463.234042553195,72992.76595744681,16783.212765957447,63882.78723404255,20060.68085106383,97307.31914893616,80651.93617021276,212290.06382978725,,,
21,147,,33207,,,,24140.957446808512,42273.04255319149,,,,,,,,,
21,149,,66650,,,,53936.80851063829,79363.1914893617,,,,,,,,,
21,151,67606,63011,65949,58365,,59032.617021276594,66989.3829787234,54347.10638297872,80864.89361702127,54474.95744680851,77423.04255319148,22838.36170212766,93891.63829787234,,,
21,153,,33493,,,,25786.44680851064,41199.553191489365,,,,,,,,,
21,155,45123,63117,,,,53326.53191489362,72907.46808510637,15005.723404255321,75240.27659574468,,,,,,,
21,157,,66132,90369,,,58052.51063829787,74211.48936170213,,,17511.808510638293,163226.1914893617,,,,,
21,159,,36229,,,,23748.14893617021,48709.85106382979,,,,,,,,,
21,161,55609,52451,,,,47102.40425531915,57799.59574468085,28582.44680851064,82635.55319148937,,,,,,,
21,163,105270,74626,73071,,40357,68169.31914893616,81082.68085106384,65788.80851063831,144751.1914893617,52737.04255319149,93404.95744680852,,,21510.021276595744,59203.97872340426,
21,165,,44931,,,,33649.97872340426,56212.02127659574,,,,,,,,,
21,167,49545,68020,,,,60847.234042553195,75192.76595744681,26872.148936170215,72217.85106382979,,,,,,,
21,169,88212,50246,,,,41042.936170212764,59449.063829787236,65918.0425531915,110505.9574468085,,,,,,,
21,171,,51746,48021,,,46273.48936170213,57218.51063829787,,,12085.68085106383,83956.31914893616,,,,,
21,173,19911,57132,47386,,,52068.17021276596,62195.82978723404,11869.638297872341,27952.36170212766,14827.361702127659,79944.63829787234,,,,,
21,175,,47982,43694,,,43771.27659574468,52192.72340425532,,,43383.02127659575,44004.97872340425,,,,,
21,177,33967,51398,51227,,,48544.382978723406,54251.617021276594,32701.63829787234,35232.36170212766,28236.021276595748,74217.97872340426,,,,,
21,179,41094,71017,65329,54090,,67064.82978723405,74969.17021276595,11520.042553191492,70667.9574468085,8474.702127659577,122183.29787234042,39541.914893617024,68638.08510638298,,,
21,181,53295,59688,,,,48153.19148936171,71222.8085106383,31116.617021276594,75473.38297872341,,,,,,,
21,183,106406,57825,,,,53391.46808510638,62258.53191489362,82028.12765957447,130783.87234042553,,,,,,,
21,185,86786,122140,126642,166094,156193,115965.70212765958,128314.29787234042,48823.95744680851,124748.04255319148,81538.17021276595,171745.82978723405,128508.46808510637,203679.53191489363,155196.914893617,157189.085106383,
21,187,102917,61143,26285,,,56561.72340425532,65724.27659574468,1446.1914893616922,204387.8085106383,25425.936170212764,27144.063829787236,,,,,
21,189,,22115,,,,10997.212765957447,33232.78723404255,,,,,,,,,
21,191,,67799,,,,55431.34042553192,80166.65957446808,,,,,,,,,
21,193,,42462,,,,34270.51063829787,50653.48936170213,,,,,,,,,
21,195,36176,45104,,,,41467.574468085106,48740.425531914894,18907.744680851065,53444.255319148935,,,,,,,
21,197,23289,41546,,,,34341.063829787236,48750.936170212764,8698.021276595746,37879.97872340425,,,,,,,
21,199,55391,52646,34556,,,50272.553191489365,55019.446808510635,6766.319148936171,104015.68085106384,9425.106382978724,59686.89361702128,,,,,
21,201,,51607,,,,39372.78723404255,63841.21276595745,,,,,,,,,
21,203,,49230,,,,43184.382978723406,55275.617021276594,,,,,,,,,
21,205,70728,54489,,58625,,44885.59574468085,64092.40425531915,46789.78723404255,94666.21276595745,,,26971.893617021276,90278.10638297873,,,
21,207,,46558,,,,36995.10638297872,56120.89361702128,,,,,,,,,
21,209,54927,88884,,111705,,82893.1914893617,94874.8085106383,45455.85106382979,64398.14893617021,,,42640.31914893618,180769.6808510638,,,
21,211,52588,87707,77940,,,79652.53191489361,95761.46808510639,47577.78723404255,57598.21276595745,51172,104708,,,,,
21,213,53113,62708,48180,,,54952.59574468085,70463.40425531915,10614.957446808512,95611.04255319148,41236,55124,,,,,
21,215,171164,97864,,,,85296.17021276595,110431.82978723405,170606.3829787234,171721.6170212766,,,,,,,
21,217,63370,60661,48956,65625,,53203.46808510638,68118.53191489361,15712.8085106383,111027.19148936169,2004.1702127659591,95907.82978723405,30785.85106382979,100464.14893617021,,,
21,219,47614,64570,,,,56034.17021276596,73105.82978723405,22350.85106382979,72877.14893617021,,,,,,,
21,221,41302,61622,,,,56580.8085106383,66663.1914893617,24873.744680851065,57730.255319148935,,,,,,,
21,223,115987,65531,,,,52223.255319148935,78838.74468085106,22605.212765957447,209368.78723404254,,,,,,,
21,225,36700,62058,,,,54923.36170212766,69192.63829787234,31496.76595744681,41903.23404255319,,,,,,,
21,227,40747,71514,47773,59479,41517,65732.89361702127,77295.10638297873,32190.91489361702,49303.085106382976,44749,50797,34381.46808510638,84576.53191489363,40043.12765957447,42990.87234042553,
21,229,40652,62917,,,,53394.617021276594,72439.3829787234,14895.574468085106,66408.4255319149,,,,,,,
21,231,20772,47261,,,26346,41769.425531914894,52752.574468085106,5491.148936170213,36052.85106382979,,,,,24598.08510638298,28093.91489361702,
21,233,59909,59219,70188,,,51999.76595744681,66438.23404255319,36117.34042553192,83700.65957446808,16719.914893617024,123656.08510638298,,,,,
21,235,,45206,,,,40622.34042553192,49789.65957446808,,,,,,,,,
21,237,,35047,,,,24216.36170212766,45877.63829787234,,,,,,,,,
21,239,41964,89409,,,,81023.29787234042,97794.70212765958,31826.8085106383,52101.1914893617,,,,,,,
22,000,39169,74021,62343,73994,64241,73335.89361702128,74706.10638297872,38239.63829787234,40098.36170212766,60080.36170212766,64605.63829787234,67294.25531914894,80693.74468085106,60687.97872340425,67794.02127659574,
22,001,27859,51057,43093,88304,,47494.44680851064,54619.55319148936,20017.808510638297,35700.1914893617,33430.02127659574,52755.97872340426,41489.1914893617,135118.8085106383,,,
22,003,25172,53349,,58890,43317,44916.82978723404,61781.17021276596,14674.978723404256,35669.02127659574,,,58581.40425531915,59198.59574468085,9322.617021276594,77311.38297872341,
22,005,63909,103096,81667,112440,,96976.51063829787,109215.48936170213,55287.382978723406,72530.6170212766,66089.46808510637,97244.53191489363,76179.40425531915,148700.59574468085,,,
22,007,29883,67336,,,63897,54476.255319148935,80195.74468085106,19117.893617021276,40648.10638297872,,,,,24830.446808510642,102963.55319148937,
22,009,22431,50799,43148,,26071,44681.89361702128,56916.10638297872,15887.340425531915,28974.659574468085,13949.361702127659,72346.63829787234,,,17400.531914893618,34741.46808510638,
22,011,55630,66866,98232,111375,,57833.31914893617,75898.68085106384,47333.65957446808,63926.34042553192,85839.31914893616,110624.68085106384,66740.6170212766,156009.38297872338,,,
22,013,21675,44054,81537,63542,,32096.212765957447,56011.78723404255,19682.82978723404,23667.17021276596,5173.255319148942,157900.74468085106,62874.765957446805,64209.234042553195,,,
22,015,41748,80113,67877,,64917,76736.31914893616,83489.68085106384,37675.48936170213,45820.51063829787,51410.617021276594,84343.38297872341,,,3663.7234042553173,126170.27659574468,
22,017,36992,69399,56513,69643,,64605.63829787234,74192.36170212766,34528,39456,31133.08510638298,81892.91489361702,34841.97872340425,104444.02127659574,,,
22,019,41302,74665,81667,79243,66452,70752.14893617021,78577.85106382979,37779.95744680851,44824.04255319149,52622.063829787236,110711.93617021276,69333.3829787234,89152.6170212766,25969.95744680852,106934.04255319148,
22,021,29393,47440,30438,,,33338.72340425532,61541.27659574468,5097.340425531915,53688.65957446808,17648.55319148936,43227.446808510635,,,,,
22,023,,73934,,,,68447.1914893617,79420.8085106383,,,,,,,,,
22,025,28629,53125,,,,39400.234042553195,66849.76595744681,24506.44680851064,32751.55319148936,,,,,,,
22,027,22350,45809,,,,39459.553191489365,52158.446808510635,18413.31914893617,26286.68085106383,,,,,,,
22,029,24149,55758,80709,,,49389.48936170213,62126.51063829787,18509.68085106383,29788.31914893617,38921.08510638298,122496.91489361701,,,,,
22,031,27500,63514,,,,56561.65957446808,70466.34042553192,20308.17021276596,34691.82978723404,,,,,,,
22,033,46536,85672,56005,67224,73333,81411.23404255319,89932.76595744681,43950.46808510638,49121.53191489362,51367.72340425532,60642.27659574468,49976,84472,53159.89361702128,93506.10638297873,
22,035,24948,,,,,,,16895.91489361702,33000.085106382976,,,,,,,
22,037,37500,86458,88529,,35125,68928.8085106383,103987.1914893617,20468.85106382979,54531.14893617021,87969,89089,,,1006.702127659577,69243.29787234042,
22,039,23291,52648,,,,46075.744680851065,59220.255319148935,19036.191489361703,27545.808510638297,,,,,,,
22,041,30366,56492,,,,52069.1914893617,60914.8085106383,24506.255319148935,36225.744680851065,,,,,,,
22,043,42292,71505,,,56289,64550.27659574468,78459.72340425532,19254.55319148936,65329.446808510635,,,,,23901.936170212764,88676.06382978724,
22,045,37554,64394,61397,60170,83917,58460.382978723406,70327.6170212766,31913.48936170213,43194.51063829787,46210.27659574468,76583.72340425532,49650.34042553192,70689.65957446808,62472.574468085106,105361.4255319149,
22,047,42015,68537,,,,54322.53191489362,82751.46808510637,33360.02127659574,50669.97872340426,,,,,,,
22,049,37432,51588,,,14088,42469.53191489362,60706.46808510638,32526.63829787234,42337.36170212766,,,,,6087.148936170213,22088.85106382979,
22,051,47985,76341,58799,73260,55771,72695.0425531915,79986.9574468085,43342.95744680851,52627.04255319149,55357.97872340425,62240.02127659575,61287.914893617024,85232.08510638298,36124.53191489362,75417.46808510637,
22,053,40320,57584,124971,,66344,47303.82978723404,67864.17021276595,19877.617021276594,60762.382978723406,82819.68085106384,167122.31914893616,,,65219.234042553195,67468.76595744681,
22,055,40779,81510,55750,105481,,76819.10638297873,86200.89361702127,36525.382978723406,45032.617021276594,46247.87234042553,65252.12765957447,91302.27659574468,119659.72340425532,,,
22,057,25430,70040,79570,50686,54655,65362.21276595745,74717.78723404255,13615.191489361701,37244.8085106383,62585.31914893617,96554.68085106384,25128.55319148936,76243.44680851063,38210.063829787236,71099.93617021276,
22,059,87808,60511,88462,,,41481.72340425532,79540.27659574468,41792.68085106383,133823.31914893616,80456.3829787234,96467.6170212766,,,,,
22,061,21647,60066,,,,53691.53191489362,66440.46808510639,16919.17021276596,26374.82978723404,,,,,,,
22,063,70325,83501,54508,66136,76563,78602.78723404255,88399.21276595745,59136.914893617024,81513.08510638298,46187.82978723404,62828.17021276596,18012.936170212764,114259.06382978724,11985.46808510639,141140.5319148936,
22,065,30773,52446,,,,30006.68085106383,74885.31914893616,26857.76595744681,34688.23404255319,,,,,,,
22,067,32313,53500,,,,47073.10638297872,59926.89361702128,24391.978723404256,40234.02127659575,,,,,,,
22,069,26462,62595,46764,123750,60500,55217.29787234042,69972.70212765958,24369.744680851065,28554.255319148935,40712.425531914894,52815.574468085106,71617.5744680851,175882.4255319149,17063.063829787236,103936.93617021276,
22,071,37330,94061,70221,69950,66090,90670.02127659574,97451.97872340426,34769.48936170213,39890.51063829787,62508.48936170213,77933.51063829787,59381.48936170213,80518.51063829787,52776.29787234042,79403.70212765958,
22,073,34942,70957,68012,70625,,67490.9574468085,74423.0425531915,31622.510638297874,38261.48936170213,53498.46808510638,82525.53191489361,40642.36170212766,100607.63829787234,,,
22,075,59667,90192,107236,,,81881.36170212766,98502.63829787234,25819.17021276596,93514.82978723405,81890.63829787234,132581.36170212767,,,,,
22,077,51803,71123,131389,,,62401.29787234042,79844.70212765958,31657.297872340427,71948.70212765958,22298.6170212766,240479.38297872338,,,,,
22,079,34861,68067,53494,80353,53438,62769.63829787234,73364.36170212766,32075.297872340427,37646.70212765958,38823.19148936171,68164.8085106383,30228.234042553187,130477.76595744681,44940.29787234042,61935.70212765958,
22,081,28866,65887,,,,52597.12765957447,79176.87234042553,21762.340425531915,35969.65957446808,,,,,,,
22,083,23893,67632,,,,56254.46808510638,79009.53191489363,18405,29381,,,,,,,
22,085,18701,60385,37237,,63103,56357.765957446805,64412.234042553195,12284.829787234043,25117.17021276596,8445.851063829785,66028.14893617021,,,51024.87234042553,75181.12765957447,
22,087,41109,70009,45700,82656,47426,60668.914893617024,79349.08510638298,24180.31914893617,58037.68085106383,31161.446808510642,60238.55319148936,69476.93617021276,95835.06382978724,35341.914893617024,59510.085106382976,
22,089,44222,90769,95000,195000,173594,81754.1914893617,99783.8085106383,25358.340425531915,63085.65957446808,70261.10638297873,119738.89361702127,76523.06382978724,313476.93617021275,45792.46808510639,301395.5319148936,
22,091,22557,69068,,,,56638.382978723406,81497.6170212766,13230.021276595746,31883.978723404252,,,,,,,
22,093,42761,95150,,,,86541.48936170213,103758.51063829787,29130.36170212766,56391.63829787234,,,,,,,
22,095,59256,73260,82458,123139,73750,64983.914893617024,81536.08510638298,46082.89361702128,72429.10638297872,47403.19148936171,117512.8085106383,39074.65957446808,207203.3404255319,6579.787234042553,140920.21276595746,
22,097,35411,55644,50938,,,51360.59574468085,59927.40425531915,32737.297872340427,38084.70212765958,45374.936170212764,56501.063829787236,,,,,
22,099,37356,66757,61300,53750,119833,61569.255319148935,71944.74468085106,32356.510638297874,42355.48936170213,48416.425531914894,74183.5744680851,19121.744680851065,88378.25531914894,71562.1914893617,168103.8085106383,
22,101,37131,60454,50507,69514,66563,54458.425531914894,66449.5744680851,32043.340425531915,42218.65957446808,30408.957446808512,70605.04255319148,49396.89361702128,89631.10638297873,45256.78723404255,87869.21276595745,
22,103,60463,87556,80881,99219,70533,84038.72340425532,91073.27659574468,55056.02127659575,65869.97872340426,73922.70212765958,87839.29787234042,80022.91489361702,118415.08510638298,54805.34042553192,86260.65957446808,
22,105,38985,64902,61399,57102,,59273.40425531915,70530.59574468085,33450.53191489362,44519.46808510638,39918.82978723405,82879.17021276595,37945.23404255319,76258.76595744681,,,
22,107,25664,54167,,,,43644.95744680851,64689.04255319149,21549.787234042553,29778.212765957447,,,,,,,
22,109,39788,72014,53211,90333,74526,68733.82978723405,75294.17021276595,35371.14893617021,44204.85106382979,45630.744680851065,60791.255319148935,28130.10638297873,152535.89361702127,65809.06382978724,83242.93617021276,
22,111,23876,61306,41012,,,52652.21276595745,69959.78723404255,19710.55319148936,28041.44680851064,22155.48936170213,59868.51063829787,,,,,
22,113,26309,63971,70842,49942,,56537.29787234042,71404.70212765958,18471.382978723406,34146.617021276594,54609.14893617021,87074.85106382979,11584.382978723406,88299.61702127659,,,
22,115,47063,59488,50243,81923,74583,55109.27659574468,63866.72340425532,33406.14893617021,60719.85106382979,39100.19148936171,61385.80851063829,63043.85106382979,100802.14893617021,44856.53191489362,104309.46808510637,
22,117,28670,53765,,,,49195.63829787234,58334.36170212766,22449.23404255319,34890.765957446805,,,,,,,
22,119,29184,52541,57500,,,46958.87234042553,58123.12765957447,25795.40425531915,32572.59574468085,29716.85106382979,85283.14893617021,,,,,
22,121,64418,96596,78299,,,85983.40425531915,107208.59574468085,46743.446808510635,82092.55319148937,65663.25531914894,90934.74468085106,,,,,
22,123,37713,51434,,,,44219.53191489362,58648.46808510638,25577.68085106383,49848.31914893617,,,,,,,
22,125,50980,89244,,,,76325.87234042553,102162.12765957447,23153.957446808512,78806.04255319148,,,,,,,
22,127,42065,51229,61936,,,43711.89361702128,58746.10638297872,21875.212765957447,62254.78723404255,51092.255319148935,72779.74468085106,,,,,
23,000,55930,75325,79444,72099,65051,74138.27659574468,76511.72340425532,48482,63378,70568.59574468085,88319.40425531915,59336.95744680851,84861.0425531915,56773.72340425532,73328.27659574468,
23,001,49804,69650,57250,45735,65603,67187.1914893617,72112.8085106383,41824.59574468085,57783.40425531915,35367.10638297872,79132.89361702127,20057.212765957447,71412.78723404255,51026.31914893617,80179.68085106384,
23,003,,57009,,,29375,54626.02127659575,59391.97872340425,,,,,,,20961.893617021276,37788.10638297872,
23,005,49623,98395,82764,82169,76290,95001.63829787234,101788.36170212766,41340.95744680851,57905.04255319149,68325.53191489363,97202.46808510637,57718.44680851064,106619.55319148937,29462.085106382983,123117.91489361701,
23,007,,58226,,49083,,54962.51063829787,61489.48936170213,,,,,10646.744680851065,87519.25531914894,,,
23,009,,73324,,120300,,69412.34042553192,77235.65957446808,,,,,61967.063829787236,178632.93617021275,,,
23,011,45230,69339,80139,49565,72647,66343.59574468085,72334.40425531915,25137.914893617024,65322.085106382976,44144.10638297872,116133.89361702127,13449.765957446813,85680.23404255319,42540.446808510635,102753.55319148937,
23,013,,74080,72778,121500,,69488,78672,,,161.48936170212983,145394.51063829788,60580.34042553192,182419.6595744681,,,
23,015,,77121,76417,,,71258.87234042553,82983.12765957447,,,22813.085106382976,130020.91489361702,,,,,
23,017,152386,61298,81250,115375,95208,57258.85106382979,65337.14893617021,102918.93617021278,201853.06382978722,44857.14893617021,117642.85106382979,28235.425531914894,202514.5744680851,84871.82978723405,105544.17021276595,
23,019,68458,66411,75870,54732,86016,64091.17021276596,68730.82978723405,37324.382978723406,99591.61702127659,43334,108406,30927.234042553195,78536.7659574468,63809.02127659575,108222.97872340426,
23,021,,58100,74302,,68250,51332.34042553192,64867.65957446808,,,67719.02127659574,80884.97872340426,,,56363.70212765958,80136.29787234042,
23,023,111250,87200,91498,90625,,80912.51063829787,93487.48936170213,72239.44680851063,150260.55319148937,52250.34042553191,130745.6595744681,84696.14893617021,96553.85106382979,,,
23,025,167958,57497,90359,70471,100815,53756.914893617024,61237.085106382976,55804.29787234042,280111.7021276596,66886.65957446808,113831.34042553192,44653.8085106383,96288.19148936169,90709.97872340426,110920.02127659574,
23,027,128182,73024,76563,,106094,68671.48936170213,77376.51063829787,44957.65957446808,211406.3404255319,24614.063829787236,128511.93617021276,,,50378.76595744681,161809.23404255317,
23,029,98229,57165,61071,70714,29038,54038.53191489362,60291.46808510638,76424.74468085106,120033.25531914894,24592.36170212766,97549.63829787234,46125.234042553195,95302.7659574468,20045.82978723404,38030.17021276596,
23,031,62165,88370,104500,87865,70568,85056.46808510639,91683.53191489361,42304.063829787236,82025.93617021276,74438.72340425532,134561.27659574468,51555.55319148936,124174.44680851063,41625.53191489362,99510.46808510637,
24,000,83654,116071,92723,133197,78283,115120.1914893617,117021.8085106383,82404.12765957447,84903.87234042553,90465.12765957447,94980.87234042553,129205.51063829787,137188.48936170212,70385.8085106383,86180.1914893617,
24,001,24519,60463,53455,85054,67614,57465.21276595745,63460.78723404255,3010.234042553191,46027.76595744681,30571.255319148935,76338.74468085106,14385.574468085106,155722.4255319149,5066.7659574468125,130161.23404255319,
24,003,106281,134129,111901,128090,92383,130353.17021276595,137904.82978723405,101513.85106382979,111048.14893617021,97430.36170212766,126371.63829787234,111487.78723404255,144692.21276595746,63985.042553191495,120780.9574468085,
24,005,79121,101047,80949,107518,49279,98600.87234042553,103493.12765957447,76799.97872340426,81442.02127659574,70094.53191489363,91803.46808510637,100246.34042553192,114789.65957446808,24749.8085106383,73808.19148936169,
24,009,100852,136192,174821,104375,89321,132879.6595744681,139504.3404255319,87454.89361702128,114249.10638297872,118955.63829787234,230686.36170212767,56647.51063829787,152102.48936170212,48779.382978723406,129862.61702127659,
24,011,43248,73378,61228,,,67568.29787234042,79187.70212765958,38136.51063829787,48359.48936170213,50479.574468085106,71976.4255319149,,,,,
24,013,119750,117773,108085,104661,,112729.4255319149,122816.5744680851,101135.36170212766,138364.63829787233,75537.08510638298,140632.914893617,94895.55319148937,114426.44680851063,,,
24,015,72667,97319,67121,116836,,90942.14893617021,103695.85106382979,37874.31914893617,107459.68085106384,36183.97872340426,98058.02127659574,104980.68085106384,128691.31914893616,,,
24,017,124866,120119,120000,146250,85882,112062.14893617021,128175.85106382979,119505.48936170213,130226.51063829787,104586.89361702127,135413.10638297873,120372.0425531915,172127.95744680852,46535.446808510635,125228.55319148937,
24,019,38270,72742,73175,70521,,67171.78723404255,78312.21276595745,32990.51063829787,43549.48936170213,56508.446808510635,89841.55319148937,12590.787234042553,128451.21276595745,,,
24,021,102165,126301,97934,150587,98824,121975.89361702127,130626.10638297873,91395.12765957447,112934.87234042553,87851.6170212766,108016.3829787234,140221.04255319148,160952.95744680852,37322.893617021284,160325.10638297873,
24,023,,67979,,215900,38924,63662.234042553195,72295.76595744681,,,,,92387.82978723405,339412.1702127659,34775.23404255319,43072.76595744681,
24,025,106939,115353,89750,123185,,111926.27659574468,118779.72340425532,95841.46808510639,118036.53191489361,79889.23404255319,99610.76595744681,94056.65957446808,152313.3404255319,,,
24,027,118713,162306,119007,179466,69149,157360.12765957447,167251.87234042553,109239.46808510639,128186.53191489361,97872.36170212766,140141.63829787233,171592.63829787233,187339.36170212767,51615.04255319149,86682.95744680852,
24,029,40955,85887,,214531,,80323.93617021276,91450.06382978724,24744.787234042553,57165.21276595745,,,75522.31914893616,353539.6808510638,,,
24,031,92979,167110,98644,147950,92587,163447.36170212767,170772.63829787233,88297.63829787234,97660.36170212766,94255.74468085106,103032.25531914894,142792.04255319148,153107.95744680852,61933.553191489365,123240.44680851063,
24,033,100903,116155,92217,110303,84615,111190.06382978724,121119.93617021276,98919.17021276595,102886.82978723405,87733.4255319149,96700.5744680851,100237.29787234042,120368.70212765958,56672.19148936171,112557.8085106383,
24,035,53534,119208,88056,,,111839.82978723405,126576.17021276595,30589.489361702126,76478.51063829787,51752.51063829788,124359.48936170212,,,,,
24,037,75476,129339,115691,149844,,120327.76595744681,138350.2340425532,63412.17021276596,87539.82978723405,86423.25531914894,144958.74468085106,127127.06382978724,172560.93617021275,,,
24,039,41807,71065,73777,86103,,64242.53191489362,77887.46808510637,22528.702127659573,61085.29787234042,55641.34042553192,91912.65957446808,32991.17021276597,139214.82978723402,,,
24,041,53347,95859,69500,156339,113304,87974.91489361702,103743.08510638298,40880.446808510635,65813.55319148937,51252.34042553192,87747.65957446808,67650.48936170213,245027.51063829788,16992.34042553192,209615.6595744681,
24,043,62519,79899,61824,97893,,76477.0425531915,83320.9574468085,48865.72340425532,76172.27659574468,52209.87234042553,71438.12765957447,63825.936170212764,131960.06382978725,,,
24,045,64228,80341,77813,71486,81850,76219.63829787234,84462.36170212766,56911.063829787236,71544.93617021276,53843.80851063829,101782.1914893617,57091.6170212766,85880.3829787234,58557.574468085106,105142.4255319149,
24,047,40594,89236,50119,94324,,82338.46808510639,96133.53191489361,33094.76595744681,48093.23404255319,3442.4042553191466,96795.59574468085,83035.82978723405,105612.17021276595,,,
24,510,49186,97355,67290,70580,40104,93948.53191489361,100761.46808510639,47435.70212765958,50936.29787234042,61598.255319148935,72981.74468085106,62389.70212765958,78770.29787234042,19511.489361702126,60696.51063829787,
25,000,73413,112361,66137,131900,73454,111513.85106382979,113208.14893617021,71076.48936170213,75749.51063829787,64591.63829787234,67682.36170212766,128447.06382978724,135352.93617021278,62829.48936170213,84078.51063829787,
25,001,75394,97188,97903,,99087,93051.14893617021,101324.85106382979,62385.31914893617,88402.68085106384,73923.08510638298,121882.91489361702,,,59836.95744680851,138337.04255319148,
25,003,45479,77581,71056,53409,90770,74156.65957446808,81005.34042553192,29156.787234042553,61801.21276595745,37784.85106382979,104327.14893617021,16614.617021276594,90203.38297872341,45991.446808510635,135548.55319148937,
25,005,71757,91192,54247,103000,59279,89061.6170212766,93322.3829787234,60405.68085106383,83108.31914893616,49149.8085106383,59344.1914893617,88518.63829787234,117481.36170212766,25010.574468085106,93547.4255319149,
25,007,,129145,59130,71310,153448,114938.87234042553,143351.12765957447,,,11770.68085106383,106489.31914893616,70943.02127659574,71676.97872340426,75176.68085106384,231719.31914893616,
25,009,73298,113849,65945,140409,89914,110845.25531914894,116852.74468085106,64915.87234042553,81680.12765957447,63691.89361702128,68198.10638297873,132384.31914893616,148433.68085106384,43876.04255319149,135951.95744680852,
25,011,,75768,76510,52019,,72222.12765957447,79313.87234042553,,,41893.65957446809,111126.3404255319,9179,94859,,,
25,013,57609,85555,40447,68942,56403,83099.34042553192,88010.65957446808,53459.04255319149,61758.95744680851,37358.65957446808,43535.34042553192,51931.10638297872,85952.89361702127,20196.021276595748,92609.97872340426,
25,015,54554,89157,61117,77656,,85387.12765957447,92926.87234042553,7068.382978723406,102039.61702127659,55176.234042553195,67057.76595744681,48757.6170212766,106554.3829787234,,,
25,017,84945,137869,91163,157102,74926,135799.3829787234,139938.6170212766,78341.76595744681,91548.23404255319,86847.4255319149,95478.5744680851,152336.04255319148,161867.95744680852,31933.48936170213,117918.51063829787,
25,019,,153006,136403,142344,,133662.17021276595,172349.82978723405,,,50379.8510638298,222426.1489361702,28830.808510638308,255857.1914893617,,,
25,021,96892,136342,112929,140069,,132338.59574468085,140345.40425531915,83379.31914893616,110404.68085106384,100207.46808510639,125650.53191489361,131875.12765957447,148262.87234042553,,,
25,023,92500,118798,89640,133807,,115645.31914893616,121950.68085106384,84346.63829787234,100653.36170212766,73288,105992,107677.63829787234,159936.36170212764,,,
25,025,60515,127297,65072,80843,68326,123477.08510638298,131116.914893617,57333.72340425532,63696.27659574468,59082.382978723406,71061.6170212766,73788.1914893617,87897.8085106383,50581.14893617021,86070.85106382979,
25,027,75168,101879,60143,137648,76607,99908.27659574468,103849.72340425532,67689.02127659574,82646.97872340426,54456.02127659575,65829.97872340426,126109.6170212766,149186.3829787234,37009.04255319149,116204.95744680852,
26,000,45398,77943,67116,108469,57731,77587.93617021276,78298.06382978724,44563.95744680851,46232.04255319149,65637.36170212766,68594.63829787234,106512.5744680851,110425.4255319149,54842.82978723404,60619.17021276596,
26,001,,54930,48906,100550,,53086.765957446805,56773.234042553195,,,4526.595744680853,93285.40425531915,91500.63829787234,109599.36170212766,,,
26,003,,61540,85694,,,59270.21276595745,63809.78723404255,,,78209.06382978724,93178.93617021276,,,,,
26,005,73375,83892,77854,85543,90536,80584.4255319149,87199.5744680851,31523.936170212764,115226.06382978724,60421.31914893617,95286.68085106384,40106.744680851065,130979.25531914894,50077.78723404256,130994.21276595743,
26,007,,54948,53574,85769,,51048.255319148935,58847.744680851065,,,51251.78723404255,55896.21276595745,60428.404255319154,111109.59574468085,,,
26,009,,72578,49091,,41442,68767.6170212766,76388.3829787234,,,35131.51063829787,63050.48936170213,,,26436.382978723406,56447.617021276594,
26,011,,59164,58438,,57778,56636.85106382979,61691.14893617021,,,37855.02127659574,79020.97872340426,,,23114,92442,
26,013,,55149,59821,76250,62000,48178.78723404255,62119.21276595745,,,31493.340425531915,88148.65957446808,17240.29787234043,135259.70212765958,42597.78723404255,81402.21276595745,
26,015,60926,78740,45568,,51793,74087.23404255319,83392.76595744681,40374,81478,27552.68085106383,63583.31914893617,,,17765.255319148935,85820.74468085106,
26,017,43799,61859,59375,71750,93500,58585.97872340425,65132.02127659575,8744.191489361707,78853.8085106383,52750.31914893617,65999.68085106384,47040.893617021284,96459.10638297872,84773.53191489363,102226.46808510637,
26,019,61364,75498,,33438,112639,71680.46808510639,79315.53191489361,18348.85106382979,104379.14893617021,,,3535.1914893616995,63340.8085106383,17629.63829787234,207648.36170212767,
26,021,33213,71839,62853,108214,,69201.0425531915,74476.9574468085,28288.574468085106,38137.425531914894,57382.87234042553,68323.12765957447,71371.95744680852,145056.04255319148,,,
26,023,59688,64078,51125,,117875,61785.574468085106,66370.4255319149,25238.468085106382,94137.53191489363,20209.42553191489,82040.5744680851,,,69803.17021276595,165946.82978723405,
26,025,40176,67258,63010,69044,,64717.744680851065,69798.25531914894,33587.063829787236,46764.936170212764,51433.48936170213,74586.51063829787,43073.10638297872,95014.89361702127,,,
26,027,49485,71544,73438,,77500,66944.85106382979,76143.14893617021,25942.36170212766,73027.63829787234,43526.85106382979,103349.14893617021,,,27328.765957446813,127671.23404255319,
26,029,41506,76943,73036,68750,67813,72847.85106382979,81038.14893617021,40725.574468085106,42286.425531914894,12026.97872340426,134045.02127659574,48631.70212765958,88868.29787234042,43412.48936170213,92213.51063829787,
26,031,78810,63092,61635,73333,51827,58843.14893617021,67340.85106382979,45828.382978723406,111791.61702127659,37440.617021276594,85829.38297872341,27262.87234042553,119403.12765957447,24351.25531914894,79302.74468085106,
26,033,,63853,50313,99583,53561,61487.89361702128,66218.10638297872,,,19591.63829787234,81034.36170212766,59133.12765957447,140032.87234042553,47583.29787234042,59538.70212765958,
26,035,,49613,56607,,44196,46363.8085106383,52862.1914893617,,,21735.68085106383,91478.31914893616,,,37153.10638297872,51238.89361702128,
26,037,85538,88533,90733,42356,,82943.72340425532,94122.27659574468,58025.31914893617,113050.68085106384,57726.36170212766,123739.63829787234,12032.59574468085,72679.40425531915,,,
26,039,,61028,,,,55980.85106382979,66075.14893617021,,,,,,,,,
26,041,,58186,85793,,44036,54167.10638297872,62204.89361702128,,,44764.06382978723,126821.93617021278,,,38221.53191489362,49850.46808510638,
26,043,,66420,46860,,61379,61144.085106382976,71695.91489361702,,,43522.63829787234,50197.36170212766,,,60989.382978723406,61768.617021276594,
26,045,52047,82743,73966,96635,,80335,85151,39489.89361702128,64604.10638297872,44855.53191489362,103076.46808510637,78433.8085106383,114836.1914893617,,,
26,047,,78763,67902,109038,84097,72625.63829787234,84900.36170212766,,,41858.425531914894,93945.5744680851,88312.0425531915,129763.9574468085,64445.76595744681,103748.23404255319,
26,049,39573,69865,60670,47152,59271,67974.10638297872,71755.89361702128,36867.12765957447,42278.87234042553,54862.68085106383,66477.31914893616,31029.957446808512,63274.04255319149,39612.617021276594,78929.38297872341,
26,051,,55935,50481,40625,,53434.063829787236,58435.936170212764,,,18590.787234042553,82371.21276595745,11186.872340425532,70063.12765957447,,,
26,053,,52699,,,62917,48183.255319148935,57214.744680851065,,,,,,,32772.31914893617,93061.68085106384,
26,055,96375,81875,74651,,100511,78229.0425531915,85520.9574468085,94631.85106382979,98118.14893617021,33361.12765957447,115940.87234042553,,,36841.3829787234,164180.61702127662,
26,057,,64103,46201,73623,,61450.744680851065,66755.25531914894,,,39206.95744680851,53195.04255319149,73172.6170212766,74073.3829787234,,,
26,059,,63970,67228,,115469,60318.085106382976,67621.91489361702,,,56409.27659574468,78046.72340425532,,,51254.87234042553,179683.12765957447,
26,061,,60154,32411,,26321,55701.40425531915,64606.59574468085,,,20793.978723404256,44028.02127659574,,,25546.531914893618,27095.468085106382,
26,063,,58816,61389,171080,,55763.40425531915,61868.59574468085,,,43398.70212765958,79379.29787234042,64268.93617021278,277891.0638297872,,,
26,065,43644,72331,58574,57834,49250,70325.72340425532,74336.27659574468,36993.10638297872,50294.89361702128,52963.27659574468,64184.72340425532,51756.21276595745,63911.78723404255,31243.021276595744,67256.97872340426,
26,067,,73675,79929,,3571,69751.4255319149,77598.5744680851,,,54999.46808510638,104858.53191489363,,,1838.5744680851062,5303.425531914894,
26,069,26056,50229,66771,,60000,47701.85106382979,52756.14893617021,24511.82978723404,27600.17021276596,25151.085106382983,108390.91489361701,,,12898.042553191488,107101.95744680852,
26,071,,56095,,165625,53958,52390.65957446808,59799.34042553192,,,,,112226.02127659574,219023.97872340426,21618.595744680853,86297.40425531915,
26,073,42092,55756,50027,91823,59698,53208.59574468085,58303.40425531915,18514.8085106383,65669.19148936169,41631.76595744681,58422.23404255319,52978.063829787236,130667.93617021276,47733.063829787236,71662.93617021276,
26,075,35190,69646,59980,92956,,66129.91489361702,73162.08510638298,26240.723404255317,44139.27659574468,52280.59574468085,67679.40425531915,67237.70212765958,118674.29787234042,,,
26,077,40645,78060,65395,89286,53041,75961.78723404255,80158.21276595745,37336.234042553195,43953.765957446805,49262.234042553195,81527.76595744681,65619.44680851063,112952.55319148937,31224.829787234044,74857.17021276595,
26,079,,67970,87500,,,62655.95744680851,73284.0425531915,,,74428.17021276595,100571.82978723405,,,,,
26,081,49292,88800,67303,94983,73750,86870.97872340426,90729.02127659574,45480.425531914894,53103.574468085106,62983.85106382979,71622.14893617021,81873.0425531915,108092.9574468085,47613.48936170213,99886.51063829787,
26,083,,51971,,,,45265.29787234042,58676.70212765958,,,,,,,,,
26,085,33359,48485,55731,,57943,44637.68085106383,52332.31914893617,1926.3191489361707,64791.68085106383,48197.21276595745,63264.78723404255,,,41072.70212765958,74813.29787234042,
26,087,24131,78508,66688,,72039,76470.55319148937,80545.44680851063,11323.68085106383,36938.31914893617,53964.085106382976,79411.91489361702,,,37827.76595744681,106250.23404255319,
26,089,,100662,103750,,48250,94670,106654,,,65280.382978723406,142219.6170212766,,,17901.57446808511,78598.4255319149,
26,091,50580,71691,50337,111250,,69473.63829787234,73908.36170212766,4281.106382978731,96878.89361702127,44178.1914893617,56495.8085106383,23302.595744680846,199197.40425531915,,,
26,093,,103221,94874,110000,74609,101115.63829787234,105326.36170212766,,,85890.17021276595,103857.82978723405,46711.65957446809,173288.3404255319,12917.255319148935,136300.74468085106,
26,095,,55050,,,31744,52392.97872340425,57707.02127659575,,,,,,,24578.382978723406,38909.617021276594,
26,097,,64277,69643,40500,63370,58840.234042553195,69713.76595744681,,,24006.574468085106,115279.4255319149,28351.574468085106,52648.425531914894,48569.31914893617,78170.68085106384,
26,099,59908,80782,80026,92082,57050,79373.65957446808,82190.34042553192,54566.553191489365,65249.446808510635,73655.10638297873,86396.89361702127,84212.21276595745,99951.78723404255,40590.76595744681,73509.23404255319,
26,101,,63378,,,34760,60286.085106382976,66469.91489361702,,,,,,,1625.872340425536,67894.12765957447,
26,103,,65554,67941,,59444,61767.446808510635,69340.55319148937,,,43301,92581,,,12108.51063829787,106779.48936170213,
26,105,,64438,66029,,36719,60291.617021276594,68584.3829787234,,,44937.25531914894,87120.74468085106,,,19756.95744680851,53681.042553191495,
26,107,11458,62150,49837,71250,26818,59512.04255319149,64787.95744680851,3898.000000000001,19018,39658.10638297872,60015.89361702128,23675.021276595748,118824.97872340426,11223.787234042553,42412.21276595745,
26,109,,57420,,,44688,52737.446808510635,62102.553191489365,,,,,,,35960.34042553192,53415.65957446808,
26,111,36523,78533,71528,103190,,75771.12765957447,81294.87234042553,1320.4468085106419,71725.55319148937,5527.829787234048,137528.17021276595,65950,140430,,,
26,113,37083,67926,68938,,,63250.59574468085,72601.40425531915,7031.255319148935,67134.74468085106,59588.382978723406,78287.6170212766,,,,,
26,115,28298,78417,89943,84167,,75574.10638297873,81259.89361702127,20718.936170212764,35877.063829787236,60438.14893617021,119447.85106382979,17220.787234042553,151113.21276595746,,,
26,117,,67590,80667,81691,46667,64930.59574468085,70249.40425531915,,,50360.27659574468,110973.72340425532,65359.255319148935,98022.74468085106,14483.680851063833,78850.31914893616,
26,119,,50763,77794,,47727,46358.063829787236,55167.936170212764,,,24854.93617021277,130733.06382978722,,,24450.063829787236,71003.93617021276,
26,121,34353,70345,65469,83750,49944,67730.87234042553,72959.12765957447,29696.659574468085,39009.34042553192,52473.425531914894,78464.5744680851,52446,115054,34084.085106382976,65803.91489361702,
26,123,42000,62613,66667,,,59051.63829787234,66174.36170212766,35386.04255319149,48613.95744680851,48407.425531914894,84926.5744680851,,,,,
26,125,62718,102588,86862,141905,57734,100904.4255319149,104271.5744680851,59926.34042553192,65509.65957446808,82392.72340425532,91331.27659574468,134446.27659574468,149363.72340425532,21978.595744680853,93489.40425531915,
26,127,,63302,60917,63750,42250,58418.085106382976,68185.91489361702,,,50638.02127659575,71195.97872340426,62448.89361702128,65051.10638297872,26870.255319148935,57629.744680851065,
26,129,,54251,56250,,30938,51434.31914893617,57067.68085106383,,,10606.425531914902,101893.5744680851,,,18427.36170212766,43448.63829787234,
26,131,,52685,79028,,,47048.063829787236,58321.936170212764,,,61884.85106382979,96171.14893617021,,,,,
26,133,,58500,76607,,60833,56033.617021276594,60966.382978723406,,,54339.255319148935,98874.74468085106,,,30644.234042553195,91021.7659574468,
26,135,,49260,,,68750,45025.446808510635,53494.553191489365,,,,,,,68085.14893617021,69414.85106382979,
26,137,,67583,,,,61489.72340425532,73676.27659574468,,,,,,,,,
26,139,50341,92554,75666,92228,125140,90366.4255319149,94741.5744680851,36777.085106382976,63904.914893617024,67941.5744680851,83390.4255319149,78960.76595744681,105495.23404255319,71581.36170212767,178698.63829787233,
26,141,,58529,45938,,46979,54170.53191489362,62887.46808510638,,,13976.297872340427,77899.70212765958,,,27209.808510638297,66748.1914893617,
26,143,,56362,38750,26429,,53618,59106,,,13349.829787234044,64150.17021276595,25600.91489361702,27257.08510638298,,,
26,145,36038,67678,50954,104483,50893,65259.27659574468,70096.72340425532,31059.957446808512,41016.04255319149,45041.82978723404,56866.17021276596,82370.14893617021,126595.85106382979,21232.063829787236,80553.93617021276,
26,147,40125,71899,87639,61354,,70058.14893617021,73739.85106382979,27354.617021276597,52895.3829787234,63841.3829787234,111436.6170212766,43553.14893617021,79154.85106382979,,,
26,149,55461,65576,82356,78558,71020,61951.48936170213,69200.51063829787,41645.68085106383,69276.31914893616,72324.85106382979,92387.14893617021,24925.48936170213,132190.51063829788,69212.51063829787,72827.48936170213,
26,151,,59022,64917,,79375,56868.97872340425,61175.02127659575,,,39196.31914893617,90637.68085106384,,,52198.31914893617,106551.68085106384,
26,153,,56358,39044,45833,86875,52688.21276595745,60027.78723404255,,,29765.872340425532,48322.12765957447,44716.574468085106,46949.425531914894,42295.425531914894,131454.5744680851,
26,155,,66778,62188,75625,,63650.34042553192,69905.65957446808,,,40041.78723404255,84334.21276595745,71930.1914893617,79319.8085106383,,,
26,157,22692,64167,65221,52679,,61915.085106382976,66418.91489361702,19865.787234042553,25518.212765957447,53325.17021276596,77116.82978723405,33444.78723404255,71913.21276595745,,,
26,159,31161,69627,60395,,60417,66774.5744680851,72479.4255319149,14094.106382978724,48227.89361702128,51661.382978723406,69128.6170212766,,,32683.893617021276,88150.10638297873,
26,161,54590,96479,78616,95969,91250,93272.70212765958,99685.29787234042,50468.63829787234,58711.36170212766,72701.44680851063,84530.55319148937,87036.40425531915,104901.59574468085,66940.0425531915,115559.9574468085,
26,163,41742,77881,60676,106663,46300,76548.91489361702,79213.08510638298,40846,42638,57050.29787234042,64301.70212765958,102433.21276595745,110892.78723404255,41582.89361702128,51017.10638297872,
26,165,,60266,103036,128047,60536,56589.063829787236,63942.936170212764,,,83626.63829787234,122445.36170212766,47744.19148936171,208349.8085106383,28748.25531914894,92323.74468085106,
27,000,56045,92471,74040,104796,53768,91945.55319148937,92996.44680851063,53901.51063829787,58188.48936170213,72203.91489361702,75876.08510638298,102526.21276595745,107065.78723404255,49893.27659574468,57642.72340425532,
27,001,,61368,54250,151250,32500,58992.17021276596,63743.82978723404,,,45480.63829787234,63019.36170212766,115749.5744680851,186750.4255319149,12048.08510638298,52951.914893617024,
27,003,73650,103834,81175,120823,118750,102021.74468085106,105646.25531914894,65302.425531914894,81997.5744680851,78621.63829787234,83728.36170212766,105798.31914893616,135847.68085106384,72698.93617021276,164801.06382978725,
27,005,36981,74647,37045,,36850,70130.06382978724,79163.93617021276,7667.978723404256,66294.02127659574,29525.510638297874,44564.48936170213,,,29854.76595744681,43845.23404255319,
27,007,62083,74024,45396,107778,53918,69733.44680851063,78314.55319148937,16095.085106382983,108070.91489361701,24452,66340,43722.34042553192,171833.6595744681,41337.063829787236,66498.93617021276,
27,009,48163,80093,78906,69196,,75097.08510638298,85088.91489361702,32236.36170212766,64089.63829787234,54722.34042553192,103089.65957446808,43319.23404255319,95072.76595744681,,,
27,011,,69276,58977,91042,,61505.10638297872,77046.89361702127,,,15843.893617021284,102110.10638297872,21537.65957446808,160546.3404255319,,,
27,013,,78005,68920,86625,,73793.08510638298,82216.91489361702,,,44134.63829787234,93705.36170212766,49151.46808510638,124098.53191489363,,,
27,015,,69853,66798,58839,,66130.78723404255,73575.21276595745,,,58212.12765957447,75383.87234042553,38254.82978723405,79423.17021276595,,,
27,017,,83449,,98750,44681,79825.68085106384,87072.31914893616,,,,,60838,136662,39403.89361702128,49958.10638297872,
27,019,73389,127202,106625,123816,,122593.31914893616,131810.68085106384,51056.914893617024,95721.08510638298,81442.87234042553,131807.12765957447,100640.34042553192,146991.6595744681,,,
27,021,80938,71466,97813,74063,45662,69562,73370,28823.446808510635,133052.55319148937,30779.808510638308,164846.1914893617,10304.02127659574,137821.97872340426,35757.14893617021,55566.85106382979,
27,023,,72839,74274,,29896,68083.76595744681,77594.23404255319,,,59965.404255319154,88582.59574468085,,,20685.787234042553,39106.21276595745,
27,025,131429,99922,78552,110694,83650,94538.85106382979,105305.14893617021,78736.5744680851,184121.4255319149,66806.29787234042,90297.70212765958,77161.91489361702,144226.08510638296,82981.5744680851,84318.4255319149,
27,027,38957,83093,93414,82083,,79025.25531914894,87160.74468085106,34882.10638297872,43031.89361702128,77490.93617021276,109337.06382978724,53514.65957446808,110651.34042553192,,,
27,029,,65074,100625,,48182,61791.446808510635,68356.55319148937,,,65166.27659574468,136083.72340425532,,,29337.40425531915,67026.59574468085,
27,031,,73974,,228417,46806,70899.9574468085,77048.0425531915,,,,,104204.23404255319,352629.7659574468,37773.31914893617,55838.68085106383,
27,033,,73368,71635,,,67063.82978723405,79672.17021276595,,,47445.382978723406,95824.61702127659,,,,,
27,035,101154,71777,97891,,93056,68722.02127659574,74831.97872340426,53850.68085106384,148457.31914893616,86457.46808510639,109324.53191489361,,,28242.553191489365,157869.44680851063,
27,037,79960,109354,77186,123667,76635,107640.63829787234,111067.36170212766,69398.63829787234,90521.36170212766,67234.68085106384,87137.31914893616,109251.17021276595,138082.82978723405,68923.68085106384,84346.31914893616,
27,039,17768,96500,65938,100795,,92021.1914893617,100978.8085106383,9528.851063829787,26007.14893617021,38712.46808510638,93163.53191489363,40511.59574468085,161078.40425531915,,,
27,041,,79322,70208,101477,132500,75540.21276595745,83103.78723404255,,,44372.936170212764,96043.06382978724,67826.95744680852,135127.04255319148,26968.595744680846,238031.40425531915,
27,043,,70074,52837,89063,,64998.255319148935,75149.74468085106,,,47589.68085106383,58084.31914893617,34564.27659574468,143561.72340425532,,,
27,045,,77365,97917,73274,66875,74487.55319148937,80242.44680851063,,,23993.425531914894,171840.5744680851,66598.08510638298,79949.91489361702,27609.46808510639,106140.53191489361,
27,047,33667,71784,58304,51985,71382,69728.68085106384,73839.31914893616,285.04255319148797,67048.95744680852,27834.042553191488,88773.95744680852,18972.404255319147,84997.59574468085,70244.12765957447,72519.87234042553,
27,049,,84990,84665,,74583,81096.21276595745,88883.78723404255,,,70569.68085106384,98760.31914893616,,,18137.382978723406,131028.61702127659,
27,051,,75111,94063,,,69692.10638297873,80529.89361702127,,,69575.51063829787,118550.48936170213,,,,,
27,053,53740,107397,82171,110913,64322,105584.74468085106,109209.25531914894,51328.425531914894,56151.574468085106,75254.40425531915,89087.59574468085,105150.9574468085,116675.0425531915,54592.29787234042,74051.70212765958,
27,055,,79759,,232656,166250,70635.76595744681,88882.23404255319,,,,,200461.95744680852,264850.0425531915,165944.97872340426,166555.02127659574,
27,057,,71813,,107875,68869,68852.14893617021,74773.85106382979,,,,,81463.25531914894,134286.74468085106,64253.17021276596,73484.82978723405,
27,059,,89137,75189,118465,,83755.0425531915,94518.9574468085,,,67365.68085106384,83012.31914893616,102733.76595744681,134196.2340425532,,,
27,061,153413,70301,66905,76250,33333,65824.5744680851,74777.4255319149,39293.34042553192,267532.6595744681,41441.68085106384,92368.31914893616,7630.936170212764,144869.06382978725,14930.446808510638,51735.553191489365,
27,063,,75291,116060,108170,,70968.27659574468,79613.72340425532,,,114470.55319148937,117649.44680851063,53701.063829787236,162638.93617021275,,,
27,065,,69842,101471,,,65120.12765957447,74563.87234042553,,,84641.21276595745,118300.78723404255,,,,,
27,067,,83864,60211,82750,,79591.31914893616,88136.68085106384,,,54304.78723404255,66117.21276595745,50552.3829787234,114947.6170212766,,,
27,069,,78278,39911,,,72483.78723404255,84072.21276595745,,,9715.08510638298,70106.91489361702,,,,,
27,071,,68929,54375,66029,60750,61981.425531914894,75876.5744680851,,,39051.255319148935,69698.74468085106,53490.95744680851,78567.04255319148,7138.936170212772,114361.06382978722,
27,073,,76250,45833,,,72123.87234042553,80376.12765957447,,,17648.319148936174,74017.68085106382,,,,,
27,075,,75087,79922,,,69655,80519,,,76240.29787234042,83603.70212765958,,,,,
27,077,,80862,,,,65750.34042553192,95973.65957446808,,,,,,,,,
27,079,,95518,89688,120795,,90587.6170212766,100448.3829787234,,,53882.553191489365,125493.44680851063,91380.70212765958,150209.29787234042,,,
27,081,,69688,,,,65368.85106382979,74007.14893617021,,,,,,,,,
27,083,35272,76455,51507,59531,80933,73176.02127659574,79733.97872340426,5989.957446808512,64554.04255319149,32884.02127659574,70129.97872340426,15693.723404255325,103368.27659574468,79938.10638297872,81927.89361702128,
27,085,152993,80079,59877,168795,77396,75401.21276595745,84756.78723404255,59060.74468085107,246925.25531914894,38600.574468085106,81153.4255319149,13673.808510638308,323916.1914893617,74954.63829787234,79837.36170212766,
27,087,,68438,68438,35833,44063,59306.425531914894,77569.5744680851,,,20467.446808510642,116408.55319148937,12210.531914893618,59455.46808510638,38315.255319148935,49810.744680851065,
27,089,103194,72926,50000,,,70205.82978723405,75646.17021276595,33863.6170212766,172524.38297872338,40725.446808510635,59274.553191489365,,,,,
27,091,,61957,39731,54318,120000,56841.936170212764,67072.06382978724,,,26710.404255319147,52751.59574468085,8006,100630,30635.91489361704,209364.08510638296,
27,093,,76338,70349,,,72995.87234042553,79680.12765957447,,,66225.25531914894,74472.74468085106,,,,,
27,095,,74580,106250,27000,54375,69827.14893617021,79332.85106382979,,,65160.29787234043,147339.70212765958,2918.8085106383005,51081.1914893617,46741.12765957447,62008.87234042553,
27,097,50750,69461,80625,68365,,64455.553191489365,74466.44680851063,20272.89361702128,81227.10638297872,13376.148936170212,147873.8510638298,53582.1914893617,83147.8085106383,,,
27,099,,75151,69896,73692,71054,69763.08510638298,80538.91489361702,,,54765.27659574468,85026.72340425532,64873.78723404255,82510.21276595745,70385.5744680851,71722.4255319149,
27,101,,73396,82500,75104,,68596.68085106384,78195.31914893616,,,65246.042553191495,99753.9574468085,53750.12765957447,96457.87234042553,,,
27,103,,78720,71392,145739,58883,71824.85106382979,85615.14893617021,,,57418.21276595745,85365.78723404255,52489.468085106375,238988.53191489363,58120.446808510635,59645.553191489365,
27,105,61170,74304,59259,53443,,65155.744680851065,83452.25531914894,59631.78723404255,62708.21276595745,55960.95744680851,62557.04255319149,43160.446808510635,63725.553191489365,,,
27,107,73750,71946,52500,,68750,67548.21276595745,76343.78723404255,72653.82978723405,74846.17021276595,42789.36170212766,62210.63829787234,,,25160.553191489365,112339.44680851063,
27,109,54632,102005,71296,111861,,97841.93617021276,106168.06382978724,35365.617021276594,73898.38297872341,53173.446808510635,89418.55319148937,99788.82978723405,123933.17021276595,,,
27,111,103083,72747,42768,,,70403.34042553192,75090.65957446808,53868.53191489362,152297.46808510637,12707.914893617024,72828.08510638298,,,,,
27,113,,77560,,,,71453.6170212766,83666.3829787234,,,,,,,,,
27,115,160417,71650,63750,67917,31161,68192.29787234042,75107.70212765958,124665.17021276595,196168.82978723405,19635.106382978724,107864.89361702127,14274.957446808512,121559.04255319148,16311.468085106384,46010.53191489362,
27,117,,73068,71711,64167,56550,66831.74468085106,79304.25531914894,,,9560.531914893618,133861.46808510637,28080.36170212766,100253.63829787234,41059.446808510635,72040.55319148937,
27,119,,76201,37686,,124718,71914.02127659574,80487.97872340426,,,24503.36170212766,50868.63829787234,,,118753.40425531915,130682.59574468085,
27,121,,76350,22344,,,74214.85106382979,78485.14893617021,,,12345.021276595746,32342.978723404252,,,,,
27,123,48199,91340,65520,83017,39671,89533.70212765958,93146.29787234042,44312.36170212766,52085.63829787234,58386.553191489365,72653.44680851063,76406.6170212766,89627.3829787234,25967.68085106383,53374.31914893617,
27,125,,78208,,,63977,71841.87234042553,84574.12765957447,,,,,,,62980.914893617024,64973.085106382976,
27,127,95536,69762,79688,28750,40833,64271.617021276594,75252.3829787234,30535.48936170213,160536.51063829788,23797.6170212766,135578.38297872338,7500.978723404256,49999.02127659574,23959.127659574468,57706.87234042553,
27,129,,73952,54821,,40750,71026.89361702127,76877.10638297873,,,42891.80851063829,66750.1914893617,,,22135.361702127662,59364.63829787234,
27,131,34619,87749,61851,84213,26445,82488.5744680851,93009.4255319149,29917.382978723406,39320.617021276594,52288.10638297872,71413.89361702127,41669.68085106384,126756.31914893616,26042.27659574468,26847.72340425532,
27,133,,73963,,68403,,62979.85106382979,84946.14893617021,,,,,58825.8085106383,77980.1914893617,,,
27,135,,74605,80057,,26125,66687.55319148937,82522.44680851063,,,38779.04255319149,121334.95744680852,,,25124.14893617021,27125.85106382979,
27,137,35417,71493,55491,60469,39539,69450.78723404255,73535.21276595745,25883.893617021276,44950.10638297872,42645.553191489365,68336.44680851063,45916.14893617021,75021.85106382979,16923.340425531915,62154.65957446808,
27,139,78438,121305,82069,147652,217660,115516.74468085106,127093.25531914894,53481.063829787236,103394.93617021276,57568.404255319154,106569.59574468085,110676.51063829787,184627.48936170212,56731.489361702115,378588.5106382979,
27,141,66636,106866,119898,119028,,102693.40425531915,111038.59574468085,49253.36170212766,84018.63829787234,63137.82978723405,176658.17021276595,81201.78723404255,156854.21276595746,,,
27,143,56389,80536,47321,,,76868.59574468085,84203.40425531915,31934.872340425532,80843.12765957447,25570.36170212766,69071.63829787234,,,,,
27,145,56087,79365,77917,49202,56607,77426.44680851063,81303.55319148937,40432.02127659575,71741.97872340426,69570.6170212766,86263.3829787234,11534.255319148935,86869.74468085106,24654.829787234044,88559.17021276595,
27,147,42358,89007,55475,96500,,84952.36170212766,93061.63829787234,15147.957446808512,69568.04255319148,31091.170212765956,79858.82978723405,2008.936170212779,190991.06382978722,,,
27,149,23167,79279,95000,,12778,72021.63829787234,86536.36170212766,17527.68085106383,28806.31914893617,78429.9574468085,111570.0425531915,,,10010.170212765957,15545.829787234043,
27,151,,61648,27866,,73594,57408.68085106383,65887.31914893616,,,11635.531914893618,44096.46808510638,,,41522.68085106383,105665.31914893616,
27,153,,69601,53786,,72917,65677.4255319149,73524.5744680851,,,19105.31914893617,88466.68085106384,,,43076.14893617021,102757.85106382979,
27,155,,67770,53056,,46518,60805.744680851065,74734.25531914894,,,13460.425531914894,92651.5744680851,,,45331.27659574468,47704.72340425532,
27,157,,83794,42188,,,79470.08510638298,88117.91489361702,,,13219.319148936174,71156.68085106382,,,,,
27,159,83862,59458,68191,,,55876.382978723406,63039.617021276594,83117.31914893616,84606.68085106384,53685.80851063829,82696.1914893617,,,,,
27,161,88750,77874,58472,48420,,72764.89361702128,82983.10638297872,78002.76595744681,99497.23404255319,848,116096,47346.46808510638,49493.53191489362,,,
27,163,110671,116122,103994,138548,,113509.06382978724,118734.93617021276,86841.21276595745,134500.78723404254,89877.23404255319,118110.76595744681,118612,158484,,,
27,165,,74151,67222,,,68454.48936170213,79847.51063829787,,,53191.02127659575,81252.97872340426,,,,,
27,167,,72978,,,,68537.31914893616,77418.68085106384,,,,,,,,,
27,169,,72136,56750,83542,47277,67489.1914893617,76782.8085106383,,,2571.787234042553,110928.21276595745,72253.82978723405,94830.17021276595,38146.617021276594,56407.382978723406,
27,171,132444,106698,93490,129293,,103171.1914893617,110224.8085106383,87704.76595744681,177183.23404255317,63534.76595744681,123445.23404255319,110896.40425531915,147689.59574468085,,,
27,173,,76921,54156,,61136,69744.65957446808,84097.34042553192,,,39852.17021276596,68459.82978723405,,,47339.744680851065,74932.25531914894,
28,000,39434,70133,53342,70833,48901,69133.34042553192,71132.65957446808,38424.8085106383,40443.1914893617,49566.17021276596,57117.82978723404,60530.19148936171,81135.8085106383,41591.21276595745,56210.78723404255,
28,001,27925,67449,,,,53967.29787234042,80930.70212765958,24874.787234042553,30975.212765957447,,,,,,,
28,003,21601,55794,56955,49561,,51747.70212765958,59840.29787234042,15921.170212765957,27280.82978723404,20068.87234042553,93841.12765957447,16142.106382978724,82979.89361702127,,,
28,005,26045,52196,,,13869,41629.87234042553,62762.12765957447,19999.382978723406,32090.617021276594,,,,,13231.553191489362,14506.446808510638,
28,007,32269,67405,,,,59841.425531914894,74968.5744680851,25456.063829787236,39081.936170212764,,,,,,,
28,009,49750,47012,24214,,,37207.23404255319,56816.76595744681,17925.31914893617,81574.68085106384,3807.3617021276623,44620.63829787234,,,,,
28,011,29300,65607,44150,,,53960.19148936171,77253.8085106383,25298.978723404256,33301.02127659575,32006.340425531915,56293.65957446808,,,,,
28,013,30325,53619,40858,,,43102.914893617024,64135.085106382976,24292.48936170213,36357.51063829787,39052.89361702128,42663.10638297872,,,,,
28,015,25298,75433,,,,63955.382978723406,86910.6170212766,15014.255319148937,35581.744680851065,,,,,,,
28,017,34334,48858,,,,42204.72340425532,55511.27659574468,23856.04255319149,44811.957446808505,,,,,,,
28,019,32953,61471,,,,52267.936170212764,70674.06382978724,24452.914893617024,41453.085106382976,,,,,,,
28,021,27347,39773,,,,12502.191489361703,67043.8085106383,20420.872340425532,34273.12765957447,,,,,,,
28,023,31473,57083,,,,50329.63829787234,63836.36170212766,24551.63829787234,38394.36170212766,,,,,,,
28,025,30855,64286,33750,,,53916.46808510638,74655.53191489363,25079.85106382979,36630.14893617021,26170.936170212764,41329.063829787236,,,,,
28,027,31848,61898,53636,,78322,39664.8085106383,84131.19148936169,24025.872340425532,39670.12765957447,13804.510638297877,93467.48936170212,,,8965.404255319154,147678.59574468085,
28,029,43798,58958,50568,,,50076.63829787234,67839.36170212766,37633.234042553195,49962.765957446805,39067.744680851065,62068.255319148935,,,,,
28,031,37735,56488,,,,40991.48936170213,71984.51063829787,21915.595744680853,53554.40425531915,,,,,,,
28,033,71166,95470,66678,88906,44801,92387.6170212766,98552.3829787234,63771.617021276594,78560.3829787234,54997.82978723404,78358.17021276595,65830.4255319149,111981.5744680851,29242.531914893618,60359.46808510638,
28,035,34768,69185,57202,,,63944.82978723404,74425.17021276595,30820.595744680853,38715.40425531915,49369.14893617021,65034.85106382979,,,,,
28,037,26860,57126,,,,43510.85106382979,70741.14893617021,10717.702127659575,43002.29787234042,,,,,,,
28,039,31594,63725,,,,57105.085106382976,70344.91489361702,10034.000000000004,53154,,,,,,,
28,041,32115,58833,28405,,,52169,65497,10640.787234042553,53589.21276595745,22703.723404255317,34106.27659574468,,,,,
28,043,34598,69708,,,,57927.744680851065,81488.25531914894,26282.595744680853,42913.40425531915,,,,,,,
28,045,28033,72368,50660,,57596,65564.59574468085,79171.40425531915,16243.212765957447,39822.78723404255,39643.48936170213,61676.51063829787,,,11320.936170212772,103871.06382978722,
28,047,41898,69330,54087,59688,49458,65545.82978723405,73114.17021276595,39628.21276595745,44167.78723404255,47681.553191489365,60492.446808510635,45156.59574468085,74219.40425531915,37310.76595744681,61605.23404255319,
28,049,43193,77180,52829,49187,50975,72941.87234042553,81418.12765957447,40998.27659574468,45387.72340425532,40454.1914893617,65203.8085106383,31038.23404255319,67335.76595744681,32834.574468085106,69115.4255319149,
28,051,30348,54112,,,,42882.21276595745,65341.78723404255,26709.191489361703,33986.8085106383,,,,,,,
28,053,29095,60882,,,,49366.255319148935,72397.74468085106,25932.787234042553,32257.212765957447,,,,,,,
28,055,17163,57000,,,,43501.617021276594,70498.3829787234,13111.936170212766,21214.063829787236,,,,,,,
28,057,,54740,,,,47107.31914893617,62372.68085106383,,,,,,,,,
28,059,41200,73482,63967,65703,26460,69576.29787234042,77387.70212765958,31637.106382978724,50762.89361702128,50648.53191489362,77285.46808510639,41054.65957446809,90351.3404255319,25656.936170212764,27263.063829787236,
28,061,33474,59991,,,,54144.36170212766,65837.63829787234,27234.17021276596,39713.82978723404,,,,,,,
28,063,32054,,,,,,,19233.574468085106,44874.425531914894,,,,,,,
28,065,38103,39518,13973,,,24643.44680851064,54392.553191489365,26354.914893617024,49851.085106382976,9513.255319148935,18432.744680851065,,,,,
28,067,37352,64775,37724,,,57713.04255319149,71836.9574468085,31448.17021276596,43255.82978723404,30339.14893617021,45108.85106382979,,,,,
28,069,40563,54333,,,,36385.595744680846,72280.40425531915,27828.36170212766,53297.63829787234,,,,,,,
28,071,44289,78275,85690,,,69875,86675,31524.574468085106,57053.425531914894,42351.95744680851,129028.04255319148,,,,,
28,073,49660,75715,50357,108979,3480,68960.44680851063,82469.55319148937,36427.31914893617,62892.68085106383,14250.106382978724,86463.89361702127,88113.63829787234,129844.36170212766,1038.6382978723404,5921.36170212766,
28,075,31049,70034,58413,53088,,64879.617021276594,75188.3829787234,26878.787234042553,35219.21276595745,787.8085106383005,116038.19148936169,16307.914893617024,89868.08510638298,,,
28,077,31061,49758,53556,,31384,40494.17021276596,59021.82978723404,23291.297872340427,38830.70212765958,40186.29787234042,66925.70212765958,,,30588.08510638298,32179.91489361702,
28,079,47110,52500,,,62203,43607.914893617024,61392.085106382976,40170.76595744681,54049.23404255319,,,,,34060.02127659575,90345.97872340426,
28,081,43210,80970,48254,107353,,74806.4255319149,87133.5744680851,35648.8085106383,50771.1914893617,22789.489361702126,73718.51063829787,94575.46808510637,120130.53191489363,,,
28,083,28052,69198,88406,,,49415.70212765958,88980.29787234042,24703.91489361702,31400.08510638298,51961.914893617024,124850.08510638298,,,,,
28,085,33771,62833,16763,44730,,55044.23404255319,70621.76595744681,27043.85106382979,40498.14893617021,13381.553191489362,20144.44680851064,8089.319148936171,81370.68085106384,,,
28,087,37672,70703,84242,,,63867.425531914894,77538.5744680851,31354.723404255317,43989.27659574468,55213.744680851065,113270.25531914894,,,,,
28,089,51501,111532,63088,86806,,103770.63829787234,119293.36170212766,45603.12765957447,57398.87234042553,52896,73280,69343.53191489363,104268.46808510637,,,
28,091,33913,51779,,,,45260.36170212766,58297.63829787234,27142.957446808512,40683.04255319149,,,,,,,
28,093,45504,60770,59559,,47679,53957.063829787236,67582.93617021276,37279.14893617021,53728.85106382979,35430.14893617021,83687.85106382979,,,899.9361702127644,94458.06382978724,
28,095,33449,63960,44500,,,60320,67600,20169.85106382979,46728.14893617021,36449.10638297872,52550.89361702128,,,,,
28,097,22382,73860,,,,51641.10638297872,96078.89361702127,15300.978723404256,29463.021276595744,,,,,,,
28,099,34429,67884,103945,,51489,56449.27659574468,79318.72340425532,29112.574468085106,39745.425531914894,35596.404255319154,172293.59574468085,,,38558.95744680851,64419.04255319149,
28,101,35862,62045,,,27996,55807.553191489365,68282.44680851063,29712.723404255317,42011.27659574468,,,,,4898.978723404256,51093.02127659574,
28,103,28184,59891,,,,36453.21276595745,83328.78723404255,13948.08510638298,42419.914893617024,,,,,,,
28,105,37835,56535,35625,23025,,45662.65957446808,67407.34042553192,30391.76595744681,45278.23404255319,2959.1276595744675,68290.87234042553,7635.723404255319,38414.27659574468,,,
28,107,34375,60882,,,,52946.68085106383,68817.31914893616,27102.14893617021,41647.85106382979,,,,,,,
28,109,36183,60790,69078,88438,47950,56109.82978723404,65470.17021276596,27083.595744680853,45282.40425531915,48261.48936170213,89894.51063829787,25076.978723404252,151799.02127659574,26055.191489361703,69844.8085106383,
28,111,33719,48718,49091,,,36308.63829787234,61127.36170212766,27421.978723404256,40016.02127659575,32486.404255319147,65695.59574468085,,,,,
28,113,34985,56644,21595,,,48774.21276595745,64513.78723404255,26128.659574468085,43841.34042553192,2.8297872340408503,43187.17021276596,,,,,
28,115,35233,59800,37952,,,51597.78723404255,68002.21276595745,27947.042553191488,42518.95744680851,32564.08510638298,43339.914893617024,,,,,
28,117,44349,50101,49954,,,44484.31914893617,55717.68085106383,28045.85106382979,60652.14893617021,20096.468085106382,79811.53191489363,,,,,
28,119,27262,60872,,,,42618.3829787234,79125.6170212766,18305.574468085106,36218.425531914894,,,,,,,
28,121,68727,84726,67606,130202,61465,79336.89361702127,90115.10638297873,62708.78723404255,74745.21276595745,49064.04255319149,86147.95744680852,103434,156970,34015.46808510639,88914.53191489361,
28,123,30069,68159,46719,,,54130.40425531915,82187.59574468085,20737.255319148935,39400.744680851065,26026.40425531915,67411.59574468085,,,,,
28,125,31269,83125,,,,34981.68085106384,131268.31914893616,24292.82978723404,38245.17021276596,,,,,,,
28,127,44550,64163,,,,56262.23404255319,72063.76595744681,38100.46808510638,50999.53191489362,,,,,,,
28,129,54519,63427,,,,54928.10638297872,71925.89361702127,15123.595744680853,93914.40425531915,,,,,,,
28,131,26528,68871,,,,61575.51063829787,76166.48936170213,17814.63829787234,35241.36170212766,,,,,,,
28,133,31078,86569,47181,,,74594.53191489363,98543.46808510637,22454,39702,28213.680851063833,66148.31914893616,,,,,
28,135,35211,46540,,,,34330.8085106383,58749.1914893617,28114.48936170213,42307.51063829787,,,,,,,
28,137,43060,76734,93180,,,68721.23404255319,84746.76595744681,36481.78723404255,49638.21276595745,52905.27659574468,133454.72340425532,,,,,
28,139,49393,55764,34083,,,45643.48936170213,65884.51063829787,37485.255319148935,61300.744680851065,29147.85106382979,39018.14893617021,,,,,
28,141,,55385,22688,,,48007.29787234042,62762.70212765958,,,11240.170212765957,34135.82978723404,,,,,
28,143,38765,46300,,,,32378.63829787234,60221.36170212766,32961.255319148935,44568.744680851065,,,,,,,
28,145,48482,58418,45644,,,50678.085106382976,66157.91489361702,25768.63829787234,71195.36170212766,37249.95744680851,54038.04255319149,,,,,
28,147,35904,60396,49349,,,48964.85106382979,71827.14893617021,24235.744680851065,47572.255319148935,22486.872340425532,76211.12765957447,,,,,
28,149,43230,84808,,59141,,75320.17021276595,94295.82978723405,38039.87234042553,48420.12765957447,,,13561.765957446813,104720.23404255319,,,
28,151,32552,62746,65803,88655,,50284.21276595745,75207.78723404255,28771.40425531915,36332.59574468085,12196.702127659577,119409.29787234042,87090.5744680851,90219.4255319149,,,
28,153,25455,51037,,,,42175.89361702128,59898.10638297872,19972.957446808512,30937.042553191488,,,,,,,
28,155,53138,61447,,,,52224.87234042553,70669.12765957447,18668.212765957447,87607.78723404255,,,,,,,
28,157,26214,62391,,,,51366.14893617021,73415.85106382979,20591.36170212766,31836.63829787234,,,,,,,
28,159,33306,70806,,,,62600.21276595745,79011.78723404255,25859.191489361703,40752.8085106383,,,,,,,
28,161,30536,63522,68493,,,56873.48936170213,70170.51063829787,20626.382978723406,40445.617021276594,44175.89361702128,92810.10638297873,,,,,
28,163,28460,67882,,,,58524.04255319149,77239.9574468085,22771.829787234044,34148.17021276596,,,,,,,
29,000,47941,74709,63809,95651,60741,74287.21276595745,75130.78723404255,46868.65957446808,49013.34042553192,61268.744680851065,66349.25531914894,91086.40425531915,100215.59574468085,56616.063829787236,64865.936170212764,
29,001,62945,62270,,,,55267.617021276594,69272.3829787234,56232.14893617021,69657.85106382979,,,,,,,
29,003,71786,75336,101250,,,69656.17021276595,81015.82978723405,2596.212765957447,140975.78723404254,60733.40425531915,141766.59574468085,,,,,
29,005,,60602,77143,,,50790.085106382976,70413.91489361702,,,18706.404255319154,135579.59574468085,,,,,
29,007,29805,61305,55598,,,53985.68085106383,68624.31914893616,13541.170212765957,46068.82978723404,12836.638297872341,98359.36170212766,,,,,
29,009,,58977,70750,123359,60066,55689.68085106383,62264.31914893617,,,60370.936170212764,81129.06382978724,30034.404255319154,216683.59574468085,25341.234042553195,94790.7659574468,
29,011,,52416,,,37679,46065.36170212766,58766.63829787234,,,,,,,27539.425531914894,47818.574468085106,
29,013,,62537,,83333,,55950.44680851064,69123.55319148937,,,,,33140.31914893618,133525.6808510638,,,
29,015,,52955,,,,49351.936170212764,56558.063829787236,,,,,,,,,
29,017,,67222,82143,,,51042.76595744681,83401.23404255319,,,68321.72340425532,95964.27659574468,,,,,
29,019,46285,75737,59838,83944,103393,73710.27659574468,77763.72340425532,34886.02127659575,57683.97872340425,52074.255319148935,67601.74468085106,70732.76595744681,97155.23404255319,80504.48936170213,126281.51063829787,
29,021,,63693,71000,65775,,60642.78723404255,66743.21276595745,,,46860.425531914894,95139.5744680851,60643.255319148935,70906.74468085106,,,
29,023,18977,51969,,26714,,46699.04255319149,57238.95744680851,3951.1276595744675,34002.87234042553,,,2461.234042553191,50966.76595744681,,,
29,025,31250,64082,86250,,,58379.53191489362,69784.46808510637,30116.893617021276,32383.106382978724,60783.10638297872,111716.89361702127,,,,,
29,027,26905,74839,96919,,,71501.63829787234,78176.36170212766,10981.936170212766,42828.063829787236,61957.12765957447,131880.87234042553,,,,,
29,029,,66017,85179,,30833,60259.72340425532,71774.27659574468,,,37913.80851063829,132444.1914893617,,,7843.212765957447,53822.78723404255,
29,031,41816,71490,,,,69048.63829787234,73931.36170212766,33089.53191489362,50542.46808510638,,,,,,,
29,033,55966,64067,,,,59056.78723404255,69077.21276595745,3150.8510638297885,108781.14893617021,,,,,,,
29,035,,50866,,,,41197.063829787236,60534.936170212764,,,,,,,,,
29,037,63574,89768,84797,100234,49309,85513.1914893617,94022.8085106383,53641.744680851065,73506.25531914894,77095.21276595745,92498.78723404255,31785.319148936163,168682.68085106384,32488.744680851065,66129.25531914894,
29,039,,48651,77898,,44306,42660.1914893617,54641.8085106383,,,44501.744680851065,111294.25531914894,,,3937.148936170219,84674.85106382979,
29,041,28750,71307,,,,66824.6170212766,75789.3829787234,704.7234042553209,56795.27659574468,,,,,,,
29,043,94958,83735,72750,97868,88603,80613.29787234042,86856.70212765958,17116.808510638308,172799.1914893617,30628.468085106382,114871.53191489363,45590.212765957454,150145.78723404254,67613.72340425532,109592.27659574468,
29,045,51250,51635,,,,47502.914893617024,55767.085106382976,37362,65138,,,,,,,
29,047,55035,93254,76450,103918,53611,90643.44680851063,95864.55319148937,47933.72340425532,62136.27659574468,67581.74468085106,85318.25531914894,94222.85106382979,113613.14893617021,14273.978723404252,92948.02127659574,
29,049,,71189,66667,,,67336.91489361702,75041.08510638298,,,41055.936170212764,92278.06382978724,,,,,
29,051,61232,76941,66949,103864,,71673.4255319149,82208.5744680851,46297.87234042553,76166.12765957447,33513.425531914894,100384.5744680851,38858.723404255325,168869.27659574468,,,
29,053,43125,74481,62536,,,70606.27659574468,78355.72340425532,29673.08510638298,56576.914893617024,5899.744680851065,119172.25531914894,,,,,
29,055,,58757,70268,,62813,53067.63829787234,64446.36170212766,,,17004.85106382979,123531.14893617021,,,48846.36170212766,76779.63829787234,
29,057,,55069,,,23913,49161.59574468085,60976.40425531915,,,,,,,23254.106382978724,24571.893617021276,
29,059,,52413,101360,,76042,40972.31914893617,63853.68085106383,,,89542.8085106383,113177.1914893617,,,43068.72340425532,109015.27659574468,
29,061,,64258,,,,61169.65957446808,67346.34042553192,,,,,,,,,
29,063,,71296,,,,56324.936170212764,86267.06382978724,,,,,,,,,
29,065,,58182,,,,50881.744680851065,65482.255319148935,,,,,,,,,
29,067,,46525,,,,41091.8085106383,51958.1914893617,,,,,,,,,
29,069,31250,51185,50685,,,43503.46808510638,58866.53191489362,16000.127659574468,46499.87234042553,38492.48936170213,62877.51063829787,,,,,
29,071,59602,73570,81484,82917,75938,70475.70212765958,76664.29787234042,19542.936170212764,99661.06382978724,51347.65957446808,111620.34042553192,33671.553191489365,132162.44680851063,52600.29787234042,99275.70212765958,
29,073,,64826,58929,,,58680.29787234042,70971.70212765958,,,57013.085106382976,60844.914893617024,,,,,
29,075,,54651,103125,,,49718.234042553195,59583.765957446805,,,49473.425531914894,156776.5744680851,,,,,
29,077,35998,62757,60528,60281,62426,61100.82978723404,64413.17021276596,27655.1914893617,44340.8085106383,51839.65957446808,69216.34042553192,55107.553191489365,65454.446808510635,33426.34042553192,91425.65957446808,
29,079,,53125,30464,,,47068.65957446808,59181.34042553192,,,12784.68085106383,48143.31914893617,,,,,
29,081,,53972,,,41750,48736.59574468085,59207.40425531915,,,,,,,12963.617021276597,70536.3829787234,
29,083,79018,58628,84911,,31250,52917.1914893617,64338.8085106383,64353.14893617021,93682.85106382979,58905.553191489365,110916.44680851063,,,24949.40425531915,37550.59574468085,
29,085,,39205,72250,,,35740.14893617021,42669.85106382979,,,7819.021276595748,136680.97872340426,,,,,
29,087,,61149,,,,59297.425531914894,63000.574468085106,,,,,,,,,
29,089,32656,66563,,,,58857.63829787234,74268.36170212766,10935.148936170212,54376.85106382979,,,,,,,
29,091,,51482,39018,36719,,48748.72340425532,54215.27659574468,,,21296.978723404256,56739.02127659574,15546.234042553195,57891.765957446805,,,
29,093,33750,49713,,,,43233.68085106383,56192.31914893617,7925.659574468085,59574.34042553192,,,,,,,
29,095,43009,81311,60505,68050,68720,79572.6170212766,83049.3829787234,40859.553191489365,45158.446808510635,56780.40425531915,64229.59574468085,60879.617021276594,75220.3829787234,49336.85106382979,88103.14893617021,
29,097,47649,62770,51591,51941,47232,58819.02127659575,66720.97872340426,21579.21276595745,73718.78723404255,45836.10638297872,57345.89361702128,40354.95744680851,63527.04255319149,10208.851063829788,84255.14893617021,
29,099,48563,83902,76792,69877,64135,80984.0425531915,86819.9574468085,13869.212765957447,83256.78723404255,46562.72340425532,107021.27659574468,23584.06382978723,116169.93617021278,36434.063829787236,91835.93617021276,
29,101,70081,68408,66794,38750,,63124.936170212764,73691.06382978724,49017.85106382979,91144.14893617021,60020.382978723406,73567.6170212766,5180.978723404252,72319.02127659574,,,
29,103,,58702,,,,48245.48936170213,69158.51063829787,,,,,,,,,
29,105,38913,53154,82990,95363,,49847.617021276594,56460.382978723406,7566.106382978724,70259.89361702127,31692.808510638293,134287.1914893617,27842.48936170213,162883.51063829788,,,
29,107,70169,82287,,,115313,73216.1914893617,91357.8085106383,12025.510638297877,128312.48936170212,,,,,50404.234042553195,180221.7659574468,
29,109,,61733,57500,,71875,56286.70212765958,67179.29787234042,,,29413.021276595744,85586.97872340426,,,18783.425531914894,124966.5744680851,
29,111,,59480,,,,54540.085106382976,64419.914893617024,,,,,,,,,
29,113,46220,90687,39423,53125,191500,86691.93617021276,94682.06382978724,26149.361702127662,66290.63829787234,21591.170212765956,57254.82978723405,28255.042553191488,77994.95744680852,38508,344492,
29,115,38468,65113,37868,52344,,57383.8085106383,72842.1914893617,32246.042553191488,44689.95744680851,8843.31914893617,66892.68085106384,37327.65957446808,67360.34042553192,,,
29,117,57625,64332,94375,,,57771.65957446808,70892.34042553192,14836.234042553187,100413.76595744681,82396.9574468085,106353.0425531915,,,,,
29,119,63063,53785,39952,47260,36680,47094.78723404255,60475.21276595745,20725.8085106383,105400.19148936169,15985.191489361703,63918.80851063829,33475.65957446809,61044.34042553191,30069.617021276594,43290.382978723406,
29,121,82143,62099,35652,,,56401.29787234042,67796.70212765958,25979.765957446805,138306.2340425532,23460.68085106383,47843.31914893617,,,,,
29,123,,54707,,,,48956.87234042553,60457.12765957447,,,,,,,,,
29,125,,59867,,,,46627.17021276596,73106.82978723405,,,,,,,,,
29,127,37422,63389,80200,,,59852.65957446808,66925.34042553192,8444.978723404256,66399.02127659574,13649.361702127659,146750.63829787233,,,,,
29,129,,62634,,,,46544.12765957447,78723.87234042553,,,,,,,,,
29,131,30833,58544,33598,,,51893.10638297872,65194.89361702128,22904.82978723404,38761.17021276596,32647.191489361703,34548.8085106383,,,,,
29,133,20000,61261,,,,54815.04255319149,67706.9574468085,7612.08510638298,32387.91489361702,,,,,,,
29,135,,65101,113929,43929,,59716.65957446808,70485.34042553192,,,36567.97872340426,191290.02127659574,41710.446808510635,46147.553191489365,,,
29,137,,55469,53333,123750,26905,48759.72340425532,62178.27659574468,,,32415.212765957447,74250.78723404255,47310,200190,18051.042553191488,35758.95744680851,
29,139,21250,67606,,,,61675.95744680851,73536.0425531915,10736.297872340425,31763.702127659577,,,,,,,
29,141,,52730,125543,36080,,46292.382978723406,59167.617021276594,,,86788.61702127659,164297.3829787234,35011.234042553195,37148.765957446805,,,
29,143,31208,56199,72344,,,49387.255319148935,63010.744680851065,26120.340425531915,36295.65957446808,56246.97872340426,88441.02127659574,,,,,
29,145,132333,66903,50385,75145,82115,62801.89361702128,71004.10638297873,88282.44680851063,176383.55319148937,34600.14893617021,66169.85106382979,40397.59574468085,109892.40425531915,34188.53191489362,130041.46808510637,
29,147,31461,60444,66905,,,56867.14893617021,64020.85106382979,20581.510638297874,42340.48936170213,24691.723404255325,109118.27659574468,,,,,
29,149,,44038,,,18854,31502.340425531915,56573.65957446808,,,,,,,6824.723404255319,30883.276595744683,
29,151,,78732,68264,,,70722.8085106383,86741.1914893617,,,60955.40425531915,75572.59574468085,,,,,
29,153,,44849,,,,39706.53191489362,49991.46808510638,,,,,,,,,
29,155,19257,52007,113086,,,46022.14893617021,57991.85106382979,13133.936170212764,25380.063829787236,33235.957446808505,192936.04255319148,,,,,
29,157,,63973,65192,181019,,59651.46808510638,68294.53191489361,,,31159.48936170213,99224.51063829787,15087.425531914894,346950.5744680851,,,
29,159,32363,60758,61875,,125833,56627.10638297872,64888.89361702128,15659.510638297874,49066.48936170213,48256.27659574468,75493.72340425532,,,118249.17021276595,133416.82978723405,
29,161,26994,61078,25268,29801,57961,57229.48936170213,64926.51063829787,279.61702127659737,53708.3829787234,473.10638297872356,50062.89361702128,1649.680851063833,57952.31914893616,21234.531914893618,94687.46808510637,
29,163,36156,56954,97641,43594,,50291.1914893617,63616.8085106383,31021.872340425532,41290.12765957447,11479.638297872341,183802.36170212767,43031.617021276594,44156.382978723406,,,
29,165,85167,98281,69831,118750,117827,93768.82978723405,102793.17021276595,67003.93617021276,103330.06382978724,43776.70212765958,95885.29787234042,98027.6170212766,139472.3829787234,84257.97872340426,151396.02127659574,
29,167,,59296,65500,61818,,55778.72340425532,62813.27659574468,,,8911.404255319147,122088.59574468085,14082.17021276596,109553.82978723405,,,
29,169,70380,65849,70417,,82813,59541.255319148935,72156.74468085106,44331.65957446809,96428.3404255319,47063.80851063829,93770.1914893617,,,27426.6170212766,138199.38297872338,
29,171,,64625,63828,,75556,53272.48936170213,75977.51063829787,,,27146.8085106383,100509.19148936169,,,15750.382978723399,135361.61702127662,
29,173,35714,66164,,,,56739.31914893617,75588.68085106384,28638.936170212764,42789.063829787236,,,,,,,
29,175,41406,55274,38889,,,47834.34042553192,62713.65957446808,6884.978723404252,75927.02127659574,15031.808510638297,62746.19148936171,,,,,
29,177,,75539,98266,26188,116000,68558.06382978724,82519.93617021276,,,88361.14893617021,108170.85106382979,25500.510638297874,26875.489361702126,99907.74468085106,132092.25531914894,
29,179,,45625,13932,,,37210.70212765958,54039.29787234042,,,13355.31914893617,14508.68085106383,,,,,
29,181,,42047,78625,,,36162.23404255319,47931.76595744681,,,39482.19148936171,117767.8085106383,,,,,
29,183,95135,105561,89936,120948,96136,103967.97872340426,107154.02127659574,83864.70212765958,106405.29787234042,72745.1914893617,107126.8085106383,103035.14893617021,138860.8510638298,61593.53191489362,130678.46808510637,
29,185,,54966,61705,,,48036.29787234042,61895.70212765958,,,49153.85106382979,74256.14893617021,,,,,
29,186,48750,68140,,,,57814.553191489365,78465.44680851063,27383.021276595744,70116.97872340426,,,,,,,
29,187,45565,57991,80781,,,52389.8085106383,63592.1914893617,22695.55319148936,68434.44680851063,9854.02127659574,151707.97872340426,,,,,
29,189,54221,96994,70254,116608,71250,94951.78723404255,99036.21276595745,52227.63829787234,56214.36170212766,64904.21276595745,75603.78723404255,111413.10638297873,121802.89361702127,51800.12765957447,90699.87234042553,
29,195,53667,59531,70000,,,52261.72340425532,66800.27659574468,47007.765957446805,60326.234042553195,38767.48936170213,101232.51063829787,,,,,
29,197,,61250,,,,51154.51063829787,71345.48936170213,,,,,,,,,
29,199,,69783,,,,57442.744680851065,82123.25531914894,,,,,,,,,
29,201,34042,66943,,,,63353.04255319149,70532.9574468085,26660.72340425532,41423.27659574468,,,,,,,
29,203,,55889,,,,44105.17021276596,67672.82978723405,,,,,,,,,
29,205,,51406,,,,45572.46808510638,57239.53191489362,,,,,,,,,
29,207,,58565,48218,,48500,54149.34042553192,62980.65957446808,,,35932.553191489365,60503.446808510635,,,38218.63829787234,58781.36170212766,
29,209,93438,64105,47000,50625,46375,60917.765957446805,67292.23404255319,32226.4255319149,154649.5744680851,29940.25531914894,64059.74468085106,10580.234042553195,90669.7659574468,36266.404255319154,56483.595744680846,
29,211,,56750,57143,82250,,51374,62126,,,33339.425531914894,80946.5744680851,36240.63829787234,128259.36170212766,,,
29,213,,57109,51707,72857,,51945.085106382976,62272.914893617024,,,37510.404255319154,65903.59574468085,44412.574468085106,101301.4255319149,,,
29,215,56368,49908,38359,,,44914.46808510638,54901.53191489362,44815.31914893617,67920.68085106384,32496.872340425532,44221.12765957447,,,,,
29,217,,52529,60516,51500,,48069.255319148935,56988.744680851065,,,25406.382978723406,95625.61702127659,33650.29787234042,69349.70212765958,,,
29,219,63669,81638,,,,75366,87910,8456.574468085106,118881.4255319149,,,,,,,
29,221,,57539,69306,,,49875.34042553192,65202.65957446808,,,5349.2340425531875,133262.76595744683,,,,,
29,223,,47577,72381,,,42292.744680851065,52861.255319148935,,,45259.12765957447,99502.87234042553,,,,,
29,225,,71812,58008,,80577,68011.14893617021,75612.85106382979,,,41751.31914893617,74264.68085106382,,,45675.89361702128,115478.10638297873,
29,227,,48194,24375,,,34967.27659574468,61420.72340425532,,,1983.3404255319147,46766.65957446808,,,,,
29,229,,50126,48646,,,45686.51063829787,54565.48936170213,,,10480.212765957447,86811.78723404255,,,,,
29,510,38162,74433,60914,61530,50383,71563.89361702127,77302.10638297873,35593.14893617021,40730.85106382979,54830.255319148935,66997.74468085106,52522.34042553192,70537.65957446808,19119.51063829787,81646.48936170213,
30,000,52391,74523,61974,62841,44051,73575.76595744681,75470.23404255319,37953.72340425532,66828.27659574468,56844.63829787234,67103.36170212766,52938.53191489362,72743.46808510637,39915.34042553192,48186.65957446808,
30,001,,60836,61223,,120556,55861.53191489362,65810.46808510639,,,12993.893617021276,109452.10638297873,,,102072.4255319149,139039.5744680851,
30,003,,69167,,,56432,60302.31914893617,78031.68085106384,,,,,,,47953.36170212766,64910.63829787234,
30,005,,74095,84659,,57750,65150.48936170213,83039.51063829787,,,2472.4468085106346,166845.55319148937,,,33754.595744680846,81745.40425531915,
30,007,,71280,,,,62334.29787234042,80225.70212765958,,,,,,,,,
30,009,,81505,,,81172,69972.5744680851,93037.4255319149,,,,,,,45591.744680851065,116752.25531914894,
30,011,,60132,,,,36315.31914893617,83948.68085106384,,,,,,,,,
30,013,67986,69508,59450,48737,35373,65591.5744680851,73424.4255319149,60545.14893617021,75426.85106382979,40164.553191489365,78735.44680851063,35223.12765957447,62250.87234042553,18978.106382978724,51767.89361702128,
30,015,,61585,86917,,43472,52260.404255319154,70909.59574468085,,,69653.51063829787,104180.48936170213,,,29499.40425531915,57444.595744680846,
30,017,,72238,,,,65714.59574468085,78761.40425531915,,,,,,,,,
30,019,,63906,,,,39860.553191489365,87951.44680851063,,,,,,,,,
30,021,,72669,44698,,,66716.31914893616,78621.68085106384,,,9889.82978723404,79506.17021276595,,,,,
30,023,,57707,,,34194,50295.936170212764,65118.063829787236,,,,,,,21163.87234042553,47224.12765957447,
30,025,,78971,,,,62037.553191489365,95904.44680851063,,,,,,,,,
30,027,,62604,60956,,79130,56614.382978723406,68593.6170212766,,,36553.10638297872,85358.89361702127,,,55252.553191489365,103007.44680851063,
30,029,,74477,55542,,45500,71495.89361702127,77458.10638297873,,,34593.23404255319,76490.76595744681,,,40093.02127659575,50906.97872340425,
30,031,,94271,85793,69375,96625,89888.70212765958,98653.29787234042,,,58786.70212765958,112799.29787234042,10778.744680851065,127971.25531914894,75169.85106382979,118080.14893617021,
30,033,,69375,,,,48763.425531914894,89986.5744680851,,,,,,,,,
30,035,,89900,,50921,34651,65184.936170212764,114615.06382978724,,,,,21015.808510638297,80826.1914893617,27098.14893617021,42203.85106382979,
30,037,,58594,93750,,,47982.59574468085,69205.40425531915,,,77612.46808510639,109887.53191489361,,,,,
30,039,,59963,112292,,,45493.553191489365,74432.44680851063,,,47063.914893617024,177520.08510638296,,,,,
30,041,,57453,53750,60682,44853,48050.95744680851,66855.0425531915,,,14559.531914893618,92940.46808510637,7907.361702127659,113456.63829787234,31560.744680851065,58145.255319148935,
30,043,,98917,,,54125,82784.23404255319,115049.76595744681,,,,,,,43239.553191489365,65010.446808510635,
30,045,,61750,,,,50253.31914893617,73246.68085106384,,,,,,,,,
30,047,,66838,,66568,47526,60542.17021276596,73133.82978723405,,,,,54325.446808510635,78810.55319148937,37516.29787234042,57535.70212765958,
30,049,62773,80178,63485,58639,46198,76203.1914893617,84152.8085106383,13177.255319148935,112368.74468085106,37472.404255319154,89497.59574468085,57205.63829787234,60072.36170212766,23373.82978723404,69022.17021276595,
30,051,,56827,,,,43308.36170212766,70345.63829787234,,,,,,,,,
30,053,,47403,57708,,,41232.27659574468,53573.72340425532,,,11555.659574468082,103860.34042553192,,,,,
30,055,,70800,,,,54568.34042553192,87031.65957446808,,,,,,,,,
30,057,,74979,46582,,,69450.48936170213,80507.51063829787,,,14466.595744680853,78697.40425531915,,,,,
30,059,,72273,,,,45906.53191489362,98639.46808510637,,,,,,,,,
30,061,,63475,99531,,,56293.89361702128,70656.10638297873,,,73207.4255319149,125854.5744680851,,,,,
30,063,,77824,67917,68036,59607,74576,81072,,,52164.31914893617,83669.68085106384,15884.510638297877,120187.48936170212,46886.65957446808,72327.34042553192,
30,065,,60119,,,41473,48715.255319148935,71522.74468085106,,,,,,,13935.297872340427,69010.70212765958,
30,067,,72690,49613,,,65746,79634,,,17521.425531914894,81704.5744680851,,,,,
30,069,,60208,,,,40331.574468085106,80084.4255319149,,,,,,,,,
30,071,,53861,,,,50962.10638297872,56759.89361702128,,,,,,,,,
30,073,,56786,18942,,43068,47599.617021276594,65972.3829787234,,,14003.27659574468,23880.723404255317,,,28807.063829787236,57328.936170212764,
30,075,,66667,,,,48857.80851063829,84476.1914893617,,,,,,,,,
30,077,,61122,,146231,,49203.53191489362,73040.46808510639,,,,,145977.21276595743,146484.78723404257,,,
30,079,,50766,,,,43605.14893617021,57926.85106382979,,,,,,,,,
30,081,,71494,69875,104643,46364,66958,76030,,,21537.468085106382,118212.53191489363,50386.14893617021,158899.8510638298,6779.1489361702115,85948.85106382979,
30,083,,73214,,103482,,61424.21276595745,85003.78723404255,,,,,81850.51063829787,125113.48936170213,,,
30,085,,75000,,120625,35203,63328.17021276596,86671.82978723405,,,,,111137.17021276595,130112.82978723405,25121.808510638297,45284.19148936171,
30,087,,62583,,,31087,50352.36170212766,74813.63829787234,,,,,,,9587.765957446809,52586.23404255319,
30,089,,60032,44500,71063,25938,51180.425531914894,68883.5744680851,,,27657.106382978724,61342.89361702128,70365.97872340426,71760.02127659574,10747.702127659573,41128.29787234042,
30,091,,66538,215542,,51250,50809.14893617021,82266.85106382979,,,58624.04255319148,372459.9574468085,,,24396.21276595745,78103.78723404255,
30,093,,62656,65417,,47679,58195.063829787236,67116.93617021276,,,4039.8085106383005,126794.19148936169,,,1774.4893617021298,93583.51063829787,
30,095,,88190,,,,77645.31914893616,98734.68085106384,,,,,,,,,
30,097,,72162,,,,63470.085106382976,80853.91489361702,,,,,,,,,
30,099,,74076,55938,,85313,65349.53191489362,82802.46808510637,,,29114.000000000004,82762,,,588.5744680851058,170037.4255319149,
30,101,,62368,40880,,,51999.65957446809,72736.34042553192,,,1494.127659574464,80265.87234042553,,,,,
30,103,,73750,,,,55426.085106382976,92073.91489361702,,,,,,,,,
30,105,,72900,58750,,43125,57619.14893617021,88180.85106382979,,,26634.595744680853,90865.40425531915,,,27098.276595744683,59151.72340425532,
30,107,,48636,,,,32118.382978723406,65153.617021276594,,,,,,,,,
30,109,,70000,,,,46545.53191489362,93454.46808510637,,,,,,,,,
30,111,36500,77915,56386,57857,46603,74021.21276595745,81808.78723404255,5460.510638297874,67539.48936170213,45825.82978723404,66946.17021276595,6398.957446808512,109315.04255319148,25779.340425531915,67426.65957446808,
31,000,48119,79885,67528,87669,52761,79099.8085106383,80670.1914893617,45217.72340425532,51020.27659574468,64661.27659574468,70394.72340425532,81263.55319148937,94074.44680851063,46220.914893617024,59301.085106382976,
31,001,,71426,55949,48750,11750,67569.14893617021,75282.85106382979,,,45509.17021276596,66388.82978723405,13626.085106382983,83873.91489361701,2963.957446808512,20536.042553191488,
31,003,,66439,44000,,,62762.063829787236,70115.93617021276,,,35.23404255319474,87964.7659574468,,,,,
31,005,,72321,,,,49906.70212765958,94735.29787234042,,,,,,,,,
31,007,,83750,43611,,,65032.89361702128,102467.10638297873,,,43199.936170212764,44022.063829787236,,,,,
31,009,,69583,,,,53773.12765957447,85392.87234042553,,,,,,,,,
31,011,,76759,68594,,,69128.70212765958,84389.29787234042,,,39422.76595744681,97765.23404255319,,,,,
31,013,,69533,61516,,84563,60860.14893617021,78205.85106382979,,,42894.21276595745,80137.78723404255,,,33380.1914893617,135745.8085106383,
31,015,,71083,,,,55545.97872340426,86620.02127659574,,,,,,,,,
31,017,,54050,,,,44975.617021276594,63124.382978723406,,,,,,,,,
31,019,50594,78230,66519,,,73387.78723404255,83072.21276595745,40150.595744680846,61037.404255319154,56143.51063829787,76894.48936170213,,,,,
31,021,,63699,,,46042,56090.14893617021,71307.85106382979,,,,,,,23076.042553191488,69007.95744680852,
31,023,,77354,87500,,,65653.5744680851,89054.4255319149,,,61968.76595744681,113031.23404255319,,,,,
31,025,,92687,69438,,,88793.21276595745,96580.78723404255,,,35180.29787234043,103695.70212765958,,,,,
31,027,,73995,55500,,,65273.29787234042,82716.70212765958,,,22605.36170212766,88394.63829787234,,,,,
31,029,,70294,65208,,,62505.23404255319,78082.76595744681,,,42430.29787234042,87985.70212765958,,,,,
31,031,,67359,32039,,75688,61224.02127659575,73493.97872340426,,,17125.127659574468,46952.87234042553,,,57566.63829787234,93809.36170212766,
31,033,,59776,60691,,,54360.68085106383,65191.31914893617,,,42930.65957446808,78451.34042553192,,,,,
31,035,,79271,80000,,,70641.0425531915,87900.9574468085,,,72518.63829787234,87481.36170212766,,,,,
31,037,54124,81033,83631,,98205,72997.59574468085,89068.40425531915,52223.574468085106,56024.425531914894,80238.82978723405,87023.17021276595,,,35564.82978723404,160845.17021276595,
31,039,,71220,71125,,,65060,77380,,,34587.97872340425,107662.02127659574,,,,,
31,041,41354,68669,,,,64750.1914893617,72587.8085106383,23428.042553191488,59279.95744680851,,,,,,,
31,043,56490,68935,81121,59670,30393,64009.382978723406,73860.6170212766,39675.70212765958,73304.29787234042,58854.44680851064,103387.55319148937,692.4680851063895,118647.53191489361,7063.638297872338,53722.36170212766,
31,045,,59241,,,,52363.72340425532,66118.27659574468,,,,,,,,,
31,047,68740,69709,75108,88750,,61960.744680851065,77457.25531914894,59946.8085106383,77533.1914893617,63856.76595744681,86359.23404255319,42236.63829787234,135263.36170212767,,,
31,049,,72000,51250,,,59899.234042553195,84100.76595744681,,,6850.340425531911,95649.6595744681,,,,,
31,051,,75536,47381,,,69287.82978723405,81784.17021276595,,,8704.063829787236,86057.93617021276,,,,,
31,053,36066,74293,80000,89260,46354,67146.44680851063,81439.55319148937,12317.234042553191,59814.76595744681,48435.063829787236,111564.93617021276,40081.27659574468,138438.72340425532,6507.021276595748,86200.97872340426,
31,055,42944,88367,69691,102042,76875,86389.12765957447,90344.87234042553,38808.34042553192,47079.65957446808,66779,72603,94182.93617021276,109901.06382978724,60812.53191489362,92937.46808510637,
31,057,,59783,63750,,,52299.255319148935,67266.74468085106,,,2092.8085106383005,125407.19148936169,,,,,
31,059,,76628,91167,,,70031.91489361702,83224.08510638298,,,68321.3829787234,114012.6170212766,,,,,
31,061,,60313,,,,54312.65957446808,66313.34042553192,,,,,,,,,
31,063,,73106,47000,,,67470.25531914894,78741.74468085106,,,14124.425531914894,79875.5744680851,,,,,
31,065,,60361,152760,,,56481.51063829787,64240.48936170213,,,103458.55319148937,202061.44680851063,,,,,
31,067,,66568,85500,87216,61000,61990.29787234042,71145.70212765958,,,22411.829787234048,148588.17021276595,31637.787234042553,142794.21276595746,51790.97872340426,70209.02127659574,
31,069,,41841,52750,,,37412.234042553195,46269.765957446805,,,14662.851063829788,90837.14893617021,,,,,
31,071,,63074,,,,56193.14893617021,69954.85106382979,,,,,,,,,
31,073,,80625,,,,68670.78723404255,92579.21276595745,,,,,,,,,
31,075,,70882,,,,53489.82978723405,88274.17021276595,,,,,,,,,
31,077,,66375,,,,56845.46808510638,75904.53191489361,,,,,,,,,
31,079,19935,73721,62989,70081,60531,68727.46808510639,78714.53191489361,75.25531914893872,39794.74468085106,57822.70212765958,68155.29787234042,40261.59574468085,99900.40425531915,40457.97872340425,80604.02127659574,
31,081,,84543,124432,,,77034.23404255319,92051.76595744681,,,47466.553191489365,201397.44680851063,,,,,
31,083,,72632,,,,60235.744680851065,85028.25531914894,,,,,,,,,
31,085,,62000,85625,,,44029.957446808505,79970.0425531915,,,3127.4680851063895,168122.5319148936,,,,,
31,087,,51984,25625,,,47618.382978723406,56349.617021276594,,,8767.8085106383,42482.1914893617,,,,,
31,089,,68319,74659,,,64368.02127659575,72269.97872340426,,,4367.085106382976,144950.91489361704,,,,,
31,091,,47679,,,,39904.53191489362,55453.46808510638,,,,,,,,,
31,093,,77254,90667,,,68651.44680851063,85856.55319148937,,,67379.34042553192,113954.65957446808,,,,,
31,095,,59473,53221,,,55101.425531914894,63844.574468085106,,,20792.23404255319,85649.76595744681,,,,,
31,097,,62609,,,,53626.36170212766,71591.63829787234,,,,,,,,,
31,099,,74831,,,,61331.425531914894,88330.5744680851,,,,,,,,,
31,101,,63429,,,,58049.425531914894,68808.5744680851,,,,,,,,,
31,103,,62250,,,,42626.17021276595,81873.82978723405,,,,,,,,,
31,105,,55417,,,,47138.53191489362,63695.46808510638,,,,,,,,,
31,107,,65972,,63125,53500,60892.68085106383,71051.31914893616,,,,,19570.106382978724,106679.89361702127,30249.27659574468,76750.72340425532,
31,109,47927,77916,60885,79203,42981,75494.89361702128,80337.10638297872,40494.48936170213,55359.51063829787,53090.27659574468,68679.72340425532,66576.78723404255,91829.21276595745,14762.957446808512,71199.04255319148,
31,111,,66250,54712,66771,42820,60037.574468085106,72462.4255319149,,,18589.617021276594,90834.38297872341,28658.829787234048,104883.17021276595,15894.723404255317,69745.27659574468,
31,113,,73958,,,,64719.1914893617,83196.8085106383,,,,,,,,,
31,115,,62000,,,,23387.404255319147,100612.59574468085,,,,,,,,,
31,117,,60417,,,,56016.82978723404,64817.17021276596,,,,,,,,,
31,119,33894,65445,55273,51518,39750,61700.14893617021,69189.85106382979,32746.59574468085,35041.40425531915,45651.72340425532,64894.27659574468,27202.08510638298,75833.91489361702,25292.468085106382,54207.53191489362,
31,121,,68188,,,,59966.72340425532,76409.27659574468,,,,,,,,,
31,123,,60709,53810,,,48703.553191489365,72714.44680851063,,,36090.17021276596,71529.82978723405,,,,,
31,125,,65677,50500,,,57808.40425531915,73545.59574468085,,,28161.95744680851,72838.0425531915,,,,,
31,127,,61488,18518,,,55652.085106382976,67323.91489361702,,,16196.978723404256,20839.021276595744,,,,,
31,129,,77964,,,,70483.82978723405,85444.17021276595,,,,,,,,,
31,131,,84592,54844,,,78843.06382978724,90340.93617021276,,,30493.531914893618,79194.46808510637,,,,,
31,133,,62688,,,,53635.063829787236,71740.93617021276,,,,,,,,,
31,135,,73493,67344,,,66411.97872340426,80574.02127659574,,,40666.553191489365,94021.44680851063,,,,,
31,137,,72521,54345,,,61210.19148936171,83831.8085106383,,,16291.212765957447,92398.78723404255,,,,,
31,139,,74032,57708,,,62386.382978723406,85677.6170212766,,,6958.893617021276,108457.10638297873,,,,,
31,141,131550,72703,65477,,44500,67876.27659574468,77529.72340425532,97317.31914893616,165782.68085106384,53006.87234042553,77947.12765957447,,,41190.04255319149,47809.95744680851,
31,143,,69098,98846,,,66094.25531914894,72101.74468085106,,,72816.72340425532,124875.27659574468,,,,,
31,145,,66342,50787,,,52849.574468085106,79834.4255319149,,,20495.76595744681,81078.23404255319,,,,,
31,147,,61236,102875,,,53805.87234042553,68666.12765957447,,,73579.85106382979,132170.1489361702,,,,,
31,149,,59688,,,,44246.29787234042,75129.70212765958,,,,,,,,,
31,151,,78650,81817,223589,,73779.1914893617,83520.8085106383,,,61124.404255319154,102509.59574468085,222734.70212765958,224443.29787234042,,,
31,153,75885,107784,80958,91786,87171,104447.82978723405,111120.17021276595,61556.14893617021,90213.85106382979,65670,96246,68847.44680851063,114724.55319148937,57052.53191489362,117289.46808510637,
31,155,,95637,,101413,,86117,105157,,,,,100034.44680851063,102791.55319148937,,,
31,157,,64106,61658,79650,32835,57648.12765957447,70563.87234042553,,,48787.53191489362,74528.46808510637,21560.12765957447,137739.87234042553,19502.234042553195,46167.765957446805,
31,159,,82757,102596,,23750,78274.6170212766,87239.3829787234,,,38437.872340425536,166754.12765957447,,,21734,25766,
31,161,,60266,,,57679,52818,67714,,,,,,,27966.829787234044,87391.17021276595,
31,163,,65347,13490,,,59626.65957446808,71067.34042553192,,,8802.68085106383,18177.31914893617,,,,,
31,165,,54777,,,,43474.53191489362,66079.46808510639,,,,,,,,,
31,167,,80792,170574,,,69708.76595744681,91875.23404255319,,,114890.93617021276,226257.06382978725,,,,,
31,169,,69444,41063,,,62434.46808510638,76453.53191489361,,,35622.65957446808,46503.34042553192,,,,,
31,171,,65769,,,,53839.80851063829,77698.1914893617,,,,,,,,,
31,173,,70250,100313,,62188,63547.87234042553,76952.12765957447,,,65251.04255319149,135374.95744680852,,,50729.446808510635,73646.55319148937,
31,175,,61458,,,,55430.255319148935,67485.74468085106,,,,,,,,,
31,177,,94078,116420,,,83890.76595744681,104265.23404255319,,,92056.4255319149,140783.5744680851,,,,,
31,179,,66539,,,,59958.40425531915,73119.59574468085,,,,,,,,,
31,181,,68092,39950,,,57865.446808510635,78318.55319148937,,,15410.08510638298,64489.914893617024,,,,,
31,183,,68250,110000,,,52045.744680851065,84454.25531914894,,,22703.14893617021,197296.8510638298,,,,,
31,185,,79303,62865,,,74958.82978723405,83647.17021276595,,,38111.80851063829,87618.1914893617,,,,,
32,000,52965,85954,71012,87737,64268,84917.40425531915,86990.59574468085,50655.89361702128,55274.10638297872,69800.25531914894,72223.74468085106,85239.63829787234,90234.36170212766,56582.89361702128,71953.10638297873,
32,001,95500,87156,65030,73505,41818,80842.29787234042,93469.70212765958,50464.085106382976,140535.91489361704,42467.95744680851,87592.04255319148,22934.617021276594,124075.38297872341,25070.425531914894,58565.574468085106,
32,003,53053,84733,70457,87789,75403,83498.6170212766,85967.3829787234,50504.40425531915,55601.59574468085,69020.06382978724,71893.93617021276,85248.74468085106,90329.25531914894,64312.617021276594,86493.3829787234,
32,005,,92994,79167,124625,56250,85378,100610,,,70066.40425531915,88267.59574468085,28291.893617021284,220958.10638297873,13675.702127659577,98824.29787234042,
32,007,115688,95992,53443,96250,31919,89002.72340425532,102981.27659574468,9233.191489361707,222142.8085106383,42113.12765957447,64772.87234042553,7646.085106382976,184853.91489361704,19438.14893617021,44399.85106382979,
32,009,,63929,,,,32833.51063829787,95024.48936170213,,,,,,,,,
32,011,,71723,,,,50247.595744680846,93198.40425531915,,,,,,,,,
32,013,,83406,66555,,73839,79308.46808510639,87503.53191489361,,,48128.6170212766,84981.3829787234,,,24704.361702127666,122973.63829787233,
32,015,,89832,64811,,123750,69697.02127659574,109966.97872340426,,,55513.8085106383,74108.1914893617,,,18431.87234042553,229068.12765957447,
32,017,,71795,,,,54723.34042553192,88866.65957446808,,,,,,,,,
32,019,49939,84289,79301,,52604,76775.46808510639,91802.53191489361,35774.574468085106,64103.425531914894,64237,94365,,,25901.531914893618,79306.46808510637,
32,021,,62607,50222,,46875,43470.48936170213,81743.51063829787,,,9823.361702127666,90620.63829787233,,,29834.31914893617,63915.68085106383,
32,023,39312,60704,69718,,23482,52253.95744680851,69154.0425531915,28552.85106382979,50071.14893617021,41715.6170212766,97720.3829787234,,,10401.829787234043,36562.17021276596,
32,027,,78850,60862,,,59037.914893617024,98662.08510638298,,,36211.27659574468,85512.72340425532,,,,,
32,029,,82035,118971,,,56726.574468085106,107343.4255319149,,,83413.38297872341,154528.6170212766,,,,,
32,031,53050,93781,75411,89478,72984,91776.91489361702,95785.08510638298,44876.382978723406,61223.617021276594,71295.59574468085,79526.40425531915,79494.51063829787,99461.48936170213,56748.76595744681,89219.23404255319,
32,033,,73790,74276,,33929,53784.89361702128,93795.10638297873,,,60175.914893617024,88376.08510638298,,,25805.425531914894,42052.574468085106,
32,510,53375,76557,62718,56563,53300,71308.48936170213,81805.51063829787,14345.382978723406,92404.61702127659,51968.382978723406,73467.6170212766,16950.744680851065,96175.25531914894,24231.23404255319,82368.76595744681,
33,000,78475,99624,88430,112719,102250,98220.4255319149,101027.5744680851,64361.80851063829,92588.1914893617,79164.97872340426,97695.02127659574,99193.21276595745,126244.78723404255,32807.6170212766,171692.38297872338,
33,001,174219,92709,128750,155606,77813,87831.0425531915,97586.9574468085,7543.936170212779,340894.0638297872,94140.80851063831,163359.1914893617,43801.404255319154,267410.59574468085,59752.404255319154,95873.59574468085,
33,003,,86766,122835,103339,,82044.12765957447,91487.87234042553,,,109039.93617021276,136630.06382978722,102429.89361702128,104248.10638297872,,,
33,005,100273,83625,78750,87727,,78602.87234042553,88647.12765957447,24571.723404255332,175974.27659574465,43783.361702127666,113716.63829787233,31492.276595744683,143961.72340425532,,,
33,007,,58593,96094,90000,,55018.53191489362,62167.46808510638,,,45201.914893617024,146986.08510638296,10769.531914893625,169230.46808510637,,,
33,009,145536,87933,89010,113125,138482,84013,91853,87354.38297872341,203717.6170212766,24985.319148936178,153034.6808510638,72371.29787234042,153878.70212765958,122545.82978723405,154418.17021276595,
33,011,76429,105297,80647,135921,76875,103030.78723404255,107563.21276595745,56046.19148936171,96811.8085106383,75052.9574468085,86241.0425531915,112233,159609,13913.127659574471,139836.87234042553,
33,013,77438,97310,64079,106136,31356,94004.8085106383,100615.1914893617,49595.27659574468,105280.72340425532,14486.829787234048,113671.17021276595,33616,178656,31034.297872340427,31677.702127659573,
33,015,86745,118093,122669,120412,181002,114763.97872340426,121422.02127659574,50982.446808510635,122507.55319148937,102311.21276595745,143026.78723404254,93535.5744680851,147288.4255319149,170472.8085106383,191531.1914893617,
33,017,50833,91671,105236,78903,,85762.40425531915,97579.59574468085,34068.744680851065,67597.25531914894,54194.97872340426,156277.02127659574,67780.44680851063,90025.55319148937,,,
33,019,,80483,,,,75513.29787234042,85452.70212765958,,,,,,,,,
34,000,71115,115459,76364,157130,70504,114692.87234042553,116225.12765957447,69754.31914893616,72475.68085106384,75112.93617021276,77615.06382978724,154859.02127659574,159400.97872340426,62550.8085106383,78457.1914893617,
34,001,55792,89442,54079,96385,50000,85300.3829787234,93583.6170212766,49469.95744680851,62114.04255319149,49095,59063,81776.14893617021,110993.85106382979,37011.574468085106,62988.425531914894,
34,003,101263,132827,97830,148548,73727,129849.46808510639,135804.53191489363,93688.70212765958,108837.29787234042,92483.78723404255,103176.21276595745,141650.46808510637,155445.53191489363,46989.97872340426,100464.02127659574,
34,005,91437,111585,95789,133631,78056,108662.27659574468,114507.72340425532,86032.40425531915,96841.59574468085,84926.1914893617,106651.8085106383,116263.85106382979,150998.1489361702,46900.936170212764,109211.06382978724,
34,007,61441,105733,60336,109099,70772,103028.31914893616,108437.68085106384,59197.425531914894,63684.574468085106,55375.82978723404,65296.17021276596,95682.82978723405,122515.17021276595,37930.97872340426,103613.02127659574,
34,009,70577,95002,59026,123542,78343,91171.36170212766,98832.63829787234,32562.531914893618,108591.46808510637,35945.65957446809,82106.3404255319,10345.744680851072,236738.25531914894,60955.59574468085,95730.40425531915,
34,011,47446,78131,64303,130391,51386,74799.59574468085,81462.40425531915,37282.59574468085,57609.40425531915,57685.46808510638,70920.53191489361,63398.31914893618,197383.6808510638,22880.808510638297,79891.1914893617,
34,013,59155,133223,65049,171947,67321,127714.74468085106,138731.25531914894,56256.10638297872,62053.89361702128,61018.1914893617,69079.8085106383,156420.70212765958,187473.29787234042,40526.78723404255,94115.21276595745,
34,015,74726,111156,84948,104935,,107409.9574468085,114902.0425531915,64710.34042553192,84741.65957446808,72103.74468085106,97792.25531914894,88465.0425531915,121404.9574468085,,,
34,017,67913,120004,66495,149923,59525,115707.48936170213,124300.51063829787,63709.425531914894,72116.5744680851,63678.31914893617,69311.68085106384,143166.06382978722,156679.93617021278,46770.10638297872,72279.89361702127,
34,019,121012,140717,140823,203287,,136276.31914893616,145157.68085106384,71250.63829787234,170773.36170212767,119440.53191489363,162205.46808510637,169424.87234042553,237149.12765957447,,,
34,021,62316,115273,73721,194801,49473,109048.65957446808,121497.34042553192,53594.29787234042,71037.70212765958,66157.4255319149,81284.5744680851,182651.3829787234,206950.6170212766,13360.148936170212,85585.85106382979,
34,023,96629,108284,82800,164537,83194,105458.97872340426,111109.02127659574,90682.27659574468,102575.72340425532,79244.59574468085,86355.40425531915,160325.085106383,168748.914893617,66951.6170212766,99436.3829787234,
34,025,70795,130738,102304,179051,103505,126651.1914893617,134824.8085106383,61273.80851063829,80316.1914893617,89357.27659574468,115250.72340425532,164250.31914893616,193851.68085106384,92982.95744680852,114027.04255319148,
34,027,104216,142173,98894,172436,,138442.44680851063,145903.55319148937,80894.97872340426,127537.02127659574,90196.12765957447,107591.87234042553,160266.12765957447,184605.87234042553,,,
34,029,80963,90072,81215,120456,,88104.85106382979,92039.14893617021,69803.51063829787,92122.48936170213,72152.53191489363,90277.46808510637,102184.51063829787,138727.48936170212,,,
34,031,54952,114924,66788,113615,77917,111462.72340425532,118385.27659574468,49416.34042553192,60487.65957446808,63917.70212765958,69658.29787234042,99564.9574468085,127665.0425531915,41171.46808510638,114662.53191489363,
34,033,47005,90430,67955,89022,,85336.3829787234,95523.6170212766,33755.63829787234,60254.36170212766,47604.36170212766,88305.63829787234,88034.25531914894,90009.74468085106,,,
34,035,111547,142679,100095,209836,147745,137305.3829787234,148052.6170212766,101474.14893617021,121619.85106382979,95286.14893617021,104903.85106382979,198935.06382978722,220736.93617021278,100604.91489361701,194885.085106383,
34,037,144286,116122,106398,138482,,112813.23404255319,119430.76595744681,107604.80851063831,180967.1914893617,95461.31914893616,117334.68085106384,107455.61702127659,169508.3829787234,,,
34,039,89554,136124,80109,182381,62401,131453.36170212767,140794.63829787233,83688.29787234042,95419.70212765958,76035.29787234042,84182.70212765958,163632.91489361704,201129.08510638296,38087.46808510638,86714.53191489363,
34,041,95756,100790,100637,114250,,95769.06382978724,105810.93617021276,58421.872340425536,133090.12765957447,87753.4255319149,113520.5744680851,85953.31914893616,142546.68085106384,,,
35,000,58288,73835,58248,88766,46669,72446.91489361702,75223.08510638298,50222.8085106383,66353.1914893617,56793.1914893617,59702.8085106383,82076.97872340426,95455.02127659574,45039.04255319149,48298.95744680851,
35,001,58922,77909,62808,88284,54090,75213.85106382979,80604.14893617021,49546.17021276596,68297.82978723405,60844.425531914894,64771.574468085106,75356.34042553192,101211.65957446808,49630.255319148935,58549.744680851065,
35,003,,58250,22172,,,42204.21276595745,74295.78723404255,,,6791.063829787234,37552.936170212764,,,,,
35,005,30632,60026,49613,117679,40795,51172.04255319149,68879.9574468085,14185.872340425532,47078.12765957447,44007.04255319149,55218.95744680851,76745.38297872341,158612.6170212766,16276.531914893618,65313.46808510638,
35,006,91400,66340,51268,138107,33319,56537.617021276594,76142.3829787234,90820.93617021276,91979.06382978724,35181.70212765958,67354.29787234042,81655.4255319149,194558.5744680851,28844.957446808512,37793.04255319149,
35,007,,60699,43216,,,57375.936170212764,64022.063829787236,,,34099.914893617024,52332.085106382976,,,,,
35,009,49545,66722,44618,,,59938.85106382979,73505.14893617021,24660.744680851065,74429.25531914894,37357.063829787236,51878.936170212764,,,,,
35,011,,51000,,,,33684.085106382976,68315.91489361702,,,,,,,,,
35,013,39558,72434,50195,41294,55509,65018.17021276596,79849.82978723405,31876.468085106382,47239.53191489362,46228.53191489362,54161.46808510638,7425.914893617024,75162.08510638298,9297.085106382976,101720.91489361702,
35,015,,84844,64121,,84494,71392.08510638298,98295.91489361702,,,51743.8085106383,76498.1914893617,,,67103.02127659574,101884.97872340426,
35,017,19507,44426,47948,,21047,38226.68085106383,50625.31914893617,2829.723404255321,36184.27659574468,41853.53191489362,54042.46808510638,,,529.5531914893654,41564.446808510635,
35,019,,61053,39188,,,35645.68085106383,86460.31914893616,,,25724.17021276596,52651.82978723404,,,,,
35,021,,58229,40250,,,49310.70212765958,67147.29787234042,,,19253.574468085106,61246.425531914894,,,,,
35,023,,54265,46196,,,31424.148936170215,77105.85106382979,,,38447.744680851065,53944.255319148935,,,,,
35,025,66591,76125,61155,121429,,68485.17021276595,83764.82978723405,35246.48936170213,97935.51063829787,50541.21276595745,71768.78723404255,87354.78723404255,155503.21276595746,,,
35,027,,57093,41900,,113003,49344.744680851065,64841.255319148935,,,27374.55319148936,56425.446808510635,,,45548.02127659574,180457.97872340426,
35,028,,156474,93578,127050,91359,148605.40425531915,164342.59574468085,,,45925.574468085106,141230.4255319149,73913.14893617021,180186.8510638298,33159.51063829787,149558.48936170212,
35,029,,40208,33302,,,28954.382978723406,51461.617021276594,,,29035.276595744683,37568.72340425532,,,,,
35,031,63466,83214,60287,113418,39296,66466.4255319149,99961.5744680851,20160.127659574464,106771.87234042553,52523.255319148935,68050.74468085106,101204.0425531915,125631.9574468085,36201.70212765958,42390.29787234042,
35,033,,75472,52863,,71226,57058.72340425532,93885.27659574468,,,40603.76595744681,65122.23404255319,,,70869.74468085106,71582.25531914894,
35,035,44151,60692,51818,98520,32117,53045.02127659574,68338.97872340426,29501.63829787234,58800.36170212766,44148.382978723406,59487.617021276594,50589.95744680851,146450.04255319148,26999.55319148936,37234.44680851064,
35,037,,51628,34266,,56075,42304.59574468085,60951.40425531915,,,5926.425531914894,62605.574468085106,,,27221.893617021276,84928.10638297873,
35,039,83226,57727,59766,,44111,32449.55319148936,83004.44680851063,33051.19148936171,133400.8085106383,53516.63829787234,66015.36170212766,,,36825.04255319149,51396.95744680851,
35,041,,53095,54059,130435,,46255.85106382979,59934.14893617021,,,37216.10638297872,70901.89361702127,23478.574468085106,237391.4255319149,,,
35,043,100139,90674,84704,,62419,85535.10638297873,95812.89361702127,78402.65957446808,121875.34042553192,75340.08510638298,94067.91489361702,,,49380.53191489362,75457.46808510637,
35,045,,67545,50979,70469,44679,62070.10638297872,73019.89361702128,,,44375.76595744681,57582.23404255319,45305.936170212764,95632.06382978724,41204.617021276594,48153.382978723406,
35,047,,58508,47813,,,49339.48936170213,67676.51063829787,,,40141,55485,,,,,
35,049,41500,89468,67783,88393,73603,85418.12765957447,93517.87234042553,8648.255319148935,74351.74468085106,62894.31914893617,72671.68085106384,74835.0425531915,101950.9574468085,58214.914893617024,88991.08510638298,
35,051,,44900,37581,,,36147.31914893617,53652.68085106383,,,16078.1914893617,59083.8085106383,,,,,
35,053,,44102,37702,103000,11642,22648.042553191488,65555.95744680852,,,23479.1914893617,51924.8085106383,77101.78723404255,128898.21276595745,5384.297872340426,17899.702127659573,
35,055,,59056,58646,88016,43479,47077.95744680851,71034.0425531915,,,48510,68782,23309.787234042553,152722.21276595746,30815.85106382979,56142.14893617021,
35,057,,56352,66719,,43844,50420.76595744681,62283.23404255319,,,51670.48936170213,81767.51063829787,,,43170.8085106383,44517.1914893617,
35,059,,67019,33603,,,53194.14893617021,80843.85106382979,,,22700.872340425532,44505.12765957447,,,,,
35,061,,66259,56126,,67813,57438.404255319154,75079.59574468085,,,53421.31914893617,58830.68085106383,,,47245.51063829787,88380.48936170213,
36,000,62083,97182,65593,97126,63956,96647.02127659574,97716.97872340426,61257.29787234042,62908.70212765958,64768.48936170213,66417.51063829787,95385.23404255319,98866.76595744681,60176.59574468085,67735.40425531915,
36,001,51950,93818,61004,99720,,91076.3829787234,96559.6170212766,48112.21276595745,55787.78723404255,49444.17021276596,72563.82978723405,77309.27659574468,122130.72340425532,,,
36,003,,63219,42038,102344,38333,60587,65851,,,22236.63829787234,61839.36170212766,84577.70212765958,120110.29787234042,14747.468085106386,61918.53191489361,
36,005,50010,78005,41962,74012,47392,74549.68085106384,81460.31914893616,47896.29787234042,52123.70212765958,40632.29787234042,43291.70212765958,65911.06382978724,82112.93617021276,39986.89361702128,54797.10638297872,
36,007,37949,65182,49457,59342,63214,62526.17021276596,67837.82978723405,30763.127659574468,45134.87234042553,28426.021276595744,70487.97872340426,39876.63829787234,78807.36170212766,58825.744680851065,67602.25531914894,
36,009,42656,59958,44153,101663,40958,57514.255319148935,62401.744680851065,20034.382978723406,65277.617021276594,41876.063829787236,46429.936170212764,95711.51063829787,107614.48936170213,37035.617021276594,44880.382978723406,
36,011,,67979,74323,140027,,64503.425531914894,71454.5744680851,,,19036.702127659577,129609.29787234042,97991.25531914894,182062.74468085106,,,
36,013,24729,61170,31269,52574,,58252.04255319149,64087.95744680851,15141.08510638298,34316.914893617024,27240.574468085106,35297.425531914894,6140.468085106382,99007.53191489363,,,
36,015,45526,64813,41463,93494,,60773.85106382979,68852.14893617021,33391.87234042553,57660.12765957447,23417.893617021276,59508.10638297872,68770.59574468085,118217.40425531915,,,
36,017,47500,63091,44306,58542,,59838.234042553195,66343.76595744681,17814.042553191488,77185.95744680852,14388.893617021276,74223.10638297873,46400.72340425532,70683.27659574468,,,
36,019,60588,71637,59148,76369,,68406.87234042553,74867.12765957447,29615.234042553195,91560.7659574468,40612,77684,51332.234042553195,101405.7659574468,,,
36,021,33281,85939,54479,119250,63958,78070.40425531915,93807.59574468085,15904.31914893617,50657.68085106383,35571.25531914894,73386.74468085106,64368.8085106383,174131.1914893617,63034.59574468085,64881.40425531915,
36,023,,71849,38678,61394,,68454.44680851063,75243.55319148937,,,22223.531914893618,55132.46808510638,27427.021276595748,95360.97872340426,,,
36,025,,63792,53634,54219,,60030.46808510638,67553.53191489361,,,22986.51063829787,84281.48936170213,31490.148936170215,76947.85106382979,,,
36,027,63709,107273,75865,120846,98611,103694.9574468085,110851.0425531915,59258.78723404255,68159.21276595745,68082.1914893617,83647.8085106383,104853.82978723405,136838.17021276595,58480.44680851064,138741.55319148937,
36,029,43847,81728,44280,55614,45347,80063.48936170213,83392.51063829787,40416.70212765958,47277.29787234042,40136,48424,51179.27659574468,60048.72340425532,34580.70212765958,56113.29787234042,
36,031,,72311,82708,130662,98250,66472.70212765958,78149.29787234042,,,38761.10638297872,126654.89361702127,120517.65957446808,140806.3404255319,70622.93617021276,125877.06382978724,
36,033,80556,67278,61375,,51165,63425.914893617024,71130.08510638298,24215.234042553195,136896.7659574468,9989.638297872341,112760.36170212766,,,35443.29787234042,66886.70212765958,
36,035,,67258,46678,120227,,63908.72340425532,70607.27659574468,,,19849.23404255319,73506.76595744681,24931.680851063837,215522.31914893616,,,
36,037,,73931,68571,,56875,70287.4255319149,77574.5744680851,,,42813.382978723406,94328.61702127659,,,8457.638297872341,105292.36170212766,
36,039,50917,79691,69675,92222,,72257.29787234042,87124.70212765958,12846.531914893618,88987.46808510637,45692.70212765958,93657.29787234042,48755.27659574468,135688.72340425532,,,
36,041,,69972,7969,,,64080.085106382976,75863.91489361702,,,2353.510638297873,13584.489361702126,,,,,
36,043,22866,70176,60000,47375,93750,66434.72340425532,73917.27659574468,20331.702127659573,25400.297872340427,1609.872340425536,118390.12765957447,9387.936170212764,85362.06382978724,32589.65957446809,154910.3404255319,
36,045,50054,68736,58728,83578,76590,64578.89361702128,72893.10638297873,32956.12765957447,67151.87234042553,46902.46808510638,70553.53191489363,74685.91489361702,92470.08510638298,55772.29787234042,97407.70212765958,
36,047,63164,106099,60923,89381,62945,103549.21276595745,108648.78723404255,61308.85106382979,65019.14893617021,58940.36170212766,62905.63829787234,86186.6170212766,92575.3829787234,54141.085106382976,71748.91489361702,
36,049,55417,68125,55313,76010,,63355.46808510638,72894.53191489361,53111.46808510638,57722.53191489362,20864.65957446809,89761.3404255319,73211.1914893617,78808.8085106383,,,
36,051,64327,74083,79427,63393,,71418.82978723405,76747.17021276595,43636.78723404255,85017.21276595745,28316.87234042553,130537.12765957447,6973.595744680853,119812.40425531915,,,
36,053,95125,74913,56719,114000,48000,70606.9574468085,79219.0425531915,26371.297872340423,163878.70212765958,37917.29787234042,75520.70212765958,80411.91489361702,147588.08510638296,14958.8085106383,81041.19148936169,
36,055,42345,87410,49103,72946,59231,85584.63829787234,89235.36170212766,40062.10638297872,44627.89361702128,45253.29787234042,52952.70212765958,64887.95744680851,81004.0425531915,32759.68085106383,85702.31914893616,
36,057,,66582,56037,,28971,61531.27659574468,71632.72340425532,,,42987.8085106383,69086.1914893617,,,28288.276595744683,29653.723404255317,
36,059,133815,149366,129548,173750,148712,145929.74468085106,152802.25531914894,129418.40425531915,138211.59574468085,122880.4255319149,136215.5744680851,167772.29787234042,179727.70212765958,111754.38297872341,185669.6170212766,
36,061,44993,154440,51820,108217,47074,150193.53191489363,158686.46808510637,41606.78723404255,48379.21276595745,49674.12765957447,53965.87234042553,103045.93617021276,113388.06382978724,24540.553191489365,69607.44680851063,
36,063,42950,73061,55691,54712,67778,70206.1914893617,75915.8085106383,35378.085106382976,50521.914893617024,36559.255319148935,74822.74468085106,35772.085106382976,73651.91489361702,35319.446808510635,100236.55319148937,
36,065,30785,74699,57846,58484,,72204.02127659574,77193.97872340426,20720.48936170213,40849.51063829787,44751.53191489362,70940.46808510637,47142.21276595745,69825.78723404255,,,
36,067,39955,83506,53705,79602,41275,81957.06382978724,85054.93617021276,34677.89361702128,45232.10638297872,46191.46808510638,61218.53191489362,68824.97872340426,90379.02127659574,35243.68085106383,47306.31914893617,
36,069,79363,83237,68159,106964,11397,78939.29787234042,87534.70212765958,63501.89361702128,95224.10638297873,63115.425531914894,73202.5744680851,54260.85106382979,159667.1489361702,10754.787234042553,12039.212765957447,
36,071,88851,98603,97363,101989,83373,94907,102299,78816.27659574468,98885.72340425532,92178.82978723405,102547.17021276595,86959.55319148937,117018.44680851063,67665.59574468085,99080.40425531915,
36,073,106618,65821,64327,,55263,62232.234042553195,69409.76595744681,47422.425531914894,165813.5744680851,10706.404255319147,117947.59574468085,,,24764.44680851064,85761.55319148937,
36,075,41964,70142,41146,69115,,67271.70212765958,73012.29787234042,7827.829787234041,76100.17021276595,26428.72340425532,55863.27659574468,45676.02127659574,92553.97872340426,,,
36,077,33864,70145,61153,57191,,65558.9574468085,74731.0425531915,4080.3404255319147,63647.65957446808,52305,70001,40324.27659574468,74057.72340425532,,,
36,079,108311,128847,119167,115481,227782,122100.78723404255,135593.21276595746,87686.31914893616,128935.68085106384,96881.38297872341,141452.6170212766,83165.4255319149,147796.5744680851,68199.87234042556,387364.12765957444,
36,081,82975,97271,76077,85429,84068,94928.53191489361,99613.46808510639,80545.55319148937,85404.44680851063,74285,77869,83268.82978723405,87589.17021276595,78708.68085106384,89427.31914893616,
36,083,46644,91504,80809,85114,141607,88406.12765957447,94601.87234042553,33984.425531914894,59303.574468085106,62567.29787234042,99050.70212765958,51915.53191489362,118312.46808510637,117254.14893617021,165959.8510638298,
36,085,66495,109374,82764,91424,102500,106227.27659574468,112520.72340425532,60307.59574468085,72682.40425531915,74389.02127659574,91138.97872340426,86308.93617021276,96539.06382978724,79600.76595744681,125399.23404255319,
36,087,103352,112859,90277,159816,95938,108442.14893617021,117275.85106382979,84023.65957446808,122680.34042553192,83231.72340425532,97322.27659574468,146047.1489361702,173584.8510638298,52336.638297872334,139539.36170212767,
36,089,54231,63257,63152,61292,36065,59351.29787234042,67162.70212765958,12752.872340425529,95709.12765957447,45509.617021276594,80794.38297872341,26271.744680851065,96312.25531914894,33942.95744680851,38187.04255319149,
36,091,84063,100292,90500,182923,79808,96343.40425531915,104240.59574468085,72581.8085106383,95544.1914893617,77116,103884,164277.3829787234,201568.6170212766,21857.531914893618,137758.46808510637,
36,093,51910,85650,59538,95248,68000,83007.27659574468,88292.72340425532,37915.95744680851,65904.0425531915,47687.446808510635,71388.55319148937,68160.68085106384,122335.31914893616,64925.95744680851,71074.0425531915,
36,095,,71325,53500,,,67067.8085106383,75582.1914893617,,,28905.276595744683,78094.72340425532,,,,,
36,097,52955,68096,85625,,33194,62301.78723404255,73890.21276595745,23002.14893617021,82907.85106382979,43439.12765957447,127810.87234042553,,,16945.659574468085,49442.34042553192,
36,099,,68679,,153594,,65811.08510638298,71546.91489361702,,,,,120344.29787234042,186843.70212765958,,,
36,101,42500,65787,58333,120489,,62790.40425531915,68783.59574468085,31484.68085106383,53515.31914893617,36509.68085106383,80156.31914893616,90575.46808510637,150402.53191489363,,,
36,103,113857,134217,121634,146047,83912,131972.2340425532,136461.7659574468,106795.0425531915,120918.9574468085,118482.51063829787,124785.48936170213,135782.31914893616,156311.68085106384,62583.14893617021,105240.85106382979,
36,105,78969,75822,61227,83421,39491,70791.53191489363,80852.46808510637,56185.34042553192,101752.65957446808,53426.31914893617,69027.68085106384,57632.404255319154,109209.59574468085,3737.9787234042524,75244.02127659574,
36,107,,72620,94904,,,68669.02127659574,76570.97872340426,,,33558.97872340426,156249.02127659574,,,,,
36,109,35473,77742,56697,61323,94750,73368.0425531915,82115.9574468085,29090.191489361703,41855.8085106383,41833.17021276596,71560.82978723405,51306.14893617021,71339.85106382979,42395.95744680851,147104.04255319148,
36,111,78611,88020,70950,96895,53866,83886.72340425532,92153.27659574468,52964.19148936171,104257.8085106383,53255.19148936171,88644.8085106383,32248.36170212766,161541.63829787233,36525.063829787236,71206.93617021276,
36,113,,79383,60526,106354,53542,73972.44680851063,84793.55319148937,,,31401.234042553195,89650.7659574468,35871.446808510635,176836.55319148937,43983.87234042553,63100.12765957447,
36,115,,73267,92462,,103750,70133.3829787234,76400.6170212766,,,22012.808510638293,162911.1914893617,,,47471.1914893617,160028.8085106383,
36,117,55787,75982,61081,121667,38750,72846,79118,10965.553191489365,100608.44680851063,54231.12765957447,67930.87234042553,16668.191489361692,226665.8085106383,35603.27659574468,41896.72340425532,
36,119,81382,149651,84656,168003,78250,145050.6595744681,154251.3404255319,77313.06382978724,85450.93617021276,79397.9574468085,89914.0425531915,156975.7659574468,179030.2340425532,54993.31914893617,101506.68085106384,
36,121,68816,68460,100299,,,63888.255319148935,73031.74468085106,52363.914893617024,85268.08510638298,60554.48936170213,140043.51063829788,,,,,
36,123,,70013,52500,,,65249.425531914894,74776.5744680851,,,30045.191489361703,74954.8085106383,,,,,
37,000,52390,80642,62341,120193,48615,80042.68085106384,81241.31914893616,51751.36170212766,53028.63829787234,61356.82978723404,63325.17021276596,115993,124393,45986.574468085106,51243.425531914894,
37,001,50834,72574,61643,132550,,69850.25531914894,75297.74468085106,45461.574468085106,56206.425531914894,54889.63829787234,68396.36170212766,118403.44680851063,146696.55319148937,,,
37,003,63255,66229,70052,88827,,59090.78723404255,73367.21276595745,27196.957446808512,99313.04255319148,20203.65957446808,119900.34042553192,45617.63829787234,132036.36170212767,,,
37,005,48882,49895,42942,,,43883.936170212764,55906.063829787236,41972.553191489365,55791.446808510635,25008.893617021276,60875.10638297872,,,,,
37,007,33219,56180,65292,,37083,47909.87234042553,64450.12765957447,28270.744680851065,38167.255319148935,42373.70212765958,88210.29787234042,,,5342.91489361702,68823.08510638298,
37,009,56750,56808,57887,,166127,50384.68085106383,63231.31914893617,47396.8085106383,66103.1914893617,24266.744680851065,91507.25531914894,,,165799.3404255319,166454.6595744681,
37,011,,61755,49261,,,52360.10638297872,71149.89361702127,,,23790.531914893618,74731.46808510637,,,,,
37,013,33483,71626,36399,79097,,67078.08510638298,76173.91489361702,28189.212765957447,38776.78723404255,5520.361702127659,67277.63829787234,55443.553191489365,102750.44680851063,,,
37,015,41895,69141,39329,,,56501.68085106383,81780.31914893616,33932.27659574468,49857.72340425532,35456.65957446808,43201.34042553192,,,,,
37,017,33418,60264,32468,,52008,52223.82978723404,68304.17021276595,28880.808510638297,37955.1914893617,23149.36170212766,41786.63829787234,,,20664.68085106383,83351.31914893616,
37,019,54817,80335,65060,99609,60729,76915.4255319149,83754.5744680851,45808.14893617021,63825.85106382979,52326.553191489365,77793.44680851063,71731.72340425532,127486.27659574468,571.8936170212764,120886.10638297873,
37,021,32781,78375,57151,87500,54053,74661.12765957447,82088.87234042553,25859.63829787234,39702.36170212766,45438.65957446808,68863.34042553192,56443.82978723404,118556.17021276595,32590.702127659577,75515.29787234042,
37,023,49847,59944,60500,98239,55335,55188.76595744681,64699.23404255319,44313.72340425532,55380.27659574468,48427.82978723404,72572.17021276595,79070.31914893616,117407.68085106384,22953.893617021276,87716.10638297873,
37,025,72904,91882,75033,162847,,87285.23404255319,96478.76595744681,65811.06382978724,79996.93617021276,62622.446808510635,87443.55319148937,128308.10638297873,197385.89361702127,,,
37,027,75254,56940,46602,51368,,54012.51063829787,59867.48936170213,46112.553191489365,104395.44680851063,41452.382978723406,51751.617021276594,50505.36170212766,52230.63829787234,,,
37,029,92899,81811,,,,59472.957446808505,104149.0425531915,80469.3829787234,105328.6170212766,,,,,,,
37,031,42455,74772,61471,58750,47273,70258.63829787234,79285.36170212766,17955.595744680853,66954.40425531915,43521.21276595745,79420.78723404255,37211.446808510635,80288.55319148937,4017.170212765959,90528.82978723405,
37,033,45658,64545,,,,56615.63829787234,72474.36170212766,35675.70212765958,55640.29787234042,,,,,,,
37,035,45017,72169,55465,106531,,68780.40425531915,75557.59574468085,39003.553191489365,51030.446808510635,41867.72340425532,69062.27659574468,81870.74468085106,131191.25531914894,,,
37,037,62098,104009,64255,216522,97568,97325.93617021276,110692.06382978724,35899.531914893625,88296.46808510637,43595.76595744681,84914.23404255319,140338.17021276598,292705.829787234,41373.78723404255,153762.21276595746,
37,039,,54805,50208,,30386,50657.425531914894,58952.574468085106,,,31066.72340425532,69349.27659574468,,,15677.063829787234,45094.936170212764,
37,041,28080,79765,47888,,,67256.74468085106,92273.25531914894,23681.021276595744,32478.978723404256,14193.872340425536,81582.12765957447,,,,,
37,043,23919,56471,,,,46172.95744680851,66769.04255319148,9291.08510638298,38546.914893617024,,,,,,,
37,045,39454,64809,55990,93929,,61051.04255319149,68566.9574468085,35337.40425531915,43570.59574468085,24170.08510638298,87809.91489361702,33991.127659574464,153866.87234042553,,,
37,047,31232,56344,64643,,60871,49973.10638297872,62714.89361702128,25873.872340425532,36590.12765957447,50745.46808510638,78540.53191489361,,,47544.19148936171,74197.8085106383,
37,049,38641,74693,62788,106667,42578,71821.51063829787,77564.48936170213,34505.34042553192,42776.65957446808,51282.97872340426,74293.02127659574,47087.76595744681,166246.23404255317,26463.106382978724,58692.89361702128,
37,051,51867,72231,60212,71098,48226,69859.93617021276,74602.06382978724,49978.48936170213,53755.51063829787,57469.1914893617,62954.8085106383,60029.063829787236,82166.93617021276,34587.02127659575,61864.97872340425,
37,053,72120,96378,90901,108750,,84600.12765957447,108155.87234042553,38241.1914893617,105998.80851063831,66106.10638297873,115695.89361702127,93788.46808510637,123711.53191489363,,,
37,055,91023,92382,56279,66250,,84516.97872340426,100247.02127659574,35669.97872340425,146376.02127659574,38478.14893617021,74079.85106382979,34693.404255319154,97806.59574468085,,,
37,057,44982,67064,52038,59167,74118,63917.27659574468,70210.72340425532,40199.36170212766,49764.63829787234,39142.51063829787,64933.48936170213,36297.553191489365,82036.44680851063,39505.234042553195,108730.7659574468,
37,059,54489,75595,76250,,,71769.12765957447,79420.87234042553,37007.46808510638,71970.53191489363,47003.70212765958,105496.29787234042,,,,,
37,061,40020,63641,49886,,45655,57949.255319148935,69332.74468085106,33570.46808510638,46469.53191489362,37364.63829787234,62407.36170212766,,,6905.382978723406,84404.61702127659,
37,063,64082,108321,65747,98232,62297,103770.70212765958,112871.29787234042,58745.31914893617,69418.68085106384,57439.936170212764,74054.06382978724,78587.91489361702,117876.08510638298,37822.6170212766,86771.3829787234,
37,065,40119,68151,55709,,83750,56775.85106382979,79526.14893617021,32609.042553191488,47628.95744680851,36101.85106382979,75316.14893617021,,,34976.3829787234,132523.61702127662,
37,067,47371,78737,61041,101488,68788,76402.87234042553,81071.12765957447,44109.89361702128,50632.10638297872,56584.82978723404,65497.17021276596,90513.1914893617,112462.8085106383,45543.23404255319,92032.76595744681,
37,069,65080,80785,59063,98906,,74050.70212765958,87519.29787234042,54886.8085106383,75273.1914893617,41554.063829787236,76571.93617021276,40581.404255319154,157230.59574468085,,,
37,071,53381,72254,53810,90133,77703,70066.4255319149,74441.5744680851,50262.87234042553,56499.12765957447,46177.31914893617,61442.68085106383,66537.93617021276,113728.06382978724,36904.02127659575,118501.97872340426,
37,073,47544,77139,,,,69327.59574468085,84950.40425531915,29884.936170212768,65203.063829787236,,,,,,,
37,075,,49533,46406,,58787,44193.936170212764,54872.063829787236,,,39410.76595744681,53401.23404255319,,,38223.085106382976,79350.91489361702,
37,077,43543,85333,63984,66490,41184,78149.51063829787,92516.48936170213,33877.63829787234,53208.36170212766,54894.12765957447,73073.87234042553,3957.0638297872356,129022.93617021276,39212.085106382976,43155.914893617024,
37,079,36496,61090,54052,,33627,57069.914893617024,65110.085106382976,27826.723404255317,45165.27659574468,44626.12765957447,63477.87234042553,,,28081.808510638297,39172.1914893617,
37,081,52427,83266,62364,86340,56250,80408.8085106383,86123.1914893617,50254.914893617024,54599.085106382976,56401.78723404255,68326.21276595745,75963.31914893616,96716.68085106384,19707.021276595748,92792.97872340426,
37,083,35978,61212,39273,,32455,54766.04255319149,67657.9574468085,31279.957446808512,40676.04255319149,18892.574468085106,59653.425531914894,,,22906.404255319147,42003.59574468085,
37,085,54136,75262,75259,76818,50556,71863.87234042553,78660.12765957447,50619.914893617024,57652.085106382976,64231.76595744681,86286.23404255319,33326.255319148935,120309.74468085106,19381.872340425532,81730.12765957447,
37,087,19688,61854,75573,,116855,58818.085106382976,64889.914893617024,16403.063829787236,22972.936170212764,60380.31914893617,90765.68085106384,,,62394.404255319154,171315.59574468085,
37,089,49547,71553,51032,83719,,67445.93617021276,75660.06382978724,30038.744680851065,69055.25531914894,46214.8085106383,55849.1914893617,70852.10638297873,96585.89361702127,,,
37,091,42003,65313,30179,55184,51250,54015.29787234042,76610.70212765958,37027.34042553192,46978.65957446808,9444.702127659577,50913.29787234042,36345.36170212766,74022.63829787234,5439.617021276594,97060.38297872341,
37,093,54401,74022,69440,89853,49188,67639.1914893617,80404.8085106383,47112.65957446808,61689.34042553192,57047.31914893617,81832.68085106384,42991.72340425532,136714.27659574468,41552.936170212764,56823.063829787236,
37,095,30821,59808,76467,,,42276.425531914894,77339.5744680851,19433.936170212764,42208.063829787236,67688.10638297873,85245.89361702127,,,,,
37,097,49086,86754,74940,96880,48826,82528.97872340426,90979.02127659574,42413.65957446808,55758.34042553192,60319.23404255319,89560.76595744681,61318.8085106383,132441.1914893617,9056.468085106382,88595.53191489363,
37,099,,57690,51701,100451,45815,51701.574468085106,63678.425531914894,,,38705.425531914894,64696.574468085106,46819.68085106383,154082.31914893616,27978.40425531915,63651.595744680846,
37,101,66039,91596,65772,112885,79677,87328.08510638298,95863.91489361702,57938.063829787236,74139.93617021276,59608.425531914894,71935.5744680851,62779.29787234042,162990.70212765958,46355.8085106383,112998.19148936169,
37,103,34261,70200,,,,63639.65957446808,76760.34042553192,21035.468085106382,47486.53191489362,,,,,,,
37,105,50024,72957,51308,138824,,66508.65957446808,79405.34042553192,36045.446808510635,64002.553191489365,45737.78723404255,56878.21276595745,15926.638297872341,261721.36170212767,,,
37,107,36543,62653,44692,62721,,53622.70212765958,71683.29787234042,32049.893617021276,41036.10638297872,37309.53191489362,52074.46808510638,4378.531914893618,121063.46808510637,,,
37,109,42849,84358,53656,,,78896.21276595745,89819.78723404255,29145.68085106383,56552.31914893617,37533.95744680851,69778.04255319148,,,,,
37,111,,57500,54148,96439,63138,52153.78723404255,62846.21276595745,,,30115.659574468085,78180.34042553192,78143.68085106384,114734.31914893616,60814.59574468085,65461.40425531915,
37,113,65750,60905,47573,72095,,54585.34042553192,67224.65957446808,20242.255319148935,111257.74468085106,39269.51063829787,55876.48936170213,50280.02127659574,93909.97872340426,,,
37,115,,59049,,83405,,52855.63829787234,65242.36170212766,,,,,81275.8085106383,85534.1914893617,,,
37,117,36522,62805,38114,,,52732.14893617021,72877.85106382979,31546.340425531915,41497.65957446808,14974.08510638298,61253.914893617024,,,,,
37,119,61882,112832,66926,120835,56575,110686.12765957447,114977.87234042553,59926.765957446805,63837.234042553195,63712.553191489365,70139.44680851063,115125.3829787234,126544.6170212766,47512.53191489362,65637.46808510637,
37,121,,58192,,,,52024.85106382979,64359.14893617021,,,,,,,,,
37,123,38584,61768,49853,,21623,55537.70212765958,67998.29787234042,33330.72340425532,43837.27659574468,31228.829787234044,68477.17021276595,,,11609.72340425532,31636.276595744683,
37,125,49865,92117,66011,88728,59653,87672.74468085106,96561.25531914894,44282.87234042553,55447.12765957447,36290.48936170213,95731.51063829787,38711.65957446808,138744.3404255319,10040.574468085106,109265.4255319149,
37,127,54714,72866,80848,122404,61318,66878.76595744681,78853.23404255319,49087.78723404255,60340.21276595745,59906.382978723406,101789.61702127659,106117.53191489363,138690.46808510637,50053.65957446808,72582.34042553192,
37,129,48541,81518,62956,87750,54833,78361.74468085106,84674.25531914894,43138.78723404255,53943.21276595745,48961.95744680851,76950.0425531915,30851.6170212766,144648.38297872338,36989.255319148935,72676.74468085106,
37,131,40097,73531,58313,,,63924.02127659575,83137.97872340426,32180.744680851065,48013.255319148935,49015.8085106383,67610.1914893617,,,,,
37,133,51492,71967,67320,65642,64821,67628.78723404255,76305.21276595745,47016.765957446805,55967.234042553195,59322.72340425532,75317.27659574468,24098.34042553192,107185.65957446808,35902.36170212766,93739.63829787234,
37,135,52121,99961,81765,116875,,94745.85106382979,105176.14893617021,42048.14893617021,62193.85106382979,66362.6170212766,97167.3829787234,87190.23404255319,146559.7659574468,,,
37,137,21765,67305,66471,,,59746.1914893617,74863.8085106383,16079.212765957447,27450.787234042553,46168.02127659574,86773.97872340426,,,,,
37,139,56409,73659,45600,58828,,66448.10638297873,80869.89361702127,46441,66377,24086.468085106382,67113.53191489363,23189.36170212766,94466.63829787234,,,
37,141,51531,84553,58448,117563,67222,77119.29787234042,91986.70212765958,41014.914893617024,62047.085106382976,37658.89361702128,79237.10638297873,26675,208451,40077.48936170213,94366.51063829787,
37,143,48109,78460,,,,66119.74468085106,90800.25531914894,31330.44680851064,64887.553191489365,,,,,,,
37,145,39866,81245,40357,,68750,74245,88245,27982.085106382976,51749.914893617024,22428.659574468085,58285.34042553192,,,56364.46808510638,81135.53191489363,
37,147,44681,70399,52907,79207,52702,65374.48936170213,75423.51063829787,41860.744680851065,47501.255319148935,40620.36170212766,65193.63829787234,40375.17021276596,118038.82978723405,41062.34042553192,64341.65957446808,
37,149,42273,70006,,,77639,64466.76595744681,75545.23404255319,16999.12765957447,67546.87234042553,,,,,42155.255319148935,113122.74468085106,
37,151,36274,63522,59779,52266,35234,59824.8085106383,67219.1914893617,34168.63829787234,38379.36170212766,49625.12765957447,69932.87234042553,36618.17021276596,67913.82978723405,19427.702127659577,51040.29787234042,
37,153,34887,54018,42167,,26929,45114,62922,26342.82978723404,43431.17021276596,7900.957446808512,76433.04255319148,,,21741.255319148935,32116.744680851065,
37,155,31960,57357,46076,62734,38459,53003.29787234042,61710.70212765958,30157.276595744683,33762.72340425532,41323.14893617021,50828.85106382979,42864.72340425532,82603.27659574468,35249.12765957447,41668.87234042553,
37,157,41933,61076,75211,,,56389.87234042553,65762.12765957447,34907.97872340425,48958.02127659575,57381.553191489365,93040.44680851063,,,,,
37,159,50051,70150,59963,,86142,66593.40425531915,73706.59574468085,45500.70212765958,54601.29787234042,52008.617021276594,67917.3829787234,,,85072.0425531915,87211.9574468085,
37,161,30246,55260,52938,,,50695.40425531915,59824.59574468085,23229.31914893617,37262.68085106383,24641.31914893617,81234.68085106384,,,,,
37,163,37595,66128,48827,,51313,58124.76595744681,74131.23404255319,34780.70212765958,40409.29787234042,46436.87234042553,51217.12765957447,,,8660.063829787236,93965.93617021276,
37,165,29257,58593,54667,,52398,54353.68085106383,62832.31914893617,25164.23404255319,33349.765957446805,37713.29787234042,71620.70212765958,,,40929.914893617024,63866.085106382976,
37,167,31497,64912,55032,89914,,59748.085106382976,70075.91489361702,22093.76595744681,40900.23404255319,51389.617021276594,58674.382978723406,51173.91489361702,128654.08510638299,,,
37,169,43333,63798,69341,,,61336.382978723406,66259.6170212766,28021.17021276596,58644.82978723404,7642.106382978731,131039.89361702127,,,,,
37,171,31788,59126,45303,,28897,54747.27659574468,63504.72340425532,16501.191489361703,47074.80851063829,33302.31914893617,57303.68085106383,,,298.87234042553246,57495.12765957447,
37,173,31345,49866,51373,,66016,43280.63829787234,56451.36170212766,7647.468085106382,55042.53191489362,49996.82978723404,52749.17021276596,,,56478.12765957447,75553.87234042553,
37,175,,67007,,,26667,61155.59574468085,72858.40425531915,,,,,,,15150.063829787234,38183.936170212764,
37,177,35135,52179,,,,35002.48936170213,69355.51063829787,31888.191489361703,38381.8085106383,,,,,,,
37,179,76258,109024,82454,230156,89212,105811.74468085106,112236.25531914894,69023.27659574468,83492.72340425532,73522.59574468085,91385.40425531915,191742.3829787234,268569.6170212766,43494.553191489365,134929.44680851063,
37,181,41151,61137,70240,,,56592.65957446808,65681.34042553192,36358.82978723404,45943.17021276596,46229.10638297872,94250.89361702127,,,,,
37,183,67267,118396,73354,160788,84635,115984.4255319149,120807.5744680851,62619,71915,67945.82978723405,78762.17021276595,154735.2340425532,166840.7659574468,75352.10638297873,93917.89361702127,
37,185,36267,69208,61736,51750,38125,61474.04255319149,76941.9574468085,31771.51063829787,40762.48936170213,60896,62576,43911.1914893617,59588.8085106383,28365.51063829787,47884.48936170213,
37,187,31389,59837,71292,,,46767.553191489365,72906.44680851063,21940.48936170213,40837.51063829787,39286.21276595745,103297.78723404255,,,,,
37,189,,53431,32842,,50333,49679,57183,,,20056.12765957447,45627.87234042553,,,12154.106382978724,88511.89361702127,
37,191,48281,72245,48522,97500,32222,68068.82978723405,76421.17021276595,43959.46808510638,52602.53191489362,44360.12765957447,52683.87234042553,76535.74468085106,118464.25531914894,1161.0638297872356,63282.936170212764,
37,193,29151,53236,45876,,53056,50066.63829787234,56405.36170212766,14374.148936170213,43927.85106382979,39338.29787234042,52413.70212765958,,,13498.553191489365,92613.44680851063,
37,195,43449,71558,45221,,68170,62571.78723404255,80544.21276595745,39151.29787234042,47746.70212765958,36189.51063829787,54252.48936170213,,,30423.6170212766,105916.3829787234,
37,197,28811,64300,62539,,73728,61026.97872340425,67573.02127659574,14160.446808510638,43461.553191489365,23063.765957446805,102014.2340425532,,,72903.48936170213,74552.51063829787,
37,199,,58355,67917,44750,,51779.17021276596,64930.82978723404,,,51731.8085106383,84102.1914893617,8124.808510638293,81375.1914893617,,,
38,000,48289,80489,65018,69063,46368,79058.02127659574,81919.97872340426,42551.97872340426,54026.02127659574,55667.19148936171,74368.8085106383,52445.29787234042,85680.70212765958,39979.23404255319,52756.76595744681,
38,001,,59265,,,,45803.553191489365,72726.44680851063,,,,,,,,,
38,003,,72188,,,,60762.8085106383,83613.1914893617,,,,,,,,,
38,005,,72500,48750,,34185,63758.04255319149,81241.9574468085,,,35494.68085106383,62005.31914893617,,,18260.744680851065,50109.255319148935,
38,007,,102847,,,,70675.59574468085,135018.40425531915,,,,,,,,,
38,009,,86133,54375,63750,,75609.76595744681,96656.23404255319,,,5114.063829787228,103635.93617021278,63026.765957446805,64473.234042553195,,,
38,011,,71328,183250,,33750,56260.425531914894,86395.5744680851,,,57804.04255319148,308695.9574468085,,,17938.936170212764,49561.063829787236,
38,013,,100962,90938,83750,,84660.04255319148,117263.95744680852,,,20071.787234042553,161804.21276595746,76995.44680851063,90504.55319148937,,,
38,015,97530,88229,87933,85250,49676,83159.21276595745,93298.78723404255,57814.085106382976,137245.91489361704,55781.85106382979,120084.14893617021,55630.76595744681,114869.23404255319,32798.553191489365,66553.44680851063,
38,017,40868,79757,51024,90909,51378,77189.34042553192,82324.65957446808,32552.595744680853,49183.40425531915,32322.382978723406,69725.61702127659,62609.936170212764,119208.06382978724,30846.255319148935,71909.74468085106,
38,019,,70000,,,,59105.02127659575,80894.97872340426,,,,,,,,,
38,021,,76071,,,,60778.234042553195,91363.76595744681,,,,,,,,,
38,023,,89318,,,,75496.72340425532,103139.27659574468,,,,,,,,,
38,025,62917,100107,51731,,88500,96055.93617021276,104158.06382978724,22153.765957446805,103680.2340425532,38661.553191489365,64800.446808510635,,,76135.91489361702,100864.08510638298,
38,027,,47188,55714,,,36984.085106382976,57391.914893617024,,,785.1489361702188,110642.85106382979,,,,,
38,029,,64766,,,66339,55149.48936170213,74382.51063829787,,,,,,,53571,79107,
38,031,,89007,,,,74983.17021276595,103030.82978723405,,,,,,,,,
38,033,,75568,,,,46040.51063829787,105095.48936170213,,,,,,,,,
38,035,60917,72517,55714,59148,32009,68243.12765957447,76790.87234042553,58879.553191489365,62954.446808510635,37848.8085106383,73579.19148936169,43132,75164,14979.042553191492,49038.957446808505,
38,037,,57143,,,,42554.404255319154,71731.59574468085,,,,,,,,,
38,039,,61776,,,,55015.48936170213,68536.51063829787,,,,,,,,,
38,041,,73575,,,,66588.10638297873,80561.89361702127,,,,,,,,,
38,043,,66402,,,,57514.68085106383,75289.31914893616,,,,,,,,,
38,045,,79609,100000,,,68548.40425531915,90669.59574468085,,,85494.8085106383,114505.1914893617,,,,,
38,047,,65417,,,,49346.19148936171,81487.8085106383,,,,,,,,,
38,049,,81358,93750,,,72549.31914893616,90166.68085106384,,,22788.46808510639,164711.5319148936,,,,,
38,051,,63409,66806,,78155,54447.8085106383,72370.1914893617,,,30024.723404255325,103587.27659574468,,,58943.425531914894,97366.5744680851,
38,053,,102347,92047,,66016,87658.31914893616,117035.68085106384,,,4216.361702127659,179877.63829787233,,,34995.574468085106,97036.4255319149,
38,055,,82288,,173281,87813,73803.40425531915,90772.59574468085,,,,,103876.74468085106,242685.25531914894,43842.27659574468,131783.72340425532,
38,057,,80856,,,,73039.82978723405,88672.17021276595,,,,,,,,,
38,059,,84573,51232,,60930,76429.17021276595,92716.82978723405,,,37218.89361702128,65245.10638297872,,,39318.76595744681,82541.23404255319,
38,061,49167,96480,109055,,41333,74002.55319148937,118957.44680851063,16579.76595744681,81754.23404255319,74669.80851063831,143440.1914893617,,,24276.829787234044,58389.17021276595,
38,063,,68438,,,,55954.76595744681,80921.23404255319,,,,,,,,,
38,065,,78194,,,,67002.34042553192,89385.65957446808,,,,,,,,,
38,067,,71500,,,32917,60744.425531914894,82255.5744680851,,,,,,,18510.702127659577,47323.29787234042,
38,069,,60625,,,,44051.382978723406,77198.61702127659,,,,,,,,,
38,071,,62089,,61320,40792,42295.97872340426,81882.02127659574,,,,,61163.914893617024,61476.085106382976,14547.063829787236,67036.93617021276,
38,073,63580,76387,63750,,,70626.14893617021,82147.85106382979,27898.46808510639,99261.53191489361,32546.085106382976,94953.91489361702,,,,,
38,075,,74596,,,,67606.72340425532,81585.27659574468,,,,,,,,,
38,077,,76106,109250,64886,47986,71193.48936170213,81018.51063829787,,,52778.17021276596,165721.82978723405,28273.914893617024,101498.08510638298,2774.9361702127717,93197.06382978722,
38,079,,83750,,,51632,64063.02127659575,103436.97872340426,,,,,,,46576.51063829787,56687.48936170213,
38,081,48472,81447,,,,73566.48936170213,89327.51063829787,42482.382978723406,54461.617021276594,,,,,,,
38,083,,62500,,,,52782.21276595745,72217.78723404255,,,,,,,,,
38,085,,81500,,,34020,68071.91489361702,94928.08510638298,,,,,,,25384.08510638298,42655.914893617024,
38,087,,78125,,,,68565.68085106384,87684.31914893616,,,,,,,,,
38,089,63979,84926,,,111719,78337.06382978724,91514.93617021276,53881.12765957447,74076.87234042553,,,,,78567,144871,
38,091,,82788,,,,57134.04255319149,108441.95744680852,,,,,,,,,
38,093,92849,62317,58482,,6309,56165.34042553192,68468.65957446808,55135.97872340426,130562.02127659574,560.1276595744712,116403.87234042553,,,6083.808510638298,6534.191489361702,
38,095,,67500,,,,56715.82978723404,78284.17021276595,,,,,,,,,
38,097,,89250,,,,79633.48936170213,98866.51063829787,,,,,,,,,
38,099,96063,74831,64560,22222,,67664.1914893617,81997.8085106383,65457.21276595745,126668.78723404255,50672,78448,9661.31914893617,34782.68085106383,,,
38,101,54160,82401,62875,48438,42628,78137.85106382979,86664.14893617021,42440.51063829787,65879.48936170213,35415.936170212764,90334.06382978724,40925.65957446808,55950.34042553192,18889.95744680851,66366.0425531915,
38,103,,66658,,,,57582.425531914894,75733.5744680851,,,,,,,,,
38,105,51319,93763,43886,,,89368.78723404255,98157.21276595745,7603.255319148942,95034.74468085106,33397.31914893617,54374.68085106383,,,,,
39,000,44124,76756,60264,97504,46517,76373.53191489361,77138.46808510639,43396,44852,58777.02127659575,61750.97872340425,93686.46808510639,101321.53191489361,41394.78723404255,51639.21276595745,
39,001,58125,51098,,125438,,45189.40425531915,57006.59574468085,44316.82978723404,71933.17021276595,,,22468.297872340423,228407.70212765958,,,
39,003,44402,66828,54722,105966,62803,63842.12765957447,69813.87234042553,39423.95744680851,49380.04255319149,37410.85106382979,72033.14893617021,76075.10638297873,135856.89361702127,19145.63829787234,106460.36170212766,
39,005,60278,70457,46691,,6506,65113.17021276596,75800.82978723405,10365.31914893617,110190.68085106384,18593.297872340427,74788.70212765958,,,3312.808510638298,9699.191489361703,
39,007,,58892,47694,99722,,55833.44680851064,61950.55319148936,,,36175.87234042553,59212.12765957447,44382.085106382976,155061.91489361704,,,
39,009,39583,56659,59231,66047,,53971,59347,30148.787234042553,49017.21276595745,7178.404255319147,111283.59574468085,8647,123447,,,
39,011,60475,79174,84464,,90417,74452.12765957447,83895.87234042553,42815.936170212764,78134.06382978724,9160.680851063837,159767.31914893616,,,62395.553191489365,118438.44680851063,
39,013,35203,58339,,60167,,53387.17021276596,63290.82978723404,29349.212765957447,41056.78723404255,,,43057.21276595745,77276.78723404255,,,
39,015,,71197,,48750,,67904.91489361702,74489.08510638298,,,,,28317.14893617021,69182.85106382979,,,
39,017,67479,85251,67679,90377,56250,82711.93617021276,87790.06382978724,61176.02127659575,73781.97872340426,58435.425531914894,76922.5744680851,69421.08510638299,111332.91489361701,2715.1914893617068,109784.8085106383,
39,019,56006,65619,,,,58914.48936170213,72323.51063829787,4357.319148936171,107654.68085106384,,,,,,,
39,021,70625,74821,79643,139100,28550,70352.91489361702,79289.08510638298,39498.53191489362,101751.46808510637,14509.042553191488,144776.95744680852,127723.65957446808,150476.3404255319,23649.40425531915,33450.59574468085,
39,023,34331,67126,56212,,24074,64967.02127659575,69284.97872340426,29584.106382978724,39077.89361702128,45576.76595744681,66847.23404255319,,,5365.234042553191,42782.76595744681,
39,025,67923,85496,78239,186149,31550,83036.76595744681,87955.23404255319,58250.48936170213,77595.51063829787,51294.65957446808,105183.34042553192,91879.55319148937,280418.44680851063,1417.234042553191,61682.76595744681,
39,027,,71023,62369,103494,,64957.12765957447,77088.87234042553,,,28901.255319148935,95836.74468085106,43521.574468085106,163466.4255319149,,,
39,029,27756,59070,39064,,123409,56311.70212765958,61828.29787234042,10661.702127659577,44850.29787234042,36708.425531914894,41419.574468085106,,,77172.06382978724,169645.93617021275,
39,031,,55514,,,,50998.255319148935,60029.744680851065,,,,,,,,,
39,033,,57802,63750,110778,,54658.85106382979,60945.14893617021,,,42377.063829787236,85122.93617021276,74121.82978723405,147434.17021276595,,,
39,035,40872,80699,53030,87948,30704,79521.8085106383,81876.1914893617,39541.10638297872,42202.89361702128,49538.936170212764,56521.063829787236,80563.14893617021,95332.85106382979,15635.234042553193,45772.765957446805,
39,037,55750,65220,72902,,,60906.8085106383,69533.1914893617,35718.68085106384,75781.31914893616,21209.234042553195,124594.7659574468,,,,,
39,039,,77507,46746,54583,,74110.06382978724,80903.93617021276,,,41548.72340425532,51943.27659574468,37083.595744680846,72082.40425531915,,,
39,041,128021,132572,94375,162764,,129098.8085106383,136045.1914893617,98976.06382978724,157065.93617021275,72686.31914893616,116063.68085106384,149129.78723404257,176398.21276595743,,,
39,043,34874,75889,79345,,94444,71318.44680851063,80459.55319148937,25782.936170212764,43965.063829787236,33291.553191489365,125398.44680851063,,,26825.787234042553,162062.21276595746,
39,045,91273,92159,61094,86171,,88816.87234042553,95501.12765957447,71757.59574468085,110788.40425531915,29611.27659574468,92576.72340425532,72080.44680851063,100261.55319148937,,,
39,047,31558,63037,,131900,,58002.95744680851,68071.0425531915,28866.425531914894,34249.574468085106,,,78826.29787234042,184973.70212765958,,,
39,049,51628,87435,63404,82939,51800,86023.08510638298,88846.91489361702,49642.97872340425,53613.02127659575,59049.10638297872,67758.89361702127,74875,91003,19854.978723404256,83745.02127659574,
39,051,,73823,57132,81280,,69962.5744680851,77683.4255319149,,,25842.297872340427,88421.70212765958,70324.25531914894,92235.74468085106,,,
39,053,56979,56883,135074,,,51422.40425531915,62343.59574468085,17904.106382978724,96053.89361702127,57440.12765957447,212707.87234042553,,,,,
39,055,54702,107508,137458,119167,,101678.0425531915,113337.9574468085,13562.255319148935,95841.74468085106,70266.34042553192,204649.6595744681,21781.808510638308,216552.1914893617,,,
39,057,64048,90066,98672,124127,90706,86596.3829787234,93535.6170212766,52633.53191489362,75462.46808510637,65633.1914893617,131710.8085106383,82435.59574468085,165818.40425531915,65591.78723404255,115820.21276595745,
39,059,73778,57876,65565,76441,,53254.21276595745,62497.78723404255,26018.34042553192,121537.65957446808,24750.531914893618,106379.46808510637,52881.68085106383,100000.31914893616,,,
39,061,42805,87564,64223,94954,76458,85413.36170212766,89714.63829787234,41301.34042553192,44308.65957446808,52071,76375,84496.29787234042,105411.70212765958,11752.97872340426,141163.02127659574,
39,063,77292,74065,56563,92454,,70447.63829787234,77682.36170212766,43199.914893617024,111384.08510638298,38687.085106382976,74438.91489361702,18115.787234042553,166792.21276595746,,,
39,065,,63663,,,65208,58895.85106382979,68430.14893617021,,,,,,,52485.27659574468,77930.72340425532,
39,067,,55284,39583,,,50473.95744680851,60094.04255319149,,,7524.787234042553,71641.21276595745,,,,,
39,069,,80628,54135,,95769,75026.8085106383,86229.1914893617,,,19714.063829787236,88555.93617021276,,,35628.574468085106,155909.4255319149,
39,071,24271,66084,98942,,,64202.63829787234,67965.36170212766,14571.085106382978,33970.914893617024,80313.06382978724,117570.93617021276,,,,,
39,073,,63369,23750,,,57209,69529,,,6505.574468085109,40994.425531914894,,,,,
39,075,,76355,,,,71691.51063829787,81018.48936170213,,,,,,,,,
39,077,110601,67716,62287,125735,,64108.17021276596,71323.82978723405,41837.76595744681,179364.23404255317,41621.8085106383,82952.19148936169,28984.872340425543,222485.12765957444,,,
39,079,,56732,,,61000,50389.70212765958,63074.29787234042,,,,,,,39056.34042553192,82943.65957446808,
39,081,26764,61289,,,,58951.29787234042,63626.70212765958,18950.212765957447,34577.78723404255,,,,,,,
39,083,158357,74001,90086,,,70106.02127659574,77895.97872340426,51810.44680851065,264903.55319148937,35312.04255319149,144859.95744680852,,,,,
39,085,44417,83306,77396,101371,,80987.36170212766,85624.63829787234,41534.78723404255,47299.21276595745,62320.085106382976,92471.91489361702,72955.17021276595,129786.82978723405,,,
39,087,102586,57782,129643,106688,,54014.51063829787,61549.48936170213,61402.17021276596,143769.82978723405,61095.425531914894,198190.5744680851,38564.595744680846,174811.40425531915,,,
39,089,90750,83704,92377,94104,,80662.12765957447,86745.87234042553,51146.085106382976,130353.91489361702,74409.34042553192,110344.65957446808,70924.76595744681,117283.23404255319,,,
39,091,,71500,102772,,,66620.85106382979,76379.14893617021,,,62412.68085106383,143131.31914893616,,,,,
39,093,39548,79062,53116,99219,50048,76795.78723404255,81328.21276595745,34549.70212765958,44546.29787234042,44873.27659574468,61358.72340425532,70989.0425531915,127448.9574468085,3272.5106382978774,96823.48936170212,
39,095,37457,73130,50533,69571,53945,71343.9574468085,74916.0425531915,34950.10638297872,39963.89361702128,46079.21276595745,54986.78723404255,59732.87234042553,79409.12765957447,48315.21276595745,59574.78723404255,
39,097,,89233,62292,,,83678.27659574468,94787.72340425532,,,41079.914893617024,83504.08510638298,,,,,
39,099,29965,64817,38843,78897,22721,62773.59574468085,66860.40425531915,27708.31914893617,32221.68085106383,29828.1914893617,47857.8085106383,42197.936170212764,115596.06382978724,15028.744680851065,30413.255319148935,
39,101,46635,60233,57321,,,55413.425531914894,65052.574468085106,8269.042553191488,85000.95744680852,29431.808510638297,85210.1914893617,,,,,
39,103,55776,95628,78092,103906,41432,92542.0425531915,98713.9574468085,18487.14893617022,93064.85106382979,49045.87234042553,107138.12765957447,81447.61702127659,126364.38297872341,35541.27659574468,47322.72340425532,
39,105,23920,46860,,,,42818.46808510638,50901.53191489362,14467.91489361702,33372.085106382976,,,,,,,
39,107,,78316,49423,,,73079.40425531915,83552.59574468085,,,23471.170212765956,75374.82978723405,,,,,
39,109,54375,77847,80024,115750,,74072.36170212766,81621.63829787234,23546.40425531915,85203.59574468085,51618.89361702128,108429.10638297873,56942.85106382979,174557.1489361702,,,
39,111,,59671,,,,52939.085106382976,66402.91489361702,,,,,,,,,
39,113,43161,74708,61958,81396,42857,73299.65957446808,76116.34042553192,41024.65957446808,45297.34042553192,57193.234042553195,66722.76595744681,65661.1914893617,97130.8085106383,13688.148936170212,72025.85106382979,
39,115,68080,59083,25667,,,54588.70212765958,63577.29787234042,18502.12765957447,117657.87234042553,6142.063829787236,45191.936170212764,,,,,
39,117,,75967,34225,,,70375.34042553192,81558.65957446808,,,29316.063829787236,39133.936170212764,,,,,
39,119,48772,61222,68672,,,56869.48936170213,65574.51063829787,38830.21276595745,58713.78723404255,24421.276595744683,112922.72340425532,,,,,
39,121,,55304,101250,,,45910.29787234042,64697.70212765958,,,58236.042553191495,144263.95744680852,,,,,
39,123,64006,77255,61236,,,73391,81119,56450.765957446805,71561.23404255319,43052.68085106384,79419.31914893616,,,,,
39,125,,66502,79167,,142250,60213.31914893617,72790.68085106384,,,41755.425531914894,116578.5744680851,,,22869.914893617024,261630.08510638296,
39,127,,67385,104967,,,60844.914893617024,73925.08510638298,,,102447,107487,,,,,
39,129,,74587,63018,,,70991.08510638298,78182.91489361702,,,31921.31914893617,94114.68085106384,,,,,
39,131,41069,54701,,68882,,49134.36170212766,60267.63829787234,24782.531914893618,57355.46808510638,,,4039.957446808512,133724.04255319148,,,
39,133,42853,79055,47096,,98681,75567.51063829787,82542.48936170213,35303.72340425532,50402.27659574468,36489.36170212766,57702.63829787234,,,72013.08510638298,125348.91489361702,
39,135,,69294,,,,65491.95744680851,73096.0425531915,,,,,,,,,
39,137,48750,85895,72500,,71700,82380.10638297873,89409.89361702127,3243.446808510642,94256.55319148937,52332.85106382979,92667.14893617021,,,34716.17021276596,108683.82978723405,
39,139,31961,62401,61050,71058,,59757.085106382976,65044.914893617024,23341.76595744681,40580.23404255319,39182.59574468085,82917.40425531915,8552.46808510639,133563.5319148936,,,
39,141,41903,63071,45133,,16643,60098.234042553195,66043.76595744681,36441.21276595745,47364.78723404255,36336.23404255319,53929.76595744681,,,14963,18323,
39,143,34063,65089,46933,118603,,60525.59574468085,69652.40425531915,22386.404255319147,45739.59574468085,39490.95744680851,54375.04255319149,117509.21276595745,119696.78723404255,,,
39,145,,50825,66944,,,47338.70212765958,54311.29787234042,,,52001.53191489362,81886.46808510639,,,,,
39,147,,66845,68059,75795,,62422.1914893617,71267.8085106383,,,37630.744680851065,98487.25531914894,1155.3404255319183,150434.6595744681,,,
39,149,38559,75486,,,,70768.89361702128,80203.10638297872,26691.76595744681,50426.23404255319,,,,,,,
39,151,42356,71478,65337,134500,52024,69571.6170212766,73384.3829787234,35191.574468085106,49520.425531914894,45796.574468085106,84877.4255319149,52137.10638297873,216862.89361702127,20504.34042553192,83543.65957446808,
39,153,40369,77915,66688,91115,46206,76069.3829787234,79760.6170212766,37810.87234042553,42927.12765957447,46866.382978723406,86509.61702127659,75991.4255319149,106238.5744680851,42411.10638297872,50000.89361702128,
39,155,36572,59024,63300,72888,21983,56091.744680851065,61956.255319148935,31700,41444,44996.34042553192,81603.65957446808,48979.574468085106,96796.4255319149,10643.595744680852,33322.40425531915,
39,157,36359,65652,50944,,,62434.97872340425,68869.02127659574,1606.8297872340409,71111.17021276595,32267.40425531915,69620.59574468085,,,,,
39,159,,109565,107083,186818,165391,104128.23404255319,115001.76595744681,,,68332.19148936169,145833.8085106383,147571.53191489363,226064.46808510637,51490.57446808512,279291.42553191487,
39,161,,68622,65600,111250,,64432.72340425532,72811.27659574468,,,50124.936170212764,81075.06382978724,90120.12765957447,132379.87234042553,,,
39,163,,55398,,,,49377.40425531915,61418.59574468085,,,,,,,,,
39,165,92313,107765,111250,151787,,104626.6170212766,110903.3829787234,73580.40425531915,111045.59574468085,73136.63829787234,149363.36170212767,139987.68085106384,163586.31914893616,,,
39,167,50305,64387,,,20625,59532.87234042553,69241.12765957447,36253.76595744681,64356.23404255319,,,,,7557.936170212766,33692.063829787236,
39,169,73375,73722,62500,86029,,70512.12765957447,76931.87234042553,37511.17021276596,109238.82978723405,34566.72340425532,90433.27659574468,76616.23404255319,95441.76595744681,,,
39,171,,60672,60784,78125,,57739.744680851065,63604.255319148935,,,47792,73776,46651.80851063829,109598.1914893617,,,
39,173,56894,74237,81302,142794,61193,71052.14893617021,77421.85106382979,42428.12765957447,71359.87234042553,73305.91489361702,89298.08510638298,102789.74468085106,182798.25531914894,42012.404255319154,80373.59574468085,
39,175,,70268,88199,,,64809.78723404255,75726.21276595745,,,72899.08510638298,103498.91489361702,,,,,
40,000,45363,69573,57612,75014,57946,68891.46808510639,70254.53191489361,43933.21276595745,46792.78723404255,56344.255319148935,58879.744680851065,70348.12765957447,79679.87234042553,56711.617021276594,59180.382978723406,
40,001,,45186,56746,,50821,37880.97872340425,52491.02127659575,,,51971.70212765958,61520.29787234042,,,43910.36170212766,57731.63829787234,
40,003,,61831,,,31184,54719,68943,,,,,,,30098.55319148936,32269.44680851064,
40,005,38794,55838,88304,,66786,50809.914893617024,60866.085106382976,37279.617021276594,40308.382978723406,65380.936170212764,111227.06382978724,,,41936.29787234042,91635.70212765958,
40,007,,66570,57500,,,56895.10638297872,76244.89361702127,,,48354.12765957447,66645.87234042553,,,,,
40,009,31612,52859,65267,131335,37120,46137.8085106383,59580.1914893617,16858.978723404252,46365.02127659575,36790.404255319154,93743.59574468085,94415.51063829788,168254.48936170212,3181.6170212765937,71058.38297872341,
40,011,53691,64970,60500,,44167,51451.36170212766,78488.63829787234,52500.70212765958,54881.29787234042,47151.744680851065,73848.25531914894,,,18091.25531914894,70242.74468085106,
40,013,45750,59819,49805,71901,50580,53470.744680851065,66167.25531914894,31321.063829787236,60178.936170212764,36654.53191489362,62955.46808510638,65055.89361702128,78746.10638297872,41649.78723404255,59510.21276595745,
40,015,,61716,46597,,44375,57709.02127659575,65722.97872340426,,,39587.46808510638,53606.53191489362,,,40015.34042553192,48734.65957446808,
40,017,83708,90341,73531,97604,74219,87098.9574468085,93583.0425531915,71250.97872340426,96165.02127659574,65866.14893617021,81195.85106382979,55065.44680851064,140142.55319148937,60507.34042553192,87930.65957446808,
40,019,46120,61999,50647,60607,58527,59178.744680851065,64819.255319148935,37313.70212765958,54926.29787234042,42466.23404255319,58827.76595744681,41238.14893617021,79975.85106382979,51045.63829787234,66008.36170212766,
40,021,40764,52945,55217,,49554,48953.51063829787,56936.48936170213,13820.851063829788,67707.14893617021,38309.76595744681,72124.23404255319,,,46027.1914893617,53080.8085106383,
40,023,29138,46641,45417,,66563,41155.382978723406,52126.617021276594,24754.51063829787,33521.48936170213,34823.46808510638,56010.53191489362,,,44006.914893617024,89119.08510638298,
40,025,,88750,,,,29089.744680851065,148410.25531914894,,,,,,,,,
40,027,68880,79103,67728,83723,81345,75434.40425531915,82771.59574468085,59981.95744680851,77778.04255319148,61665.70212765958,73790.29787234042,71453.0425531915,95992.9574468085,72974.78723404255,89715.21276595745,
40,029,,52417,42969,,37500,44124.23404255319,60709.76595744681,,,21574.617021276594,64363.382978723406,,,25026.297872340427,49973.70212765958,
40,031,52331,62584,60577,60523,52724,58866.553191489365,66301.44680851063,47051.51063829787,57610.48936170213,52300.914893617024,68853.08510638298,52400.617021276594,68645.3829787234,42975.23404255319,62472.76595744681,
40,033,,59982,28370,,46250,52258.76595744681,67705.23404255319,,,19653.063829787236,37086.936170212764,,,14702.936170212768,77797.06382978724,
40,035,,52188,50221,,56513,47070.55319148936,57305.44680851064,,,5013.510638297877,95428.48936170212,,,48257.17021276596,64768.82978723404,
40,037,66971,63209,58430,,58438,59748.914893617024,66669.08510638298,43597.553191489365,90344.44680851063,51200.04255319149,65659.9574468085,,,51417.744680851065,65458.255319148935,
40,039,,63568,48019,23893,,58698.382978723406,68437.6170212766,,,38211.85106382979,57826.14893617021,13522.27659574468,34263.72340425532,,,
40,041,,58788,47907,66705,49990,55756.85106382979,61819.14893617021,,,31188.021276595744,64625.97872340426,49434.36170212766,83975.63829787234,41452.97872340426,58527.02127659574,
40,043,,63611,49167,,40000,54945.29787234042,72276.70212765958,,,12752.702127659577,85581.29787234042,,,14018.382978723403,65981.6170212766,
40,045,,59432,80556,,61786,51066.553191489365,67797.44680851063,,,19924.68085106383,141187.31914893616,,,20440.12765957447,103131.87234042553,
40,047,27842,68952,57156,,50286,64033.53191489362,73870.46808510639,4706.8510638297885,50977.14893617021,48123.31914893617,66188.68085106384,,,43151.36170212766,57420.63829787234,
40,049,55121,60313,50833,51429,49583,57971.72340425532,62654.27659574468,9853.936170212772,100388.06382978722,41220.063829787236,60445.936170212764,13767.212765957447,89090.78723404255,37515.595744680846,61650.404255319154,
40,051,38036,78254,69450,,79940,73447.53191489363,83060.46808510637,25389.531914893618,50682.46808510638,61145.31914893617,77754.68085106384,,,47154.97872340425,112725.02127659574,
40,053,88606,61944,,,56528,54817.70212765958,69070.29787234042,88088.89361702128,89123.10638297872,,,,,54627.574468085106,58428.425531914894,
40,055,,60291,,,,50667.34042553192,69914.65957446808,,,,,,,,,
40,057,,46667,35375,,,31135.936170212764,62198.063829787236,,,23040.702127659577,47709.29787234042,,,,,
40,059,,66346,63438,,,52272.12765957447,80419.87234042553,,,45763.446808510635,81112.55319148937,,,,,
40,061,29375,50165,53750,,54375,45480.063829787236,54849.936170212764,7730.40425531915,51019.595744680846,30585.063829787236,76914.93617021276,,,34761.89361702128,73988.10638297873,
40,063,26818,53800,34423,,43456,48553.87234042553,59046.12765957447,13606.765957446809,40029.23404255319,13287.170212765956,55558.82978723405,,,34898.72340425532,52013.27659574468,
40,065,45078,68710,51429,,,58694.34042553192,78725.65957446808,10884.638297872341,79271.36170212766,42161.59574468085,60696.40425531915,,,,,
40,067,,48514,53438,,60000,42838.936170212764,54189.063829787236,,,35958.85106382979,70917.14893617021,,,28549.446808510642,91450.55319148937,
40,069,50278,51205,45074,,52500,44500.48936170213,57909.51063829787,30002.425531914894,70553.5744680851,37435.36170212766,52712.63829787234,,,38279.574468085106,66720.4255319149,
40,071,,60142,52895,,47837,56689.063829787236,63594.936170212764,,,40259.255319148935,65530.744680851065,,,37656.914893617024,58017.085106382976,
40,073,,76821,56395,,83750,68032.5744680851,85609.4255319149,,,31691.85106382979,81098.14893617021,,,36175.02127659575,131324.97872340426,
40,075,30766,48214,40179,,50000,39778.255319148935,56649.744680851065,16014.17021276596,45517.82978723404,28409.468085106382,51948.53191489362,,,34807.31914893617,65192.68085106383,
40,077,,41376,38250,,44076,39717.446808510635,43034.553191489365,,,23178.85106382979,53321.14893617021,,,35479.40425531915,52672.59574468085,
40,079,31071,51963,50063,81014,50230,49074.82978723404,54851.17021276596,7816.702127659573,54325.29787234042,40940.95744680851,59185.04255319149,52131.10638297872,109896.89361702127,44616.89361702128,55843.10638297872,
40,081,29318,62669,62863,64135,57188,59722.446808510635,65615.55319148937,6699.957446808512,51936.04255319149,47432.02127659575,78293.97872340426,36683.085106382976,91586.91489361702,40185.446808510635,74190.55319148937,
40,083,38298,87246,76964,88854,65271,81986.76595744681,92505.23404255319,28862.595744680853,47733.40425531915,51766.3829787234,102161.6170212766,83778.25531914894,93929.74468085106,48814.14893617021,81727.85106382979,
40,085,,66364,70625,56250,56250,57606.553191489365,75121.44680851063,,,54124.063829787236,87125.93617021276,17461.063829787236,95038.93617021276,38761.31914893617,73738.68085106384,
40,087,,85495,61970,,87192,78405.63829787234,92584.36170212766,,,51872.12765957447,72067.87234042553,,,73463.65957446808,100920.34042553192,
40,089,24739,54148,51563,82283,55375,48831.574468085106,59464.425531914894,15590.744680851065,33887.255319148935,40171.17021276596,62954.82978723404,36822.914893617024,127743.08510638298,46822.48936170213,63927.51063829787,
40,091,32500,47513,37260,93269,44712,42845.936170212764,52180.063829787236,7882.638297872341,57117.36170212766,16700.851063829785,57819.14893617021,4080.0638297872356,182457.93617021275,33149.78723404255,56274.21276595745,
40,093,,70579,52292,,101591,64500.02127659575,76657.97872340426,,,23747.489361702126,80836.51063829787,,,59612.446808510635,143569.55319148937,
40,095,47833,60929,56250,,41283,57070.95744680851,64787.04255319149,858.5319148936178,94807.46808510637,47634.34042553192,64865.65957446808,,,36526.574468085106,46039.425531914894,
40,097,69300,63288,59931,70278,53750,57417.53191489362,69158.46808510639,39185.10638297872,99414.89361702127,38371,81491,51006.85106382979,89549.14893617021,44316.97872340426,63183.02127659574,
40,099,55714,66892,71750,,76161,57487.574468085106,76296.4255319149,26747.702127659577,84680.29787234042,52192.89361702128,91307.10638297873,,,61835.72340425532,90486.27659574468,
40,101,36120,54778,57064,44421,62031,51253.574468085106,58302.425531914894,28151.31914893617,44088.68085106383,50936.17021276596,63191.82978723404,26680.914893617024,62161.085106382976,54008.70212765958,70053.29787234042,
40,103,166250,67477,,41250,62273,52744.234042553195,82209.76595744681,20939.531914893625,311560.46808510635,,,28959.787234042553,53540.21276595745,39675.21276595745,84870.78723404255,
40,105,,62500,48125,,41146,51154.63829787234,73845.36170212766,,,29730.787234042553,66519.21276595745,,,18196.72340425532,64095.27659574468,
40,107,30375,52500,39250,73438,48348,43743.744680851065,61256.255319148935,23071.17021276596,37678.82978723404,11496.638297872341,67003.36170212766,33629.14893617021,113246.85106382979,40835.65957446808,55860.34042553192,
40,109,44844,77254,56150,88646,61779,75332.12765957447,79175.87234042553,42238.21276595745,47449.78723404255,54381.82978723404,57918.17021276596,78032.21276595745,99259.78723404255,55622.574468085106,67935.4255319149,
40,111,37768,57297,57132,,53023,53615.29787234042,60978.70212765958,25778.042553191488,49757.95744680851,40608.425531914894,73655.5744680851,,,45889.553191489365,60156.446808510635,
40,113,43818,66875,53667,,57877,60419.51063829787,73330.48936170213,30517.40425531915,57118.595744680846,28076.191489361703,79257.8085106383,,,48886.02127659574,66867.97872340426,
40,115,71250,51924,45486,55625,46136,48799.914893617024,55048.085106382976,13748.723404255325,128751.27659574468,40467.446808510635,50504.553191489365,35467.382978723406,75782.61702127659,41445.10638297872,50826.89361702128,
40,117,,62361,66176,,40500,57307.89361702128,67414.10638297873,,,38083.063829787236,94268.93617021276,,,32980.51063829787,48019.48936170213,
40,119,45656,55342,35189,30923,48705,50234.085106382976,60449.914893617024,29293.276595744683,62018.72340425532,19410.106382978724,50967.89361702128,28349.382978723403,33496.617021276594,28086.27659574468,69323.72340425532,
40,121,,57385,42350,41176,53507,53679.46808510638,61090.53191489362,,,36335.36170212766,48364.63829787234,29269.446808510642,53082.55319148936,43455.595744680846,63558.404255319154,
40,123,52019,67179,62798,65156,50544,63878.574468085106,70479.4255319149,9274.31914893617,94763.68085106384,45722.76595744681,79873.23404255319,32946.46808510638,97365.53191489363,45509.95744680851,55578.04255319149,
40,125,36875,62947,62367,95511,58448,60021.89361702128,65872.10638297873,29531.85106382979,44218.14893617021,43906.063829787236,80827.93617021276,41734.31914893617,149287.68085106384,45746.72340425532,71149.27659574468,
40,127,,50226,27938,,48750,45196.72340425532,55255.27659574468,,,22079.44680851064,33796.553191489365,,,32692.297872340427,64807.70212765958,
40,129,,70000,79286,,55000,59920,80080,,,70242.59574468085,88329.40425531915,,,3622.9787234042597,106377.02127659574,
40,131,54896,80780,90877,84896,74343,77876.34042553192,83683.65957446808,30225.021276595744,79566.97872340426,75244.65957446808,106509.34042553192,64871.82978723404,104920.17021276595,66559,82127,
40,133,33438,52350,54375,65625,35676,48086.85106382979,56613.14893617021,10668.638297872341,56207.36170212766,44787.085106382976,63962.914893617024,15191.638297872341,116058.36170212766,29017.957446808512,42334.04255319149,
40,135,58250,49907,51429,45739,49236,45399.59574468085,54414.40425531915,50786.51063829787,65713.48936170213,42253.34042553192,60604.65957446808,16303.255319148939,75174.74468085106,44725.02127659575,53746.97872340425,
40,137,49395,64117,46051,13466,64063,58732.65957446808,69501.34042553192,29298.14893617021,69491.85106382979,34320.78723404255,57781.21276595745,6891.36170212766,20040.63829787234,46605.29787234042,81520.70212765958,
40,139,,70332,48407,,97155,60055.40425531915,80608.59574468085,,,34399.85106382979,62414.14893617021,,,56402.48936170212,137907.51063829788,
40,141,,56400,38563,,43864,46325.95744680851,66474.04255319148,,,25015.76595744681,52110.23404255319,,,42373.446808510635,45354.553191489365,
40,143,42631,77052,59378,77953,67837,75379.14893617021,78724.85106382979,40308.78723404255,44953.21276595745,56922.34042553192,61833.65957446808,70719.46808510639,85186.53191489361,63856.234042553195,71817.76595744681,
40,145,68670,83874,61719,91786,73000,81004.89361702127,86743.10638297873,58727.02127659575,78612.97872340426,53142.65957446808,70295.34042553192,72144.29787234042,111427.70212765958,64839.48936170213,81160.51063829787,
40,147,40395,61766,77333,57019,43947,57747.10638297872,65784.89361702127,26241.297872340423,54548.70212765958,60922.6170212766,93743.3829787234,23404.702127659577,90633.29787234042,35149.04255319149,52744.95744680851,
40,149,42361,64378,57386,,46625,61289.65957446808,67466.34042553192,3007.2978723404303,81714.70212765958,49397.063829787236,65374.936170212764,,,28181.936170212764,65068.063829787236,
40,151,,54712,25385,,52031,48043.234042553195,61380.765957446805,,,21223.127659574468,29546.872340425532,,,11156.957446808512,92905.04255319148,
40,153,,65759,36925,,81964,58350.31914893617,73167.68085106384,,,19878.36170212766,53971.63829787234,,,44844.34042553192,119083.65957446808,
41,000,62538,84366,74085,111619,65641,83652.29787234042,85079.70212765958,55589.234042553195,69486.76595744681,72291.8085106383,75878.1914893617,107302.23404255319,115935.76595744681,59789.59574468085,71492.40425531915,
41,001,,62730,,24250,41308,55221.23404255319,70238.76595744681,,,,,19200.468085106382,29299.531914893618,41136.425531914894,41479.574468085106,
41,003,31305,81488,63068,60254,51678,78558.12765957447,84417.87234042553,29876.40425531915,32733.59574468085,44966.89361702128,81169.10638297873,41706.085106382976,78801.91489361702,28832.382978723403,74523.6170212766,
41,005,111000,104271,95931,115893,76136,101579.4255319149,106962.5744680851,56519.14893617021,165480.8510638298,87702.5744680851,104159.4255319149,103875.63829787234,127910.36170212766,40739.234042553195,111532.7659574468,
41,007,23023,73259,67655,113500,,67147.85106382979,79370.14893617021,3600.531914893618,42445.46808510638,63387.085106382976,71922.91489361702,86609.27659574468,140390.72340425532,,,
41,009,,86751,91441,,158250,81364.27659574468,92137.72340425532,,,72124.5744680851,110757.4255319149,,,77355.02127659575,239144.97872340423,
41,011,,63431,67644,,61875,58844.95744680851,68017.0425531915,,,22766.553191489365,112521.44680851063,,,19866.65957446808,103883.34042553192,
41,013,,81971,74221,,75127,77427.85106382979,86514.14893617021,,,36378.10638297872,112063.89361702127,,,59340.95744680851,90913.0425531915,
41,015,,61707,79167,60341,112143,50808.446808510635,72605.55319148937,,,37528.02127659575,120805.97872340426,5072.574468085106,115609.4255319149,43116.44680851065,181169.55319148937,
41,017,71977,94434,80537,117375,,90341.23404255319,98526.76595744681,23583.468085106382,120370.53191489363,69103.46808510639,91970.53191489361,41224.53191489361,193525.4680851064,,,
41,019,75493,61696,52101,79643,48913,59391.65957446808,64000.34042553192,36870.87234042553,114115.12765957447,41981.68085106383,62220.31914893617,34815.59574468085,124470.40425531915,32929.17021276596,64896.82978723404,
41,021,,67679,76823,,,53372.78723404255,81985.21276595745,,,10441.553191489365,143204.44680851063,,,,,
41,023,,59613,38851,100625,,54004.65957446808,65221.34042553192,,,38036.02127659575,39665.97872340425,56265.85106382979,144984.1489361702,,,
41,025,,55329,100333,,15563,45598.10638297872,65059.89361702128,,,47675.12765957447,152990.87234042553,,,8008.957446808511,23117.042553191488,
41,027,,89075,86115,,43472,77459.17021276595,100690.82978723405,,,59287.425531914894,112942.5744680851,,,39459.063829787236,47484.936170212764,
41,029,27940,74321,73192,72431,51081,71980.91489361702,76661.08510638298,16563.65957446809,39316.34042553191,64459.574468085106,81924.4255319149,56221.97872340426,88640.02127659574,35060.23404255319,67101.76595744681,
41,031,,77559,90915,,54089,69691.59574468085,85426.40425531915,,,71058.82978723405,110771.17021276595,,,40668.063829787236,67509.93617021276,
41,033,31705,60685,49315,53810,58182,55886.87234042553,65483.12765957447,5583.978723404256,57826.02127659574,42901.21276595745,55728.78723404255,25290.510638297874,82329.48936170213,49214.85106382979,67149.14893617021,
41,035,,58573,64125,,40524,54775.72340425532,62370.27659574468,,,48170.95744680851,80079.04255319148,,,24337.617021276597,56710.3829787234,
41,037,,60688,51617,,,47918.8085106383,73457.1914893617,,,47078.617021276594,56155.382978723406,,,,,
41,039,49701,72405,69972,51797,69740,70363.97872340426,74446.02127659574,16375.042553191488,83026.95744680852,61836.51063829787,78107.48936170213,42683.29787234042,60910.70212765958,32800.255319148935,106679.74468085106,
41,041,,63345,67619,91932,25000,59290.36170212766,67399.63829787234,,,56472.617021276594,78765.3829787234,59275.65957446808,124588.34042553192,7309.957446808512,42690.04255319149,
41,043,,76868,59458,74310,75972,73401.9574468085,80334.0425531915,,,50011.87234042553,68904.12765957447,40763.6170212766,107856.3829787234,41459.31914893617,110484.68085106384,
41,045,31719,55926,50417,103816,91466,49032.04255319149,62819.95744680851,6538.063829787236,56899.936170212764,27410.531914893618,73423.46808510637,16786.042553191495,190845.95744680852,58449.82978723404,124482.17021276595,
41,047,74672,80472,73319,106463,61974,77579.06382978724,83364.93617021276,64158.29787234042,85185.70212765958,70355.76595744681,76282.23404255319,73804.27659574468,139121.72340425532,44008.72340425532,79939.27659574468,
41,049,,83242,59646,,,69257.48936170213,97226.51063829787,,,34511.53191489362,84780.46808510637,,,,,
41,051,55300,95205,72707,99959,68695,93235.46808510639,97174.53191489361,46950.04255319149,63649.95744680851,69059.85106382979,76354.14893617021,91480.36170212766,108437.63829787234,66421.63829787234,70968.36170212766,
41,053,,86788,69739,,58424,82035.14893617021,91540.85106382979,,,57285.553191489365,82192.44680851063,,,48843.23404255319,68004.76595744681,
41,055,,56364,,,,45771.65957446808,66956.34042553192,,,,,,,,,
41,057,,69951,53472,59957,57250,65711.68085106384,74190.31914893616,,,27218.72340425532,79725.27659574468,2124.48936170213,117789.51063829787,20809.48936170213,93690.51063829787,
41,059,,69932,64832,73929,88555,62572.17021276596,77291.82978723405,,,56982.46808510638,72681.53191489361,15663.97872340426,132194.02127659574,67077.21276595745,110032.78723404255,
41,061,,65925,101292,80208,126364,61587.97872340426,70262.02127659574,,,40414.04255319149,162169.95744680852,57462.46808510638,102953.53191489363,92710.38297872341,160017.6170212766,
41,063,,68411,79306,,,57630.404255319154,79191.59574468085,,,10091.191489361707,148520.8085106383,,,,,
41,065,,63517,59557,,77500,59295.553191489365,67738.44680851063,,,45975.21276595745,73138.78723404255,,,57572.34042553192,97427.65957446808,
41,067,92955,109197,83608,146187,77917,106389.85106382979,112004.14893617021,60320.10638297872,125589.89361702127,78299.91489361702,88916.08510638298,137859.68085106384,154514.31914893616,63117.51063829787,92716.48936170213,
41,069,,55000,62083,,,46765.617021276594,63234.382978723406,,,44892.19148936171,79273.8085106383,,,,,
41,071,47806,90301,91140,117931,86875,85294.36170212766,95307.63829787234,22640.553191489365,72971.44680851063,75383.74468085106,106896.25531914894,68222.06382978724,167639.93617021275,64701.382978723406,109048.61702127659,
42,000,49610,83382,61416,103069,60000,82987.6170212766,83776.3829787234,48678.255319148935,50541.744680851065,59990.97872340425,62841.02127659575,100311.89361702128,105826.10638297872,54161.70212765958,65838.29787234042,
42,001,59455,84927,58042,114712,118864,81835.08510638298,88018.91489361702,38800.53191489362,80109.46808510637,36652.382978723406,79431.61702127659,62091.063829787236,167332.93617021275,10672,227056,
42,003,41225,85388,79574,102864,66393,83978.46808510639,86797.53191489361,39922.70212765958,42527.29787234042,71570.76595744681,87577.23404255319,95578.0425531915,110149.9574468085,22533.085106382983,110252.91489361701,
42,005,,65852,31193,49091,25000,63142.553191489365,68561.44680851063,,,9119.468085106382,53266.53191489362,29312.276595744683,68869.72340425532,390.978723404256,49609.02127659574,
42,007,36843,73871,56250,65625,194250,71449.89361702128,76292.10638297872,31055.936170212764,42630.063829787236,47393.65957446808,65106.34042553192,24006.276595744683,107243.72340425532,84836.72340425532,303663.27659574465,
42,009,24006,60092,60859,121250,,56083.82978723404,64100.17021276596,17459.957446808512,30552.042553191488,41748.70212765958,79969.29787234042,42984.63829787234,199515.36170212767,,,
42,011,68666,87689,54009,84167,60000,85773.08510638298,89604.91489361702,59184.12765957447,78147.87234042553,50618.02127659575,57399.97872340425,58193.72340425532,110140.27659574468,39338.3829787234,80661.6170212766,
42,013,47266,63607,46723,116199,,60706.914893617024,66507.08510638298,38407.27659574468,56124.72340425532,13512.617021276594,79933.38297872341,91927.17021276595,140470.82978723405,,,
42,015,,64075,59375,46429,,60983.085106382976,67166.91489361702,,,7640.531914893618,111109.46808510637,4160.914893617024,88697.08510638298,,,
42,017,63804,116228,91402,159566,153750,113604.34042553192,118851.65957446808,56139.14893617021,71468.85106382979,85435.02127659574,97368.97872340426,150555.95744680852,168576.04255319148,116294.34042553192,191205.6595744681,
42,019,32367,89628,98092,115121,92069,86569.44680851063,92686.55319148937,2915.765957446809,61818.23404255319,62487.914893617024,133696.08510638296,103335.97872340426,126906.02127659574,51289.08510638298,132848.914893617,
42,021,35821,59692,47885,79013,,57673.617021276594,61710.382978723406,27751.042553191488,43890.95744680851,31170.787234042553,64599.21276595745,45629.85106382979,112396.14893617021,,,
42,023,,48869,83000,,43438,42919.89361702128,54818.10638297872,,,45857.70212765958,120142.29787234042,,,11098.595744680853,75777.40425531915,
42,025,71063,67635,79816,95938,95500,63451.68085106383,71818.31914893616,40569.21276595745,101556.78723404255,61961.53191489362,97670.46808510637,2627.702127659577,189248.29787234042,17638.553191489365,173361.44680851063,
42,027,40220,77086,94250,34454,,74593.40425531915,79578.59574468085,20622.382978723406,59817.617021276594,38724.21276595745,149775.78723404254,28043.787234042553,40864.21276595745,,,
42,029,64515,133020,88860,173533,84231,130424.93617021276,135615.06382978722,57443.51063829787,71586.48936170213,80109.70212765958,97610.29787234042,159329.25531914894,187736.74468085106,33427.085106382976,135034.91489361704,
42,031,,62370,69856,,,59544.97872340425,65195.02127659575,,,47334.46808510639,92377.53191489361,,,,,
42,033,21538,62296,37179,127703,,59653.27659574468,64938.72340425532,13357.234042553191,29718.76595744681,12261.382978723406,62096.617021276594,35373.29787234044,220032.70212765958,,,
42,035,66167,60938,,118015,,56936.97872340425,64939.02127659575,37366.31914893617,94967.68085106384,,,14506.744680851072,221523.25531914894,,,
42,037,60795,63421,79130,86989,58708,59987.12765957447,66854.87234042553,11706.829787234048,109883.17021276595,30884.212765957454,127375.78723404254,33061,140917,48320.59574468085,69095.40425531915,
42,039,28294,61654,39348,53750,11667,58736.04255319149,64571.95744680851,3583.7021276595733,53004.29787234042,19634.808510638297,59061.19148936171,2529.0638297872356,104970.93617021276,1645.3829787234044,21688.617021276594,
42,041,54560,87381,68794,123611,67976,84163.97872340426,90598.02127659574,41869.446808510635,67250.55319148937,59415.78723404255,78172.21276595745,111594.82978723405,135627.17021276595,65042.553191489365,70909.44680851063,
42,043,50688,85065,56047,104821,92729,82253.08510638298,87876.91489361702,42813.44680851064,58562.55319148936,45579.76595744681,66514.23404255319,84444.14893617021,125197.85106382979,15472.829787234048,169985.17021276595,
42,045,54940,104913,80906,106398,62375,102696.82978723405,107129.17021276595,52373.53191489362,57506.46808510638,67227.70212765958,94584.29787234042,96051.10638297873,116744.89361702127,23226.234042553195,101523.7659574468,
42,047,,66226,80288,,,62138,70314,,,44967.48936170213,115608.51063829787,,,,,
42,049,37337,66951,40625,65690,46250,64839.68085106383,69062.31914893616,30796.91489361702,43877.085106382976,26806.106382978724,54443.89361702128,56523.87234042553,74856.12765957447,13441.148936170212,79058.85106382979,
42,051,33245,59660,50121,122955,54500,56993.44680851064,62326.55319148936,20422.1914893617,46067.8085106383,39899.21276595745,60342.78723404255,77919.08510638298,167990.91489361704,22242.808510638297,86757.1914893617,
42,053,,52500,,,,47737.617021276594,57262.382978723406,,,,,,,,,
42,055,78333,77832,66932,93750,,75197.6170212766,80466.3829787234,68784.40425531915,87881.59574468085,46670.72340425532,87193.27659574468,85622.85106382979,101877.14893617021,,,
42,057,68527,65500,95441,121053,,62428.34042553192,68571.65957446808,63628.78723404255,73425.21276595745,5.085106382990489,190876.914893617,120248.74468085106,121857.25531914894,,,
42,059,,69385,29891,,,64397.425531914894,74372.5744680851,,,11346.659574468085,48435.34042553192,,,,,
42,061,159352,65343,47500,,,62670.48936170213,68015.51063829787,94409.87234042553,224294.12765957447,33031.744680851065,61968.255319148935,,,,,
42,063,16563,60885,55833,74313,33750,58173.17021276596,63596.82978723404,13941.72340425532,19184.276595744683,22322.36170212766,89343.63829787234,47545,101081,12554.59574468085,54945.404255319154,
42,065,,58983,57031,,73984,56421.29787234042,61544.70212765958,,,38154.23404255319,75907.76595744681,,,73103.48936170213,74864.51063829787,
42,067,43594,67204,50389,,,64688.76595744681,69719.23404255319,8502.255319148935,78685.74468085106,45209.59574468085,55568.40425531915,,,,,
42,069,38750,69157,44982,89028,,66843.12765957447,71470.87234042553,30840.893617021276,46659.10638297872,41411.10638297872,48552.89361702128,76636.51063829787,101419.48936170213,,,
42,071,61031,91171,63854,87282,59063,89505.29787234042,92836.70212765958,49304.36170212766,72757.63829787234,57565.31914893617,70142.68085106384,76906.51063829787,97657.48936170213,45870.82978723404,72255.17021276595,
42,073,35469,64237,38030,,,61122.44680851064,67351.55319148937,27925.68085106383,43012.31914893617,12343.872340425532,63716.12765957447,,,,,
42,075,57168,81518,51087,87284,,78356.97872340426,84679.02127659574,37233.1914893617,77102.80851063831,36973.80851063829,65200.19148936171,69111.40425531915,105456.59574468085,,,
42,077,59298,91574,56840,124476,105625,88963.44680851063,94184.55319148937,54336.63829787234,64259.36170212766,53377.53191489362,60302.46808510638,99291.48936170213,149660.51063829788,57225.51063829787,154024.48936170212,
42,079,37349,67128,52817,102188,101071,65445.617021276594,68810.3829787234,32867.8085106383,41830.1914893617,48494.27659574468,57139.72340425532,75358.0425531915,129017.9574468085,51524.10638297872,150617.89361702127,
42,081,30360,65393,67250,76250,,62547.72340425532,68238.27659574468,13432.51063829787,47287.48936170213,45675.70212765958,88824.29787234042,10447.617021276601,142052.38297872338,,,
42,083,,62121,,140842,,58550.10638297872,65691.89361702127,,,,,139854.25531914894,141829.74468085106,,,
42,085,30600,61772,47109,120493,,59704.765957446805,63839.234042553195,22085.617021276594,39114.382978723406,13189.68085106383,81028.31914893616,13313.765957446813,227672.23404255317,,,
42,087,,64728,41117,38081,,60906.89361702128,68549.10638297873,,,24886.531914893618,57347.46808510638,16672.31914893617,59489.68085106383,,,
42,089,87712,81860,90021,101856,105469,77805.36170212766,85914.63829787234,71805.6170212766,103618.3829787234,81157.51063829787,98884.48936170213,84748.59574468085,118963.40425531915,59911.21276595745,151026.78723404254,
42,091,75353,118521,90366,138890,91827,116270.27659574468,120771.72340425532,70427.3829787234,80278.6170212766,80589.82978723405,100142.17021276595,133902.4255319149,143877.5744680851,13257.808510638308,170396.1914893617,
42,093,,73907,30662,108846,,66326.74468085106,81487.25531914894,,,15702.851063829788,45621.14893617021,45448.04255319149,172243.95744680852,,,
42,095,75346,92215,72362,122083,130132,89146.91489361702,95283.08510638298,65332.72340425532,85359.27659574468,66576.12765957447,78147.87234042553,100032.10638297873,144133.89361702127,39054.553191489365,221209.44680851063,
42,097,46603,61935,31508,,,59966.65957446808,63903.34042553192,21306.489361702126,71899.51063829787,28066.978723404256,34949.02127659575,,,,,
42,099,,79461,93646,,,76173.68085106384,82748.31914893616,,,56711.02127659575,130580.97872340426,,,,,
42,101,46835,87261,51106,65851,34018,85041.25531914894,89480.74468085106,45193.12765957447,48476.87234042553,48481.14893617021,53730.85106382979,61351.936170212764,70350.06382978724,25993.31914893617,42042.68085106383,
42,103,83147,79877,83185,,,74809.59574468085,84944.40425531915,45793.8085106383,120500.19148936169,64728.82978723405,101641.17021276595,,,,,
42,105,76146,58834,,,,53368.63829787234,64299.36170212766,61191.617021276594,91100.3829787234,,,,,,,
42,107,30491,68702,66424,,26103,66974.34042553192,70429.65957446808,14436.872340425532,46545.12765957447,53570.21276595745,79277.78723404255,,,9978.574468085106,42227.425531914894,
42,109,,67007,61563,,,64243.936170212764,69770.06382978724,,,49695.76595744681,73430.23404255319,,,,,
42,111,186098,61749,59650,39464,,59387.46808510638,64110.53191489362,185364.04255319148,186831.95744680852,28186.340425531915,91113.65957446808,14695.319148936174,64232.68085106382,,,
42,113,,70425,40781,,,64996.574468085106,75853.4255319149,,,5126.872340425529,76435.12765957447,,,,,
42,115,61875,68793,74167,,,66021.59574468085,71564.40425531915,5932.191489361707,117817.8085106383,61297.72340425532,87036.27659574468,,,,,
42,117,28375,65615,,78359,,62806.65957446808,68423.34042553192,7366.659574468085,49383.34042553192,,,71683.08510638298,85034.91489361702,,,
42,119,,75820,,123750,,70871.74468085106,80768.25531914894,,,,,30343.191489361692,217156.8085106383,,,
42,121,,61745,66406,27794,80750,59097.51063829787,64392.48936170213,,,5314.765957446805,127497.2340425532,5479.7872340425565,50108.21276595745,35379.27659574468,126120.72340425532,
42,123,,60824,74063,,11442,58464.85106382979,63183.14893617021,,,51732.10638297872,96393.89361702127,,,10157.574468085106,12726.425531914894,
42,125,37733,80458,95302,149631,,78121.48936170213,82794.51063829787,25109.17021276596,50356.82978723404,72370.59574468085,118233.40425531915,105287.34042553192,193974.6595744681,,,
42,127,56333,62514,58021,39297,,58167.446808510635,66860.55319148937,48279.72340425532,64386.27659574468,36598.02127659574,79443.97872340426,14976.31914893617,63617.68085106383,,,
42,129,36125,75014,72143,113041,107554,73121.91489361702,76906.08510638298,32892.48936170213,39357.51063829787,40394.574468085106,103891.4255319149,98135.46808510639,127946.53191489361,9151.276595744683,205956.72340425532,
42,131,,72556,43333,153500,,68864.76595744681,76247.23404255319,,,20841.25531914894,65824.74468085106,48168.76595744681,258831.23404255317,,,
42,133,56988,87860,62185,103083,90000,85779.65957446808,89940.34042553192,52086.21276595745,61889.78723404255,53607.46808510638,70762.53191489361,80912.9574468085,125253.0425531915,7352.340425531918,172647.6595744681,
44,000,66250,96227,58477,104570,80130,94692.36170212766,97761.63829787234,61032.46808510638,71467.53191489361,55170.617021276594,61783.382978723406,91924.72340425532,117215.27659574468,61010.17021276596,99249.82978723405,
44,001,,114655,94950,101087,,106913.89361702128,122396.10638297872,,,21281.404255319154,168618.59574468085,46201.042553191495,155972.95744680852,,,
44,003,94157,93726,86690,127370,110688,88298.76595744681,99153.23404255319,72757.85106382979,115556.14893617021,69996.04255319148,103383.95744680852,115032.12765957447,139707.87234042553,38371.74468085107,183004.25531914894,
44,005,56750,108495,83640,94203,,101406.82978723405,115583.17021276595,17260.468085106382,96239.53191489363,55010.893617021284,112269.10638297872,70311.25531914894,118094.74468085106,,,
44,007,65197,89750,56120,102866,81427,87372.97872340426,92127.02127659574,58555.63829787234,71838.36170212766,52297.70212765958,59942.29787234042,88864.8085106383,116867.1914893617,70552.27659574468,92301.72340425532,
44,009,,108203,82815,63839,26339,104653.55319148937,111752.44680851063,,,70730.91489361702,94899.08510638298,23590.48936170213,104087.51063829787,4870.744680851065,47807.255319148935,
45,000,46781,79827,61809,96210,52486,79090.65957446808,80563.34042553192,45907.63829787234,47654.36170212766,59707.21276595745,63910.78723404255,87556.21276595745,104863.78723404255,48713.744680851065,56258.255319148935,
45,001,37361,63865,,,,55557.936170212764,72172.06382978724,24873,49849,,,,,,,
45,003,54270,77157,61078,125269,105664,74312.91489361702,80001.08510638298,47480.89361702128,61059.10638297872,44223.19148936171,77932.8085106383,80889.59574468085,169648.40425531915,24796.425531914894,186531.5744680851,
45,005,27146,37861,116058,,,29669.51063829787,46052.48936170213,21499.531914893618,32792.46808510638,115724.3829787234,116391.6170212766,,,,,
45,007,40355,72867,48526,86250,50357,70099.17021276595,75634.82978723405,35773.72340425532,44936.27659574468,41057.744680851065,55994.255319148935,45110.255319148935,127389.74468085106,6874.787234042553,93839.21276595745,
45,009,39396,53994,43929,,,39658,68330,31629.872340425532,47162.12765957447,24355.212765957447,63502.78723404255,,,,,
45,011,33457,59442,,,,46808.63829787234,72075.36170212766,23910.787234042553,43003.21276595745,,,,,,,
45,013,48475,99660,74220,,,94387.65957446808,104932.34042553192,38154.31914893617,58795.68085106383,63289.27659574468,85150.72340425532,,,,,
45,015,62310,91779,75736,91446,58925,89108.87234042553,94449.12765957447,59056.04255319149,65563.9574468085,67083.40425531915,84388.59574468085,77484.12765957447,105407.87234042553,51197,66653,
45,017,37614,73250,,,,55134.595744680846,91365.40425531915,25811.106382978724,49416.89361702128,,,,,,,
45,019,46066,107777,67910,89500,,103867.72340425532,111686.27659574468,43214.76595744681,48917.23404255319,54895.36170212766,80924.63829787234,63622.042553191495,115377.9574468085,,,
45,021,40551,53917,46332,243298,66125,48620.82978723404,59213.17021276596,32992.1914893617,48109.8085106383,31248.936170212764,61415.063829787236,90035.53191489363,396560.46808510635,36249.595744680846,96000.40425531915,
45,023,41414,58647,70156,151618,,53715.425531914894,63578.574468085106,35376.72340425532,47451.27659574468,38910.3829787234,101401.6170212766,110133.91489361702,193102.08510638296,,,
45,025,36335,55512,,46250,96154,50488.68085106383,60535.31914893617,31378.40425531915,41291.59574468085,,,18197.57446808511,74302.4255319149,84534.59574468085,107773.40425531915,
45,027,38564,61000,,62297,,51602.72340425532,70397.27659574468,32753.106382978724,44374.89361702128,,,2502.106382978731,122091.89361702127,,,
45,029,40724,58677,37411,,,49039.04255319149,68314.9574468085,28903.23404255319,52544.76595744681,17032.957446808512,57789.04255319149,,,,,
45,031,35895,65449,,198925,,57966.44680851064,72931.55319148937,32884.10638297872,38905.89361702128,,,37107.638297872356,360742.3617021276,,,
45,033,36418,53759,53214,,48750,48964.446808510635,58553.553191489365,29737.31914893617,43098.68085106383,42967.19148936171,63460.80851063829,,,28012.127659574468,69487.87234042553,
45,035,59097,89197,76930,122831,101250,84519.21276595745,93874.78723404255,53737.68085106383,64456.31914893617,69030.4255319149,84829.5744680851,83355.7659574468,162306.2340425532,8466.340425531918,194033.6595744681,
45,037,31793,93407,63133,,,88287.17021276595,98526.82978723405,25793.85106382979,37792.14893617021,28739.468085106382,97526.53191489363,,,,,
45,039,38757,72266,79526,,,55236.042553191495,89295.9574468085,32272.91489361702,45241.085106382976,7685.1489361702115,151366.8510638298,,,,,
45,041,44392,73981,48185,115625,,68060.48936170213,79901.51063829787,40908.085106382976,47875.914893617024,31779.382978723406,64590.617021276594,51118.95744680851,180131.04255319148,,,
45,043,45008,77419,42333,,,72103.76595744681,82734.23404255319,40442.21276595745,49573.78723404255,16654.021276595748,68011.97872340426,,,,,
45,045,48022,86418,64350,105192,51783,83794.34042553192,89041.65957446808,45285.14893617021,50758.85106382979,57129.574468085106,71570.4255319149,84730.55319148937,125653.44680851063,40840.36170212766,62725.63829787234,
45,047,38730,61269,53424,93309,50951,59046.87234042553,63491.12765957447,35623.78723404255,41836.21276595745,42556.425531914894,64291.574468085106,18428.65957446808,168189.3404255319,49914.40425531915,51987.59574468085,
45,049,37098,56620,,66161,,41856.255319148935,71383.74468085106,32861.063829787236,41334.936170212764,,,29985,102337,,,
45,051,42071,70827,51609,80216,,68803.85106382979,72850.14893617021,36623.51063829787,47518.48936170213,36255.46808510638,66962.53191489363,57123.74468085106,103308.25531914894,,,
45,053,47392,86811,72553,31451,88718,77867.68085106384,95754.31914893616,43800.85106382979,50983.14893617021,37177.68085106383,107928.31914893616,30730.14893617021,32171.85106382979,87950.68085106384,89485.31914893616,
45,055,62586,76032,52711,,53750,71161.1914893617,80902.8085106383,51301.40425531915,73870.59574468085,36028.95744680851,69393.04255319148,,,44537.404255319154,62962.595744680846,
45,057,48986,85974,75342,218715,,80009.40425531915,91938.59574468085,39922.34042553192,58049.65957446808,46709.31914893617,103974.68085106384,159360.95744680852,278069.0425531915,,,
45,059,44197,63624,53824,68125,46091,56869.446808510635,70378.55319148937,36046.02127659574,52347.97872340426,46807.31914893617,60840.68085106383,17604.65957446809,118645.3404255319,45557.21276595745,46624.78723404255,
45,061,37596,60319,,67614,,53048.53191489362,67589.46808510639,31882.808510638297,43309.1914893617,,,21928.723404255317,113299.27659574468,,,
45,063,60690,82592,55332,87422,,80471.14893617021,84712.85106382979,54433.48936170213,66946.51063829787,47232.255319148935,63431.744680851065,69627.10638297873,105216.89361702127,,,
45,065,36504,74160,,,,62616.85106382979,85703.14893617021,31567.659574468085,41440.34042553192,,,,,,,
45,067,33504,45417,51509,,,39702.617021276594,51131.382978723406,30027.23404255319,36980.765957446805,31924.489361702126,71093.51063829787,,,,,
45,069,28328,45363,23402,,19139,40707.85106382979,50018.14893617021,21193.36170212766,35462.63829787234,20011.021276595744,26792.978723404256,,,8128.446808510638,30149.55319148936,
45,071,38472,72802,53063,,,64051.70212765958,81552.29787234042,35288.34042553192,41655.65957446808,39742.14893617021,66383.85106382979,,,,,
45,073,43258,66628,48750,,15667,61502.21276595745,71753.78723404255,30873.65957446809,55642.34042553191,18082.255319148935,79417.74468085106,,,2652.3617021276605,28681.63829787234,
45,075,40582,55592,35559,120118,,50702.12765957447,60481.87234042553,37163.617021276594,44000.382978723406,19554.91489361702,51563.085106382976,73016.04255319148,167219.95744680852,,,
45,077,40705,63705,46746,64167,92734,60509.425531914894,66900.5744680851,34720.14893617021,46689.85106382979,33806.425531914894,59685.574468085106,44720.70212765958,83613.29787234042,88333.82978723405,97134.17021276595,
45,079,53059,82934,52126,82319,,78333.65957446808,87534.34042553192,50568.78723404255,55549.21276595745,41992.382978723406,62259.617021276594,52820.10638297872,111817.89361702127,,,
45,081,42132,65568,44163,,95469,57451.574468085106,73684.4255319149,27112.08510638298,57151.914893617024,42654.574468085106,45671.425531914894,,,30973.68085106383,159964.31914893616,
45,083,47380,73999,59577,76908,37260,70714.06382978724,77283.93617021276,43974.72340425532,50785.27659574468,53350.27659574468,65803.72340425532,69364.68085106384,84451.31914893616,9176.595744680853,65343.40425531915,
45,085,44160,71645,50541,90000,95739,66371.46808510639,76918.53191489361,41212.255319148935,47107.744680851065,24105.425531914894,76976.5744680851,8187.574468085106,171812.4255319149,21101.723404255317,170376.27659574468,
45,087,35341,43883,,,,38853.72340425532,48912.27659574468,30314.106382978724,40367.89361702128,,,,,,,
45,089,38640,60686,89683,,,55576.89361702128,65795.10638297872,33038.8085106383,44241.1914893617,82301.72340425532,97064.27659574468,,,,,
45,091,64533,97542,79130,131572,71429,93720.89361702127,101363.10638297873,58122.78723404255,70943.21276595745,63652.553191489365,94607.44680851063,126860.85106382979,136283.1489361702,52348.48936170213,90509.51063829787,
46,000,59174,78607,61173,72130,37390,77386.91489361702,79827.08510638298,52504.04255319149,65843.9574468085,54565,67781,60777.48936170213,83482.51063829787,33954.936170212764,40825.063829787236,
46,003,,74712,,,,67974.12765957447,81449.87234042553,,,,,,,,,
46,005,,66734,77170,69702,82386,60216.553191489365,73251.44680851063,,,48704.12765957447,105635.87234042553,14731.446808510642,124672.55319148937,39525.744680851065,125246.25531914894,
46,007,,66389,50662,,43500,43523.12765957447,89254.87234042553,,,12709.48936170213,88614.51063829787,,,26434.297872340427,60565.70212765958,
46,009,,64464,,,,56489.36170212766,72438.63829787234,,,,,,,,,
46,011,,73254,56615,52500,,67644.46808510639,78863.53191489361,,,15833.893617021276,97396.10638297873,6294.042553191488,98705.95744680852,,,
46,013,135421,70662,54943,84821,83636,65631.53191489363,75692.46808510637,128842.78723404255,141999.21276595743,46159.34042553192,63726.65957446808,38425.59574468085,131216.40425531915,54678.042553191495,112593.9574468085,
46,015,,72946,,,,63887.10638297872,82004.89361702127,,,,,,,,,
46,017,,80938,,,42361,47229.574468085106,114646.4255319149,,,,,,,29395.212765957447,55326.78723404255,
46,019,,73075,,,,59302.574468085106,86847.4255319149,,,,,,,,,
46,021,,83056,55288,,,57906.04255319149,108205.95744680852,,,12433.702127659577,98142.29787234042,,,,,
46,023,,73844,40536,,35365,68104.59574468085,79583.40425531915,,,30090.212765957447,50981.78723404255,,,26147.63829787234,44582.36170212766,
46,025,,70806,,,,63723.78723404255,77888.21276595745,,,,,,,,,
46,027,,61919,49000,,,53559.51063829787,70278.48936170213,,,46519.31914893617,51480.68085106383,,,,,
46,029,,73623,71875,30639,,67789.46808510639,79456.53191489361,,,11470.063829787236,132279.93617021275,24769.72340425532,36508.27659574468,,,
46,031,,77188,,,29250,63079.574468085106,91296.4255319149,,,,,,,23652.382978723406,34847.617021276594,
46,033,,83003,,118438,183092,76568.9574468085,89437.0425531915,,,,,47526.51063829787,189349.48936170212,32113.617021276586,334070.3829787234,
46,035,,69321,53750,,,59951.12765957447,78690.87234042553,,,26800.893617021276,80699.10638297873,,,,,
46,037,,76311,45313,,38036,71509.29787234042,81112.70212765958,,,23649.340425531915,66976.65957446808,,,26641.787234042553,49430.21276595745,
46,039,,83163,53529,,,78791.4255319149,87534.5744680851,,,46237.085106382976,60820.914893617024,,,,,
46,041,,73036,,,43464,52516.17021276595,93555.82978723405,,,,,,,33428.085106382976,53499.914893617024,
46,043,,89219,69219,,,75500.1914893617,102937.8085106383,,,32338.829787234048,106099.17021276595,,,,,
46,045,,81576,,,,70315.23404255319,92836.76595744681,,,,,,,,,
46,047,,67356,143406,,18750,61134.04255319149,73577.9574468085,,,77603.6170212766,209208.38297872338,,,7408.212765957449,30091.787234042553,
46,049,,61413,,,,39581.34042553192,83244.65957446808,,,,,,,,,
46,051,,78137,,,26168,70149.25531914894,86124.74468085106,,,,,,,25647.31914893617,26688.68085106383,
46,053,,67188,,,19844,53838.553191489365,80537.44680851063,,,,,,,14914.808510638297,24773.191489361703,
46,055,,61083,,,,47050.82978723405,75115.17021276595,,,,,,,,,
46,057,,88200,63967,,,85052.08510638298,91347.91489361702,,,57749.8085106383,70184.1914893617,,,,,
46,059,,73393,,,,65545.85106382979,81240.14893617021,,,,,,,,,
46,061,,82969,,,,66295.29787234042,99642.70212765958,,,,,,,,,
46,063,,81176,,,,69132.4255319149,93219.5744680851,,,,,,,,,
46,065,,79244,86947,,80270,69596.51063829787,88891.48936170213,,,63278.063829787236,110615.93617021276,,,75717.31914893616,84822.68085106384,
46,067,,76908,,,90208,66313.27659574468,87502.72340425532,,,,,,,49852.255319148935,130563.74468085106,
46,069,,62841,,,,40029.936170212764,85652.06382978724,,,,,,,,,
46,071,,56131,,,22321,48949.89361702128,63312.10638297872,,,,,,,18436.744680851065,26205.255319148935,
46,073,,70875,69063,,,50603,91147,,,13157.127659574464,124968.87234042553,,,,,
46,075,,66250,,,,50163.70212765958,82336.29787234042,,,,,,,,,
46,077,,75817,28654,,,67503.97872340426,84130.02127659574,,,27615.021276595744,29692.978723404256,,,,,
46,079,,76607,,,,69641.55319148937,83572.44680851063,,,,,,,,,
46,081,,74422,,,29613,69153.23404255319,79690.76595744681,,,,,,,10315.638297872341,48910.36170212766,
46,083,57237,100951,53040,,,97240.70212765958,104661.29787234042,211.12765957447118,114262.87234042553,17568.17021276596,88511.82978723405,,,,,
46,085,,76625,,,35000,61719.46808510638,91530.53191489361,,,,,,,18843.40425531915,51156.595744680846,
46,087,,85446,72684,,73493,81460.46808510639,89431.53191489361,,,5640.085106382976,139727.91489361704,,,72822.1914893617,74163.8085106383,
46,089,,66969,,,,58011.382978723406,75926.6170212766,,,,,,,,,
46,091,,79938,71442,,22841,66911.44680851063,92964.55319148937,,,61145.14893617021,81738.85106382979,,,15570.531914893618,30111.468085106382,
46,093,48032,75433,82810,60900,,66382.44680851063,84483.55319148937,30287.148936170215,65776.85106382979,46648.29787234042,118971.70212765958,46849.95744680851,74950.0425531915,,,
46,095,,72708,,,,52412.17021276596,93003.82978723405,,,,,,,,,
46,097,,76404,91346,,,68959.5744680851,83848.4255319149,,,90648.97872340426,92043.02127659574,,,,,
46,099,62286,80805,60378,76958,50882,77419.97872340426,84190.02127659574,57979.95744680851,66592.0425531915,52361.65957446808,68394.34042553192,60057.914893617024,93858.08510638298,11158.936170212764,90605.06382978724,
46,101,,83490,36923,74750,47159,74164.21276595745,92815.78723404255,,,26896.617021276594,46949.382978723406,60722.59574468085,88777.40425531915,8638.148936170219,85679.85106382979,
46,102,,86438,,,34583,48552.21276595745,124323.78723404255,,,,,,,25621.8085106383,43544.1914893617,
46,103,34716,78213,88203,63693,35852,75565.51063829787,80860.48936170213,11374.723404255317,58057.27659574468,40496.95744680851,135909.04255319148,39256.744680851065,88129.25531914894,20983.404255319147,50720.59574468085,
46,105,,70170,,,,54718.76595744681,85621.23404255319,,,,,,,,,
46,107,,80481,,,,64369.68085106383,96592.31914893616,,,,,,,,,
46,109,,73235,,61548,45064,67421.72340425532,79048.27659574468,,,,,26225.106382978724,96870.89361702127,40933.10638297872,49194.89361702128,
46,111,,80284,,,,67277.70212765958,93290.29787234042,,,,,,,,,
46,115,,69063,86375,,,58481.382978723406,79644.6170212766,,,41460.617021276594,131289.3829787234,,,,,
46,117,,89410,178203,,,66889.65957446808,111930.34042553192,,,86706.14893617021,269699.8510638298,,,,,
46,119,,73047,,,,63195.76595744681,82898.23404255319,,,,,,,,,
46,121,,64489,96328,158141,30956,56129.51063829787,72848.48936170213,,,95360.51063829787,97295.48936170213,70083.97872340426,246198.02127659574,12503.40425531915,49408.595744680846,
46,123,,63043,,,19194,50093.89361702128,75992.10638297872,,,,,,,14498.340425531915,23889.659574468085,
46,125,,76184,45417,,,72747.74468085106,79620.25531914894,,,4989.765957446805,85844.2340425532,,,,,
46,127,,90412,,,,83515.65957446808,97308.34042553192,,,,,,,,,
46,129,,64018,,,,51789.744680851065,76246.25531914894,,,,,,,,,
46,135,,74744,52359,,,65946.0425531915,83541.9574468085,,,30389.127659574468,74328.87234042553,,,,,
46,137,,91750,,,38125,63226.936170212764,120273.06382978724,,,,,,,30076.48936170213,46173.51063829787,
47,000,50672,74364,63799,103164,62377,73788.51063829787,74939.48936170213,49681.87234042553,51662.12765957447,61569.72340425532,66028.27659574468,98283.65957446808,108044.34042553192,47476.234042553195,77277.76595744681,
47,001,42734,66194,74439,72324,83077,62820.89361702128,69567.10638297873,18514.595744680853,66953.40425531915,57416.19148936171,91461.8085106383,40345.617021276594,104302.38297872341,62079.3829787234,104074.6170212766,
47,003,35596,74949,44625,66179,,68659.12765957447,81238.87234042553,19147.48936170213,52044.51063829787,28402.872340425536,60847.127659574464,23490.31914893617,108867.68085106384,,,
47,005,38859,53304,85052,,,43308.59574468085,63299.40425531915,37316.02127659575,40401.97872340425,25537.106382978724,144566.89361702127,,,,,
47,007,,57381,19538,,,49706.617021276594,65055.382978723406,,,10211.021276595746,28864.978723404252,,,,,
47,009,61655,78245,70042,111964,77500,74784.91489361702,81705.08510638298,44423.68085106383,78886.31914893616,54837.40425531915,85246.59574468085,1621.3617021276732,222306.63829787233,61644.85106382979,93355.14893617021,
47,011,47500,70035,65117,99432,56250,66242.48936170213,73827.51063829787,32207.234042553195,62792.765957446805,46878.87234042553,83355.12765957447,13713.872340425529,185150.12765957447,29347.361702127662,83152.63829787234,
47,013,83214,50877,61875,,127500,47053.51063829787,54700.48936170213,54845.82978723405,111582.17021276595,36408.10638297872,87341.89361702127,,,1612,253388,
47,015,,60426,,,,53480.8085106383,67371.1914893617,,,,,,,,,
47,017,34752,53538,75915,,,48924.553191489365,58151.446808510635,11764.595744680853,57739.40425531915,67640.10638297873,84189.89361702127,,,,,
47,019,34691,50655,,,,47362.914893617024,53947.085106382976,26710.40425531915,42671.59574468085,,,,,,,
47,021,96643,92565,58214,,,85374.36170212766,99755.63829787234,20813.042553191495,172472.95744680852,44928.89361702128,71499.10638297873,,,,,
47,023,47724,62328,,,,47412.936170212764,77243.06382978724,1939.8297872340481,93508.17021276595,,,,,,,
47,025,,50229,31250,,,43696.063829787236,56761.936170212764,,,8400.8085106383,54099.1914893617,,,,,
47,027,,40071,,,,28097.723404255317,52044.27659574468,,,,,,,,,
47,029,,49014,35371,53385,,44557.82978723404,53470.17021276596,,,20259.340425531915,50482.65957446808,42592.48936170213,64177.51063829787,,,
47,031,37284,64039,53611,41026,,60074.914893617024,68003.08510638298,22432.08510638298,52135.914893617024,37485.382978723406,69736.6170212766,37141.744680851065,44910.255319148935,,,
47,033,50833,65705,70250,105859,,57860.234042553195,73549.76595744681,19033.340425531915,82632.65957446808,22037.574468085106,118462.4255319149,48868.872340425536,162849.12765957447,,,
47,035,,62538,51354,,38500,59176.8085106383,65899.1914893617,,,39759.6170212766,62948.3829787234,,,30973.36170212766,46026.63829787234,
47,037,55781,91414,65998,91132,79990,89176.3829787234,93651.6170212766,53166.87234042553,58395.12765957447,60834.085106382976,71161.91489361702,77477.53191489363,104786.46808510637,50035.957446808505,109944.0425531915,
47,039,16976,46396,75508,,,40060.85106382979,52731.14893617021,6260.936170212766,27691.063829787236,11845.531914893618,139170.46808510637,,,,,
47,041,,55216,50819,,,42283.574468085106,68148.4255319149,,,37418.31914893617,64219.68085106383,,,,,
47,043,69694,75862,75482,,71250,71671.53191489361,80052.46808510639,49850.936170212764,89537.06382978724,45878.25531914894,105085.74468085106,,,33858.68085106383,108641.31914893616,
47,045,38261,60311,79519,196250,,56225.382978723406,64396.617021276594,13736.574468085106,62785.425531914894,46461.12765957447,112576.87234042553,33938.17021276595,358561.8297872341,,,
47,047,52164,99622,78438,,,92334.85106382979,106909.14893617021,44377.617021276594,59950.382978723406,46957.65957446809,109918.3404255319,,,,,
47,049,,51430,98125,,,47921.063829787236,54938.936170212764,,,40964.48936170213,155285.51063829788,,,,,
47,051,45650,64591,54712,72768,145905,59362.744680851065,69819.25531914894,15537.489361702126,75762.51063829787,14817.361702127666,94606.63829787233,60188.255319148935,85347.74468085106,145302.10638297873,146507.89361702127,
47,053,48706,65760,77527,138594,,61810.21276595745,69709.78723404255,30542.936170212768,66869.06382978724,20609.553191489365,134444.44680851063,70812.55319148937,206375.44680851063,,,
47,055,52098,65521,,125750,91289,59469.425531914894,71572.5744680851,36485.914893617024,67710.08510638298,,,28799.702127659577,222700.29787234042,91031.63829787234,91546.36170212766,
47,057,,50946,48653,,16429,47292.89361702128,54599.10638297872,,,17665.936170212764,79640.06382978724,,,12430.361702127659,20427.63829787234,
47,059,,56591,33712,,,52871.17021276596,60310.82978723404,,,7956.765957446809,59467.23404255319,,,,,
47,061,,47578,162917,59583,,39385.31914893617,55770.68085106383,,,83294.53191489363,242539.46808510637,5519.170212765959,113646.82978723405,,,
47,063,47849,58221,51055,181111,,53662.36170212766,62779.63829787234,28165.59574468085,67532.40425531915,34577.89361702128,67532.10638297873,16098.06382978725,346123.93617021275,,,
47,065,47764,87068,61292,91375,87636,84063.06382978724,90072.93617021276,43920.255319148935,51607.744680851065,51113.10638297872,71470.89361702127,61868.957446808505,120881.0425531915,20182.212765957447,155089.78723404254,
47,067,,35116,,,,30284.51063829787,39947.48936170213,,,,,,,,,
47,069,41507,51213,,,133623,46022.87234042553,56403.12765957447,37351.085106382976,45662.914893617024,,,,,133201.21276595743,134044.78723404257,
47,071,33036,51638,,,,46319.1914893617,56956.8085106383,3867.1489361702115,62204.85106382979,,,,,,,
47,073,,57354,,66458,,53395.87234042553,61312.12765957447,,,,,29594.51063829787,103321.48936170213,,,
47,075,42961,63889,70293,,,46575.46808510639,81202.53191489361,36322.02127659575,49599.97872340425,11176.063829787236,129409.93617021276,,,,,
47,077,51542,54916,57386,,,49631.744680851065,60200.255319148935,43955.78723404255,59128.21276595745,14528.127659574471,100243.87234042553,,,,,
47,079,40488,51750,,,33281,49077.48936170213,54422.51063829787,24697.1914893617,56278.8085106383,,,,,20261.595744680853,46300.40425531915,
47,081,56250,68418,,,,64069.063829787236,72766.93617021276,37911.78723404255,74588.21276595745,,,,,,,
47,083,35515,59128,92768,,,54842.21276595745,63413.78723404255,11029.893617021276,60000.10638297872,63879.14893617021,121656.85106382979,,,,,
47,085,,60938,,,,51534.76595744681,70341.23404255319,,,,,,,,,
47,087,,48654,19117,,,38699.10638297872,58608.89361702128,,,18329.425531914894,19904.574468085106,,,,,
47,089,50763,66463,78942,115357,,62880.1914893617,70045.8085106383,32302.063829787236,69223.93617021276,65322.085106382976,92561.91489361702,35701.17021276597,195012.82978723402,,,
47,091,,51336,54012,,,45064,57608,,,40585.10638297872,67438.89361702127,,,,,
47,093,43593,78884,57804,101193,,76847.74468085106,80920.25531914894,41021.765957446805,46164.234042553195,49973.53191489362,65634.46808510637,92435.55319148937,109950.44680851063,,,
47,095,21507,32250,132955,,,23605.744680851065,40894.255319148935,12395.680851063831,30618.31914893617,52855.93617021278,213054.06382978722,,,,,
47,097,35732,62219,89323,96845,81667,53404.36170212766,71033.63829787234,28322.127659574468,43141.87234042553,33009.63829787234,145636.36170212767,81321.08510638298,112368.91489361702,39938.65957446809,123395.3404255319,
47,099,14126,55864,,,,51525.78723404255,60202.21276595745,12953.574468085106,15298.425531914894,,,,,,,
47,101,,58993,,,,49732.744680851065,68253.25531914894,,,,,,,,,
47,103,44250,67399,73364,139375,56711,62556.78723404255,72241.21276595745,33500.382978723406,54999.617021276594,52321.10638297872,94406.89361702127,56719,222031,24659.936170212768,88762.06382978724,
47,105,50841,86271,75186,38888,,80268.27659574468,92273.72340425532,14485.085106382983,87196.91489361701,36368.46808510638,114003.53191489363,37881.1914893617,39894.8085106383,,,
47,107,44148,64414,48328,105732,,59626.59574468085,69201.40425531915,28146.297872340427,60149.70212765958,44046.97872340425,52609.02127659575,78616.08510638298,132847.914893617,,,
47,109,31500,56013,64318,,,50895.55319148936,61130.44680851064,30059.489361702126,32940.51063829787,11480.212765957447,117155.78723404255,,,,,
47,111,,59725,51332,,,54970.95744680851,64479.04255319149,,,23813.361702127662,78850.63829787234,,,,,
47,113,41815,72120,54011,107644,54093,67431.48936170213,76808.51063829787,35750.31914893617,47879.68085106383,44594.65957446808,63427.34042553192,6878.553191489365,208409.44680851063,53101.68085106383,55084.31914893617,
47,115,,62271,,,,57469.29787234042,67072.70212765958,,,,,,,,,
47,117,36659,75413,68854,,,68998.02127659574,81827.97872340426,21957.212765957447,51360.78723404255,17684.297872340423,120023.70212765958,,,,,
47,119,42649,80648,66841,99950,25417,74980.08510638298,86315.91489361702,37426.70212765958,47871.29787234042,43857.17021276595,89824.82978723405,79652.97872340426,120247.02127659574,12989.765957446809,37844.23404255319,
47,121,,59981,,,,53127.553191489365,66834.44680851063,,,,,,,,,
47,123,31819,57152,81494,125227,28917,53216.51063829787,61087.48936170213,2501.212765957447,61136.78723404255,65329.063829787236,97658.93617021276,28380.36170212766,222073.63829787233,11618.957446808512,46215.04255319149,
47,125,66565,80030,70975,90239,93860,75682.25531914894,84377.74468085106,61026.95744680851,72103.0425531915,62399.85106382979,79550.14893617021,64683.936170212764,115794.06382978724,29564.85106382979,158155.1489361702,
47,127,43516,67478,,,,52888.21276595745,82067.78723404255,36878.21276595745,50153.78723404255,,,,,,,
47,129,,65523,121250,,,60222.063829787236,70823.93617021276,,,81964.21276595745,160535.78723404254,,,,,
47,131,36719,57127,36974,,35208,53595.425531914894,60658.574468085106,28506.063829787236,44931.936170212764,976.7234042553246,72971.27659574468,,,2741.1063829787236,67674.89361702127,
47,133,,50136,48258,,,43813.95744680851,56458.04255319149,,,31863.106382978724,64652.89361702128,,,,,
47,135,,51909,,,,44480.063829787236,59337.936170212764,,,,,,,,,
47,137,,48427,60781,,,42297.97872340425,54556.02127659575,,,46477.17021276596,75084.82978723405,,,,,
47,139,,63990,130950,,,55727.02127659574,72252.97872340426,,,80488.04255319148,181411.95744680852,,,,,
47,141,,59596,52610,71786,88472,55829.70212765958,63362.29787234042,,,30466.17021276596,74753.82978723405,8011.531914893618,135560.46808510637,54359.65957446809,122584.3404255319,
47,143,,55475,48710,,,51205.89361702128,59744.10638297872,,,7663.1914893616995,89756.80851063831,,,,,
47,145,63606,71772,63977,180288,,67471.91489361702,76072.08510638298,53763.10638297872,73448.89361702127,4873.170212765959,123080.82978723405,54572.76595744681,306003.2340425532,,,
47,147,61522,86279,76250,63906,,80332.27659574468,92225.72340425532,48764.72340425532,74279.27659574468,66539.36170212766,85960.63829787234,44271.446808510635,83540.55319148937,,,
47,149,69294,90981,69919,76000,42396,88618.27659574468,93343.72340425532,62315.44680851064,76272.55319148937,60704.02127659575,79133.97872340426,52484.76595744681,99515.23404255319,32958.21276595745,51833.78723404255,
47,151,,44926,,33922,14674,38893.48936170213,50958.51063829787,,,,,19524.042553191488,48319.95744680851,12530.510638297872,16817.489361702126,
47,153,,58187,70764,,,51004.70212765958,65369.29787234042,,,33295.234042553195,108232.7659574468,,,,,
47,155,,63332,53797,59407,,58894.89361702128,67769.10638297873,,,39318.02127659575,68275.97872340426,10751.340425531918,108062.65957446808,,,
47,157,48588,93002,59103,111375,44625,89378.68085106384,96625.31914893616,47110.55319148936,50065.44680851064,52659.425531914894,65546.5744680851,98038.65957446808,124711.34042553192,29505,59745,
47,159,37917,67166,43574,,,61450.425531914894,72881.5744680851,3355.468085106382,72478.53191489363,34486.51063829787,52661.48936170213,,,,,
47,161,59917,64688,63672,11425,,57690.382978723406,71685.6170212766,1780.659574468089,118053.3404255319,27404.255319148935,99939.74468085106,9145.68085106383,13704.31914893617,,,
47,163,37025,59213,47500,115273,103611,56322.446808510635,62103.553191489365,27956.574468085106,46093.425531914894,28517.191489361703,66482.8085106383,77811.38297872341,152734.6170212766,74579.17021276595,132642.82978723405,
47,165,64063,92194,83977,103269,80694,89034.17021276595,95353.82978723405,46200.19148936171,81925.8085106383,74681,93273,78264.40425531915,128273.59574468085,43928.21276595745,117459.78723404255,
47,167,46659,78711,92778,,,73682.91489361702,83739.08510638298,39082.31914893617,54235.68085106383,3131.5319148936105,182424.4680851064,,,,,
47,169,29375,72898,152083,,,63410.17021276596,82385.82978723405,8921.893617021276,49828.10638297872,54553.63829787234,249612.36170212767,,,,,
47,171,,53047,,,,44903.17021276596,61190.82978723404,,,,,,,,,
47,173,,62692,,,,57921.27659574468,67462.72340425532,,,,,,,,,
47,175,,59146,,,,47003.53191489362,71288.46808510639,,,,,,,,,
47,177,35192,56458,56250,,,52814.425531914894,60101.574468085106,15723.063829787236,54660.936170212764,26126.76595744681,86373.23404255319,,,,,
47,179,39805,65472,44792,101590,,61586.553191489365,69357.44680851063,33430.53191489362,46179.46808510638,9187.914893617024,80396.08510638298,17371.95744680852,185808.04255319148,,,
47,181,68750,50093,,,,44563.29787234042,55622.70212765958,52094.17021276596,85405.82978723405,,,,,,,
47,183,44132,52016,44141,,,48791.82978723404,55240.17021276596,20958.723404255317,67305.27659574468,16662.872340425532,71619.12765957447,,,,,
47,185,,52836,57750,,,46979.82978723404,58692.17021276596,,,5225.574468085113,110274.4255319149,,,,,
47,187,86538,138525,92202,171801,132625,132207.72340425532,144842.27659574468,67250.17021276595,105825.82978723405,75505.65957446808,108898.34042553192,146618.87234042553,196983.12765957447,70360.14893617021,194889.8510638298,
47,189,67672,96445,79162,139951,133774,92287.89361702127,100602.10638297873,47054.46808510639,88289.53191489361,65527.78723404255,92796.21276595745,124564.10638297873,155337.89361702127,78714.08510638299,188833.914893617,
48,000,60084,93968,65194,117028,73411,93494.97872340426,94441.02127659574,59482.29787234042,60685.70212765958,64722.17021276596,65665.82978723405,115237.1914893617,118818.8085106383,70543.08510638298,76278.91489361702,
48,001,35064,67401,59063,116741,,61181.425531914894,73620.5744680851,22948.936170212764,47179.063829787236,38575.34042553192,79550.65957446808,103667.97872340426,129814.02127659574,,,
48,003,121623,77361,65528,,,56316.914893617024,98405.08510638298,118848.02127659574,124397.97872340426,55439.65957446808,75616.34042553192,,,,,
48,005,37175,68088,62748,,66141,60698.382978723406,75477.6170212766,29959.340425531915,44390.65957446808,56882.29787234042,68613.70212765958,,,44558.36170212766,87723.63829787234,
48,007,33744,68932,73540,,,58841.27659574468,79022.72340425532,33444.936170212764,34043.063829787236,28446.893617021276,118633.10638297873,,,,,
48,009,146500,75333,66964,,,62127.72340425532,88538.27659574468,9373.872340425558,283626.12765957444,54134.04255319149,79793.9574468085,,,,,
48,011,,75268,92632,,45694,59490.29787234042,91045.70212765958,,,2779.404255319154,182484.59574468085,,,15227.617021276597,76160.3829787234,
48,013,,78837,65734,91083,,69498.10638297873,88175.89361702127,,,53323.446808510635,78144.55319148937,53658.31914893617,128507.68085106384,,,
48,015,37952,80980,82207,99817,,66443.82978723405,95516.17021276595,22243.40425531915,53660.595744680846,56431.51063829787,107982.48936170213,60282.1914893617,139351.8085106383,,,
48,017,,60647,71331,,,32726.829787234044,88567.17021276595,,,42010.82978723405,100651.17021276595,,,,,
48,019,,80030,57692,40333,83438,67446.68085106384,92613.31914893616,,,11306.127659574471,104077.87234042553,37304.234042553195,43361.765957446805,57911.53191489362,108964.46808510637,
48,021,81444,92915,77115,117975,52833,84800.9574468085,101029.0425531915,41666.12765957447,121221.87234042553,68579.17021276595,85650.82978723405,21629.97872340426,214320.02127659574,26875.212765957447,78790.78723404255,
48,023,,43889,,,,33521.85106382979,54256.14893617021,,,,,,,,,
48,025,,79558,50502,51793,32750,71747.78723404255,87368.21276595745,,,41150,59854,4955.553191489358,98630.44680851063,26937.914893617024,38562.085106382976,
48,027,58405,75146,61822,70333,54417,73102.59574468085,77189.40425531915,53553.255319148935,63256.744680851065,57362.255319148935,66281.74468085106,63618.95744680851,77047.0425531915,37319.12765957447,71514.87234042553,
48,029,56861,91748,64540,87417,65710,89484.17021276595,94011.82978723405,53350.87234042553,60371.12765957447,63221.02127659575,65858.97872340426,78900.23404255319,95933.76595744681,55510.85106382979,75909.14893617021,
48,031,,94578,69049,,,83653.23404255319,105502.76595744681,,,47280.48936170213,90817.51063829787,,,,,
48,033,,71875,31181,,,47540.02127659574,96209.97872340426,,,23937.936170212764,38424.063829787236,,,,,
48,035,91023,69212,62344,,,64154.12765957447,74269.87234042553,35354.234042553195,146691.7659574468,48318.97872340426,76369.02127659574,,,,,
48,037,41577,68256,56004,97841,64508,63928.51063829787,72583.48936170213,36011.553191489365,47142.446808510635,49191.063829787236,62816.936170212764,85056.31914893616,110625.68085106384,62011.82978723404,67004.17021276595,
48,039,97489,101888,82339,140152,67148,96201.02127659574,107574.97872340426,82223.63829787234,112754.36170212766,76586.48936170213,88091.51063829787,121636.25531914894,158667.74468085106,30054.553191489358,104241.44680851063,
48,041,35943,70830,49811,71580,53684,66413.14893617021,75246.85106382979,30901.808510638297,40984.1914893617,46364.02127659575,53257.97872340425,50697.95744680851,92462.04255319148,40092.68085106383,67275.31914893616,
48,043,,49753,55912,,,21127.468085106382,78378.53191489363,,,46363.40425531915,65460.59574468085,,,,,
48,045,,52109,44063,,,31402.106382978727,72815.89361702127,,,30476.44680851064,57649.553191489365,,,,,
48,047,,61719,46521,,,31733.978723404256,91704.02127659574,,,30458.531914893618,62583.46808510638,,,,,
48,049,47717,57897,55292,95156,,50751.63829787234,65042.36170212766,7349.340425531911,88084.6595744681,44200.425531914894,66383.5744680851,36534.72340425532,153777.27659574468,,,
48,051,62778,73265,61580,,,62920.48936170213,83609.51063829787,35944.46808510639,89611.53191489361,42164.68085106383,80995.31914893616,,,,,
48,053,66797,81523,67656,,107729,75906.31914893616,87139.68085106384,8820.31914893617,124773.68085106384,53646.46808510638,81665.53191489363,,,3248.48936170213,212209.51063829788,
48,055,29664,77617,66556,101449,85660,66680.31914893616,88553.68085106384,4229.276595744679,55098.72340425532,60407.914893617024,72704.08510638298,94992.31914893616,107905.68085106384,47765.872340425536,123554.12765957447,
48,057,,96432,57196,122981,,88169.02127659574,104694.97872340426,,,45583.744680851065,68808.25531914894,47933.85106382979,198028.1489361702,,,
48,059,,73917,40841,,,63871.553191489365,83962.44680851063,,,36003.553191489365,45678.446808510635,,,,,
48,061,47064,69512,49284,103765,47695,63061.27659574468,75962.72340425532,26414.297872340423,67713.70212765958,47333.53191489362,51234.46808510638,94521.4255319149,113008.5744680851,31337.042553191488,64052.95744680851,
48,063,26589,71106,50476,95302,,53410,88802,16680.574468085106,36497.425531914894,18695.404255319147,82256.59574468085,33183.70212765958,157420.29787234042,,,
48,065,,85698,79250,,,76518.76595744681,94877.23404255319,,,40963.87234042553,117536.12765957447,,,,,
48,067,35614,58737,37234,,,53498.02127659575,63975.97872340425,28942.85106382979,42285.14893617021,16894.08510638298,57573.914893617024,,,,,
48,069,,65164,41998,,,50096.425531914894,80231.5744680851,,,30239.191489361703,53756.80851063829,,,,,
48,071,80711,122646,85563,,,106085.48936170213,139206.51063829788,65160.87234042553,96261.12765957447,63286.914893617024,107839.08510638298,,,,,
48,073,37315,65789,58636,83314,,60429.68085106383,71148.31914893616,26810.82978723404,47819.17021276596,47988.85106382979,69283.14893617021,33962.51063829788,132665.48936170212,,,
48,075,,61280,58245,,,35141.10638297873,87418.89361702127,,,13366.361702127659,103123.63829787234,,,,,
48,077,,76941,123239,,96188,66710.87234042553,87171.12765957447,,,85850.06382978724,160627.93617021275,,,94956,97420,
48,079,,50536,37692,,,18011.91489361702,83060.08510638298,,,25070.55319148936,50313.446808510635,,,,,
48,081,,49000,29527,,,40802.553191489365,57197.446808510635,,,17370.23404255319,41683.76595744681,,,,,
48,083,,50544,,,,45810.21276595745,55277.78723404255,,,,,,,,,
48,085,90397,126038,92277,156540,121471,122091.78723404255,129984.21276595745,85545.25531914894,95248.74468085106,86753.25531914894,97800.74468085106,150102.3829787234,162977.6170212766,78741.8085106383,164200.1914893617,
48,087,50436,85185,49583,,,70689.34042553192,99680.65957446808,48064.936170212764,52807.063829787236,27218.744680851065,71947.25531914894,,,,,
48,089,60917,77745,53808,,,65471.46808510638,90018.53191489361,43303.21276595745,78530.78723404255,47652.765957446805,59963.234042553195,,,,,
48,091,104543,104634,84331,138109,156014,99760.8085106383,109507.1914893617,83737.21276595745,125348.78723404255,75829.72340425532,92832.27659574468,99175.89361702127,177042.10638297873,37109.31914893618,274918.6808510638,
48,093,,61581,52957,193400,78875,49743.553191489365,73418.44680851063,,,44327.04255319149,61586.95744680851,74454.80851063831,312345.1914893617,34569.46808510638,123180.53191489363,
48,095,,73380,,,,59863.744680851065,86896.25531914894,,,,,,,,,
48,097,56614,80607,56381,,105404,71896.02127659574,89317.97872340426,40854.17021276596,72373.82978723405,46627.46808510638,66134.53191489361,,,20330.46808510639,190477.5319148936,
48,099,65764,74529,63330,52974,84154,70537.51063829787,78520.48936170213,52736.255319148935,78791.74468085106,53674.17021276596,72985.82978723405,27554.76595744681,78393.23404255319,65282,103026,
48,101,15952,75833,,,,51652.914893617024,100013.08510638298,12450.212765957447,19453.787234042553,,,,,,,
48,103,,70268,60208,138654,,39892.17021276596,100643.82978723405,,,35529.87234042553,84886.12765957447,33787.446808510635,243520.55319148937,,,
48,105,,69844,81445,,,15728.936170212764,123959.06382978724,,,15123.127659574471,147766.87234042553,,,,,
48,107,43899,71447,41167,,,46848.70212765958,96045.29787234042,43036.36170212766,44761.63829787234,28135.68085106383,54198.31914893617,,,,,
48,109,,112781,39750,,,36046.70212765958,189515.29787234042,,,14378.425531914894,65121.574468085106,,,,,
48,111,,79897,51202,,,74618.70212765958,85175.29787234042,,,23996.72340425532,78407.27659574468,,,,,
48,113,58371,102276,68913,108967,71975,100457.78723404255,104094.21276595745,56733.89361702128,60008.10638297872,66624.14893617021,71201.85106382979,104635.93617021276,113298.06382978724,67379.4255319149,76570.5744680851,
48,115,,78533,46544,,,51059.63829787234,106006.36170212766,,,30939.063829787236,62148.936170212764,,,,,
48,117,,64300,58571,,,55639.063829787236,72960.93617021276,,,47661.72340425532,69480.27659574468,,,,,
48,119,32750,64891,99236,,,54546.48936170213,75235.51063829787,3457.234042553191,62042.76595744681,23307.14893617021,175164.8510638298,,,,,
48,121,84053,119307,88059,149994,81810,116294.91489361702,122319.08510638298,77623.72340425532,90482.27659574468,84220.02127659574,91897.97872340426,144334.4255319149,155653.5744680851,42289.48936170213,121330.51063829787,
48,123,32356,65133,65913,,28919,56257.59574468085,74008.40425531915,20623.40425531915,44088.595744680846,50920.48936170213,80905.51063829787,,,28224.36170212766,29613.63829787234,
48,125,,55375,39250,,,46263.68085106383,64486.31914893617,,,25680.12765957447,52819.87234042553,,,,,
48,127,,143047,31331,,,72304.70212765958,213789.29787234042,,,14561.978723404256,48100.02127659574,,,,,
48,129,,59506,77917,,,49287.78723404255,69724.21276595745,,,3333.3404255319183,152500.6595744681,,,,,
48,131,,63586,40239,,,23952.297872340423,103219.70212765958,,,25282.23404255319,55195.76595744681,,,,,
48,133,41250,56250,42188,,,47783.27659574468,64716.72340425532,8099.1914893616995,74400.80851063831,17772,66604,,,,,
48,135,58852,78341,68797,104980,,70783.3829787234,85898.6170212766,44762.63829787234,72941.36170212766,61099.97872340425,76494.02127659574,7976.085106382976,201983.91489361704,,,
48,137,,67891,,,,44668.87234042553,91113.12765957447,,,,,,,,,
48,139,101473,104345,81504,,,99160.82978723405,109529.17021276595,90838.9574468085,112107.0425531915,71497.87234042553,91510.12765957447,,,,,
48,141,63720,76058,56459,80707,69281,70786.85106382979,81329.14893617021,55651.234042553195,71788.76595744681,55056.617021276594,57861.382978723406,66649.8085106383,94764.1914893617,54859.21276595745,83702.78723404255,
48,143,25547,65730,55417,,,60510.085106382976,70949.91489361702,9065.127659574468,42028.87234042553,35284.40425531915,75549.59574468085,,,,,
48,145,29446,66217,55032,,,59202.70212765958,73231.29787234042,24758.68085106383,34133.31914893617,36755.744680851065,73308.25531914894,,,,,
48,147,28563,74192,75938,67596,,70255.31914893616,78128.68085106384,6382.234042553191,50743.76595744681,61590.085106382976,90285.91489361702,14362.638297872341,120829.36170212766,,,
48,149,,83279,65662,,,77726.65957446808,88831.34042553192,,,52025.40425531915,79298.59574468085,,,,,
48,151,,67991,59886,,,61023.17021276596,74958.82978723405,,,49698.76595744681,70073.23404255319,,,,,
48,153,,60125,59732,,,36827.8085106383,83422.19148936169,,,48460.51063829787,71003.48936170213,,,,,
48,155,,70625,,,,28448.65957446808,112801.34042553192,,,,,,,,,
48,157,93991,134051,89281,137576,84143,128945.46808510639,139156.53191489363,89108.27659574468,98873.72340425532,82795.72340425532,95766.27659574468,131313.53191489363,143838.46808510637,67099.93617021276,101186.06382978724,
48,159,,74275,62000,,,65854.74468085106,82695.25531914894,,,40858.21276595745,83141.78723404255,,,,,
48,161,50268,70075,66717,,,60458.48936170213,79691.51063829787,28666.297872340423,71869.70212765958,60663.04255319149,72770.9574468085,,,,,
48,163,,92458,60534,,,71922.68085106384,112993.31914893616,,,40992.382978723406,80075.61702127659,,,,,
48,165,38636,81889,60786,,,60675.72340425532,103102.27659574468,21696.59574468085,55575.404255319154,43118.595744680846,78453.40425531915,,,,,
48,167,52783,100589,75369,99167,74333,96486.70212765958,104691.29787234042,46780.27659574468,58785.72340425532,72186.53191489361,78551.46808510639,83052.10638297873,115281.89361702127,26175.382978723406,122490.61702127659,
48,169,,61273,40533,,,43080.14893617021,79465.85106382979,,,35226.10638297872,45839.89361702128,,,,,
48,171,,76122,76579,236250,98266,67040.46808510639,85203.53191489361,,,52697.97872340426,100460.02127659574,80351.95744680852,392148.0425531915,18412.3829787234,178119.61702127662,
48,173,,120250,78000,,,73500.72340425532,166999.27659574468,,,24388.93617021277,131611.06382978722,,,,,
48,175,,68718,38343,,,52063.36170212766,85372.63829787234,,,24453.808510638297,52232.19148936171,,,,,
48,177,,59881,57715,62000,41445,51903.97872340426,67858.02127659574,,,40742.23404255319,74687.76595744681,9140.765957446805,114859.2340425532,40714.617021276594,42175.382978723406,
48,179,26250,70812,45398,55705,48056,58878.04255319149,82745.9574468085,2677.5744680851058,49822.425531914894,31079.872340425532,59716.12765957447,32030.106382978727,79379.89361702127,6955.574468085106,89156.4255319149,
48,181,51531,76500,63858,73025,72313,72149.87234042553,80850.12765957447,44765.72340425532,58296.27659574468,57913.65957446808,69802.34042553192,50801.34042553192,95248.65957446808,56143.29787234042,88482.70212765958,
48,183,51077,76219,57324,78631,51016,73228.36170212766,79209.63829787234,46280.063829787236,55873.936170212764,48471.234042553195,66176.76595744681,52187.085106382976,105074.91489361702,14977.021276595748,87054.97872340426,
48,185,26316,84252,62614,,,67082.63829787234,101421.36170212766,7790.723404255321,44841.27659574468,43591.87234042553,81636.12765957447,,,,,
48,187,90778,103553,78990,84123,102367,97860.06382978724,109245.93617021276,76611.1914893617,104944.8085106383,72563.10638297873,85416.89361702127,23169.978723404252,145076.02127659574,49767.51063829787,154966.48936170212,
48,189,40000,65215,47059,,,53808.87234042553,76621.12765957447,7886.978723404256,72113.02127659574,40411.68085106383,53706.31914893617,,,,,
48,191,,52750,39079,,,39274.255319148935,66225.74468085106,,,14234.063829787236,63923.936170212764,,,,,
48,193,,58671,58625,,,48027.425531914894,69314.5744680851,,,18066.702127659577,99183.29787234042,,,,,
48,195,,72202,65909,,,51275.872340425536,93128.12765957447,,,48091.46808510638,83726.53191489363,,,,,
48,197,,62833,63000,107500,,43300.914893617024,82365.08510638298,,,10715.063829787236,115284.93617021276,13588,201412,,,
48,199,65317,79701,76458,,58807,69509,89893,46277,84357,51093.574468085106,101822.4255319149,,,58423.34042553192,59190.65957446808,
48,201,54903,106680,64119,96399,70667,104578.21276595745,108781.78723404255,53667.425531914894,56138.574468085106,62982.31914893617,65255.68085106383,92289.55319148937,100508.44680851063,66444.36170212766,74889.63829787234,
48,203,41940,73917,62266,,,70253.17021276595,77580.82978723405,31147.48936170213,52732.51063829787,45137.14893617021,79394.85106382979,,,,,
48,205,,90705,53929,,,64097.85106382979,117312.14893617021,,,40659.382978723406,67198.6170212766,,,,,
48,207,,64316,48229,,150625,52197.36170212766,76434.63829787234,,,34783.04255319149,61674.95744680851,,,97388.06382978724,203861.93617021275,
48,209,88333,100170,75263,120694,107969,94621.23404255319,105718.76595744681,60626.10638297873,116039.89361702127,69103,81423,94699.27659574468,146688.72340425532,77633.68085106384,138304.31914893616,
48,211,,74787,58914,,,53908.53191489362,95665.46808510637,,,52341.744680851065,65486.255319148935,,,,,
48,213,57854,68016,69717,85926,,63173.78723404255,72858.21276595745,45880.72340425532,69827.27659574468,57033.59574468085,82400.40425531915,73140.12765957447,98711.87234042553,,,
48,215,72517,61944,52969,105521,66576,58612.59574468085,65275.40425531915,31922.957446808512,113111.04255319148,51617.85106382979,54320.14893617021,91791.46808510639,119250.53191489361,46511.31914893617,86640.68085106384,
48,217,47575,66030,64949,81146,72650,60984.04255319149,71075.9574468085,21539.76595744681,73610.23404255319,58492.31914893617,71405.68085106384,79823.44680851063,82468.55319148937,32419.361702127666,112880.63829787233,
48,219,30231,70141,54223,,,61116.65957446808,79165.34042553192,7417.553191489362,53044.446808510635,40068.10638297872,68377.89361702127,,,,,
48,221,158295,89002,86629,94427,29167,81107.1914893617,96896.8085106383,127392.53191489363,189197.46808510637,72125,101133,42363.68085106383,146490.31914893616,4289.89361702128,54044.106382978716,
48,223,36902,75558,62260,30694,,71470,79646,23971.957446808512,49832.04255319149,45978.29787234042,78541.70212765958,13.148936170211527,61374.85106382979,,,
48,225,32905,62132,77404,,,53816.59574468085,70447.40425531915,26366.106382978724,39443.89361702128,44131.65957446809,110676.3404255319,,,,,
48,227,29743,77500,67300,86154,,67977.6170212766,87022.3829787234,12534.31914893617,46951.68085106383,63092.85106382979,71507.14893617021,45773.234042553195,126534.7659574468,,,
48,229,,,49500,,,,,,,40761.617021276594,58238.382978723406,,,,,
48,231,55986,75389,71470,56244,92396,69414.87234042553,81363.12765957447,42731.87234042553,69240.12765957447,64057.744680851065,78882.25531914894,54871.40425531915,57616.59574468085,20578.97872340426,164213.02127659574,
48,233,,72007,59344,,,61489.72340425532,82524.27659574468,,,40467.23404255319,78220.76595744681,,,,,
48,235,,78047,43885,,,56064.02127659574,100029.97872340426,,,31501.85106382979,56268.14893617021,,,,,
48,237,,69719,41202,,,60007.17021276596,79430.82978723405,,,21914.17021276596,60489.82978723404,,,,,
48,239,,82731,62929,,,68920.44680851063,96541.55319148937,,,44995.89361702128,80862.10638297873,,,,,
48,241,35083,64591,,,,56189.8085106383,72992.1914893617,21591.76595744681,48574.23404255319,,,,,,,
48,243,,72962,,,,32423.957446808512,113500.04255319148,,,,,,,,,
48,245,43256,78054,60013,83594,66380,73582.34042553192,82525.65957446808,40359.48936170213,46152.51063829787,53518.19148936171,66507.8085106383,74483.87234042553,92704.12765957447,39900.34042553192,92859.65957446808,
48,247,,,43454,,,,,,,37671.70212765958,49236.29787234042,,,,,
48,249,,64306,49845,,,43858.85106382979,84753.14893617021,,,42945.085106382976,56744.914893617024,,,,,
48,251,78185,86879,78019,91125,125972,83869.29787234042,89888.70212765958,65294.27659574468,91075.72340425532,69278.23404255319,86759.76595744681,38573.17021276596,143676.82978723405,63577.27659574468,188366.72340425532,
48,253,,70924,48233,140682,101136,64373.1914893617,77474.8085106383,,,37048.48936170213,59417.51063829787,103805.40425531915,177558.59574468085,94576.85106382979,107695.14893617021,
48,255,,81875,43371,,,40964.02127659575,122785.97872340426,,,20721.978723404256,66020.02127659574,,,,,
48,257,70830,99923,82338,100197,138313,93135.08510638298,106710.91489361702,63346.255319148935,78313.74468085106,77023.9574468085,87652.0425531915,51345.936170212764,149048.06382978725,103710.95744680852,172915.04255319148,
48,259,226071,113855,113667,177043,,103661.8085106383,124048.1914893617,183266.74468085106,268875.25531914894,87721.12765957447,139612.87234042553,112477.38297872341,241608.6170212766,,,
48,261,,,38618,,,,,,,36239.78723404255,40996.21276595745,,,,,
48,263,,72917,,,,53431.3829787234,92402.6170212766,,,,,,,,,
48,265,,71821,60371,86662,60313,66591.55319148937,77050.44680851063,,,53332.87234042553,67409.12765957447,83336.55319148937,89987.44680851063,1566.6170212765937,119059.38297872341,
48,267,,74138,61786,,,50872.97872340426,97403.02127659574,,,31829.574468085106,91742.4255319149,,,,,
48,269,,,,,,,,,,,,,,,,
48,271,,54273,76250,,,37134.6170212766,71411.3829787234,,,59052.042553191495,93447.9574468085,,,,,
48,273,102910,73452,55630,,111115,66031.40425531915,80872.59574468085,51797.48936170213,154022.51063829788,42099.44680851064,69160.55319148937,,,98132.53191489363,124097.46808510637,
48,275,25455,61250,60203,,,47433.48936170213,75066.51063829787,13842.744680851065,37067.255319148935,45837.21276595745,74568.78723404255,,,,,
48,277,44120,66815,55332,,,59608.87234042553,74021.12765957447,35796.255319148935,52443.744680851065,36101.36170212766,74562.63829787234,,,,,
48,279,,66201,59692,,114000,60309.085106382976,72092.91489361702,,,52159.40425531915,67224.59574468085,,,108108.08510638298,119891.91489361702,
48,281,113438,85836,59655,66500,83938,76989.1914893617,94682.8085106383,42430,184446,32920.36170212766,86389.63829787234,3688.2553191489424,129311.74468085106,77439.6170212766,90436.3829787234,
48,283,,70885,44402,,,19257.765957446805,122512.2340425532,,,12156.723404255321,76647.27659574468,,,,,
48,285,38571,72518,45660,63304,,65123.617021276594,79912.3829787234,11993.638297872338,65148.36170212766,33978.63829787234,57341.36170212766,54793.1914893617,71814.8085106383,,,
48,287,,85665,54567,,,71091.89361702128,100238.10638297872,,,18265.893617021276,90868.10638297873,,,,,
48,289,42981,65401,53036,,115806,55419.89361702128,75382.10638297872,26550.361702127662,59411.63829787234,28388.85106382979,77683.14893617021,,,114960.0425531915,116651.9574468085,
48,291,46161,76442,58915,148178,83438,69946,82938,18750.787234042557,73571.21276595745,51849.46808510638,65980.53191489361,22475.87234042553,273880.1276595745,50343.1914893617,116532.80851063831,
48,293,38563,66565,62321,88125,,62337.59574468085,70792.40425531915,34208.10638297872,42917.89361702128,53894.78723404255,70747.21276595745,15973.170212765966,160276.82978723402,,,
48,295,,79688,69219,,,68734.63829787234,90641.36170212766,,,50336.27659574468,88101.72340425532,,,,,
48,297,,68519,43694,,,62405.46808510638,74632.53191489361,,,33997.65957446808,53390.34042553192,,,,,
48,299,,72317,55689,,35750,62793.425531914894,81840.5744680851,,,40950.27659574468,70427.72340425532,,,9512.21276595745,61987.78723404255,
48,301,,51382,,,,50584.89361702128,52179.10638297872,,,,,,,,,
48,303,43655,75905,55626,96250,65050,73520.82978723405,78289.17021276595,37602.234042553195,49707.765957446805,53310.936170212764,57941.063829787236,70829.5744680851,121670.4255319149,46490.17021276596,83609.82978723405,
48,305,,85583,51354,,58477,77758.48936170213,93407.51063829787,,,37498.17021276596,65209.82978723404,,,57841.936170212764,59112.063829787236,
48,307,,62179,42798,,,43457.12765957447,80900.87234042553,,,20836.468085106382,64759.53191489362,,,,,
48,309,39470,83450,55267,68922,100188,79825.48936170213,87074.51063829787,35756.12765957447,43183.87234042553,50823.936170212764,59710.063829787236,54022.425531914894,83821.5744680851,50468.34042553192,149907.6595744681,
48,311,,,37241,,,,,,,29551.127659574468,44930.87234042553,,,,,
48,313,74219,77150,74069,,,64190.17021276596,90109.82978723405,40485.553191489365,107952.44680851063,52881.936170212764,95256.06382978724,,,,,
48,315,19867,61059,,,,51647.425531914894,70470.5744680851,805.5531914893618,38928.446808510635,,,,,,,
48,317,,116831,61685,,,93750.6595744681,139911.3404255319,,,6041.255319148942,117328.74468085106,,,,,
48,319,,76974,42083,,,68839.70212765958,85108.29787234042,,,24771.85106382979,59394.14893617021,,,,,
48,321,40625,69567,47418,,,62471.68085106383,76662.31914893616,34998.78723404255,46251.21276595745,39442.17021276596,55393.82978723404,,,,,
48,323,,83456,48936,,75481,67425.70212765958,99486.29787234042,,,43042.89361702128,54829.10638297872,,,11451.553191489358,139510.44680851063,
48,325,116250,79992,67646,,115931,74616,85368,76580.55319148937,155919.44680851063,56727.19148936171,78564.8085106383,,,115007.59574468085,116854.40425531915,
48,327,,72500,27443,,,48250.8085106383,96749.19148936169,,,16372.872340425532,38513.12765957447,,,,,
48,329,49845,109026,80108,131268,,99514.34042553192,118537.65957446808,32494.531914893618,67195.46808510637,74679.5744680851,85536.4255319149,84639.06382978722,177896.93617021278,,,
48,331,,73409,45863,,,66660.40425531915,80157.59574468085,,,24908.276595744683,66817.72340425532,,,,,
48,333,,67538,55781,,,54350.59574468085,80725.40425531915,,,4380.148936170219,107181.85106382979,,,,,
48,335,,68274,58205,90938,26875,51933.914893617024,84614.08510638298,,,37515.97872340425,78894.02127659574,37093.40425531915,144782.59574468085,10414.57446808511,43335.425531914894,
48,337,,65819,57661,,57760,61004.1914893617,70633.8085106383,,,32522.95744680851,82799.0425531915,,,12777.70212765957,102742.29787234042,
48,339,77055,107363,79630,131394,107794,103675.34042553192,111050.65957446808,66834.40425531915,87275.59574468085,75626.59574468085,83633.40425531915,119716.21276595745,143071.78723404254,81047.44680851063,134540.55319148937,
48,341,,67727,61085,,70369,51604.95744680851,83849.04255319148,,,56060.48936170213,66109.51063829787,,,18863.297872340423,121874.70212765958,
48,343,41587,62132,81574,,74327,53913.10638297872,70350.89361702127,19057.127659574468,64116.87234042553,80255.02127659574,82892.97872340426,,,25054.14893617022,123599.85106382979,
48,345,,61458,,,,49264.29787234042,73651.70212765958,,,,,,,,,
48,347,30461,62921,55785,38640,145830,58731.72340425532,67110.27659574468,26639.893617021276,34282.10638297872,51887.63829787234,59682.36170212766,28767.31914893617,48512.68085106383,76011.10638297872,215648.89361702127,
48,349,31727,73801,56466,,,65140.063829787236,82461.93617021276,27849.893617021276,35604.10638297872,52674.68085106383,60257.31914893617,,,,,
48,351,25821,54514,,,,43918.085106382976,65109.914893617024,18138.276595744683,33503.72340425532,,,,,,,
48,353,,55891,46168,,,49119.765957446805,62662.234042553195,,,40165.27659574468,52170.72340425532,,,,,
48,355,48000,81526,60474,104516,63720,77250.93617021276,85801.06382978724,38307.23404255319,57692.76595744681,58524.72340425532,62423.27659574468,92748.85106382979,116283.14893617021,54216.68085106383,73223.31914893616,
48,357,,51774,85327,,205873,25296.723404255317,78251.27659574468,,,72317.12765957447,98336.87234042553,,,164799.97872340426,246946.02127659574,
48,359,,80455,68125,,,71266.23404255319,89643.76595744681,,,12011.8085106383,124238.19148936169,,,,,
48,361,34542,78945,55550,72786,138229,72326.27659574468,85563.72340425532,27253.659574468085,41830.34042553192,43593.404255319154,67506.59574468085,46338.51063829787,99233.48936170213,7620.319148936178,268837.6808510638,
48,363,,70920,52179,,102109,66211.23404255319,75628.76595744681,,,41206.574468085106,63151.425531914894,,,58041.765957446805,146176.2340425532,
48,365,33750,68588,77308,44310,,58757.02127659575,78418.97872340426,4774.170212765959,62725.82978723404,30410.978723404252,124205.02127659574,23238.510638297874,65381.48936170213,,,
48,367,90820,106501,81592,141250,60472,101998.36170212766,111003.63829787234,11409.617021276601,170230.38297872338,63601.70212765958,99582.29787234042,33560.80851063829,248939.1914893617,28305.36170212766,92638.63829787234,
48,369,,99554,65738,,,88858,110250,,,63296.63829787234,68179.36170212766,,,,,
48,371,,98145,67895,128668,,63124.744680851065,133165.25531914894,,,50110.82978723405,85679.17021276595,37360.59574468086,219975.40425531915,,,
48,373,29135,64464,56023,93867,54583,55926.97872340426,73001.02127659574,4634.40425531915,53635.595744680846,35379.25531914894,76666.74468085106,30180.702127659577,157553.29787234042,22590.31914893617,86575.68085106384,
48,375,32079,62199,49176,73567,37596,58188.44680851064,66209.55319148937,27472.702127659577,36685.29787234042,46441.53191489362,51910.46808510638,52300.10638297872,94833.89361702127,9794.978723404256,65397.02127659574,
48,377,,37875,43958,,,18742.063829787236,57007.936170212764,,,26889.91489361702,61026.085106382976,,,,,
48,379,33858,65196,68524,118397,,58317.53191489362,72074.46808510639,26387.36170212766,41328.63829787234,60735.23404255319,76312.76595744681,117435.46808510639,119358.53191489361,,,
48,381,56330,85057,81626,72500,39308,81421.76595744681,88692.23404255319,40496.29787234042,72163.70212765958,71637.74468085106,91614.25531914894,52680.76595744681,92319.23404255319,5320.765957446805,73295.2340425532,
48,383,,93594,49102,,,16651.191489361707,170536.8085106383,,,33892.63829787234,64311.36170212766,,,,,
48,385,,50536,30924,,,6082.723404255317,94989.27659574468,,,23518.893617021276,38329.10638297872,,,,,
48,387,31884,57902,63445,,126034,52869.14893617021,62934.85106382979,21798.042553191488,41969.95744680851,52055.553191489365,74834.44680851063,,,125513.31914893616,126554.68085106384,
48,389,,110078,58972,,45221,44980.97872340426,175175.02127659574,,,47785.10638297872,70158.89361702127,,,11856.914893617024,78585.08510638298,
48,391,25286,75841,54038,,,57866.19148936171,93815.8085106383,22257.23404255319,28314.76595744681,37211.78723404255,70864.21276595745,,,,,
48,393,,66875,,,,57965.04255319149,75784.9574468085,,,,,,,,,
48,395,32466,79850,76909,,122125,73141.91489361702,86558.08510638298,23168.8085106383,41763.1914893617,64836.82978723404,88981.17021276595,,,29350.87234042553,214899.12765957447,
48,397,101781,134661,113982,105994,112614,128640.40425531915,140681.59574468085,73671.38297872341,129890.61702127659,106899.78723404255,121064.21276595745,87585.48936170213,124402.51063829787,68698.08510638299,156529.914893617,
48,399,70647,63042,60169,,,55120.97872340425,70963.02127659574,29982.65957446809,111311.3404255319,48181.425531914894,72156.5744680851,,,,,
48,401,39359,76878,56571,47500,,69562.25531914894,84193.74468085106,29094.31914893617,49623.68085106383,41714.31914893617,71427.68085106382,14859.148936170215,80140.85106382979,,,
48,403,60599,68167,73286,,,60207.85106382979,76126.14893617021,53939.765957446805,67258.23404255319,57034.085106382976,89537.91489361702,,,,,
48,405,,62381,35714,,,50225.425531914894,74536.5744680851,,,27248.468085106382,44179.53191489362,,,,,
48,407,53750,70085,44671,,,59506.95744680851,80663.0425531915,19038.34042553192,88461.65957446808,35421.46808510638,53920.53191489362,,,,,
48,409,39074,85127,56758,134833,78266,76947.4255319149,93306.5744680851,3914.3404255319183,74233.65957446808,50986.425531914894,62529.574468085106,67603.21276595745,202062.78723404254,56871.617021276594,99660.38297872341,
48,411,,57305,51667,,,47407.29787234042,67202.70212765958,,,29961.63829787234,73372.36170212766,,,,,
48,413,,93150,68421,,,77300.8085106383,108999.1914893617,,,33726.02127659575,103115.97872340426,,,,,
48,415,,69556,56682,,,52347.31914893617,86764.68085106384,,,48534.59574468085,64829.40425531915,,,,,
48,417,,78203,68438,,,64085.04255319149,92320.9574468085,,,28308.63829787234,108567.36170212766,,,,,
48,419,25909,57603,48859,,40873,51379.85106382979,63826.14893617021,16458.106382978724,35359.89361702128,32260.361702127662,65457.63829787234,,,39374.10638297872,42371.89361702128,
48,421,,72402,44963,,,48628.21276595745,96175.78723404255,,,40671.255319148935,49254.744680851065,,,,,
48,423,55280,83896,67195,104779,45795,81516.59574468085,86275.40425531915,48339.574468085106,62220.425531914894,60851.51063829787,73538.48936170213,68386.14893617021,141171.8510638298,9429.553191489365,82160.44680851063,
48,425,,93452,73659,,,68765.53191489363,118138.46808510637,,,42098.82978723405,105219.17021276595,,,,,
48,427,,55417,37181,,,23858.021276595748,86975.97872340426,,,31741.85106382979,42620.14893617021,,,,,
48,429,,63720,46164,18000,,53620.936170212764,73819.06382978724,,,32911.063829787236,59416.936170212764,7660.255319148935,28339.744680851065,,,
48,431,,,58264,,,,,,,35960.51063829787,80567.48936170213,,,,,
48,433,,67292,46845,,,42837.87234042553,91746.12765957447,,,1975.8936170212837,91714.10638297872,,,,,
48,435,,88542,62950,,,56641.063829787236,120442.93617021276,,,33235.446808510635,92664.55319148937,,,,,
48,437,,47647,32738,,238182,37804.10638297872,57489.89361702128,,,26350.425531914894,39125.574468085106,,,54591.36170212767,421772.6382978723,
48,439,63260,98950,73226,103060,85237,97326,100574,61041.446808510635,65478.553191489365,72076.21276595745,74375.78723404255,98207.06382978724,107912.93617021276,75476.31914893616,94997.68085106384,
48,441,48719,74112,56722,63250,44286,71337.02127659574,76886.97872340426,43437.12765957447,54000.87234042553,50762.17021276596,62681.82978723404,29268.723404255325,97231.27659574468,8672.382978723406,79899.61702127659,
48,443,,44403,43523,,,32872.95744680851,55933.04255319149,,,5774.234042553195,81271.7659574468,,,,,
48,445,,57831,38570,,,25919.340425531915,89742.65957446808,,,34669.063829787236,42470.936170212764,,,,,
48,447,,59640,,,,50336.85106382979,68943.14893617021,,,,,,,,,
48,449,31193,70863,54000,,,64407.51063829787,77318.48936170213,25206.957446808512,37179.04255319149,43427.914893617024,64572.085106382976,,,,,
48,451,51198,72146,61716,65647,44286,68092.55319148937,76199.44680851063,39086.51063829787,63309.48936170213,57500.51063829787,65931.48936170213,50500.78723404255,80793.21276595745,35457.063829787236,53114.936170212764,
48,453,70817,115975,78292,124821,85116,113549.12765957447,118400.87234042553,65205.085106382976,76428.91489361702,73999.06382978724,82584.93617021276,116864.23404255319,132777.7659574468,71213.70212765958,99018.29787234042,
48,455,,54966,51325,,,47241.574468085106,62690.425531914894,,,40976.914893617024,61673.085106382976,,,,,
48,457,,55881,77206,,,46166.78723404255,65595.21276595745,,,55984.382978723406,98427.61702127659,,,,,
48,459,45532,69205,49012,,,62779.29787234042,75630.70212765958,33433.617021276594,57630.382978723406,35162.12765957447,62861.87234042553,,,,,
48,461,,,49938,,,,,,,14933.234042553195,84942.7659574468,,,,,
48,463,,66264,43271,,,60281.53191489362,72246.46808510639,,,30345.72340425532,56196.27659574468,,,,,
48,465,62727,84500,62652,,,68548.34042553192,100451.65957446808,13102.659574468089,112351.3404255319,56475.31914893617,68828.68085106384,,,,,
48,467,65972,68956,86429,118583,93295,63549.02127659575,74362.97872340426,40761.27659574468,91182.72340425532,52691.97872340425,120166.02127659574,10074.06382978725,227091.93617021275,33235.59574468085,153354.40425531915,
48,469,37103,78108,68268,134830,,71306.97872340426,84909.02127659574,27616.36170212766,46589.63829787234,61804.17021276596,74731.82978723405,62500.63829787234,207159.36170212767,,,
48,471,50437,51948,48980,80885,,46499.31914893617,57396.68085106383,38113.425531914894,62760.574468085106,42730.63829787234,55229.36170212766,80323.8085106383,81446.1914893617,,,
48,473,38852,119055,70794,,202854,105096.70212765958,133013.29787234042,28880.425531914894,48823.574468085106,57332.553191489365,84255.44680851063,,,45017.404255319154,360690.59574468085,
48,475,48005,70365,59769,,,49807.042553191495,90922.9574468085,37118.36170212766,58891.63829787234,22955.553191489365,96582.44680851063,,,,,
48,477,43376,87188,80156,,,79660.17021276595,94715.82978723405,29259.234042553195,57492.765957446805,67665.6170212766,92646.3829787234,,,,,
48,479,103365,79454,61752,110233,,67477.14893617021,91430.85106382979,45015.382978723406,161714.6170212766,59245.10638297872,64258.89361702128,3270.617021276601,217195.38297872338,,,
48,481,39401,90580,59926,49353,,81533.02127659574,99626.97872340426,27362.1914893617,51439.8085106383,51661.82978723404,68190.17021276595,47441.85106382979,51264.14893617021,,,
48,483,,59115,66793,,,44030.744680851065,74199.25531914894,,,41476.23404255319,92109.76595744681,,,,,
48,485,41764,67939,56081,89150,72431,65060.36170212766,70817.63829787234,39407.234042553195,44120.765957446805,46982.78723404255,65179.21276595745,59673.74468085106,118626.25531914894,38159,106703,
48,487,71092,63156,38780,,,45230.04255319149,81081.95744680852,61987.82978723404,80196.17021276595,30957.872340425532,46602.12765957447,,,,,
48,489,,73854,48668,,,45134.34042553192,102573.65957446808,,,36331.31914893617,61004.68085106383,,,,,
48,491,88952,115088,95252,166852,84284,112288,117888,78356.08510638298,99547.91489361702,89736.59574468085,100767.40425531915,155361.27659574468,178342.72340425532,68690.97872340426,99877.02127659574,
48,493,148906,101260,81064,,78289,93549.87234042553,108970.12765957447,63884.893617021284,233927.10638297873,73214.46808510639,88913.53191489361,,,29209.17021276596,127368.82978723405,
48,495,,101563,85250,,133828,73235.34042553192,129890.65957446808,,,56641.14893617021,113858.85106382979,,,57500,210156,
48,497,76635,93526,84631,176538,105554,88314.4255319149,98737.5744680851,60101.89361702128,93168.10638297873,80189.12765957447,89072.87234042553,96293.57446808512,256782.42553191487,52405.234042553195,158702.7659574468,
48,499,59310,60174,51921,87976,,54168.89361702128,66179.10638297873,26718.000000000004,91902,28949.085106382976,74892.91489361702,42073.87234042553,133878.12765957447,,,
48,501,,67117,91612,,,45652.31914893617,88581.68085106384,,,69526.55319148937,113697.44680851063,,,,,
48,503,,71542,53913,,,61120.04255319149,81963.9574468085,,,42375.8085106383,65450.1914893617,,,,,
48,505,,38056,38646,,,20877.106382978724,55234.89361702128,,,32625.40425531915,44666.59574468085,,,,,
48,507,,,36618,,,,,,,29262.936170212764,43973.063829787236,,,,,
49,000,65684,98954,79997,102181,66397,98010.34042553192,99897.65957446808,59678.89361702128,71689.10638297873,77972.65957446808,82021.34042553192,96953.93617021276,107408.06382978724,62199.382978723406,70594.6170212766,
49,001,,80150,69940,,,72829.48936170213,87470.51063829787,,,3771.829787234048,136108.17021276595,,,,,
49,003,,85546,71641,,66065,80094.93617021276,90997.06382978724,,,51975.46808510638,91306.53191489363,,,12836.404255319154,119293.59574468085,
49,005,,84628,72515,78289,79216,81215.5744680851,88040.4255319149,,,64300.87234042553,80729.12765957447,50401,106177,50099.574468085106,108332.4255319149,
49,007,62171,58843,52063,,,54441.63829787234,63244.36170212766,23467.85106382979,100874.14893617021,42043.76595744681,62082.23404255319,,,,,
49,009,,57159,,,,36357.97872340426,77960.02127659574,,,,,,,,,
49,011,79882,115376,83979,102177,86083,112605.78723404255,118146.21276595745,61503.27659574468,98260.72340425532,77399.59574468085,90558.40425531915,80539.55319148937,123814.44680851063,69696.44680851063,102469.55319148937,
49,013,,79958,66736,,,74126.85106382979,85789.14893617021,,,50252.936170212764,83219.06382978724,,,,,
49,015,,74375,65234,,,66352.70212765958,82397.29787234042,,,37785.65957446809,92682.3404255319,,,,,
49,017,,59715,91379,,,53107,66323,,,90673.63829787234,92084.36170212766,,,,,
49,019,,65043,107590,109497,,55173.89361702128,74912.10638297873,,,54217.234042553195,160962.7659574468,59598.6170212766,159395.38297872338,,,
49,021,,66780,62286,,63571,61258.63829787234,72301.36170212766,,,42788.46808510638,81783.53191489363,,,33298.82978723404,93843.17021276595,
49,023,,105119,78715,,51071,95980.27659574468,114257.72340425532,,,77629.55319148937,79800.44680851063,,,50446.65957446808,51695.34042553192,
49,025,,75523,135038,,,64931.85106382979,86114.14893617021,,,22604.297872340423,247471.70212765958,,,,,
49,027,,74923,64886,,67560,69485.0425531915,80360.9574468085,,,41373.14893617021,88398.85106382979,,,25324.085106382976,109795.91489361702,
49,029,,130206,116949,,,119324.12765957447,141087.87234042553,,,58626.78723404256,175271.21276595743,,,,,
49,031,,48095,,,,40994.914893617024,55195.085106382976,,,,,,,,,
49,033,,81058,,,,67880.12765957447,94235.87234042553,,,,,,,,,
49,035,64040,103332,80639,105160,75676,101640.08510638298,105023.91489361702,53808.68085106383,74271.31914893616,76957.29787234042,84320.70212765958,98008.68085106384,112311.31914893616,67038.89361702127,84313.10638297873,
49,037,,74604,,,49403,59905.78723404255,89302.21276595745,,,,,,,42587.68085106383,56218.31914893617,
49,039,,72855,60962,21689,,69429.46808510639,76280.53191489361,,,38446.425531914894,83477.5744680851,16162.872340425532,27215.127659574468,,,
49,041,,76449,33125,,,71959.46808510639,80938.53191489361,,,5810.106382978724,60439.89361702128,,,,,
49,043,41289,145325,90364,139318,,138509.68085106384,152140.31914893616,40477.59574468085,42100.40425531915,79122.29787234042,101605.70212765958,110870,167766,,,
49,045,151250,107972,99031,108750,,103458.63829787234,112485.36170212766,29318.936170212764,273181.06382978725,90681.0425531915,107380.9574468085,28711.702127659577,188788.29787234042,,,
49,047,123438,78290,66262,69792,36786,68727.10638297873,87852.89361702127,112507.27659574468,134368.72340425532,49764.63829787234,82759.36170212766,47045.27659574468,92538.72340425532,12464.127659574471,61107.87234042553,
49,049,98735,104679,83831,96295,83611,102703.51063829787,106654.48936170213,62087.17021276596,135382.82978723405,80084.9574468085,87577.0425531915,86479.51063829787,106110.48936170213,64373.21276595745,102848.78723404255,
49,051,,120808,84017,,,113213.44680851063,128402.55319148937,,,68221.4255319149,99812.5744680851,,,,,
49,053,51225,84482,57381,55950,50638,81183.9574468085,87780.0425531915,27513.17021276596,74936.82978723405,45952.23404255319,68809.76595744681,32509.82978723404,79390.17021276595,9114.595744680853,92161.40425531915,
49,055,,77708,,,,63196.85106382979,92219.14893617021,,,,,,,,,
49,057,64219,92442,80459,104615,77245,89669.40425531915,95214.59574468085,51013.72340425532,77424.27659574468,75372.53191489361,85545.46808510639,80880.53191489363,128349.46808510637,64549.68085106383,89940.31914893616,
50,000,54797,81516,90614,80353,62250,79838.3829787234,83193.6170212766,37640.744680851065,71953.25531914894,76231.53191489363,104996.46808510637,69039.8085106383,91666.1914893617,26436.212765957447,98063.78723404255,
50,001,,89526,,193750,,84221.48936170213,94830.51063829787,,,,,17671.702127659577,369828.2978723404,,,
50,003,,73110,,102557,,66789.14893617021,79430.85106382979,,,,,9238.361702127659,195875.63829787233,,,
50,005,,69891,,,94063,63987.17021276596,75794.82978723405,,,,,,,55862.65957446809,132263.3404255319,
50,007,63202,99441,101583,83785,127763,95691.3829787234,103190.6170212766,49442.68085106383,76961.31914893616,55254.31914893618,147911.6808510638,65727.97872340426,101842.02127659574,28302.234042553202,227223.7659574468,
50,009,,59032,,,,54138.553191489365,63925.446808510635,,,,,,,,,
50,011,,80575,119476,210045,,74792.70212765958,86357.29787234042,,,80106.80851063831,158845.1914893617,109152.06382978724,310937.93617021275,,,
50,013,,97930,126250,,51300,85086.93617021276,110773.06382978724,,,68191.10638297873,184308.89361702127,,,50910.382978723406,51689.617021276594,
50,015,78345,75849,71296,,,67440.65957446808,84257.34042553192,59103.63829787234,97586.36170212766,37396.936170212764,105195.06382978724,,,,,
50,017,,82181,,,,76652.48936170213,87709.51063829787,,,,,,,,,
50,019,31977,70540,88750,144500,,67047.74468085106,74032.25531914894,24481.340425531915,39472.65957446808,7361.744680851072,170138.25531914894,5760.595744680846,283239.40425531915,,,
50,021,,68804,86500,,,65141.36170212766,72466.63829787234,,,75352.4255319149,97647.5744680851,,,,,
50,023,,83639,126250,49750,,79864.36170212766,87413.63829787234,,,76754.34042553192,175745.6595744681,21200.72340425532,78299.27659574468,,,
50,025,51346,71500,89063,,,66854.3829787234,76145.6170212766,8613.234042553195,94078.7659574468,28207.68085106383,149918.31914893616,,,,,
50,027,,77818,98914,66875,,73741.91489361702,81894.08510638298,,,82554.85106382979,115273.14893617021,27853.723404255317,105896.27659574468,,,
51,000,64912,99746,92028,135924,82067,99120.46808510639,100371.53191489361,63892.085106382976,65931.91489361702,90414.72340425532,93641.27659574468,133261.02127659574,138586.97872340426,70809.8085106383,93324.1914893617,
51,001,43431,70480,51250,,,63460.936170212764,77499.06382978724,37878.65957446808,48983.34042553192,30489.489361702126,72010.51063829787,,,,,
51,003,55430,111544,90164,132895,,104663.14893617021,118424.85106382979,42846.68085106383,68013.31914893616,75987.65957446808,104340.34042553192,101759,164031,,,
51,005,28750,57529,,,,53507.72340425532,61550.27659574468,17821.659574468085,39678.34042553192,,,,,,,
51,007,91429,77102,,,,65027.446808510635,89176.55319148937,53327.553191489365,129530.44680851063,,,,,,,
51,009,48682,73300,57414,,,68313.6170212766,78286.3829787234,40307.02127659574,57056.97872340426,8001.744680851065,106826.25531914894,,,,,
51,011,51473,65089,67721,,,56615.12765957447,73562.87234042553,38352.31914893617,64593.68085106383,2618.0212765957476,132823.97872340426,,,,,
51,013,94758,165474,94375,119024,65196,159474.8510638298,171473.1489361702,79876.29787234042,109639.70212765958,82022.82978723405,106727.17021276595,109066.72340425532,128981.27659574468,44185.27659574468,86206.72340425532,
51,015,83850,82392,86058,,86346,77091.06382978724,87692.93617021276,47086.59574468085,120613.40425531915,18295.6170212766,153820.38297872338,,,43678.765957446805,129013.2340425532,
51,017,,52083,,,,21472.44680851064,82693.55319148937,,,,,,,,,
51,019,85166,79110,76250,103333,,75485.48936170213,82734.51063829787,40099.10638297873,130232.89361702127,48107.02127659575,104392.97872340426,80373,126293,,,
51,021,,61881,,,,53943.29787234042,69818.70212765958,,,,,,,,,
51,023,64336,81789,86250,,39400,74215.89361702127,89362.10638297873,41928.85106382979,86743.14893617021,33834.00000000001,138666,,,20704.340425531915,58095.65957446808,
51,025,45230,62700,58719,,,49231.40425531915,76168.59574468085,37503.1914893617,52956.8085106383,57808.70212765958,59629.29787234042,,,,,
51,027,,42784,,,,38537.53191489362,47030.46808510638,,,,,,,,,
51,029,60378,61181,18707,115000,,51149.85106382979,71212.14893617021,51387.02127659574,69368.97872340426,3565.553191489362,33848.446808510635,80195.40425531915,149804.59574468085,,,
51,031,58413,67493,76779,,,60624.063829787236,74361.93617021276,41458.10638297872,75367.89361702127,32292.36170212766,121265.63829787234,,,,,
51,033,81184,91867,61607,170461,106164,84740.70212765958,98993.29787234042,53475.914893617024,108892.08510638298,32849.21276595745,90364.78723404255,91872.74468085107,249049.25531914894,19211.48936170213,193116.51063829788,
51,035,,54162,58214,63750,,49391.27659574468,58932.72340425532,,,19485.829787234048,96942.17021276595,41033.063829787236,86466.93617021276,,,
51,036,61607,90600,66667,95962,75000,82744.51063829787,98455.48936170213,49653.97872340425,73560.02127659574,30778.14893617022,102555.85106382979,88883.36170212766,103040.63829787234,57878.29787234042,92121.70212765958,
51,037,44000,67266,,,,49069.574468085106,85462.4255319149,25769.021276595744,62230.97872340426,,,,,,,
51,041,84143,111336,77260,123294,76986,108174.97872340426,114497.02127659574,78046.14893617021,90239.85106382979,65280.76595744681,89239.23404255319,114034.93617021276,132553.06382978722,24543.787234042553,129428.21276595745,
51,043,,120244,104808,120375,,109892.34042553192,130595.65957446808,,,24182.297872340423,185433.70212765958,37008.87234042553,203741.12765957447,,,
51,045,,68377,106000,,,49213.085106382976,87540.91489361702,,,24724.936170212764,187275.06382978725,,,,,
51,047,90357,104590,94324,122500,,94779.27659574468,114400.72340425532,47532.48936170213,133181.51063829788,78495.06382978724,110152.93617021276,35928.76595744681,209071.23404255317,,,
51,049,41211,63871,,,,52941.46808510638,74800.53191489361,40183.936170212764,42238.063829787236,,,,,,,
51,051,,47393,,,,41684.574468085106,53101.425531914894,,,,,,,,,
51,053,61509,88636,79518,,,82140,95132,56508.31914893617,66509.68085106384,25182.51063829787,133853.48936170212,,,,,
51,057,41944,62129,,,,50906.36170212766,73351.63829787234,22105.702127659573,61782.29787234042,,,,,,,
51,059,110058,176128,108670,152704,95881,173860.59574468085,178395.40425531915,106061.74468085106,114054.25531914894,103465.5744680851,113874.4255319149,147073.02127659574,158334.97872340426,87096.14893617021,104665.85106382979,
51,061,102634,141921,95158,171392,,132341.4255319149,151500.5744680851,61296.46808510638,143971.53191489363,79563.78723404255,110752.21276595745,130822.97872340426,211961.02127659574,,,
51,063,,66297,41060,93875,,54632.31914893617,77961.68085106384,,,19149.702127659573,62970.29787234042,70445.55319148937,117304.44680851063,,,
51,065,,103017,114674,26964,,94116.5744680851,111917.4255319149,,,14092.04255319148,215255.95744680852,10579.829787234044,43348.17021276595,,,
51,067,56861,70516,,126445,76250,65330.63829787234,75701.36170212766,47549.51063829787,66172.48936170213,,,74295.89361702127,178594.10638297873,44005.914893617024,108494.08510638298,
51,069,104038,96071,94906,153125,,90658.06382978724,101483.93617021276,83289.40425531915,124786.59574468085,70051.53191489363,119760.46808510637,101127.21276595745,205122.78723404254,,,
51,071,,65788,64489,,,61945.446808510635,69630.55319148937,,,51541.085106382976,77436.91489361702,,,,,
51,073,58973,85201,115964,,,79057.68085106384,91344.31914893616,50521.76595744681,67424.23404255319,63999.57446808511,167928.4255319149,,,,,
51,075,82863,118721,207500,200562,,107022.95744680852,130419.04255319148,54186.23404255319,111539.76595744681,70600.25531914894,344399.74468085106,50920.468085106375,350203.53191489365,,,
51,077,,48290,,,,40913.48936170213,55666.51063829787,,,,,,,,,
51,079,39170,96675,,226016,,85963.51063829787,107386.48936170213,24579.021276595748,53760.97872340425,,,104050.3829787234,347981.6170212766,,,
51,081,44913,61937,,,,47512.82978723405,76361.17021276595,30474.531914893618,59351.46808510638,,,,,,,
51,083,38007,60523,98281,98718,,55498.48936170213,65547.51063829787,28354.744680851065,47659.255319148935,23484.063829787236,173077.93617021275,97681.40425531915,99754.59574468085,,,
51,085,80847,115962,100278,171875,104199,111546.34042553192,120377.65957446808,72421.97872340426,89272.02127659574,70848.21276595745,129707.78723404255,107458.31914893616,236291.68085106384,89977.3829787234,118420.6170212766,
51,087,63957,102154,69668,133762,122014,98797.5744680851,105510.4255319149,61385.765957446805,66528.23404255319,60314.8085106383,79021.1914893617,113796.21276595745,153727.78723404254,74299.61702127659,169728.3829787234,
51,089,42099,53523,54070,,,50588.36170212766,56457.63829787234,37769.12765957447,46428.87234042553,48630.85106382979,59509.14893617021,,,,,
51,091,,65179,,,,50891.85106382979,79466.14893617021,,,,,,,,,
51,093,67465,106257,,34239,,101324.23404255319,111189.76595744681,59111.46808510638,75818.53191489361,,,10798.82978723404,57679.17021276596,,,
51,095,54984,117846,96250,109688,,111396.46808510639,124295.53191489361,42904.68085106383,67063.31914893616,61873.14893617021,130626.85106382979,23794.723404255317,195581.27659574468,,,
51,097,70924,75217,,,,50936.82978723405,99497.17021276595,31362.97872340426,110485.02127659574,,,,,,,
51,099,87172,121841,89167,,,112676.06382978724,131005.93617021276,72473.78723404255,101870.21276595745,56247.34042553192,122086.65957446808,,,,,
51,101,84464,86276,,,,75687.23404255319,96864.76595744681,68418.21276595745,100509.78723404255,,,,,,,
51,103,47986,75820,81652,100089,,62725.53191489362,88914.46808510637,18806.425531914894,77165.5744680851,80744.08510638298,82559.91489361702,22918.6170212766,177259.38297872338,,,
51,105,,42368,,,,37809.36170212766,46926.63829787234,,,,,,,,,
51,107,141730,188312,127337,204243,195698,183279.1489361702,193344.8510638298,128853.5744680851,154606.4255319149,116552.82978723405,138121.17021276595,196229.04255319148,212256.95744680852,110100.21276595746,281295.78723404254,
51,109,61726,89620,68400,,136319,83033.44680851063,96206.55319148937,36143.53191489362,87308.46808510637,42153.87234042553,94646.12765957447,,,38079.510638297885,234558.48936170212,
51,111,46216,65953,47188,,,60169.51063829787,71736.48936170213,22532.76595744681,69899.23404255319,2522.6382978723414,91853.36170212766,,,,,
51,113,45859,90824,,,,75520.51063829787,106127.48936170213,33315,58403,,,,,,,
51,115,39371,79110,,,,68149.48936170213,90070.51063829787,33513.63829787234,45228.36170212766,,,,,,,
51,117,39794,63335,86645,,,58154.40425531915,68515.59574468085,33564.89361702128,46023.10638297872,69397,103893,,,,,
51,119,37405,79787,153750,,,62846.404255319154,96727.59574468085,9776.744680851065,65033.255319148935,22908.978723404245,284591.02127659577,,,,,
51,121,46313,74074,55143,58431,,70276.72340425532,77871.27659574468,19876.234042553195,72749.7659574468,21914.744680851065,88371.25531914894,48223.51063829787,68638.48936170213,,,
51,125,59407,78586,168226,,,64376.29787234042,92795.70212765958,54164.446808510635,64649.553191489365,55579.02127659574,280872.97872340423,,,,,
51,127,93472,123942,,121364,100125,113877.48936170213,134006.51063829788,37026.382978723406,149917.6170212766,,,78084.34042553192,164643.6595744681,33308.65957446808,166941.3404255319,
51,131,34167,86605,72130,135809,,78821,94389,20373.12765957447,47960.87234042553,47152.8085106383,97107.19148936169,94880.14893617021,176737.8510638298,,,
51,133,40266,77944,,,,71749.44680851063,84138.55319148937,27296.63829787234,53235.36170212766,,,,,,,
51,135,57955,68750,,113011,,55758,81742,35208.27659574468,80701.72340425532,,,87139,138883,,,
51,137,88750,95208,118488,,,85659.40425531915,104756.59574468085,66174.85106382979,111325.14893617021,62864.51063829787,174111.48936170212,,,,,
51,139,49434,55589,67265,,,48598.53191489362,62579.46808510638,36449.14893617021,62418.85106382979,58921,75609,,,,,
51,141,43563,51956,,,,44267.31914893617,59644.68085106383,21096.27659574468,66029.72340425532,,,,,,,
51,143,38891,58826,55492,,95917,55253.914893617024,62398.085106382976,27584.957446808512,50197.04255319149,43928.59574468085,67055.40425531915,,,58448.234042553195,133385.7659574468,
51,145,52077,112304,97415,,,103096.17021276595,121511.82978723405,29458.957446808512,74695.04255319148,34922.57446808511,159907.4255319149,,,,,
51,147,31250,63375,55932,67365,,56355.936170212764,70394.06382978724,24116.55319148936,38383.446808510635,20867.65957446809,90996.3404255319,48339.29787234042,86390.70212765958,,,
51,149,79399,88509,75600,,,79229.68085106384,97788.31914893616,61900.78723404255,96897.21276595745,55569.87234042553,95630.12765957447,,,,,
51,153,119093,150437,110319,128506,110629,145878.36170212767,154995.63829787233,109833.93617021276,128352.06382978724,106779.08510638298,113858.91489361702,121142.59574468085,135869.40425531915,102072.91489361702,119185.08510638298,
51,155,35688,63119,,,,57968.1914893617,68269.8085106383,16096.340425531915,55279.65957446808,,,,,,,
51,157,,83380,,,,62743.404255319154,104016.59574468085,,,,,,,,,
51,159,61875,67110,76250,,,52592.89361702128,81627.10638297873,19866.65957446808,103883.34042553192,10436.893617021284,142063.10638297873,,,,,
51,161,68462,85217,62491,120789,100855,81996.40425531915,88437.59574468085,53353.914893617024,83570.08510638298,45632.617021276594,79349.38297872341,105871.55319148937,135706.44680851063,26156.95744680852,175553.04255319148,
51,163,37250,65435,113558,73821,102500,59942.23404255319,70927.76595744681,10330.68085106383,64169.31914893617,93050.08510638298,134065.914893617,57457.085106382976,90184.91489361702,50256.76595744681,154743.23404255317,
51,165,71977,81503,60616,106023,34310,78085.8085106383,84920.1914893617,19926.78723404256,124027.21276595743,48144.68085106383,73087.31914893616,34134.48936170213,177911.51063829788,15856.212765957447,52763.78723404255,
51,167,41250,50740,,,,41837.19148936171,59642.80851063829,26989.063829787236,55510.936170212764,,,,,,,
51,169,,46445,39609,,,41920.914893617024,50969.085106382976,,,12466.872340425536,66751.12765957447,,,,,
51,171,59306,67917,53721,131518,,59565.85106382979,76268.14893617021,6975.787234042553,111636.21276595745,51453.59574468085,55988.40425531915,55238.85106382979,207797.1489361702,,,
51,173,,50040,,,,45977.02127659575,54102.97872340425,,,,,,,,,
51,175,48273,85424,245453,92639,,66549.6170212766,104298.3829787234,39376.14893617021,57169.85106382979,94534.19148936169,396371.8085106383,78266.06382978724,107011.93617021276,,,
51,177,103972,117471,100988,117054,137000,113163.76595744681,121778.23404255319,91655.5744680851,116288.4255319149,85170.97872340426,116805.02127659574,109546.4255319149,124561.5744680851,52966.63829787234,221033.36170212767,
51,179,145572,139567,134248,113252,125000,132926.82978723405,146207.17021276595,130085.02127659574,161058.97872340426,116050.38297872341,152445.6170212766,102850.29787234042,123653.70212765958,121682.89361702127,128317.10638297873,
51,181,68141,94776,93929,,,79354.55319148937,110197.44680851063,48207.3829787234,88074.6170212766,28092.063829787236,159765.93617021275,,,,,
51,183,62815,64489,23466,,,58641.17021276596,70336.82978723405,54929.72340425532,70700.27659574468,21582.255319148935,25349.744680851065,,,,,
51,185,21569,47030,,,,43012.29787234042,51047.70212765958,10980.234042553191,32157.76595744681,,,,,,,
51,187,72778,87339,62250,,,80028.02127659574,94649.97872340426,46867.872340425536,98688.12765957447,43923.70212765958,80576.29787234042,,,,,
51,191,65679,64516,120345,,,60352.936170212764,68679.06382978724,48915.936170212764,82442.06382978724,50428.404255319154,190261.59574468085,,,,,
51,193,55357,70927,,136071,,64252.27659574468,77601.72340425532,49014.70212765958,61699.29787234042,,,79088.02127659574,193053.97872340426,,,
51,195,,52896,78269,,,49974.46808510638,55817.53191489362,,,60813.68085106383,95724.31914893616,,,,,
51,197,,59444,33750,45910,,53376.936170212764,65511.063829787236,,,23832.042553191488,43667.95744680851,45172.46808510638,46647.53191489362,,,
51,199,83349,116397,104649,116309,199167,111393.93617021276,121400.06382978724,65206.19148936171,101491.8085106383,85174.10638297873,124123.89361702127,94509.51063829787,138108.48936170212,76899.93617021276,321434.06382978725,
51,510,80736,153944,90988,114178,112821,148139.06382978722,159748.93617021278,74738.0425531915,86733.9574468085,79689.10638297873,102286.89361702127,106794.34042553192,121561.65957446808,50211.8085106383,175430.1914893617,
51,520,42819,52215,,,,47945.89361702128,56484.10638297872,20466.659574468085,65171.34042553192,,,,,,,
51,530,36484,52352,,,,42821.27659574468,61882.72340425532,20178.468085106382,52789.53191489362,,,,,,,
51,540,40045,91838,68223,40326,,86178.4255319149,97497.5744680851,35245.68085106383,44844.31914893617,54026.404255319154,82419.59574468085,23653.48936170213,56998.51063829787,,,
51,550,72472,111089,87193,101471,85278,108078.10638297873,114099.89361702127,66149.9574468085,78794.0425531915,55508.914893617024,118877.08510638298,80333.97872340426,122608.02127659574,12418.425531914894,158137.5744680851,
51,570,49183,79323,67806,89792,47981,70619.17021276595,88026.82978723405,21925.297872340427,76440.70212765958,48096.382978723406,87515.61702127659,22760,156824,44509,51453,
51,580,31667,45775,,,,34268.78723404255,57281.21276595745,11431.936170212764,51902.063829787236,,,,,,,
51,590,37610,50899,63698,,,45270.40425531915,56527.59574468085,32269.744680851065,42950.255319148935,54927.446808510635,72468.55319148937,,,,,
51,595,45663,79750,135032,,,41496.04255319149,118003.95744680852,32402.91489361702,58923.085106382976,1703.1489361702115,268360.8510638298,,,,,
51,600,68788,149891,92750,165208,151667,126057.63829787234,173724.36170212767,47242.29787234042,90333.70212765958,75049.23404255319,110450.76595744681,132748.25531914894,197667.74468085106,67611,235723,
51,610,100766,182819,61143,141833,,166035.68085106384,199602.31914893616,60816.553191489365,140715.44680851063,9415.68085106383,112870.31914893616,96501.59574468085,187164.40425531915,,,
51,620,48477,77500,,,,66296.4255319149,88703.5744680851,37558.19148936171,59395.80851063829,,,,,,,
51,630,74670,90097,90347,90398,,84402.87234042553,95791.12765957447,63811.95744680851,85528.0425531915,80872.27659574468,99821.72340425532,39852.63829787234,140943.36170212767,,,
51,640,,42138,,,,25660.893617021276,58615.10638297872,,,,,,,,,
51,650,60474,81748,68546,66382,,77710.0425531915,85785.9574468085,55464.97872340425,65483.02127659575,56432.12765957447,80659.87234042553,39846.34042553192,92917.65957446808,,,
51,660,47044,65021,66434,77979,,59230.36170212766,70811.63829787234,22972.34042553192,71115.65957446808,49573.23404255319,83294.76595744681,52614.574468085106,103343.4255319149,,,
51,670,52775,52885,82569,,,39056.574468085106,66713.4255319149,32284.95744680851,73265.0425531915,35471.80851063829,129666.1914893617,,,,,
51,678,76721,87925,124048,,,46345.59574468085,129504.40425531915,62981.936170212764,90460.06382978724,85727.31914893616,162368.68085106384,,,,,
51,680,35269,73685,53385,48788,28770,70178.44680851063,77191.55319148937,31415.723404255317,39122.27659574468,17944.14893617021,88825.85106382979,13823.744680851065,83752.25531914894,28573.40425531915,28966.59574468085,
51,683,105316,119794,110575,133346,,106707.87234042553,132880.12765957447,73413.87234042553,137218.12765957447,93798.82978723405,127351.17021276595,102008.63829787234,164683.36170212767,,,
51,685,105660,108975,98458,102917,97682,84113.3829787234,133836.6170212766,87363.48936170213,123956.51063829787,90601.31914893616,106314.68085106384,46634.617021276594,159199.3829787234,12378.510638297885,182985.48936170212,
51,690,43058,53669,76250,,,42320.063829787236,65017.936170212764,36105.65957446808,50010.34042553192,38969.48936170213,113530.51063829787,,,,,
51,700,52523,85407,75450,70268,56860,82200.70212765958,88613.29787234042,49283.34042553192,55762.65957446808,68391.6170212766,82508.3829787234,58354.29787234042,82181.70212765958,43218.63829787234,70501.36170212766,
51,710,48807,85377,58324,72011,61818,82300.5744680851,88453.4255319149,45541.12765957447,52072.87234042553,53440.085106382976,63207.914893617024,58596.02127659575,85425.97872340426,48146.85106382979,75489.14893617021,
51,720,98977,40516,,,,29126.55319148936,51905.446808510635,64220.063829787236,133733.93617021275,,,,,,,
51,730,48560,55865,51825,75417,,50629.59574468085,61100.40425531915,44390.97872340425,52729.02127659575,29596.574468085106,74053.4255319149,28842.87234042553,121991.12765957447,,,
51,735,,121458,101128,,,108039.44680851063,134876.55319148937,,,64433.70212765958,137822.29787234042,,,,,
51,740,48127,76242,58680,73786,,71240.12765957447,81243.87234042553,43785.21276595745,52468.78723404255,50371.744680851065,66988.25531914894,66355.87234042553,81216.12765957447,,,
51,750,,59473,32500,72875,,55299.21276595745,63646.78723404255,,,13408.765957446809,51591.23404255319,56157.21276595745,89592.78723404255,,,
51,760,42369,91482,72884,79063,79015,87056.8085106383,95907.1914893617,39314.02127659575,45423.97872340425,57049.10638297872,88718.89361702127,52303.34042553192,105822.65957446808,34038.65957446808,123991.34042553192,
51,770,44818,62273,43229,50723,44004,59077.425531914894,65468.574468085106,38042,51594,32354.276595744683,54103.72340425532,22478.74468085107,78967.25531914893,43293.87234042553,44714.12765957447,
51,775,44573,70402,,,,62745.48936170213,78058.51063829787,20961.255319148935,68184.74468085106,,,,,,,
51,790,,66522,76659,46739,33333,60359.617021276594,72684.3829787234,,,47365.042553191495,105952.9574468085,21431.76595744681,72046.23404255319,30177.936170212764,36488.063829787236,
51,800,74980,107717,84366,85793,,102905.76595744681,112528.23404255319,68015.74468085106,81944.25531914894,68879.02127659574,99852.97872340426,58210.02127659574,113375.97872340426,,,
51,810,65581,101479,80117,109804,78602,98718.31914893616,104239.68085106384,61376.23404255319,69785.76595744681,74486.02127659574,85747.97872340426,101569.6170212766,118038.3829787234,69307.1914893617,87896.8085106383,
51,820,51202,63819,42348,111415,,53974.914893617024,73663.08510638298,26856.297872340427,75547.70212765958,22687.23404255319,62008.76595744681,27021.808510638308,195808.1914893617,,,
51,830,37168,81875,51196,,,67403.17021276595,96346.82978723405,7847.8297872340445,66488.17021276595,47550.04255319149,54841.95744680851,,,,,
51,840,44627,69977,60720,217269,,62768.48936170213,77185.51063829787,16393.468085106386,72860.53191489361,40948.425531914894,80491.5744680851,100750.87234042553,333787.1276595745,,,
53,000,72813,99656,79513,140340,70989,99047.14893617021,100264.85106382979,69451.8085106383,76174.1914893617,78216.65957446808,80809.34042553192,137887.914893617,142792.085106383,67788.65957446808,74189.34042553192,
53,001,,70167,62557,,,61223.68085106383,79110.31914893616,,,50470.53191489362,74643.46808510637,,,,,
53,003,,73608,68750,,,65959.82978723405,81256.17021276595,,,23160.042553191495,114339.9574468085,,,,,
53,005,92390,94660,69778,96131,62417,91263.06382978724,98056.93617021276,64860.63829787234,119919.36170212766,64100.553191489365,75455.44680851063,76591.76595744681,115670.23404255319,10456.148936170219,114377.85106382979,
53,007,63781,83204,71188,146623,104895,78321.27659574468,88086.72340425532,30580.14893617021,96981.85106382979,61360.59574468085,81015.40425531915,109705.89361702127,183540.10638297873,50029.29787234042,159760.70212765958,
53,009,,70919,48401,92480,62266,67911.68085106384,73926.31914893616,,,36247.8085106383,60554.1914893617,63737.70212765958,121222.29787234042,49110.76595744681,75421.23404255319,
53,011,73065,99467,81969,124747,95417,96901.72340425532,102032.27659574468,53655.63829787234,92474.36170212766,77595.0425531915,86342.9574468085,113924.70212765958,135569.29787234042,68690.70212765958,122143.29787234042,
53,013,,71522,,,,63317.40425531915,79726.59574468085,,,,,,,,,
53,015,64487,77314,64382,69231,56492,73332.0425531915,81295.9574468085,62329.21276595745,66644.78723404255,51368.553191489365,77395.44680851063,20515.765957446813,117946.23404255319,32257.106382978724,80726.89361702127,
53,017,126000,86166,70257,113304,71106,80290.76595744681,92041.23404255319,26267.574468085106,225732.4255319149,64111.29787234042,76402.70212765958,49889.36170212766,176718.63829787233,53325.404255319154,88886.59574468085,
53,019,,57076,67667,,51458,48431.744680851065,65720.25531914894,,,26910.914893617024,108423.08510638298,,,40751.27659574468,62164.72340425532,
53,021,63716,102250,74531,109545,80486,92764.55319148937,111735.44680851063,11112.936170212772,116319.06382978722,70276.1914893617,78785.8085106383,33162.19148936171,185927.8085106383,74732.29787234042,86239.70212765958,
53,023,,64190,,,,48371.78723404255,80008.21276595745,,,,,,,,,
53,025,84265,75000,67278,69045,88615,70734.46808510639,79265.53191489361,50439.80851063829,118090.1914893617,59356.97872340425,75199.02127659574,51412.14893617021,86677.85106382979,48497.553191489365,128732.44680851063,
53,027,140377,64490,59151,69500,46442,61252.72340425532,67727.27659574468,63148.2340425532,217605.7659574468,54591.17021276596,63710.82978723404,55069.87234042553,83930.12765957447,26659.702127659573,66224.29787234042,
53,029,101127,89105,101034,105547,110909,84628.5744680851,93581.4255319149,72192.87234042553,130061.12765957447,82381.23404255319,119686.76595744681,89971.85106382979,121122.14893617021,16563.297872340438,205254.70212765958,
53,031,,76955,63063,96250,47917,70653.21276595745,83256.78723404255,,,16332.787234042553,109793.21276595745,42750.93617021277,149749.06382978722,22074.787234042553,73759.21276595745,
53,033,68221,130143,91419,157108,67324,128810.91489361702,131475.085106383,64059.12765957447,72382.87234042553,87514.48936170213,95323.51063829787,153880.25531914894,160335.74468085106,57793.27659574468,76854.72340425532,
53,035,97603,107330,88242,119955,68333,104558.59574468085,110101.40425531915,77000.95744680852,118205.04255319148,79374.93617021276,97109.06382978724,108721.63829787234,131188.36170212767,60525.17021276596,76140.82978723405,
53,037,15288,82427,47317,32857,,70669.3829787234,94184.6170212766,3124.0851063829796,27451.91489361702,20662.191489361703,73971.8085106383,12188.234042553191,53525.76595744681,,,
53,039,,69407,80852,,,63873.72340425532,74940.27659574468,,,73974.72340425532,87729.27659574468,,,,,
53,041,78015,74478,70078,85948,62250,70186.25531914894,78769.74468085106,10849.553191489365,145180.44680851063,49136.382978723406,91019.61702127659,50180.68085106383,121715.31914893616,35634.51063829787,88865.48936170213,
53,043,,72470,55375,,26250,66634.08510638298,78305.91489361702,,,24187.76595744681,86562.23404255319,,,20299.702127659573,32200.297872340427,
53,045,,85164,86400,107778,45859,79375.74468085106,90952.25531914894,,,68850.55319148937,103949.44680851063,3118.7659574468125,212437.23404255317,19453.21276595745,72264.78723404255,
53,047,54911,66998,50853,61429,53317,60550.85106382979,73445.14893617021,14330.063829787236,95491.93617021276,40736.063829787236,60969.936170212764,38065.085106382976,84792.91489361702,42790.19148936171,63843.80851063829,
53,049,,67586,80525,,67000,61798.936170212764,73373.06382978724,,,73448.74468085106,87601.25531914894,,,11364.595744680846,122635.40425531915,
53,051,,68641,60652,,43611,59329.51063829787,77952.48936170213,,,20118.723404255317,101185.27659574468,,,4985.297872340423,82236.70212765958,
53,053,78591,103763,87089,103214,74917,101979.34042553192,105546.65957446808,70567.51063829787,86614.48936170213,83406.10638297873,90771.89361702127,97553.23404255319,108874.76595744681,60569.085106382976,89264.91489361702,
53,055,118854,85938,77344,103125,121875,79427.70212765958,92448.29787234042,88668.8085106383,149039.1914893617,64380.59574468085,90307.40425531915,44182.02127659575,162067.97872340426,62799.76595744681,180950.23404255317,
53,057,,91457,76888,107365,99375,87240.31914893616,95673.68085106384,,,69173.10638297873,84602.89361702127,90901,123829,48883.255319148935,149866.74468085106,
53,059,,93563,122625,171563,,89162.82978723405,97963.17021276595,,,28317.425531914894,216932.5744680851,14453.212765957433,328672.78723404254,,,
53,061,83033,110314,91579,147149,100625,108518.4255319149,112109.5744680851,76352.31914893616,89713.68085106384,84982.91489361702,98175.08510638298,138795.46808510637,155502.53191489363,77412.40425531915,123837.59574468085,
53,063,54583,80280,77200,81500,67401,78421.27659574468,82138.72340425532,44158.65957446808,65007.34042553192,70936.34042553192,83463.65957446808,69037.02127659574,93962.97872340426,51494.617021276594,83307.3829787234,
53,065,42500,70419,61923,101750,59366,66982.74468085106,73855.25531914894,15162.468085106386,69837.53191489361,17937.978723404252,105908.02127659574,62707.27659574468,140792.72340425532,56743.53191489362,61988.46808510638,
53,067,85642,98225,91115,99874,73696,95131.89361702128,101318.10638297872,76096.97872340426,95187.02127659574,79465.8085106383,102764.1914893617,93422.08510638298,106325.91489361702,61806.12765957447,85585.87234042553,
53,069,,62679,102292,,,51817.382978723406,73540.6170212766,,,10740.340425531904,193843.6595744681,,,,,
53,071,16903,76519,61798,71875,69087,71861.46808510639,81176.53191489361,2478.8297872340445,31327.170212765956,42996.29787234042,80599.70212765958,9191.936170212764,134558.06382978725,11249.723404255325,126924.27659574468,
53,073,97250,82236,70721,101157,71519,78924.85106382979,85547.14893617021,37701.744680851065,156798.25531914894,60885.255319148935,80556.74468085106,72973.51063829787,129340.48936170213,64099.59574468085,78938.40425531915,
53,075,,58863,54120,23448,,54640.36170212766,63085.63829787234,,,20872.68085106383,87367.31914893616,11346.042553191488,35549.95744680851,,,
53,077,,77062,63490,105094,64387,73570.93617021276,80553.06382978724,,,60363.53191489362,66616.46808510639,81846.85106382979,128341.14893617021,52817.63829787234,75956.36170212766,
54,000,42737,60359,66607,75978,36667,59492.78723404255,61225.21276595745,39409.17021276596,46064.82978723404,57106.063829787236,76107.93617021276,54176.12765957447,97779.87234042553,20162.48936170213,53171.51063829787,
54,001,,52133,,,,46832.063829787236,57433.936170212764,,,,,,,,,
54,003,76525,81229,96455,61376,71467,78576.74468085106,83881.25531914894,57582.70212765958,95467.29787234042,80965.63829787234,111944.36170212766,59954.553191489365,62797.446808510635,16893.212765957447,126040.78723404255,
54,005,58404,57185,,,,48777.85106382979,65592.14893617021,27085.702127659577,89722.29787234042,,,,,,,
54,007,,53780,,,,47772.51063829787,59787.48936170213,,,,,,,,,
54,009,55104,55072,55893,,,48224.51063829787,61919.48936170213,17025.1914893617,93182.80851063831,25910.36170212766,85875.63829787234,,,,,
54,011,25257,58875,37917,,45833,55693.72340425532,62056.27659574468,11248.659574468085,39265.34042553192,18902.021276595744,56931.97872340426,,,24682.872340425532,66983.12765957447,
54,013,,44393,,,,41372.574468085106,47413.425531914894,,,,,,,,,
54,015,,43229,,,,28839.382978723406,57618.617021276594,,,,,,,,,
54,017,,59267,,,,48761.63829787234,69772.36170212766,,,,,,,,,
54,019,44483,54435,,,,50507.85106382979,58362.14893617021,5720.276595744683,83245.72340425532,,,,,,,
54,021,,48905,,,,43820.914893617024,53989.085106382976,,,,,,,,,
54,023,,62176,,,,47844.76595744681,76507.23404255319,,,,,,,,,
54,025,34333,49479,,,,45970.063829787236,52987.936170212764,10124.31914893617,58541.68085106383,,,,,,,
54,027,,64571,,,,53803.51063829787,75338.48936170213,,,,,,,,,
54,029,87019,61600,32750,,,56704.17021276596,66495.82978723405,57732.19148936171,116305.8085106383,15817.744680851065,49682.255319148935,,,,,
54,031,41833,49309,,,,45660.65957446808,52957.34042553192,15383.127659574468,68282.87234042553,,,,,,,
54,033,61293,60653,61528,,19663,58472.574468085106,62833.425531914894,36490.95744680851,86095.04255319148,30561.191489361703,92494.8085106383,,,1555.936170212768,37770.063829787236,
54,035,,60373,,,,50002.27659574468,70743.72340425532,,,,,,,,,
54,037,85750,101943,85837,80357,111136,96043.93617021276,107842.06382978724,45058.255319148935,126441.74468085106,76239.55319148937,95434.44680851063,20359.553191489358,140354.44680851063,101121.53191489363,121150.46808510637,
54,039,40602,61871,73846,99161,,60009.89361702128,63732.10638297872,35349.914893617024,45854.085106382976,50822.85106382979,96869.14893617021,85010.87234042553,113311.12765957447,,,
54,041,,58376,220977,,,54576.34042553192,62175.65957446808,,,140285.76595744683,301668.2340425532,,,,,
54,043,,46705,66495,,,39367.8085106383,54042.1914893617,,,59311.51063829787,73678.48936170213,,,,,
54,045,19523,50612,,13804,,44777.27659574468,56446.72340425532,6287.936170212766,32758.063829787236,,,13565.702127659575,14042.297872340425,,,
54,047,25114,31670,,,,28416.042553191488,34923.95744680851,9579.36170212766,40648.63829787234,,,,,,,
54,049,28672,68629,73315,,,63622.36170212766,73635.63829787234,15519.148936170213,41824.85106382979,41629.72340425532,105000.27659574468,,,,,
54,051,,59861,,,,53848.744680851065,65873.25531914894,,,,,,,,,
54,053,,49217,,105865,,43291.72340425532,55142.27659574468,,,,,64903.97872340425,146826.02127659574,,,
54,055,40701,53765,82881,64567,,49675.8085106383,57854.1914893617,26292.31914893617,55109.68085106383,19235.212765957454,146526.78723404254,27883.425531914894,101250.5744680851,,,
54,057,113021,68476,,135431,,63690.97872340426,73261.02127659574,63657.59574468085,162384.40425531915,,,107706.2340425532,163155.7659574468,,,
54,059,,40242,,,,33473.14893617021,47010.85106382979,,,,,,,,,
54,061,49612,66459,40393,68764,,63611.34042553192,69306.65957446808,27870.893617021276,71353.10638297873,16287.978723404256,64498.02127659574,43885.70212765958,93642.29787234042,,,
54,063,,56882,,,,49382.76595744681,64381.23404255319,,,,,,,,,
54,065,,72865,,135875,,64339.89361702128,81390.10638297873,,,,,88315.51063829787,183434.48936170212,,,
54,067,,55755,,,,48819.34042553192,62690.65957446808,,,,,,,,,
54,069,17500,58465,30341,191250,,54798.78723404255,62131.21276595745,5949.702127659575,29050.297872340423,4234.276595744683,56447.72340425532,83354.68085106384,299145.3191489362,,,
54,071,43617,66063,,,,60486.82978723404,71639.17021276595,36216.65957446808,51017.34042553192,,,,,,,
54,073,,62409,,,,55381.59574468085,69436.40425531915,,,,,,,,,
54,075,,43047,,,,37199.17021276596,48894.82978723404,,,,,,,,,
54,077,,63883,,,,58227,69539,,,,,,,,,
54,079,,79039,142649,91897,,72537.0425531915,85540.9574468085,,,56767.63829787234,228530.36170212767,73654.10638297873,110139.89361702127,,,
54,081,23382,54376,,218393,,49726.8085106383,59025.1914893617,1947.1063829787236,44816.89361702128,,,9457.00000000003,427329,,,
54,083,,53637,60392,,,48305.085106382976,58968.914893617024,,,997.4468085106419,119786.55319148937,,,,,
54,085,,51634,,,,45448.97872340425,57819.02127659575,,,,,,,,,
54,087,,46661,,,,43165.17021276596,50156.82978723404,,,,,,,,,
54,089,,41144,,,,33401.70212765958,48886.29787234042,,,,,,,,,
54,091,,57363,,,,51372.1914893617,63353.8085106383,,,,,,,,,
54,093,,53377,,,,48371.553191489365,58382.446808510635,,,,,,,,,
54,095,,64233,,,,51938.02127659575,76527.97872340426,,,,,,,,,
54,097,,55335,,,,51081.382978723406,59588.617021276594,,,,,,,,,
54,099,83900,58560,95163,,,51215.65957446808,65904.34042553192,83457.9574468085,84342.0425531915,53485.89361702128,136840.10638297873,,,,,
54,101,,43857,,,,36544.82978723404,51169.17021276596,,,,,,,,,
54,103,,57251,,,,49538.48936170213,64963.51063829787,,,,,,,,,
54,105,,50566,,,,43213.31914893617,57918.68085106383,,,,,,,,,
54,107,,58571,52568,102292,,55054.914893617024,62087.085106382976,,,26641.191489361703,78494.8085106383,34837.02127659574,169746.97872340426,,,
54,109,90938,48243,,,,43621.21276595745,52864.78723404255,38317.063829787236,143558.93617021275,,,,,,,
55,000,43296,81064,64859,90216,59670,80549.27659574468,81578.72340425532,42003.234042553195,44588.765957446805,63120.617021276594,66597.3829787234,87028.76595744681,93403.23404255319,55242.425531914894,64097.574468085106,
55,001,,59090,53438,,61033,55310.59574468085,62869.40425531915,,,42873.063829787236,64002.936170212764,,,56019.21276595745,66046.78723404255,
55,003,,62117,100192,185833,52135,56414.53191489362,67819.46808510637,,,13132.255319148942,187251.74468085106,123161.85106382979,248504.1489361702,37846.65957446808,66423.34042553192,
55,005,,66468,59297,68929,44063,63669.1914893617,69266.8085106383,,,42593.51063829787,76000.48936170213,5847.97872340426,132010.02127659574,9752.872340425536,78373.12765957447,
55,007,,72229,,115536,49792,69032.23404255319,75425.76595744681,,,,,85357.95744680852,145714.04255319148,43845.27659574468,55738.72340425532,
55,009,44235,81654,64792,83134,64483,79556.97872340426,83751.02127659574,29424.787234042553,59045.21276595745,56573.10638297872,73010.89361702127,68868.29787234042,97399.70212765958,47003.85106382979,81962.14893617021,
55,011,,69231,115227,,116250,65397.97872340425,73064.02127659574,,,74943.93617021276,155510.06382978725,,,42611.19148936171,189888.8085106383,
55,013,,63014,40435,58750,73750,60376.04255319149,65651.9574468085,,,28667.85106382979,52202.14893617021,8398.851063829788,109101.14893617021,42505.574468085106,104994.4255319149,
55,015,,89816,60755,97109,21518,85134.63829787234,94497.36170212766,,,38791.085106382976,82718.91489361702,32345.595744680853,161872.40425531915,21097.40425531915,21938.59574468085,
55,017,,74821,66939,138606,,70905.76595744681,78736.23404255319,,,47263.936170212764,86614.06382978724,91381.31914893616,185830.68085106384,,,
55,019,95446,67632,67422,,48750,65662.46808510639,69601.53191489361,4313.744680851072,186578.25531914894,55918.17021276596,78925.82978723405,,,32550.51063829787,64949.48936170213,
55,021,,86161,50625,70809,85750,82754.53191489361,89567.46808510639,,,5801.170212765959,95448.82978723405,33101.93617021277,108516.06382978722,39632.21276595745,131867.78723404254,
55,023,,65316,55972,,,60216.425531914894,70415.5744680851,,,29628.17021276596,82315.82978723405,,,,,
55,025,47941,94611,66089,80000,54118,92479.4255319149,96742.5744680851,44351.04255319149,51530.95744680851,60268.574468085106,71909.4255319149,64542.8085106383,95457.1914893617,35996.63829787234,72239.36170212766,
55,027,75718,76238,67500,109250,66429,72938.76595744681,79537.23404255319,21688.723404255317,129747.27659574468,60514.29787234042,74485.70212765958,67642,150858,6028.829787234041,126829.17021276595,
55,029,,76772,50656,111159,60054,71133.87234042553,82410.12765957447,,,44518.63829787234,56793.36170212766,91364.78723404255,130953.21276595745,33581.48936170213,86526.51063829787,
55,031,,75780,,79479,,71830.21276595745,79729.78723404255,,,,,47087.17021276596,111870.82978723405,,,
55,033,,74731,92523,104531,71250,71491.34042553192,77970.65957446808,,,40883.85106382979,144162.1489361702,20694.234042553187,188367.76595744683,58013.744680851065,84486.25531914894,
55,035,62500,75325,74708,66112,,71540.82978723405,79109.17021276595,37858.80851063829,87141.1914893617,57256.25531914894,92159.74468085106,48262.29787234042,83961.70212765958,,,
55,037,,60861,41944,,,53410.617021276594,68311.3829787234,,,11332.255319148935,72555.74468085106,,,,,
55,039,11014,75044,60964,78375,,72064.08510638298,78023.91489361702,2250.5957446808516,19777.404255319147,33631.23404255319,88296.76595744681,43621.63829787234,113128.36170212766,,,
55,041,,60839,,,56042,56376.87234042553,65301.12765957447,,,,,,,32755.531914893618,79328.46808510637,
55,043,,67428,44375,,,64266.97872340425,70589.02127659574,,,25615,63135,,,,,
55,045,,82641,65000,94583,,79133.25531914894,86148.74468085106,,,20036.765957446805,109963.2340425532,32840.02127659575,156325.97872340426,,,
55,047,,69607,58375,,,63765.12765957447,75448.87234042553,,,30191.510638297874,86558.48936170213,,,,,
55,049,,83002,47188,91205,,76801.48936170213,89202.51063829787,,,6473.617021276594,87902.38297872341,73366.02127659574,109043.97872340426,,,
55,051,,60625,57381,,,56758.617021276594,64491.382978723406,,,40632.23404255319,74129.76595744681,,,,,
55,053,,68975,64050,,32292,65491.085106382976,72458.91489361702,,,46747.19148936171,81352.8085106383,,,18819.82978723404,45764.17021276596,
55,055,,83716,87679,127868,,80633.6170212766,86798.3829787234,,,64564.10638297872,110793.89361702127,105620.51063829787,150115.48936170212,,,
55,057,85625,67589,76875,93274,26250,63902.53191489362,71275.46808510639,4807.4680851063895,166442.5319148936,62157.72340425532,91592.27659574468,91054.25531914894,95493.74468085106,15819.702127659575,36680.29787234042,
55,059,52000,83583,70462,104852,70469,80566.14893617021,86599.85106382979,37559.14893617021,66440.85106382979,63954.085106382976,76969.91489361702,67360.59574468085,142343.40425531915,44102.53191489362,96835.46808510637,
55,061,63869,83767,61250,,,79814.82978723405,87719.17021276595,1172.8297872340481,126565.17021276595,11352.808510638293,111147.1914893617,,,,,
55,063,83352,73654,55905,68237,,69876.97872340426,77431.02127659574,47248.68085106383,119455.31914893616,32122.872340425532,79687.12765957447,46063.382978723406,90410.61702127659,,,
55,065,108750,78551,32417,,,74704.87234042553,82397.12765957447,85333.65957446808,132166.3404255319,7670.957446808512,57163.04255319149,,,,,
55,067,,55920,,,48523,51373.27659574468,60466.72340425532,,,,,,,110.40425531914661,96935.59574468085,
55,069,52946,67350,103454,39792,94531,62899.78723404255,71800.21276595745,26960.808510638297,78931.1914893617,56658.255319148935,150249.74468085106,31177.531914893618,48406.46808510638,32369.808510638293,156692.1914893617,
55,071,72898,70052,58661,63340,60417,66838.55319148937,73265.44680851063,182.59574468086066,145613.40425531915,50233.59574468085,67088.40425531915,54855.40425531915,71824.59574468085,22139.212765957447,98694.78723404255,
55,073,97659,78783,59391,74709,75648,76117.63829787234,81448.36170212766,38222.744680851065,157095.25531914894,37553.382978723406,81228.61702127659,66758.1914893617,82659.8085106383,42582.97872340426,108713.02127659574,
55,075,44088,64178,38750,66204,28750,60711.95744680851,67644.0425531915,39504.34042553192,48671.65957446808,17213.829787234044,60286.17021276595,65422.382978723406,66985.6170212766,28185.23404255319,29314.76595744681,
55,077,,65970,,,76250,63104.46808510638,68835.53191489361,,,,,,,27087.957446808512,125412.04255319148,
55,078,,80313,82125,,58194,68177.68085106384,92448.31914893616,,,4918.872340425529,159331.12765957447,,,42011.1914893617,74376.8085106383,
55,079,40642,78481,58751,79888,65365,76947.55319148937,80014.44680851063,38967.95744680851,42316.04255319149,56354.914893617024,61147.085106382976,71342.63829787234,88433.36170212766,46462.02127659575,84267.97872340426,
55,081,49301,70521,54766,,107386,66689.17021276595,74352.82978723405,47772.31914893617,50829.68085106383,33951.87234042553,75580.12765957447,,,42639.27659574468,172132.72340425532,
55,083,,75482,,43224,81063,71909.91489361702,79054.08510638298,,,,,32401.702127659577,54046.29787234042,59369.553191489365,102756.44680851063,
55,085,,69887,,230729,68442,65857.3829787234,73916.6170212766,,,,,189004.23404255317,272453.7659574468,67635.36170212766,69248.63829787234,
55,087,60298,86034,65580,122574,75714,82701.40425531915,89366.59574468085,45074.34042553192,75521.65957446808,52116.17021276596,79043.82978723405,92417.40425531915,152730.59574468085,52182.085106382976,99245.91489361702,
55,089,,96347,76943,186053,88487,91702.5744680851,100991.4255319149,,,56869.97872340425,97016.02127659574,66620.48936170213,305485.5106382979,66788.78723404255,110185.21276595745,
55,091,,76250,72708,,,72250.17021276595,80249.82978723405,,,66558.72340425532,78857.27659574468,,,,,
55,093,8986,93449,71250,89000,,86606.27659574468,100291.72340425532,8050.68085106383,9921.31914893617,18254.936170212764,124245.06382978724,21982.297872340423,156017.70212765958,,,
55,095,,77089,71250,100655,72917,74101.93617021276,80076.06382978724,,,44415.27659574468,98084.72340425532,72594.23404255319,128715.76595744681,48057.76595744681,97776.23404255319,
55,097,,76728,51389,,,74330.72340425532,79125.27659574468,,,30639.212765957447,72138.78723404255,,,,,
55,099,,60771,59792,47000,88750,58886.063829787236,62655.936170212764,,,21137.702127659577,98446.29787234042,16403.744680851065,77596.25531914894,38543.02127659575,138956.97872340426,
55,101,51349,84586,63618,68200,125917,81946.85106382979,87225.14893617021,45329.59574468085,57368.40425531915,52238.085106382976,74997.91489361702,12110.638297872341,124289.36170212766,75358.53191489363,176475.46808510637,
55,103,,69225,38387,,,64039.63829787234,74410.36170212766,,,32644.021276595744,44129.97872340426,,,,,
55,105,45321,78214,66730,77361,85947,75356.8085106383,81071.1914893617,38678.446808510635,51963.553191489365,55773.063829787236,77686.93617021276,46359.63829787234,108362.36170212766,54175.936170212764,117718.06382978724,
55,107,13554,60545,83750,,197857,57083.72340425532,64006.27659574468,6015.446808510638,21092.55319148936,4611.276595744683,162888.72340425532,,,21464.14893617021,374249.8510638298,
55,109,,103207,91989,150658,54375,99055.85106382979,107358.14893617021,,,63008.40425531915,120969.59574468085,83481.82978723405,217834.17021276595,34511.68085106383,74238.31914893616,
55,111,,81806,60556,56275,,78498.4255319149,85113.5744680851,,,48619.65957446808,72492.34042553192,55749.55319148936,56800.44680851064,,,
55,113,10865,63371,81405,61750,37917,58348.87234042553,68393.12765957447,8905,12825,80672.23404255319,82137.76595744681,30648.553191489365,92851.44680851063,31686.702127659573,44147.29787234042,
55,115,11136,67682,64063,71786,46528,64220.72340425532,71143.27659574468,10530.72340425532,11741.27659574468,43142.82978723404,84983.17021276595,53234.51063829787,90337.48936170213,35195.744680851065,57860.255319148935,
55,117,39516,74193,64279,78103,63681,71039.12765957447,77346.87234042553,17565.1914893617,61466.8085106383,59826.40425531915,68731.59574468085,55231.17021276596,100974.82978723405,40183.63829787234,87178.36170212766,
55,119,,69678,58359,,,65121.744680851065,74234.25531914894,,,39168.87234042553,77549.12765957447,,,,,
55,121,26750,75975,86833,93750,120417,71997.8085106383,79952.1914893617,19163.787234042553,34336.21276595745,67490.36170212766,106175.63829787234,6444.808510638293,181055.1914893617,44221.25531914894,196612.74468085106,
55,123,5833,72328,43207,,,68939.40425531915,75716.59574468085,2337.1702127659573,9328.829787234043,33946.744680851065,52467.255319148935,,,,,
55,125,,71465,51652,44464,37500,66345.17021276595,76584.82978723405,,,16933.1914893617,86370.80851063831,7396.7659574468125,81531.23404255319,13278.21276595745,61721.78723404255,
55,127,81250,81647,74297,63406,71250,79048.36170212766,84245.63829787234,23778.510638297877,138721.48936170212,68220.40425531915,80373.59574468085,51574.51063829787,75237.48936170213,44209.14893617021,98290.85106382979,
55,129,,64345,,103375,80938,59766.10638297872,68923.89361702127,,,,,59332.78723404255,147417.21276595746,8684.893617021284,153191.10638297873,
55,131,61203,96652,95204,118500,47174,93062.0425531915,100241.9574468085,45838.744680851065,76567.25531914894,76899.14893617021,113508.85106382979,94452.17021276595,142547.82978723405,21810.765957446813,72537.23404255319,
55,133,66078,105988,89703,157868,82426,103880.25531914894,108095.74468085106,50530.255319148935,81625.74468085106,77711.85106382979,101694.14893617021,135381.02127659574,180354.97872340426,50780.042553191495,114071.9574468085,
55,135,38201,73440,72576,86250,11591,69603.40425531915,77276.59574468085,31735.978723404256,44666.02127659574,51590.29787234042,93561.70212765958,50638.76595744681,121861.23404255319,10913.04255319149,12268.95744680851,
55,137,52214,66457,77500,90250,,63066.02127659575,69847.97872340426,5221.659574468089,99206.3404255319,52035.48936170213,102964.51063829787,77559.44680851063,102940.55319148937,,,
55,139,45278,75780,59917,74674,62125,74111.91489361702,77448.08510638298,27903.702127659573,62652.29787234042,45181.85106382979,74652.14893617021,52426.51063829787,96921.48936170213,16398.02127659574,107851.97872340426,
55,141,,67784,54321,80833,,64631.31914893617,70936.68085106384,,,23829.59574468085,84812.40425531915,39607.46808510638,122058.53191489363,,,
56,000,53547,77524,63667,82344,52436,75735.5744680851,79312.4255319149,34093.553191489365,73000.44680851063,58576.95744680851,68757.0425531915,59164.76595744681,105523.23404255319,40710.553191489365,64161.446808510635,
56,001,23194,67591,35516,85000,44258,62433.04255319149,72748.9574468085,13301.063829787234,33086.936170212764,24649.617021276594,46382.382978723406,65123.574468085106,104876.4255319149,38392.29787234042,50123.70212765958,
56,003,41477,63360,44086,,74688,57215.48936170213,69504.51063829787,29819.468085106382,53134.53191489362,30212.297872340427,57959.70212765958,,,18579.574468085106,130796.4255319149,
56,005,,91590,74000,,166607,83369.91489361702,99810.08510638298,,,56804.425531914894,91195.5744680851,,,40159,293055,
56,007,,72428,53644,,54417,60708.51063829787,84147.48936170213,,,46496.255319148935,60791.744680851065,,,15516.063829787236,93317.93617021276,
56,009,,79741,116400,,,65758.87234042553,93723.12765957447,,,28258.382978723414,204541.6170212766,,,,,
56,011,,78319,,,,66041.89361702127,90596.10638297873,,,,,,,,,
56,013,,65675,64338,,60142,62201.8085106383,69148.1914893617,,,47017.31914893617,81658.68085106384,,,54350.17021276596,65933.82978723405,
56,015,,59492,42390,,,50555.82978723404,68428.17021276595,,,4327.872340425536,80452.12765957447,,,,,
56,017,,63533,,,,54038.02127659575,73027.97872340426,,,,,,,,,
56,019,,64532,,,,58937.95744680851,70126.0425531915,,,,,,,,,
56,021,71594,82196,64753,57386,46358,78330.8085106383,86061.1914893617,33123.19148936171,110064.8085106383,54042.70212765958,75463.29787234042,16348.723404255325,98423.27659574468,35945.574468085106,56770.425531914894,
56,023,,89643,76442,56339,,83929.8085106383,95356.1914893617,,,8086.255319148942,144797.74468085106,55423.936170212764,57254.063829787236,,,
56,025,47762,73645,51552,,77404,70822.36170212766,76467.63829787234,13267.1914893617,82256.80851063831,25142.63829787234,77961.36170212766,,,26858.63829787234,127949.36170212766,
56,027,,56016,110732,,,42086.29787234042,69945.70212765958,,,74815.74468085106,146648.25531914894,,,,,
56,029,,74366,63286,211471,18930,68391.87234042553,80340.12765957447,,,36621.65957446809,89950.3404255319,148036.10638297873,274905.89361702127,18045.91489361702,19814.08510638298,
56,031,,68207,,,,61552.53191489362,74861.46808510639,,,,,,,,,
56,033,,71211,80131,,58510,60887.936170212764,81534.06382978724,,,34862.744680851065,125399.25531914894,,,16016.723404255317,101003.27659574468,
56,035,,76620,103992,,,54102.04255319149,99137.95744680852,,,78425.02127659574,129558.97872340426,,,,,
56,037,,76648,70009,,,71667.5744680851,81628.4255319149,,,58488.48936170213,81529.51063829787,,,,,
56,039,,130000,120938,,,95768.51063829788,164231.48936170212,,,43420.893617021284,198455.10638297873,,,,,
56,041,,84603,76055,,,78696.78723404255,90509.21276595745,,,62449.382978723406,89660.61702127659,,,,,
56,043,,69096,39612,,,61631.31914893617,76560.68085106384,,,22881.106382978724,56342.89361702128,,,,,
56,045,,89745,,,,74135.29787234042,105354.70212765958,,,,,,,,,
