statecode,countycode,v161_race_white,v161_race_white_cilow,v161_race_white_cihigh,v161_race_black,v161_race_black_cilow,v161_race_black_cihigh,v161_race_aian,v161_race_aian_cilow,v161_race_aian_cihigh,v161_race_asian,v161_race_asian_cilow,v161_race_asian_cihigh,v161_race_nhopi,v161_race_nhopi_cilow,v161_race_nhopi_cihigh,v161_race_tom,v161_race_tom_cilow,v161_race_tom_cihigh,v161_race_hispanic,v161_race_hispanic_cilow,v161_race_hispanic_cihigh,v161_race_flag_CT
00,000,17.307126133640285,17.22381147077025,17.39044079651032,8.634210614804678,8.508110699495248,8.760310530114108,25.054483230606415,24.15229639631791,25.95667006489492,6.595052755160204,6.439560268475035,6.750545241845372,14.027751500635183,12.746280437890103,15.309222563380263,9.776068078016733,9.412569757626144,10.139566398407322,7.929602160402027,7.829663502274035,8.02954081853002,
01,000,20.14900998257739,19.446094955685066,20.851925009469714,8.239835998144661,7.538285966456342,8.94138602983298,8.13102381528738,4.05897779268772,14.548647625914692,6.964822964035276,4.628074279031688,10.066108374627426,,,,7.356552155218363,4.429124960093932,11.488167462590342,7.953287896190106,6.309396604719161,9.59717918766105,
01,001,18.47243629811122,13.07219534814389,25.35486206052337,,,,,,,,,,,,,,,,,,,
01,003,20.756873079760265,17.80797925864178,23.70576690087875,11.49770377308832,5.941031318572746,20.084174624861323,,,,,,,,,,,,,,,,
01,005,13.815284281269337,6.317227695974399,26.225712952329708,,,,,,,,,,,,,,,,,,,
01,007,23.18911203655888,13.50851230681972,37.128014735152064,,,,,,,,,,,,,,,,,,,
01,009,26.31692353155617,20.177034367931046,33.73710825742248,,,,,,,,,,,,,,,,,,,
01,011,,,,,,,,,,,,,,,,,,,,,,
01,013,30.3677970764153,16.169572970722374,51.929857859309216,,,,,,,,,,,,,,,,,,,
01,015,24.698001461124644,19.774233914032788,29.6217690082165,13.325899022083718,7.458404523791491,21.979043897711353,,,,,,,,,,,,,,,,
01,017,33.471338745882456,22.057823142348763,48.69904056199341,,,,,,,,,,,,,,,,,,,
01,019,23.524630080342543,15.367069400309886,34.46903361874373,,,,,,,,,,,,,,,,,,,
01,021,15.755470242591795,10.382954167866405,22.923382008783438,,,,,,,,,,,,,,,,,,,
01,023,,,,,,,,,,,,,,,,,,,,,,
01,025,,,,,,,,,,,,,,,,,,,,,,
01,027,21.370573731933177,10.668113409264011,38.23785956756981,,,,,,,,,,,,,,,,,,,
01,029,33.32219778146532,20.62696562276747,50.93651897520696,,,,,,,,,,,,,,,,,,,
01,031,21.529898685377425,15.381275271641165,29.317611266604192,,,,,,,,,,,,,,,,,,,
01,033,23.304499988318355,17.351730953193364,30.641113635445947,,,,,,,,,,,,,,,,,,,
01,035,38.477718511656995,17.59446306792994,73.04269533674363,,,,,,,,,,,,,,,,,,,
01,037,26.527001929038317,11.452476601897764,52.26876885648301,,,,,,,,,,,,,,,,,,,
01,039,23.957129819324432,16.49098582946438,33.64471743221868,,,,,,,,,,,,,,,,,,,
01,041,20.467440401060124,9.359017066524137,38.85357737841646,,,,,,,,,,,,,,,,,,,
01,043,21.030603443706646,16.701334809517117,26.13911985145517,,,,,,,,,,,,,,,,,,,
01,045,26.045557486797755,18.607328123651495,35.466656893213475,,,,,,,,,,,,,,,,,,,
01,047,34.40871629991846,17.779485817696568,60.10510275994445,,,,,,,,,,,,,,,,,,,
01,049,20.38662716778447,15.315061773155122,26.600126214621504,,,,,,,,,,,,,,,,,,,
01,051,19.425079864343346,14.893097346758328,24.9020757121027,,,,,,,,,,,,,,,,,,,
01,053,36.86974870108448,26.091228556940884,50.60661070558097,,,,,,,,,,,,,,,,,,,
01,055,23.412947080113348,18.67508352566408,28.986821616345832,14.171680067647086,6.795871440160017,26.062224215759652,,,,,,,,,,,,,,,,
01,057,19.345949237189835,10.300903193323022,33.08216238117952,,,,,,,,,,,,,,,,,,,
01,059,18.87727010844819,11.365349752391065,29.47919564310716,,,,,,,,,,,,,,,,,,,
01,061,22.18776444054434,14.216119336769635,33.01363473162689,,,,,,,,,,,,,,,,,,,
01,063,,,,,,,,,,,,,,,,,,,,,,
01,065,28.78713529934184,12.428241771659934,56.72213260385397,,,,,,,,,,,,,,,,,,,
01,067,31.875057063448633,18.89117895137365,50.37633232526452,,,,,,,,,,,,,,,,,,,
01,069,21.06854127169718,16.51437316051375,26.490527534677227,6.2954838740017784,3.0189292206072156,11.57761898996741,,,,,,,,,,,,,,,,
01,071,18.53617776969042,13.414723762039523,24.96810981119407,,,,,,,,,,,,,,,,,,,
01,073,17.778919879176918,15.710047585299051,19.847792173054785,9.103401629189925,7.494119821094744,10.712683437285106,,,,,,,,,,,,,8.006106193382623,4.3770127563434995,13.432885795981363,
01,075,,,,,,,,,,,,,,,,,,,,,,
01,077,19.094252413287567,14.91276955104928,24.084801285171295,,,,,,,,,,,,,,,,,,,
01,079,17.19839428474525,10.505226030854482,26.561525099320512,,,,,,,,,,,,,,,,,,,
01,081,14.084442610267088,11.281061155420845,17.373107925442646,8.801559767636984,5.216362132016577,13.910259013892015,,,,,,,,,,,,,,,,
01,083,18.157986914666402,14.25792522717956,22.79568976644626,,,,,,,,,,,,,,,,,,,
01,085,,,,,,,,,,,,,,,,,,,,,,
01,087,,,,,,,,,,,,,,,,,,,,,,
01,089,18.796929789605176,16.403593674631352,21.190265904579,8.738071815398989,6.373609542457989,11.692227580485808,,,,,,,,,,,,,,,,
01,091,25.98900317554147,11.883827166255937,49.33522346138163,,,,,,,,,,,,,,,,,,,
01,093,19.459455341760954,12.335625435175574,29.198737516236328,,,,,,,,,,,,,,,,,,,
01,095,22.74981378112231,18.06663597788441,28.275941325924865,,,,,,,,,,,,,,,,,,,
01,097,20.445230952338836,17.738870195324335,23.151591709353337,8.953709926185525,6.8647580589921615,11.478252035161692,,,,,,,,,,,,,,,,
01,099,26.115072493099333,13.036550096511272,46.727078416986686,,,,,,,,,,,,,,,,,,,
01,101,18.157362136815706,13.75220876556537,23.5249687120663,9.619543150577254,7.37524857418301,12.331820179088435,,,,,,,,,,,,,,,,
01,103,22.26964908555993,17.766710405583567,26.772587765536294,,,,,,,,,,,,,,,,,,,
01,105,,,,,,,,,,,,,,,,,,,,,,
01,107,,,,,,,,,,,,,,,,,,,,,,
01,109,14.982808014139117,8.385763908803883,24.711863305283593,,,,,,,,,,,,,,,,,,,
01,111,18.89915095444704,10.332341691901256,31.709563960309872,,,,,,,,,,,,,,,,,,,
01,113,32.079828508756435,22.587159776304883,44.21781785523872,,,,,,,,,,,,,,,,,,,
01,115,22.34851194302221,17.875924840763776,27.600230442395112,,,,,,,,,,,,,,,,,,,
01,117,16.443985977106948,13.703631086781193,19.184340867432702,7.874369803930334,4.304991246363542,13.211854519110444,,,,,,,,,,,,,,,,
01,119,,,,,,,,,,,,,,,,,,,,,,
01,121,24.02925000825672,18.151437220165025,31.203979857664198,,,,,,,,,,,,,,,,,,,
01,123,21.23151423836555,13.603431788800956,31.590810229799768,,,,,,,,,,,,,,,,,,,
01,125,15.366573622748744,12.363596771520019,18.36955047397747,5.661018060982267,3.5042594038829367,8.653467450535384,,,,,,,,,,,,,,,,
01,127,24.469039213281064,18.84414180256457,31.246416807456466,,,,,,,,,,,,,,,,,,,
01,129,,,,,,,,,,,,,,,,,,,,,,
01,131,,,,,,,,,,,,,,,,,,,,,,
01,133,19.559139471640197,12.107415607407615,29.898222361253566,,,,,,,,,,,,,,,,,,,
02,000,23.68871918805154,21.627491828489568,25.74994654761351,10.388168665326317,5.1857363693828615,18.58730325032992,58.82720198187966,52.33709699876001,65.31730696499932,9.827377875261138,6.296586436935081,14.622359292344427,17.612615620113758,8.792154259685923,31.513834450460234,41.47908823442574,31.943952262185945,52.96786966047528,15.362331427201513,10.924119406952734,21.000812783354533,
02,013,,,,,,,,,,,,,,,,,,,,,,
02,016,,,,,,,,,,,,,,,,,,,,,,
02,020,22.69626892197101,19.424754701020166,25.967783142921856,,,,37.50702797160415,27.92644590286854,49.31481502636189,12.900865374522668,7.645870435073034,20.388929189892973,,,,42.01787310629975,25.665608487006434,64.89319715870073,14.965524439265685,9.010223326946548,23.370520224180936,
02,050,,,,,,,74.3744797675565,55.54641887964931,97.53223517816042,,,,,,,,,,,,,
02,060,,,,,,,,,,,,,,,,,,,,,,
02,063,,,,,,,,,,,,,,,,,,,,,,
02,066,,,,,,,,,,,,,,,,,,,,,,
02,068,,,,,,,,,,,,,,,,,,,,,,
02,070,,,,,,,93.98989685758211,52.605431779991925,155.02204133099738,,,,,,,,,,,,,
02,090,29.948052692431236,23.990064806226346,35.90604057863612,,,,35.438669868241945,18.869599167102976,60.601204767995824,,,,,,,102.38200172373264,27.89564964031174,262.13858735473553,,,,
02,100,,,,,,,,,,,,,,,,,,,,,,
02,105,,,,,,,,,,,,,,,,,,,,,,
02,110,15.661325648881254,8.76552507824142,25.830974958062484,,,,,,,,,,,,,,,,,,,
02,122,21.541873090199225,15.828158082152557,28.6461244890012,,,,,,,,,,,,,79.62393828030044,38.182773357089935,146.4312574442374,,,,
02,130,29.555409221096284,14.753953795668192,52.882791142365164,,,,,,,,,,,,,,,,,,,
02,150,,,,,,,,,,,,,,,,,,,,,,
02,158,,,,,,,132.7092834889253,97.15987478872405,177.0155867296765,,,,,,,,,,,,,
02,164,,,,,,,,,,,,,,,,,,,,,,
02,170,27.527667400032634,22.529766776523484,32.52556802354179,,,,35.18414946485041,19.235501916778862,59.033024315955,,,,,,,,,,,,,
02,180,,,,,,,104.31944881376137,74.52734366465579,142.05348072285437,,,,,,,,,,,,,
02,185,,,,,,,56.554459972413056,30.91884953162019,94.8887741072856,,,,,,,,,,,,,
02,188,,,,,,,75.945446977308,45.724120174160674,118.59822298380651,,,,,,,,,,,,,
02,195,,,,,,,,,,,,,,,,,,,,,,
02,198,,,,,,,,,,,,,,,,,,,,,,
02,220,,,,,,,,,,,,,,,,,,,,,,
02,230,,,,,,,,,,,,,,,,,,,,,,
02,240,,,,,,,,,,,,,,,,,,,,,,
02,275,,,,,,,,,,,,,,,,,,,,,,
02,282,,,,,,,,,,,,,,,,,,,,,,
02,290,,,,,,,116.21802055873884,67.70127974356534,186.07630913129918,,,,,,,,,,,,,
04,000,22.468870028380724,21.7901314762435,23.14760858051795,13.692869365000128,11.985427489973336,15.40031124002692,30.795311726315337,27.9092087920448,33.68141466058587,8.041932665086742,6.578372760645255,9.50549256952823,14.825608997824977,7.6606085102968065,25.897355324910478,19.980847237840344,16.376041619197427,23.58565285648326,11.453584701070964,10.819329332356858,12.08784006978507,
04,001,53.08294716047298,34.675543470908984,77.778816670332,,,,50.859881577027764,41.43033577024956,60.289427383805965,,,,,,,,,,49.114790992956024,23.55245135405284,90.32384932897492,
04,003,32.48055044832267,26.078556575846434,38.8825443207989,,,,,,,,,,,,,,,,11.560382046279052,7.481269726644278,17.065404392611388,
04,005,26.85039477334759,21.597433614635907,32.103355932059266,,,,35.91454866679238,27.718090438181136,45.77604048226991,,,,,,,,,,23.259047293434044,14.397716863887167,35.553924491325716,
04,007,54.29605339138096,41.433608781608314,69.88978346540915,,,,40.14420913684934,22.945884115966106,65.19168059742131,,,,,,,,,,,,,
04,009,23.20726030044538,14.869329571019815,34.530563758855784,,,,,,,,,,,,,,,,23.30339417875936,12.7401824460981,39.09913572227472,
04,011,,,,,,,,,,,,,,,,,,,,,,
04,012,38.47369009158194,17.592621017751963,73.03504814061007,,,,,,,,,,,,,,,,,,,
04,013,19.0173606004151,18.240078945412737,19.79464225541746,13.371579610892406,11.453352703348953,15.289806518435858,12.495376242126742,9.413227428116908,16.26444971992784,7.798066506001318,6.2459315986074095,9.618886225556587,,,,17.262641201022042,13.23516802321643,22.12992693882271,10.829375103873002,10.034298057079054,11.624452150666949,
04,015,39.92897135671101,34.91670942616197,44.94123328726005,,,,46.9303145631969,22.50490999622938,86.3065193981083,,,,,,,,,,19.544856884120108,13.761382955215383,26.94001065101807,
04,017,34.0987162744982,26.1432902424137,43.713015353503,,,,48.52226785890547,39.20477960094709,57.83975611686385,,,,,,,,,,25.143494482759362,14.072622994018115,41.470370446497554,
04,019,24.16012474313926,22.200180433338524,26.120069052939996,14.942601588275021,10.007294798807322,21.460068429642487,25.99100538070958,17.99952678816304,36.319824876250074,8.532038232447523,4.775317030737799,14.072299552709127,,,,17.360675932467355,9.716638531945431,28.633794821745262,12.501892489071711,10.87680470889551,14.126980269247913,
04,021,22.035462299213375,19.31083146842898,24.76009312999777,12.256684586443813,7.139970444567023,19.62413934661062,17.227574155355633,10.210152271070852,27.226994420145445,,,,,,,22.046999413544054,10.081292029379453,41.8520724082171,11.606940348867939,9.174804688264077,14.485986851411212,
04,023,28.50380193988437,11.460006715350127,58.728725993316395,,,,,,,,,,,,,,,,,,,
04,025,36.085457684495964,31.58148756009938,40.589427808892545,,,,,,,,,,,,,,,,14.520418253904781,9.396849089093555,21.435001755197163,
04,027,36.06580007274936,27.96422086212729,44.16737928337143,,,,,,,,,,,,,,,,7.391759271965758,5.450099772967323,9.800400401598905,
05,000,23.060386377507434,22.130768930667436,23.990003824347433,10.345521495698017,9.003593137549794,11.68744985384624,,,,10.4887369552836,7.024471753367867,15.063575875403526,14.985302101052067,6.852234346972965,28.44677122851259,,,,8.335360870451893,6.6197481674964,10.050973573407386,
05,001,25.284261879300047,13.064747070933489,44.16651714694386,,,,,,,,,,,,,,,,,,,
05,003,31.110152188949947,17.782139997433767,50.52093809907763,,,,,,,,,,,,,,,,,,,
05,005,32.36683117410399,24.383126771495157,42.12987972701556,,,,,,,,,,,,,,,,,,,
05,007,18.132924203458124,15.580701240148755,20.685147166767493,,,,,,,,,,,,,,,,4.110229698814365,2.1885242078696843,7.028617963016789,
05,009,24.63367496227261,17.516950991139296,33.67504460505799,,,,,,,,,,,,,,,,,,,
05,011,,,,,,,,,,,,,,,,,,,,,,
05,013,,,,,,,,,,,,,,,,,,,,,,
05,015,31.64645945852295,21.028842484397043,45.73794513194345,,,,,,,,,,,,,,,,,,,
05,017,,,,,,,,,,,,,,,,,,,,,,
05,019,25.383796755065696,13.877557893647017,42.58969774358375,,,,,,,,,,,,,,,,,,,
05,021,20.313625482999406,10.49634671148262,35.48381568322556,,,,,,,,,,,,,,,,,,,
05,023,24.70973541837649,15.831993729199045,36.76612763775186,,,,,,,,,,,,,,,,,,,
05,025,,,,,,,,,,,,,,,,,,,,,,
05,027,,,,,,,,,,,,,,,,,,,,,,
05,029,14.705030719856223,7.051633809027873,27.043075054696494,,,,,,,,,,,,,,,,,,,
05,031,20.926259824524294,16.691604383058632,25.908133587591635,,,,,,,,,,,,,,,,,,,
05,033,22.508422522890285,16.860353028327637,29.44157084669316,,,,,,,,,,,,,,,,,,,
05,035,25.336725482618693,15.683832409582754,38.72987630584387,8.617574113319758,4.301861948435236,15.419220508144857,,,,,,,,,,,,,,,,
05,037,27.956988450263655,15.647314209981785,46.11080088314164,,,,,,,,,,,,,,,,,,,
05,039,,,,,,,,,,,,,,,,,,,,,,
05,041,,,,,,,,,,,,,,,,,,,,,,
05,043,32.3051998511627,18.818969397176634,51.72375441565155,,,,,,,,,,,,,,,,,,,
05,045,17.41826697148234,13.873552414817567,21.59256258328087,,,,,,,,,,,,,,,,,,,
05,047,25.68698503822721,15.223735289712033,40.59651068683699,,,,,,,,,,,,,,,,,,,
05,049,25.868998917090074,13.774152422609713,44.23677599487197,,,,,,,,,,,,,,,,,,,
05,051,30.1719197917814,24.37118996611235,35.97264961745044,,,,,,,,,,,,,,,,,,,
05,053,25.696851801220156,16.104080214053877,38.9053424414462,,,,,,,,,,,,,,,,,,,
05,055,24.74555060237002,18.36662462136163,32.62392352276338,,,,,,,,,,,,,,,,,,,
05,057,18.779765074014993,8.58730444007628,35.64984390593028,,,,,,,,,,,,,,,,,,,
05,059,36.91648495541082,27.124844588258835,49.09109896344943,,,,,,,,,,,,,,,,,,,
05,061,37.95412929042181,20.20897536813197,64.90271698885134,,,,,,,,,,,,,,,,,,,
05,063,18.95919447882147,12.59824704399318,27.401314764917295,,,,,,,,,,,,,,,,,,,
05,065,26.97461156196363,15.418321204536124,43.80507921310256,,,,,,,,,,,,,,,,,,,
05,067,22.185993412846933,12.129289049456771,37.2243271056653,,,,,,,,,,,,,,,,,,,
05,069,26.078349058444445,17.328873560781823,37.690475294087506,10.390407367146437,6.052795189858263,16.636048729397235,,,,,,,,,,,,,,,,
05,071,30.37865733557599,20.01972660542546,44.199351482052876,,,,,,,,,,,,,,,,,,,
05,073,,,,,,,,,,,,,,,,,,,,,,
05,075,26.30708527334344,15.591245988941576,41.57653639963834,,,,,,,,,,,,,,,,,,,
05,077,56.809838414885604,27.242525696385258,104.47531551392451,,,,,,,,,,,,,,,,,,,
05,079,,,,,,,,,,,,,,,,,,,,,,
05,081,28.266867297905584,13.5550615915452,51.983775380095274,,,,,,,,,,,,,,,,,,,
05,083,34.80408375614947,23.482169157973445,49.6849936738075,,,,,,,,,,,,,,,,,,,
05,085,18.548039573103416,14.119627103608767,23.92561967138722,,,,,,,,,,,,,,,,,,,
05,087,40.62026674819665,26.76901174253075,59.10035547212072,,,,,,,,,,,,,,,,,,,
05,089,27.41879236903913,15.972456969088105,43.90014268303244,,,,,,,,,,,,,,,,,,,
05,091,29.354489848230802,20.772984107159452,40.291330766966944,,,,,,,,,,,,,,,,,,,
05,093,19.186508323644592,11.551531358752642,29.962109422150892,,,,,,,,,,,,,,,,,,,
05,095,,,,,,,,,,,,,,,,,,,,,,
05,097,43.66438444989113,21.797103395548607,78.1276451274891,,,,,,,,,,,,,,,,,,,
05,099,,,,,,,,,,,,,,,,,,,,,,
05,101,,,,,,,,,,,,,,,,,,,,,,
05,103,14.402254438231784,6.585627828521865,27.339965148279937,,,,,,,,,,,,,,,,,,,
05,105,37.92867031240028,20.735957003136015,63.63786394952111,,,,,,,,,,,,,,,,,,,
05,107,45.06163564255974,20.605049227472776,85.54102090584419,,,,,,,,,,,,,,,,,,,
05,109,29.949245951372408,15.475212414256614,52.3153055115385,,,,,,,,,,,,,,,,,,,
05,111,25.90116861581647,16.761870660891063,38.235234346116954,,,,,,,,,,,,,,,,,,,
05,113,39.37909447529075,26.167122296395082,56.91375570202664,,,,,,,,,,,,,,,,,,,
05,115,24.67661655112297,18.589804680632703,32.12000834361172,,,,,,,,,,,,,,,,,,,
05,117,39.74250394061887,20.53553172437466,69.42215636489917,,,,,,,,,,,,,,,,,,,
05,119,20.736060397815855,17.892058664203468,23.580062131428242,10.580608801222876,8.336316313131075,13.243209673303719,,,,,,,,,,,,,11.26837169236676,6.160523661486755,18.90641297955088,
05,121,15.912709120906818,8.699626151319528,26.69882201943417,,,,,,,,,,,,,,,,,,,
05,123,,,,,,,,,,,,,,,,,,,,,,
05,125,24.020633790726233,19.701606492367358,28.33966108908511,,,,,,,,,,,,,,,,,,,
05,127,29.027787257534687,13.919952288851896,53.38313427780097,,,,,,,,,,,,,,,,,,,
05,129,28.17769689527998,12.884637305435135,53.490045907724735,,,,,,,,,,,,,,,,,,,
05,131,24.22303272658348,19.510719810850297,28.935345642316662,,,,,,,,,,,,,,,,8.564526999301844,4.10702359601731,15.750470084863506,
05,133,28.957148521156206,14.962581194987793,50.582310956575604,,,,,,,,,,,,,,,,,,,
05,135,36.30047428618012,22.74931397180284,54.95935431373313,,,,,,,,,,,,,,,,,,,
05,137,32.46524514351925,18.556692705544478,52.721524160518,,,,,,,,,,,,,,,,,,,
05,139,22.830643206859737,14.307842547632843,34.565868184645865,,,,,,,,,,,,,,,,,,,
05,141,36.02851413588855,22.578877993528117,54.547603377884315,,,,,,,,,,,,,,,,,,,
05,143,16.1463718276571,13.507266552428783,18.785477102885416,,,,,,,,,,,,,,,,9.021347473681507,4.503424155141097,16.14168258353443,
05,145,21.23068879776316,16.486460581035082,26.914956935917814,,,,,,,,,,,,,,,,,,,
05,147,,,,,,,,,,,,,,,,,,,,,,
05,149,29.280088144953847,17.628525768633814,45.72448462694974,,,,,,,,,,,,,,,,,,,
06,000,14.879248573111235,14.593489439323061,15.16500770689941,8.76762879129171,8.213756645792031,9.321500936791388,12.737232006161218,10.305181315340443,15.57060561806132,6.222366105666186,5.946276206396037,6.498456004936335,9.998746600975515,7.877875079451232,12.514922363602313,9.601066239779202,8.71018347383733,10.491949005721075,6.339327074313222,6.160005875023882,6.518648273602563,
06,001,12.479344472717504,11.097188919343266,13.861500026091742,10.378720894803935,8.216931071011112,12.93498292529703,,,,5.240669894428727,4.396921582723719,6.084418206133735,,,,7.430212885673401,4.760677596131227,11.05556780373999,6.4698868730875265,5.303240710674662,7.636533035500391,
06,003,,,,,,,,,,,,,,,,,,,,,,
06,005,28.18474952430464,19.63171073492986,39.198163760301874,,,,,,,,,,,,,,,,,,,
06,007,17.05396503395982,13.940767020820642,20.167163047098995,,,,,,,,,,,,,,,,12.211911487247496,7.352368451606555,19.07041250354129,
06,009,24.192879452662233,16.94439534226851,33.4931427899525,,,,,,,,,,,,,,,,,,,
06,011,,,,,,,,,,,,,,,,,,,,,,
06,013,12.12738424019858,10.704346867223888,13.550421613173272,8.934486130086606,6.516875491378459,11.955045386966368,,,,5.899063641973754,4.533002473503219,7.547464959466578,,,,11.985313680190123,7.829204815503873,17.56126148478195,5.716231630024255,4.590603381319163,7.034314898864236,
06,015,29.032736906752042,18.601822353279744,43.1984111814115,,,,,,,,,,,,,,,,,,,
06,017,18.249862580982185,14.963815232292573,21.535909929671796,,,,,,,,,,,,,,,,,,,
06,019,14.986499982529493,12.912811276039028,17.06018868901996,10.965056987278684,7.0255189108096205,16.31513563069947,,,,9.209931191593741,6.813557796931976,12.176017461041466,,,,16.863539820768512,8.713637104800261,29.45721034719649,6.735607431369804,5.736702824246389,7.734512038493219,
06,021,24.697514851352945,13.502361190725287,41.438233322084855,,,,,,,,,,,,,,,,,,,
06,023,21.82978508683965,17.729627250876867,25.929942922802432,,,,33.24232384563467,16.594448292363747,59.479699836494326,,,,,,,57.47004614316887,29.695611467704175,100.38860499605735,,,,
06,025,22.827525123116523,13.297874604844743,36.54907905925552,,,,,,,,,,,,,,,,4.8441639823985385,3.3927928992969156,6.706364832589835,
06,027,25.630205917267045,12.794506448819627,45.85951817886451,,,,,,,,,,,,,,,,,,,
06,029,22.244022554814148,19.727477892873274,24.76056721675502,9.461509115370557,5.997785161449887,14.196909230768952,,,,7.825021185627905,4.558363201684089,12.528616939917221,,,,,,,7.641208547233705,6.517971995359299,8.76444509910811,
06,031,12.605255440173302,8.44193740018241,18.103249472401277,,,,,,,,,,,,,,,,6.503368518757357,4.355407963467007,9.33992200830851,
06,033,21.801462281896367,15.712576383408836,29.469243565349384,,,,,,,,,,,,,,,,,,,
06,035,40.65545151751229,28.625189780961964,56.03818454120328,,,,,,,,,,,,,,,,,,,
06,037,12.207922083935971,11.613685806637605,12.802158361234337,8.32040170304471,7.407522235361331,9.233281170728091,,,,6.556738963771687,5.973780623735616,7.139697303807758,15.017879367667266,8.748468157842051,24.045079672495664,7.951949990119625,6.25471310728255,9.96783817107681,5.721015062122168,5.415041878870291,6.026988245374046,
06,039,18.049089533551324,13.008196160420201,24.397125693660414,,,,,,,,,,,,,,,,8.109870578479743,5.471695623634548,11.577344521128763,
06,041,13.561902070443688,10.969607732800746,16.15419640808663,,,,,,,,,,,,,,,,8.95141099641534,5.467754387735413,13.8247282809717,
06,043,43.51794937323716,26.938296554808602,66.52180833177069,,,,,,,,,,,,,,,,,,,
06,045,24.74139714743858,18.96908732344446,31.717354538122237,,,,,,,,,,,,,,,,,,,
06,047,17.645902936187245,13.529012597908778,22.621251186305198,,,,,,,,,,,,,,,,7.254206407588229,5.5488931023903865,9.318331607874219,
06,049,,,,,,,,,,,,,,,,,,,,,,
06,051,,,,,,,,,,,,,,,,,,,,,,
06,053,17.365500776053366,14.00902072452099,20.721980827585742,,,,,,,11.741373709067737,6.25178699948369,20.078106628895185,,,,,,,6.219949552848238,4.908686917957221,7.773869735050514,
06,055,13.16524308369986,9.316509561520137,18.070324725634602,,,,,,,,,,,,,,,,5.089501760587141,2.709945337666492,8.70320301261683,
06,057,20.718628319734982,16.296515480778613,25.970980007974187,,,,,,,,,,,,,,,,,,,
06,059,13.811772706198527,12.875189034005913,14.74835637839114,7.661792849129279,4.801604787244155,11.600046449917436,,,,7.331372538269272,6.444229281257462,8.218515795281082,21.829113728046384,10.467908521806297,40.1445173540471,5.905031209931386,3.6069464714274173,9.119841776972423,5.248400335526674,4.632772285674719,5.86402838537863,
06,061,12.961507460292584,11.091587090171641,14.831427830413526,,,,,,,4.691353753385107,2.249686475854141,8.627566584380858,,,,,,,5.969334815806013,3.5939295025713505,9.3218557494499,
06,063,25.172361886661477,14.918736994982822,39.78318423995579,,,,,,,,,,,,,,,,,,,
06,065,15.732236649859034,14.481729182498038,16.982744117220033,7.272289994386977,5.493409708359267,9.443673457389236,17.449869117002095,8.36789051126623,32.090930594827896,7.941509473283818,6.202384785703457,10.017133607977382,,,,7.939971211420618,4.914967322918713,12.137089423857882,6.191575820371425,5.574214821003244,6.808936819739607,
06,067,14.99196978677949,13.688839619434386,16.295099954124595,9.384458076539614,7.355917079715695,11.799547100517929,,,,5.91912655675903,4.727988060425047,7.319091651646094,,,,8.446242422578694,5.612466750734881,12.207171958724636,8.19313511426584,6.887685971724146,9.498584256807533,
06,069,8.75676991057215,4.0041528122111885,16.62307697682518,,,,,,,,,,,,,,,,,,,
06,071,19.419255784029854,17.77305280362544,21.06545876443427,9.75699011021686,7.748458526169532,12.127047831180569,,,,5.694547309417847,4.265606702364736,7.448608087908902,,,,8.09896119201853,4.312355738279676,13.84947029418276,7.0101035972337105,6.326213423313003,7.6939937711544175,
06,073,14.834907559377394,13.964561999305635,15.705253119449152,8.722430858812958,6.799562765432074,11.020266652661958,,,,5.72779546159833,4.717689352715689,6.737901570480971,,,,7.8864490577323485,5.5235719643191485,10.918169741355413,6.666008208578548,5.977985607757785,7.354030809399311,
06,075,11.67539935036108,9.99156361010311,13.359235090619048,7.600408783860235,4.427518200428356,12.168990726141532,,,,5.927566360601491,4.721273518815268,7.348110338266661,,,,5.970728140963653,2.5777366214847537,11.76471468354289,6.420941386664229,4.683478707680764,8.591724760322341,
06,077,17.23848774352819,14.773603547158773,19.703371939897607,9.25424192477501,5.988857433751144,13.661086645849748,,,,6.72184623882574,4.9561587860534875,8.91219291032927,,,,8.722342519550008,3.9884104167861385,16.557723064718683,7.929976041231477,6.513933886851481,9.346018195611473,
06,079,16.832963190382358,14.175113637623198,19.490812743141518,,,,,,,,,,,,,,,,5.5927646519161724,3.2579915095691203,8.95455798735254,
06,081,11.115333936480495,9.395584153394159,12.83508371956683,,,,,,,5.850910730489731,4.534375451268361,7.43044980482136,,,,6.983728530731296,3.1934053905294544,13.257292145068064,6.310480672156335,4.753917656955104,8.213957996305533,
06,083,13.253394015408547,10.909655752100491,15.597132278716604,,,,,,,11.253095839961924,5.814638830111119,19.65689379205401,,,,,,,5.773723216942919,4.337398580002106,7.533456369951496,
06,085,12.045905140357021,10.75646464789271,13.335345632821333,7.722399188661769,4.576783179291618,12.204720044955703,,,,5.1846254081778245,4.471513239067955,5.897737577287694,,,,9.900397288361408,6.407015115820456,14.614939428215703,7.22384391119289,6.119800189606371,8.327887632779408,
06,087,15.926581590950752,13.080993943242213,18.77216923865929,,,,,,,,,,,,,,,,6.244333764564979,3.814201286630361,9.643867053515688,
06,089,24.722675085942072,21.008724911589262,28.436625260294882,,,,,,,,,,,,,28.6880634338089,13.118009385708914,54.45888057427449,11.51453131773386,5.949726356445249,20.11356895888128,
06,091,,,,,,,,,,,,,,,,,,,,,,
06,093,33.52395918802846,24.452605871840625,44.857694981927686,,,,,,,,,,,,,,,,,,,
06,095,18.440860607964215,15.388843729187979,21.49287748674045,7.868646779649225,4.988047077923489,11.806833639063441,,,,8.762179988806068,5.868169455645309,12.583952067635185,,,,13.47929454113825,6.964948184576423,23.545614909458063,6.982713131280138,5.010915500137308,9.472838824275394,
06,097,16.639966883982243,14.479889457351995,18.800044310612492,,,,,,,,,,,,,,,,7.7330157202553265,5.825565734831942,10.065582894693007,
06,099,16.220098454863205,13.706598849135599,18.73359806059081,,,,,,,6.3406002200218525,3.165204784788834,11.345085247992813,,,,,,,5.973139642945138,4.706154662890327,7.476274965416207,
06,101,17.391702073425957,12.180934319277647,24.077446508396868,,,,,,,,,,,,,,,,,,,
06,103,27.654942704362867,20.715449805491662,36.17334595810618,,,,,,,,,,,,,,,,,,,
06,105,36.341616658386585,20.340126969116387,59.93997001814133,,,,,,,,,,,,,,,,,,,
06,107,15.00426252357895,11.886794465591237,18.121730581566663,,,,,,,,,,,,,,,,7.484968306628728,6.054113647312928,8.915822965944528,
06,109,22.963288421377275,16.54991847197111,31.039694989306543,,,,,,,,,,,,,,,,,,,
06,111,14.626183602088597,12.865922478335191,16.386444725842,,,,,,,6.6730851045296555,4.076093743727694,10.30603872427104,,,,10.40821369977478,4.991143032283072,19.141075570026537,5.753657799176782,4.643827041180912,6.863488557172652,
06,113,11.939226509342205,9.042653564910436,15.468652768072436,,,,,,,,,,,,,,,,6.905242967360028,4.377331702672689,10.361254893762952,
06,115,20.720265120736464,14.995358607609235,27.910061139872354,,,,,,,,,,,,,,,,,,,
08,000,23.203645293046602,22.53793955985216,23.869351026241045,17.360876423498183,15.061447941999036,19.660304904997332,28.161659455333332,21.155905321824726,36.74485680048197,10.23231033661213,8.274533364523094,12.190087308701166,28.017144045238155,15.317233361665954,47.00800703846686,12.415689687293527,9.474479213968612,15.98145370831691,16.385771273798134,15.388047347616265,17.383495199980004,
08,001,23.434557605922134,20.7577563376785,26.111358874165767,11.744234834551964,5.862679715183094,21.013680211174016,,,,13.21978470134592,7.399013144004036,21.804024463014546,,,,,,,14.704442031094944,12.391010359267593,17.017873702922294,
08,003,38.895298854180034,20.097768493461704,67.94225957551286,,,,,,,,,,,,,,,,,,,
08,005,21.402854089419904,19.305668291095706,23.5000398877441,11.129837137185387,7.914402214449457,15.214853756727956,,,,10.211370510316574,6.2373703916549355,15.770633561344274,,,,,,,13.97286034845825,11.234242711201432,16.711477985715067,
08,007,45.66404093043825,27.063404691091968,72.16887162420517,,,,,,,,,,,,,,,,,,,
08,009,,,,,,,,,,,,,,,,,,,,,,
08,011,,,,,,,,,,,,,,,,,,,,,,
08,013,19.38059793460453,17.021776903613276,21.739418965595785,,,,,,,,,,,,,,,,12.637824751248045,8.526687289826892,18.04128065016229,
08,014,14.235561217278978,10.259740383236908,19.24234326014875,,,,,,,,,,,,,,,,,,,
08,015,33.25195533155661,22.43495462773176,47.46923383662439,,,,,,,,,,,,,,,,,,,
08,017,,,,,,,,,,,,,,,,,,,,,,
08,019,,,,,,,,,,,,,,,,,,,,,,
08,021,,,,,,,,,,,,,,,,,,,,,,
08,023,,,,,,,,,,,,,,,,,,,,,,
08,025,,,,,,,,,,,,,,,,,,,,,,
08,027,21.17820236794298,9.143244598011597,41.729501408678914,,,,,,,,,,,,,,,,,,,
08,029,33.55464742879646,23.50126253951945,46.45377578134965,,,,,,,,,,,,,,,,,,,
08,031,21.44776084748108,19.399238410462814,23.49628328449935,20.969246220664694,16.283440190006022,26.58351617246213,47.36912955648512,21.660182380331968,89.9213631263732,7.6221119752585045,3.8049308357437086,13.638063768157993,,,,,,,17.915174883272215,15.283607028350998,20.54674273819343,
08,033,,,,,,,,,,,,,,,,,,,,,,
08,035,16.696626798820308,14.629473493197178,18.763780104443438,,,,,,,,,,,,,,,,6.820693581661889,3.728936650717936,11.443964858669531,
08,037,26.94733886481317,19.868840424254568,35.728261827242065,,,,,,,,,,,,,,,,,,,
08,039,32.88329881526937,22.904422471271083,45.732708421919895,,,,,,,,,,,,,,,,,,,
08,041,29.43229051964926,27.31357938001432,31.5510016592842,23.833080987561562,18.050942796531842,30.878520807144852,,,,8.50396763237169,4.245150002467666,15.215947132382986,,,,24.72625039762706,12.34325511034762,44.242092055967596,21.018285067476643,17.42906150398364,24.607508630969647,
08,043,45.03308719045783,35.653119214727255,56.12466312429808,,,,,,,,,,,,,,,,,,,
08,045,28.97184010546612,22.10856615968607,37.29250111366123,,,,,,,,,,,,,,,,,,,
08,047,,,,,,,,,,,,,,,,,,,,,,
08,049,25.97804552458615,15.133168839011311,41.59336741772081,,,,,,,,,,,,,,,,,,,
08,051,21.837241760255246,12.942133439203918,34.512256583321786,,,,,,,,,,,,,,,,,,,
08,053,,,,,,,,,,,,,,,,,,,,,,
08,055,,,,,,,,,,,,,,,,,,,,,,
08,057,,,,,,,,,,,,,,,,,,,,,,
08,059,20.082979805387502,18.2409139019138,21.925045708861205,26.034589109906893,12.484597432610009,47.87853631388265,,,,14.695318864389472,7.593285697105783,25.669764682164924,,,,,,,17.518238134697192,13.89087333581677,21.80296377398893,
08,061,,,,,,,,,,,,,,,,,,,,,,
08,063,53.443521086574506,28.45642414717143,91.39004869346337,,,,,,,,,,,,,,,,,,,
08,065,,,,,,,,,,,,,,,,,,,,,,
08,067,18.313726255323832,13.08359453516304,24.938097249906996,,,,,,,,,,,,,,,,,,,
08,069,20.064390305704855,17.807789674446887,22.320990936962822,,,,,,,,,,,,,,,,14.25617149383443,9.68637686621262,20.235497472593238,
08,071,27.764949254938937,13.314372380582483,51.060730228688335,,,,,,,,,,,,,,,,,,,
08,073,,,,,,,,,,,,,,,,,,,,,,
08,075,27.965964428402394,17.52612101677704,42.34080622828031,,,,,,,,,,,,,,,,,,,
08,077,30.317693118458784,25.92958215582053,34.70580408109704,,,,,,,,,,,,,,,,22.75260115288175,14.724283810521142,33.58732765953006,
08,079,,,,,,,,,,,,,,,,,,,,,,
08,081,41.389367759394005,25.281701093006177,63.92252162524691,,,,,,,,,,,,,,,,,,,
08,083,27.590759610931528,17.29098215525458,41.772741625569275,,,,,,,,,,,,,,,,,,,
08,085,43.16662745033122,32.778230006405806,55.80287598159676,,,,,,,,,,,,,,,,,,,
08,087,39.34685233653953,25.929823621239777,57.24760436000257,,,,,,,,,,,,,,,,,,,
08,089,27.52488055892602,14.222507438685728,48.08042706473668,,,,,,,,,,,,,,,,31.421414939396744,16.235903612837987,54.88688846551856,
08,091,,,,,,,,,,,,,,,,,,,,,,
08,093,40.045583653413125,26.159104779808462,58.67605843397017,,,,,,,,,,,,,,,,,,,
08,095,,,,,,,,,,,,,,,,,,,,,,
08,097,15.76531958001012,8.146170680738479,27.538840599005958,,,,,,,,,,,,,,,,,,,
08,099,,,,,,,,,,,,,,,,,,,,,,
08,101,33.71055045870609,27.96183805344331,39.45926286396887,,,,,,,,,,,,,,,,26.009580901527194,20.967393166724285,31.89844206046627,
08,103,39.36152091108003,17.998593803261492,74.72042759052532,,,,,,,,,,,,,,,,,,,
08,105,33.26633984078292,15.211488892111449,63.14987530309901,,,,,,,,,,,,,,,,,,,
08,107,30.747395303867766,21.535097663474456,42.56735554552742,,,,,,,,,,,,,,,,,,,
08,109,,,,,,,,,,,,,,,,,,,,,,
08,111,,,,,,,,,,,,,,,,,,,,,,
08,113,40.85340637779989,20.393873269854133,73.0980288843121,,,,,,,,,,,,,,,,,,,
08,115,,,,,,,,,,,,,,,,,,,,,,
08,117,12.903633543520819,7.0545365323601414,21.650104502308047,,,,,,,,,,,,,,,,,,,
08,119,44.82455770939771,32.305598484844644,60.58978025268496,,,,,,,,,,,,,,,,,,,
08,121,,,,,,,,,,,,,,,,,,,,,,
08,123,18.447504063556597,15.945157743631098,20.949850383482097,,,,,,,,,,,,,,,,12.645611992356875,9.738662130830384,16.148164202707562,
08,125,,,,,,,,,,,,,,,,,,,,,,
09,000,11.679262062330817,11.045989254534032,12.312534870127603,7.361643780831661,6.149223142388336,8.574064419274986,,,,4.210318639594994,3.0079133637965416,5.733258989649535,,,,,,,5.711787453470137,4.844704112988592,6.578870793951682,
09,001,10.118411698295319,8.914381521285524,11.322441875305113,5.7187092981513405,3.885585514607832,8.117251367191002,,,,4.64065740415603,2.4709546214302356,7.93566549345569,,,,,,,4.252199983010213,3.05145212239919,5.768589419376265,A
09,003,11.113366926348228,9.825854432738957,12.400879419957498,8.334098877671096,6.185728824673474,10.987470385494248,,,,4.381748664737045,2.264113475270444,7.654033107968448,,,,,,,6.386233808256303,4.708704673392014,8.46721951789091,A
09,005,14.530545970012938,11.73593264624683,17.325159293779045,,,,,,,,,,,,,,,,,,,A
09,007,10.783142766694919,8.373532288859115,13.670202882443713,,,,,,,,,,,,,,,,,,,A
09,009,11.25312184711662,9.952926274451068,12.553317419782173,8.270684737449942,6.076988055953374,10.998257375588416,,,,,,,,,,,,,6.931883252622919,5.111023499458354,9.190671518551191,A
09,011,15.584169380225603,13.124337709272432,18.044001051178775,,,,,,,,,,,,,,,,7.883527103700768,3.4035474471288296,15.53369118226972,A
09,013,11.71610863588389,9.002979565842491,14.989992439045947,,,,,,,,,,,,,,,,,,,A
09,015,14.14833739617714,10.964767148330422,17.96788836584621,,,,,,,,,,,,,,,,13.441861810401594,6.146475163689326,25.516840783538743,A
09,110,,,,,,,,,,,,,,,,,,,,,,U
09,120,,,,,,,,,,,,,,,,,,,,,,U
09,130,,,,,,,,,,,,,,,,,,,,,,U
09,140,,,,,,,,,,,,,,,,,,,,,,U
09,150,,,,,,,,,,,,,,,,,,,,,,U
09,160,,,,,,,,,,,,,,,,,,,,,,U
09,170,,,,,,,,,,,,,,,,,,,,,,U
09,180,,,,,,,,,,,,,,,,,,,,,,U
09,190,,,,,,,,,,,,,,,,,,,,,,U
10,000,15.688460136344725,14.21009873257357,17.16682154011588,7.976813314722738,6.406036099443812,9.816155183511112,,,,4.819225600547496,2.405740056227233,8.622925806751505,,,,,,,5.90944341129375,3.957646997701489,8.48694648239655,
10,001,18.8339718391536,15.062864652519988,22.605079025787216,8.76343882124841,5.492000452819557,13.267951690842692,,,,,,,,,,,,,,,,
10,003,15.325311540291352,13.346927745817338,17.30369533476537,8.066890054993383,6.125527827329299,10.428326044556858,,,,,,,,,,,,,7.090556098601484,4.389165980327649,10.838668194391282,
10,005,14.514944724219157,11.726376554667135,17.303512893771178,,,,,,,,,,,,,,,,,,,
11,000,6.099026411688204,4.8132562659805105,7.62273655634157,6.444516242164856,5.201556346619841,7.8949677843810475,,,,,,,,,,,,,3.6393471079552007,2.03691494950081,6.002549600008045,
11,001,6.099026411688204,4.8132562659805105,7.62273655634157,6.444516242164856,5.201556346619841,7.8949677843810475,,,,,,,,,,,,,3.6393471079552007,2.03691494950081,6.002549600008045,
12,000,19.42856530275642,19.05493448725,19.80219611826284,6.910233671748428,6.51545482661572,7.305012516881137,9.508662371448493,5.959028084167545,14.396229101641621,7.367285996302114,6.462265614439805,8.272306378164421,,,,8.739394547043688,7.2605606243555165,10.218228469731859,7.98948897159152,7.675424014859001,8.303553928324039,
12,001,18.01729940393762,15.016133060494194,21.018465747381047,5.904189292289135,3.374754322292451,9.588033512318356,,,,,,,,,,,,,6.217480119205392,2.684266611750712,12.250914448978087,
12,003,15.497302816512722,9.027749984101572,24.812683056577328,,,,,,,,,,,,,,,,,,,
12,005,24.949061726132236,21.200486900599902,28.69763655166457,,,,,,,,,,,,,,,,13.514141696473363,6.74621084371794,24.18053248583714,
12,007,24.198697916736727,15.165195150803756,36.637119456129255,,,,,,,,,,,,,,,,,,,
12,009,21.103349035201905,19.133514750753143,23.073183319650667,8.179347721296317,5.240662420699042,12.170221057530599,,,,,,,,,,,,,12.31407840138032,9.04792163415654,16.375113778464804,
12,011,18.213892077497675,16.724353721569102,19.70343043342625,4.919080993429811,4.096903235651299,5.741258751208324,,,,9.201449599080457,6.372271334740461,12.858103530472963,,,,,,,7.373047282637574,6.442059040038176,8.304035525236973,
12,013,,,,,,,,,,,,,,,,,,,,,,
12,015,23.58196611370685,19.422792954454774,27.74113927295893,,,,,,,,,,,,,,,,,,,
12,017,31.387095684614426,26.54117117927062,36.23302018995823,,,,,,,,,,,,,,,,,,,
12,019,19.915417388769562,16.730808538869397,23.100026238669727,7.586927837967552,3.7873670411757545,13.575109627683645,,,,,,,,,,,,,8.903365768558665,4.600499014031191,15.552388231055817,
12,021,16.778067426443346,13.855641929944149,19.700492922942544,8.658855036616965,4.322469236610924,15.493083482890336,,,,,,,,,,,,,8.890961268446974,6.577582091833644,11.754322306866268,
12,023,22.60092650900874,17.11772102715778,29.28212176316616,,,,,,,,,,,,,,,,,,,
12,027,26.380212191683384,15.88261101199125,41.19596911193657,,,,,,,,,,,,,,,,,,,
12,029,26.997948471306117,16.25452860560089,42.16064083291248,,,,,,,,,,,,,,,,,,,
12,031,21.39067449135007,19.58772167835367,23.193627304346467,9.469677289546501,7.880147097041302,11.0592074820517,,,,7.0215686143515175,4.161426564634109,11.097105591281702,,,,10.54521178363261,5.056838938555436,19.393019923948504,9.575624226761292,7.213670630324977,12.463991140019825,
12,033,22.223237424845987,19.342510487024164,25.10396436266781,10.424809199121366,7.301408200841175,14.432330130333456,,,,,,,,,,,,,18.097264635133318,10.128901637273875,29.84868586989324,
12,035,22.395145207920564,17.366950900812096,27.42333951502903,,,,,,,,,,,,,,,,,,,
12,037,,,,,,,,,,,,,,,,,,,,,,
12,039,14.468345447287204,6.9381340209660225,26.607802411451868,9.133819879888193,4.380021660452555,16.797419961480394,,,,,,,,,,,,,,,,
12,041,26.824782982412252,16.810948680213126,40.613043804792966,,,,,,,,,,,,,,,,,,,
12,043,16.567467900654634,6.0799687275575955,36.06040277791856,,,,,,,,,,,,,,,,,,,
12,045,22.39872659405229,12.53639724264743,36.94329322529495,,,,,,,,,,,,,,,,,,,
12,047,26.994070017763917,11.654123451094378,53.18907918914497,,,,,,,,,,,,,,,,,,,
12,049,,,,,,,,,,,,,,,,,,,,,,
12,051,25.290998788749096,14.155180034353585,41.71365636747573,,,,,,,,,,,,,,,,12.483576206305898,6.824887277282178,20.945319666549075,
12,053,20.749849711069338,17.257170890888332,24.242528531250343,,,,,,,,,,,,,,,,11.366676485651642,6.943061295395689,17.554909939312655,
12,055,25.559085787307207,19.2546012787946,33.268663353527515,,,,,,,,,,,,,,,,10.250613528773846,5.296641591303859,17.905758939948853,
12,057,17.934863905794096,16.551703951350216,19.318023860237975,7.822512266397361,6.336260050527434,9.552626349081558,,,,6.643443898799203,4.211373550590517,9.96842774877612,,,,8.030102118515288,3.2285175288972625,16.545079425237788,9.54430877031553,8.269425219123866,10.819192321507193,
12,059,30.186015782923164,19.892774608358827,43.91906813701579,,,,,,,,,,,,,,,,,,,
12,061,23.270643276554555,18.712364953532983,27.828921599576127,,,,,,,,,,,,,,,,,,,
12,063,25.381980914014132,17.871256954739323,34.98571722584715,,,,,,,,,,,,,,,,,,,
12,065,27.5646758208878,13.760186854853696,49.32081919212698,,,,,,,,,,,,,,,,,,,
12,067,,,,,,,,,,,,,,,,,,,,,,
12,069,17.217164353960115,14.819689709941912,19.614638997978318,5.398444547571052,2.789455073957186,9.429996209314814,,,,,,,,,,,,,9.292243805320153,6.5081733227403795,12.864382233607644,
12,071,19.311258367088683,17.365500533911003,21.257016200266364,8.218578744327303,5.416095179226717,11.957600580919939,,,,,,,,,,,,,7.8991777272840995,6.213204374900122,9.901687682640684,
12,073,17.87617751393477,14.90670616053878,20.84564886733076,6.236087458023708,4.073619369425468,9.137312999436352,,,,,,,,,,,,,,,,
12,075,30.765140781404604,22.52394970113892,41.03638647627767,,,,,,,,,,,,,,,,,,,
12,077,,,,,,,,,,,,,,,,,,,,,,
12,079,30.634949209701936,16.31182023029779,52.3866961434125,,,,,,,,,,,,,,,,,,,
12,081,17.50540019149293,15.19052196200791,19.820278420977953,,,,,,,,,,,,,,,,5.734383418792407,3.549673716689565,8.765614193218056,
12,083,25.447839271923108,22.44256784487992,28.453110698966295,11.719253082701716,7.84856771610988,16.830802294589603,,,,,,,,,,,,,10.735957808592898,7.477987979951977,14.931118402951236,
12,085,19.074251313067258,15.31264963140888,22.835852994725634,,,,,,,,,,,,,,,,,,,
12,086,16.92805154538304,15.033181280134427,18.822921810631648,6.24790495889696,5.119622503604338,7.376187414189582,,,,4.992213478899907,2.492094981829155,8.932448905303009,,,,,,,7.242237926497117,6.717366131022012,7.767109721972221,
12,087,28.33221490883038,22.044154327151812,35.85623126790573,,,,,,,,,,,,,,,,14.638845357523586,8.193250620967527,24.144549211397862,
12,089,19.23987863359499,15.05402009214086,24.22944295103255,,,,,,,,,,,,,,,,,,,
12,091,22.897083556662473,19.455010912373613,26.339156200951333,13.545264127179772,7.405321943107833,22.72665159590312,,,,,,,,,,,,,8.931536590382377,4.615055288747222,15.60159698751705,
12,093,31.795868611920675,22.019563323931482,44.43153940594843,,,,,,,,,,,,,,,,,,,
12,095,13.481766673657573,12.159654199484093,14.803879147831053,6.86246478218417,5.529095721606296,8.195833842762044,,,,6.7414262307568915,4.548411968715089,9.623805125121699,,,,,,,7.230858322772581,6.1643824919768715,8.29733415356829,
12,097,14.978186537066042,11.964341528917119,17.992031545214964,6.5762678813531545,3.50158568021852,11.245618358950193,,,,,,,,,,,,,4.851148844861507,3.6836807048487685,6.271234825318648,
12,099,17.781151900570528,16.37251063261337,19.189793168527686,5.554143934053154,4.397268057130021,6.92212052716317,,,,8.322331016271049,4.932340802025654,13.152870978771743,,,,,,,8.01913517693423,6.737992479892643,9.300277873975816,
12,101,19.574012817378243,17.626166174566002,21.521859460190484,4.790285232584161,2.2971279655584214,8.809505097004266,,,,,,,,,,,,,10.074316307243137,7.630188789738155,13.052445291203346,
12,103,20.003302124466583,18.41400575201767,21.592598496915496,10.749205968266642,8.003489884585255,14.133220696842722,,,,7.850993466428753,4.1803233678308525,13.425437931506906,,,,13.754751435445776,6.595937955164805,25.295477616730295,9.52127387869041,7.110942742544125,12.485883948827224,
12,105,19.465149939966263,17.489521822797208,21.44077805713532,6.618104986448206,4.706119605758273,9.04716738208676,,,,,,,,,,,,,6.260875652291806,4.832011649721501,7.979999970840914,
12,107,32.77043899484075,25.546164871120208,41.40347821537037,,,,,,,,,,,,,,,,,,,
12,109,14.545935694996716,12.316298201762017,16.775573188231416,,,,,,,,,,,,,,,,9.494767220520597,5.055563662583368,16.23634111253306,
12,111,21.04191235633553,17.887795403091754,24.196029309579306,5.187755305865349,3.168815714919364,8.012067317708707,,,,,,,,,,,,,7.183973444267161,4.811219763765644,10.317384211841585,
12,113,23.436561526588754,20.047229840226183,26.825893212951325,,,,,,,,,,,,,,,,19.30316158502339,9.2566162864439,35.499201428518035,
12,115,21.78925594033491,19.194110543582642,24.38440133708718,14.392013041655094,7.663140809557206,24.61078061348452,,,,,,,,,,,,,6.26362121188056,3.505701244215298,10.330890647333764,
12,117,16.195403607991427,14.103034001514667,18.28777321446819,5.7294925375198344,3.3376405415135357,9.173472577242643,,,,10.922492694383356,5.815767347219823,18.67779515456461,,,,,,,6.360566808820374,4.478426022117681,8.767203494611165,
12,119,20.06045947363967,13.770141627217342,26.350777320062,,,,,,,,,,,,,,,,,,,
12,121,25.439523829758947,18.002521145539063,34.91773403245609,,,,,,,,,,,,,,,,,,,
12,123,19.60752307039914,10.97418181889719,32.33962748595885,,,,,,,,,,,,,,,,,,,
12,125,32.64679660306496,18.660465051329627,53.01635235659363,,,,,,,,,,,,,,,,,,,
12,127,22.068912835580083,19.833236791938642,24.304588879221523,8.410233289512915,5.331366467345718,12.619479320358927,,,,,,,,,,,,,9.61845183253539,7.041915615409822,12.829666846249447,
12,129,23.397262692500384,16.20328457612942,32.69532944677622,,,,,,,,,,,,,,,,,,,
12,131,17.72670572503051,13.559525273892563,22.770695094676025,,,,,,,,,,,,,,,,,,,
12,133,24.765196975471625,16.177448883773287,36.286751553880855,,,,,,,,,,,,,,,,,,,
13,000,19.394361650642146,18.86969762764013,19.919025673644164,9.616129791198263,9.1565239385838,10.075735643812726,8.53037747129462,4.0906475699589,15.687667886991537,7.8863316061544815,6.780905410139463,8.9917578021695,,,,4.042335783907484,2.846177441243822,5.571827397822449,7.5162968686028595,6.783231368812115,8.249362368393603,
13,001,15.37662405941818,7.031171664736666,29.189622200169197,,,,,,,,,,,,,,,,,,,
13,003,,,,,,,,,,,,,,,,,,,,,,
13,005,24.990559025091194,11.98394442589527,45.95852781604878,,,,,,,,,,,,,,,,,,,
13,007,,,,,,,,,,,,,,,,,,,,,,
13,009,21.878065847735026,13.710867388181306,33.12365461524062,,,,,,,,,,,,,,,,,,,
13,011,12.25691142554146,6.118606022242332,21.931000248330708,,,,,,,,,,,,,,,,,,,
13,013,18.03798484411562,13.511688439388696,23.594128294843017,,,,,,,,,,,,,,,,,,,
13,015,18.51111372158352,14.584652186897406,23.169419161680636,,,,,,,,,,,,,,,,,,,
13,017,37.175264201875734,20.806713170865567,61.314944863981204,,,,,,,,,,,,,,,,,,,
13,019,21.29051181261546,11.336300867390726,36.407423607283086,,,,,,,,,,,,,,,,,,,
13,021,21.22599863819257,16.03389126102868,27.563724782811892,11.194591110303485,8.195847660339576,14.932015767793361,,,,,,,,,,,,,,,,
13,023,28.73020562090387,14.845316486787304,50.18588738118233,,,,,,,,,,,,,,,,,,,
13,025,22.97442699694469,13.832105843746742,35.87741364828573,,,,,,,,,,,,,,,,,,,
13,027,,,,,,,,,,,,,,,,,,,,,,
13,029,28.55751977676487,20.907693665745185,38.091729424868966,,,,,,,,,,,,,,,,,,,
13,031,12.732424060277216,8.817573795021644,17.792286421618844,,,,,,,,,,,,,,,,,,,
13,033,26.87793191743989,15.363060434245392,43.64807752739047,,,,,,,,,,,,,,,,,,,
13,035,31.44977432052727,20.7255994478055,45.7577704593398,,,,,,,,,,,,,,,,,,,
13,037,,,,,,,,,,,,,,,,,,,,,,
13,039,20.51847155961503,14.787909521049324,27.73501282439637,,,,,,,,,,,,,,,,,,,
13,043,38.626736316389206,19.95899831121495,67.4731348691248,,,,,,,,,,,,,,,,,,,
13,045,21.25507875778951,17.02444675766711,26.218061121827954,10.30724865288114,5.145341390723292,18.4425149956533,,,,,,,,,,,,,,,,
13,047,19.541555710368982,14.761481175618819,25.376335531248422,,,,,,,,,,,,,,,,,,,
13,049,30.871074546973986,15.4107291860325,55.23687983459615,,,,,,,,,,,,,,,,,,,
13,051,17.113357723451813,14.050384917321654,20.17633052958197,7.4149547627018055,5.387717481888067,9.954230672595052,,,,,,,,,,,,,14.366990451043357,8.211976398912952,23.331092398352542,
13,053,,,,,,,,,,,,,,,,,,,,,,
13,055,28.403166540654727,18.717865723656228,41.32511609272146,,,,,,,,,,,,,,,,,,,
13,057,15.193545485180799,12.862743973981184,17.524346996380416,,,,,,,,,,,,,,,,,,,
13,059,17.79365913945478,13.206796781621264,23.45872129836928,5.956070955902051,2.85616753352954,10.95342654905599,,,,,,,,,,,,,,,,
13,061,,,,,,,,,,,,,,,,,,,,,,
13,063,28.427524356273796,19.315123587521033,40.350601668354344,9.13773544270548,7.333918630325689,10.941552255085272,,,,12.84246562457111,6.410912568658762,22.978718457142275,,,,,,,6.1597281587409025,3.182821424798681,10.759805472758154,
13,065,,,,,,,,,,,,,,,,,,,,,,
13,067,15.584280452343128,13.814858153565698,17.353702751120558,8.38814115791791,6.753608015192158,10.29877857745661,,,,5.226413272869518,2.6090066751619703,9.351497029368215,,,,,,,9.848664209573693,6.859955477733753,13.697107798463506,
13,069,24.4573492315088,16.379470623719314,35.12483318351209,,,,,,,,,,,,,,,,,,,
13,071,25.18017338946338,16.863557306591662,36.16292924735118,,,,,,,,,,,,,,,,,,,
13,073,22.990737012547655,18.841718347013508,27.1397556780818,9.338003331312443,5.226409578372325,15.401616415955584,,,,,,,,,,,,,,,,
13,075,,,,,,,,,,,,,,,,,,,,,,
13,077,21.701643526561483,17.62318424786737,25.780102805255595,6.921013023278943,3.3188947617617206,12.727989366954164,,,,,,,,,,,,,,,,
13,079,34.29916192439565,18.262859178608707,58.65261148002734,,,,,,,,,,,,,,,,,,,
13,081,16.729016877987373,7.222402097320194,32.96283231444032,,,,,,,,,,,,,,,,,,,
13,083,15.98471637700025,8.259536207267676,27.922082650623143,,,,,,,,,,,,,,,,,,,
13,085,20.147469881969357,13.038380210364227,29.74163999488517,,,,,,,,,,,,,,,,,,,
13,087,18.71866654251653,9.672208152666613,32.69774339328539,,,,,,,,,,,,,,,,,,,
13,089,13.339509618456631,11.195796415789312,15.48322282112395,11.433864961090215,9.933417117703884,12.934312804476546,,,,8.693553077857084,5.38144637555707,13.289019356296599,,,,,,,8.692159597379298,5.86456357948797,12.408598302238293,
13,091,14.872287955179203,7.424192562692168,26.610631301341257,,,,,,,,,,,,,,,,,,,
13,093,,,,,,,,,,,,,,,,,,,,,,
13,095,23.863749964952238,14.367536365012466,37.26620162521204,8.21982650836076,5.210664901378975,12.333775659771778,,,,,,,,,,,,,,,,
13,097,21.859259379546234,16.06136158956612,29.068180970239734,9.437777720193106,6.573757982969622,13.125664157151489,,,,,,,,,,,,,,,,
13,099,52.88499587047252,24.18238769558965,100.39219555290417,,,,,,,,,,,,,,,,,,,
13,101,,,,,,,,,,,,,,,,,,,,,,
13,103,16.12712823842586,11.623015512207855,21.799192362543508,,,,,,,,,,,,,,,,,,,
13,105,23.783688843527507,12.663812633516503,40.67083226045498,,,,,,,,,,,,,,,,,,,
13,107,18.415648455910254,9.193025358005515,32.95068201424139,,,,,,,,,,,,,,,,,,,
13,109,,,,,,,,,,,,,,,,,,,,,,
13,111,30.763391534075165,20.442050261697556,44.46166611156493,,,,,,,,,,,,,,,,,,,
13,113,18.537405445590956,13.925869501448327,24.187292997810733,11.912192029879296,7.059919952194422,18.82639906259799,,,,,,,,,,,,,,,,
13,115,22.25520049240688,17.349020594700292,28.11810695948066,,,,,,,,,,,,,,,,,,,
13,117,13.700263305631045,11.182351069424413,16.218175541837677,,,,,,,,,,,,,,,,,,,
13,119,21.526851216216794,12.758176331281796,34.02170570631548,,,,,,,,,,,,,,,,,,,
13,121,14.576416257229914,12.978174553223262,16.174657961236566,11.597668249275614,10.246138942474866,12.949197556076362,,,,8.335561218576384,5.445065333606715,12.213528497278805,,,,,,,9.465674973482564,6.593189442043099,13.164462483244819,
13,123,32.61570441115565,22.964465865221747,44.95645219796384,,,,,,,,,,,,,,,,,,,
13,125,,,,,,,,,,,,,,,,,,,,,,
13,127,24.299439323532923,18.451583045025505,31.412660174892554,,,,,,,,,,,,,,,,,,,
13,129,19.40902642916138,13.928252464043204,26.330535945394107,,,,,,,,,,,,,,,,,,,
13,131,22.763635672895955,12.740634083997485,37.54515525721392,,,,,,,,,,,,,,,,,,,
13,133,22.047729004569174,10.081625644854661,41.85345739924644,,,,,,,,,,,,,,,,,,,
13,135,19.07318208073402,16.87664379037929,21.269720371088752,8.879449037179187,7.270800673051746,10.488097401306627,,,,8.424259849023992,6.3103487111309065,11.01913929880076,,,,,,,7.339476425355104,5.828603702909672,9.122299055412824,
13,137,23.107429096416773,16.35219211299323,31.716751805655296,,,,,,,,,,,,,,,,,,,
13,139,18.4851205109765,15.009938690648696,21.960302331304305,,,,,,,,,,,,,,,,5.404278083216069,3.20291769736445,8.541089296132578,
13,141,,,,,,,,,,,,,,,,,,,,,,
13,143,21.04238826023096,14.092417665497209,30.2203795851718,,,,,,,,,,,,,,,,,,,
13,145,19.143146671460105,12.265375283391315,28.48348482872384,,,,,,,,,,,,,,,,,,,
13,147,14.936712678908412,7.7180174035812525,26.091431096593475,,,,,,,,,,,,,,,,,,,
13,149,32.01016361876251,17.915845583538914,52.795896936017186,,,,,,,,,,,,,,,,,,,
13,151,21.096124355371373,16.897130797481704,26.021991453694874,10.168634182149345,7.8310873915646955,12.985118837258286,,,,,,,,,,,,,,,,
13,153,24.55134982484493,19.896930373490346,29.205769276199515,7.894066113695378,4.88655134390982,12.066918605694111,,,,,,,,,,,,,,,,
13,155,,,,,,,,,,,,,,,,,,,,,,
13,157,19.046255226462055,14.568876085732848,24.465711632182053,,,,,,,,,,,,,,,,,,,
13,159,27.74961718986733,16.165174618496742,44.42982526868293,,,,,,,,,,,,,,,,,,,
13,161,32.950456782858474,18.44212052957906,54.34676751489026,,,,,,,,,,,,,,,,,,,
13,163,28.832285287853498,13.183956801063266,54.732658577580175,,,,,,,,,,,,,,,,,,,
13,165,,,,,,,,,,,,,,,,,,,,,,
13,167,,,,,,,,,,,,,,,,,,,,,,
13,169,19.716858983905233,11.870837101089622,30.790317673844957,,,,,,,,,,,,,,,,,,,
13,171,25.3172378382651,14.16986583118319,41.75693368934278,,,,,,,,,,,,,,,,,,,
13,173,32.69634513377231,15.679168385933647,60.129742828276825,,,,,,,,,,,,,,,,,,,
13,175,18.848224042264775,12.421098409838379,27.423176411451653,,,,,,,,,,,,,,,,,,,
13,177,23.98616646269249,15.522582237959023,35.408313399650396,,,,,,,,,,,,,,,,,,,
13,179,34.7307031684515,24.453620174281973,47.87169938479457,12.963391667366862,7.804808610060617,20.24394189229237,,,,,,,,,,,,,,,,
13,181,,,,,,,,,,,,,,,,,,,,,,
13,183,30.24922977312231,16.930264277643147,49.89150435206079,,,,,,,,,,,,,,,,,,,
13,185,24.980797855189447,19.436551815917046,31.614798491215222,9.94393504696402,5.986898480264204,15.52868635283303,,,,,,,,,,,,,,,,
13,187,27.039237342079662,19.038118420997066,37.270026908351305,,,,,,,,,,,,,,,,,,,
13,189,20.8044915032665,10.385527200295687,37.22498209245041,,,,,,,,,,,,,,,,,,,
13,191,24.71577025496636,11.301623998696908,46.91823077294806,,,,,,,,,,,,,,,,,,,
13,193,,,,,,,,,,,,,,,,,,,,,,
13,195,26.377759076686946,17.665599236711945,37.882862061349535,,,,,,,,,,,,,,,,,,,
13,197,,,,,,,,,,,,,,,,,,,,,,
13,199,29.31601619962821,17.0776597652926,46.93778182276924,,,,,,,,,,,,,,,,,,,
13,201,,,,,,,,,,,,,,,,,,,,,,
13,205,20.342336309167795,9.754940958990764,37.41028074520616,,,,,,,,,,,,,,,,,,,
13,207,22.700128150546213,14.69032605010566,33.50986715684377,,,,,,,,,,,,,,,,,,,
13,209,,,,,,,,,,,,,,,,,,,,,,
13,211,16.921300856074264,8.7434830746145,29.55810725169918,,,,,,,,,,,,,,,,,,,
13,213,24.238928893288172,16.976647804352776,33.55689462624383,,,,,,,,,,,,,,,,,,,
13,215,25.01923878738465,19.99321204742273,30.045265527346572,10.065148844936413,7.395492786118507,13.384514225160565,,,,,,,,,,,,,,,,
13,217,24.5912010539822,18.575929000964976,31.93372003290004,9.027015684049347,5.948860216607369,13.133833883634217,,,,,,,,,,,,,,,,
13,219,13.831768964593818,9.035370710699423,20.266746291822596,,,,,,,,,,,,,,,,,,,
13,221,15.853923308347213,7.602572462219875,29.155929430334965,,,,,,,,,,,,,,,,,,,
13,223,18.702077478870603,15.123330459544354,22.28082449819685,6.36807879116829,3.5641653583897193,10.503177538958031,,,,,,,,,,,,,,,,
13,225,32.57865608738353,19.308176324733893,51.488322122896,,,,,,,,,,,,,,,,,,,
13,227,20.48358126704625,13.718175852021936,29.417839529354715,,,,,,,,,,,,,,,,,,,
13,229,21.790019672235232,12.6934894464339,34.887932327660465,,,,,,,,,,,,,,,,,,,
13,231,18.325974727707603,10.675555612195023,29.341660804159037,,,,,,,,,,,,,,,,,,,
13,233,22.338913530819806,15.279800318200564,31.53588058763552,,,,,,,,,,,,,,,,,,,
13,235,,,,,,,,,,,,,,,,,,,,,,
13,237,28.77598508967921,17.054472490797647,45.478462516286335,,,,,,,,,,,,,,,,,,,
13,239,,,,,,,,,,,,,,,,,,,,,,
13,241,27.868802867813187,15.92942879695583,45.25718987258062,,,,,,,,,,,,,,,,,,,
13,243,,,,,,,,,,,,,,,,,,,,,,
13,245,28.866903915887658,23.212399651034143,35.48232580403798,11.891986793487538,9.21612642322506,15.102402859804283,,,,,,,,,,,,,,,,
13,247,37.3553614438604,25.713711987665526,52.460816042466995,6.8765415792242655,4.0754743522844175,10.867900350858902,,,,,,,,,,,,,,,,
13,249,,,,,,,,,,,,,,,,,,,,,,
13,251,,,,,,,,,,,,,,,,,,,,,,
13,253,,,,,,,,,,,,,,,,,,,,,,
13,255,22.574717420340942,16.20000697523541,30.625153232844795,8.703691713278555,4.3448515440548094,15.573308682605054,,,,,,,,,,,,,,,,
13,257,24.63845215487619,15.944707145468271,36.37121575634303,,,,,,,,,,,,,,,,,,,
13,259,,,,,,,,,,,,,,,,,,,,,,
13,261,18.32091746611777,9.145735989214824,32.78118210610513,,,,,,,,,,,,,,,,,,,
13,263,,,,,,,,,,,,,,,,,,,,,,
13,265,,,,,,,,,,,,,,,,,,,,,,
13,267,16.515418372952137,8.244437347080899,29.55064549815806,,,,,,,,,,,,,,,,,,,
13,269,,,,,,,,,,,,,,,,,,,,,,
13,271,,,,,,,,,,,,,,,,,,,,,,
13,273,,,,,,,,,,,,,,,,,,,,,,
13,275,18.36793808531642,11.643697126029394,27.56092570158755,,,,,,,,,,,,,,,,,,,
13,277,12.033994298222257,6.218140458671834,21.020966245955197,,,,,,,,,,,,,,,,,,,
13,279,21.040959743764866,12.026726503025303,34.1692004045387,,,,,,,,,,,,,,,,,,,
13,281,19.330791086186927,7.771980598516299,39.82881776013774,,,,,,,,,,,,,,,,,,,
13,283,,,,,,,,,,,,,,,,,,,,,,
13,285,23.9719733079755,17.418072503475862,32.181255263374275,9.97969005321938,5.156651478062899,17.43251015041697,,,,,,,,,,,,,,,,
13,287,,,,,,,,,,,,,,,,,,,,,,
13,289,,,,,,,,,,,,,,,,,,,,,,
13,291,17.703559017742055,10.119113625491586,28.749470714141896,,,,,,,,,,,,,,,,,,,
13,293,18.35242150555746,10.271711000716758,30.269528324617017,,,,,,,,,,,,,,,,,,,
13,295,15.38362273138264,11.342669000829966,20.396451892919124,,,,,,,,,,,,,,,,,,,
13,297,15.493341039016444,11.535810054274492,20.37088217327926,10.259899997858941,5.1217051127323945,18.357795172771482,,,,,,,,,,,,,,,,
13,299,26.557219363661556,17.3480574039572,38.91247955611096,,,,,,,,,,,,,,,,,,,
13,301,,,,,,,,,,,,,,,,,,,,,,
13,303,,,,,,,,,,,,,,,,,,,,,,
13,305,19.95276285805666,12.504290254842894,30.2087227513529,,,,,,,,,,,,,,,,,,,
13,307,,,,,,,,,,,,,,,,,,,,,,
13,309,,,,,,,,,,,,,,,,,,,,,,
13,311,31.738481797564155,22.229242459278264,43.939437009229074,,,,,,,,,,,,,,,,,,,
13,313,21.526589899942163,16.260954669778563,27.954067538986187,,,,,,,,,,,,,,,,5.789036860087545,3.0824183164766006,9.899429337273956,
13,315,,,,,,,,,,,,,,,,,,,,,,
13,317,,,,,,,,,,,,,,,,,,,,,,
13,319,,,,,,,,,,,,,,,,,,,,,,
13,321,39.50654352451075,25.56655194361925,58.31945161510318,,,,,,,,,,,,,,,,,,,
15,000,18.159620134538482,16.035894513056515,20.28334575602045,10.228688639708356,5.285312681187111,17.867460571047342,,,,7.573655858459928,6.445867890163542,8.701443826756313,13.091237302239785,10.47130004378247,16.16757156982485,23.20910995549418,20.546369307185113,25.87185060380325,13.443138078774751,10.737901229449898,16.62264841624868,
15,001,23.588811983121133,17.956896614658273,30.42784881839603,,,,,,,6.1326074903680805,3.061375563538998,10.972928801126237,10.11464893954901,5.226386704002596,17.668256164900782,33.51568001999914,26.317017514603876,42.07586709021583,16.329024902636153,9.67761503683287,25.8068992129271,
15,003,16.194121014178183,13.57766022772144,18.810581800634925,10.333448492984843,4.725110659019389,19.616104053112185,,,,7.4353654451500955,6.180485922081407,8.690244968218785,14.039337716765887,10.738980922461977,18.034116628238376,17.79510056740537,14.921664792311446,20.668536342499294,12.938739748127007,9.663269713891044,16.967435765161728,
15,005,,,,,,,,,,,,,,,,,,,,,,
15,007,17.511964756673695,10.009600950904524,28.438333637576545,,,,,,,,,,,,,31.27853528821897,19.105741947563775,48.30716091123252,,,,
15,009,20.25660502959514,14.775306708615657,27.104931272898362,,,,,,,10.611511945863295,6.650178040893678,16.06595661090693,,,,34.548008352397446,25.642197703347026,45.547242025984936,11.593371877461742,5.559472445123969,21.320623655403754,
16,000,24.00485287969908,22.89703754546307,25.112668213935088,,,,34.774689429635906,24.08248333492104,48.59414292406565,10.16049238366651,5.918861239348886,16.26793256863105,,,,7.497101588508919,3.99189084737599,12.820272042400854,11.38059623200275,9.449989002836043,13.311203461169457,
16,001,22.213103918525615,20.227668058602237,24.198539778448993,,,,,,,,,,,,,,,,9.471577395120022,5.935787126942519,14.340082001808032,
16,003,,,,,,,,,,,,,,,,,,,,,,
16,005,29.08004748021355,23.496046268581267,34.664048691845835,,,,,,,,,,,,,,,,25.943330617272906,12.440835438209698,47.71070869674296,
16,007,,,,,,,,,,,,,,,,,,,,,,
16,009,26.898702020209562,12.89897316083476,49.46767072197968,,,,,,,,,,,,,,,,,,,
16,011,28.24847571738095,20.755917434031193,37.5644842320041,,,,,,,,,,,,,,,,22.98189837534457,11.020713568479172,42.26452936440566,
16,013,25.994792882813456,15.878294818570485,40.146849303304904,,,,,,,,,,,,,,,,,,,
16,015,64.8351103438589,37.76884102389285,103.80729233646053,,,,,,,,,,,,,,,,,,,
16,017,25.819554732383637,19.16377118781802,34.03986407562141,,,,,,,,,,,,,,,,,,,
16,019,28.228753522547954,23.551744048435836,32.90576299666007,,,,,,,,,,,,,,,,,,,
16,021,14.531740167718368,7.2541923341780645,26.001297240575447,,,,,,,,,,,,,,,,,,,
16,023,,,,,,,,,,,,,,,,,,,,,,
16,025,,,,,,,,,,,,,,,,,,,,,,
16,027,21.058989046026213,17.941829767998687,24.176148324053738,,,,,,,,,,,,,,,,12.828230355757674,9.122125821218578,17.53661319700407,
16,029,34.478821953527806,16.533935305191005,63.40778116347153,,,,,,,,,,,,,,,,,,,
16,031,31.3111774754796,20.26294314626817,46.221474644073034,,,,,,,,,,,,,,,,,,,
16,033,,,,,,,,,,,,,,,,,,,,,,
16,035,45.50334975544777,26.009096027211587,73.89458921104846,,,,,,,,,,,,,,,,,,,
16,037,,,,,,,,,,,,,,,,,,,,,,
16,039,23.917651555225778,15.623804076252338,35.04490114075669,,,,,,,,,,,,,,,,,,,
16,041,22.29339224710861,12.188004991542117,37.40452410036056,,,,,,,,,,,,,,,,,,,
16,043,25.628600707381967,14.011394492389272,43.00043717851497,,,,,,,,,,,,,,,,,,,
16,045,35.040948162171794,23.092205638069363,50.982739855012106,,,,,,,,,,,,,,,,,,,
16,047,30.34751686261275,16.158774610995554,51.895178076068014,,,,,,,,,,,,,,,,,,,
16,049,27.615237172175878,16.08689330613283,44.214669842761815,,,,,,,,,,,,,,,,,,,
16,051,23.380903197067305,15.77499720396256,33.37769313432765,,,,,,,,,,,,,,,,,,,
16,053,34.994133038907286,22.421401340408956,52.068496084506776,,,,,,,,,,,,,,,,,,,
16,055,20.452753361157,17.236995881860924,23.668510840453077,,,,,,,,,,,,,,,,,,,
16,057,13.542630117859035,8.383101490331823,20.70134870744417,,,,,,,,,,,,,,,,,,,
16,059,18.16312733011274,8.709925548523671,33.40263784372771,,,,,,,,,,,,,,,,,,,
16,061,,,,,,,,,,,,,,,,,,,,,,
16,063,,,,,,,,,,,,,,,,,,,,,,
16,065,23.05930719927739,14.92276779233877,34.04008628726809,,,,,,,,,,,,,,,,,,,
16,067,25.6123704357227,14.002521251843167,42.973205540516354,,,,,,,,,,,,,,,,,,,
16,069,20.159368324768167,14.402148288614999,27.451337907468005,,,,,,,,,,,,,,,,,,,
16,071,,,,,,,,,,,,,,,,,,,,,,
16,073,22.44355900851719,10.26262432811942,42.604866045649366,,,,,,,,,,,,,,,,,,,
16,075,28.2457743973321,18.769111957999563,40.82300837752945,,,,,,,,,,,,,,,,,,,
16,077,,,,,,,,,,,,,,,,,,,,,,
16,079,40.721948382615466,25.520228248156933,61.65351923122832,,,,,,,,,,,,,,,,,,,
16,081,39.41700190143645,23.36101344585665,62.29585669759772,,,,,,,,,,,,,,,,,,,
16,083,28.45709201436107,22.804775641951796,34.10940838677035,,,,,,,,,,,,,,,,,,,
16,085,21.053207999251974,9.089280901449428,41.483212673037045,,,,,,,,,,,,,,,,,,,
16,087,26.84251469043793,12.872029152229485,49.364340222024616,,,,,,,,,,,,,,,,,,,
17,000,13.837322259475538,13.456251704172953,14.218392814778124,8.729754243099213,8.106975232713033,9.352533253485394,,,,4.927207676478286,4.238716524193415,5.615698828763157,,,,6.769262185067168,5.070641892628084,8.854361606141751,5.83068163636455,5.385539533390722,6.275823739338377,
17,001,11.38278362987501,7.7340492202419044,16.156952760636212,,,,,,,,,,,,,,,,,,,
17,003,,,,,,,,,,,,,,,,,,,,,,
17,005,16.365358910158424,8.169528203915291,29.28214766852249,,,,,,,,,,,,,,,,,,,
17,007,16.04887462629135,10.48365773815817,23.51531977962498,,,,,,,,,,,,,,,,,,,
17,009,,,,,,,,,,,,,,,,,,,,,,
17,011,14.388043308511962,8.788590643703829,22.2211659496683,,,,,,,,,,,,,,,,,,,
17,013,,,,,,,,,,,,,,,,,,,,,,
17,015,18.288824525609062,8.362815159484954,34.717885819725026,,,,,,,,,,,,,,,,,,,
17,017,,,,,,,,,,,,,,,,,,,,,,
17,019,14.015054483394053,11.178956335506724,17.35159110313696,9.313634830002322,5.212770713173945,15.361424278890084,,,,6.534976482394737,2.398221193880471,14.223892601600767,,,,,,,,,,
17,021,16.440832818732446,10.739697842707802,24.089629346502445,,,,,,,,,,,,,,,,,,,
17,023,17.41187276090288,8.996968736457731,30.41503764380845,,,,,,,,,,,,,,,,,,,
17,025,,,,,,,,,,,,,,,,,,,,,,
17,027,10.279046495316216,5.875363216151895,16.692527524563662,,,,,,,,,,,,,,,,,,,
17,029,9.932954712926396,6.067306789569788,15.34064294315116,,,,,,,,,,,,,,,,,,,
17,031,11.353713149985085,10.714214919475308,11.993211380494861,8.626624841779364,7.8540394724282185,9.399210211130509,,,,5.117996026195081,4.148335154105965,6.087656898284198,,,,6.972835733994161,4.198102608456492,10.888946739055807,5.69289327107399,5.120177788982366,6.265608753165614,
17,033,17.36135048537992,9.244187941497353,29.68843807414734,,,,,,,,,,,,,,,,,,,
17,035,,,,,,,,,,,,,,,,,,,,,,
17,037,15.183040669403244,11.26914543413265,20.016946302830576,,,,,,,,,,,,,,,,,,,
17,039,22.4323964149111,12.822052785378688,36.42880638476063,,,,,,,,,,,,,,,,,,,
17,041,,,,,,,,,,,,,,,,,,,,,,
17,043,11.352738044761846,10.11732727617127,12.588148813352422,6.127332420068021,3.5022999001324338,9.950403971880297,,,,4.7028731358925295,3.1250250451682655,6.796961086084882,,,,,,,6.71766662118118,4.953077065946327,8.906651343709585,
17,045,17.07320485094421,9.09076252672396,29.195700263716965,,,,,,,,,,,,,,,,,,,
17,047,,,,,,,,,,,,,,,,,,,,,,
17,049,15.179815086463389,9.396544789810031,23.20395984270441,,,,,,,,,,,,,,,,,,,
17,051,19.055035924014835,10.891599449562136,30.944184539694692,,,,,,,,,,,,,,,,,,,
17,053,,,,,,,,,,,,,,,,,,,,,,
17,055,23.020329289191913,16.208436264433292,31.73049155170075,,,,,,,,,,,,,,,,,,,
17,057,16.545828612384273,10.601224594289127,24.618881438239857,,,,,,,,,,,,,,,,,,,
17,059,,,,,,,,,,,,,,,,,,,,,,
17,061,22.498359146967726,11.231099825062689,40.25577920151983,,,,,,,,,,,,,,,,,,,
17,063,15.660530775650637,10.845372815873722,21.884022064914344,,,,,,,,,,,,,,,,,,,
17,065,,,,,,,,,,,,,,,,,,,,,,
17,067,19.36914745573798,10.313255267681958,33.12183204140423,,,,,,,,,,,,,,,,,,,
17,069,,,,,,,,,,,,,,,,,,,,,,
17,071,,,,,,,,,,,,,,,,,,,,,,
17,073,20.36820451388289,14.483784526410458,27.844006084371557,,,,,,,,,,,,,,,,,,,
17,075,12.8062224407423,6.818774101849611,21.899030390285557,,,,,,,,,,,,,,,,,,,
17,077,20.568875391797647,14.158667385128302,28.886348476407882,,,,,,,,,,,,,,,,,,,
17,079,,,,,,,,,,,,,,,,,,,,,,
17,081,19.52768148361535,12.868865145069652,28.41175131572107,,,,,,,,,,,,,,,,,,,
17,083,13.00600510516562,6.925149956593025,22.240664830879027,,,,,,,,,,,,,,,,,,,
17,085,20.76321139127223,11.867969321186928,33.71815448106728,,,,,,,,,,,,,,,,,,,
17,087,19.706319430447852,10.182542812080326,34.42297422732289,,,,,,,,,,,,,,,,,,,
17,089,12.000944919346708,10.138058027885407,13.863831810808009,9.1417488173237,4.8675962306311416,15.632668891805118,,,,,,,,,,,,,5.068926213819184,3.711091065374128,6.761237226508868,
17,091,12.790587946605083,9.430769847754028,16.95846396459531,,,,,,,,,,,,,,,,,,,
17,093,12.84366978742746,9.675609791811366,16.717801643515436,,,,,,,,,,,,,,,,,,,
17,095,11.473252285805518,7.008160562891185,17.7195076188343,,,,,,,,,,,,,,,,,,,
17,097,13.465092614024702,11.83689715384211,15.093288074207294,8.858219704970574,5.483377613075152,13.540729787630003,,,,6.61040019711654,3.9798927393575525,10.322958752538181,,,,,,,6.208639389644051,4.5618746950596005,8.256174201675007,
17,099,19.34890286822698,15.29450478872233,24.148306454052385,,,,,,,,,,,,,,,,,,,
17,101,21.893832677693798,11.657543818537155,37.43912066085059,,,,,,,,,,,,,,,,,,,
17,103,17.899770798525353,11.583787875936302,26.423592748841067,,,,,,,,,,,,,,,,,,,
17,105,15.386667805467212,9.642742795227493,23.295599968244094,,,,,,,,,,,,,,,,,,,
17,107,17.1569228698271,10.479894213225382,26.49747586251299,,,,,,,,,,,,,,,,,,,
17,109,15.100525838109654,8.63125525253803,24.52230791084439,,,,,,,,,,,,,,,,,,,
17,111,12.479275603819609,10.47248783990733,14.486063367731887,,,,,,,,,,,,,,,,3.9058564175793826,1.8730099713576496,7.183009016828492,
17,113,14.164450487230125,11.3603034836113,17.45099916102752,12.418036096227457,5.954930992401369,22.83721051522515,,,,,,,,,,,,,,,,
17,115,16.301278851815354,12.313810859076272,21.168566508377527,,,,,,,,,,,,,,,,,,,
17,117,15.406843673503438,10.468202785363548,21.86878478213113,,,,,,,,,,,,,,,,,,,
17,119,16.909854242931292,14.45354626979085,19.366162216071736,15.918936635042297,9.43457073942021,25.158782950425106,,,,,,,,,,,,,,,,
17,121,26.21212440183233,18.358649680143614,36.28862893879132,,,,,,,,,,,,,,,,,,,
17,123,29.42689957208143,16.0879598266008,49.37333726703559,,,,,,,,,,,,,,,,,,,
17,125,16.947083273793382,8.126785156356384,31.166289527878458,,,,,,,,,,,,,,,,,,,
17,127,21.970212547086163,11.698212882168157,37.56973256367902,,,,,,,,,,,,,,,,,,,
17,129,21.845466644203125,11.943119896284367,36.652981050144874,,,,,,,,,,,,,,,,,,,
17,131,19.706747331715967,11.029716884730187,32.50328281544817,,,,,,,,,,,,,,,,,,,
17,133,10.609405600640292,6.064191988978865,17.229010014561652,,,,,,,,,,,,,,,,,,,
17,135,26.376428669978342,17.796065661467548,37.653992008163605,,,,,,,,,,,,,,,,,,,
17,137,14.329507149260754,8.752835236906494,22.130761599272176,,,,,,,,,,,,,,,,,,,
17,139,,,,,,,,,,,,,,,,,,,,,,
17,141,11.438358056463256,7.402302234282977,16.885272912226906,,,,,,,,,,,,,,,,,,,
17,143,17.568755898196187,14.108958485451264,21.02855331094111,14.106708425641575,8.840599066381145,21.357726085152585,,,,,,,,,,,,,,,,
17,145,15.356971324432061,7.935171178302857,26.82553837495811,,,,,,,,,,,,,,,,,,,
17,147,13.879722121235845,6.655866256563367,25.525303157379746,,,,,,,,,,,,,,,,,,,
17,149,20.2659130812942,10.471693017283398,35.40047171937585,,,,,,,,,,,,,,,,,,,
17,151,,,,,,,,,,,,,,,,,,,,,,
17,153,,,,,,,,,,,,,,,,,,,,,,
17,155,,,,,,,,,,,,,,,,,,,,,,
17,157,17.624548633917758,10.909873387487844,26.940994762967062,,,,,,,,,,,,,,,,,,,
17,159,16.294344265573958,8.134077949202961,29.155082853093408,,,,,,,,,,,,,,,,,,,
17,161,19.2614048342784,15.221556275038749,23.301253393518053,,,,,,,,,,,,,,,,,,,
17,163,14.5810538341917,11.815986860210096,17.346120808173303,9.21583500498154,6.343756769696295,12.942458757912139,,,,,,,,,,,,,,,,
17,165,33.10955676495327,22.496337451979986,46.996372941055995,,,,,,,,,,,,,,,,,,,
17,167,16.327994585576125,13.453275458088095,19.202713713064156,,,,,,,,,,,,,,,,,,,
17,169,,,,,,,,,,,,,,,,,,,,,,
17,171,,,,,,,,,,,,,,,,,,,,,,
17,173,13.704254625821944,7.08118834303857,23.938574905086593,,,,,,,,,,,,,,,,,,,
17,175,,,,,,,,,,,,,,,,,,,,,,
17,177,15.182952206236864,9.728003964830165,22.59102937691704,,,,,,,,,,,,,,,,,,,
17,179,13.052212272744152,10.248793960951067,16.385857261244997,,,,,,,,,,,,,,,,,,,
17,181,17.651253035402398,9.120660017422798,30.833186809039912,,,,,,,,,,,,,,,,,,,
17,183,23.80796437242937,18.253429767236167,30.52073584734893,19.663274938746923,9.8158360030662255,35.18303042200564,,,,,,,,,,,,,,,,
17,185,,,,,,,,,,,,,,,,,,,,,,
17,187,15.82788250239242,7.2375157598678905,30.046251289503456,,,,,,,,,,,,,,,,,,,
17,189,20.494664061384615,10.912545457845178,35.04649971494169,,,,,,,,,,,,,,,,,,,
17,191,21.886059555168718,11.653404958165973,37.425828384600365,,,,,,,,,,,,,,,,,,,
17,193,28.836121936352335,16.798103672277307,46.16942461917596,,,,,,,,,,,,,,,,,,,
17,195,20.98013961386275,14.988519330908748,28.56899544706468,,,,,,,,,,,,,,,,,,,
17,197,13.370394785393374,11.786579638286847,14.954209932499902,6.188043600903594,4.0045755471806155,9.134773057307479,,,,,,,,,,,,,5.259211659158302,3.620199314334186,7.385888523502634,
17,199,19.082886782057965,14.33565186982836,24.899027816833264,,,,,,,,,,,,,,,,,,,
17,201,16.300232750403683,13.581544154957236,19.01892134585013,9.171456911568262,5.242280069586604,14.893871431213247,,,,,,,,,,,,,7.24257269132665,3.95958188574664,12.151806319044,
17,203,14.337560279487917,9.278513049436397,21.165067312949038,,,,,,,,,,,,,,,,,,,
18,000,18.250225138789226,17.723844219602903,18.77660605797555,10.997233157443105,9.863464072211931,12.13100224267428,,,,7.11287318148338,5.512379017172894,9.033097508675967,,,,6.708038294313627,4.672394454995478,9.32925741788613,7.145871026829922,6.107574160147331,8.184167893512514,
18,001,8.85025170344894,4.573054201527658,15.459608648301492,,,,,,,,,,,,,,,,,,,
18,003,16.958736902514485,14.735490013274413,19.181983791754554,17.454890033332994,12.225190389566064,24.164925279492024,,,,11.020857230287088,5.694637751574949,19.25121967803989,,,,,,,10.036174675228901,5.94807317206041,15.86148284244152,
18,005,15.231526245297731,11.26836696701352,20.136885462329232,,,,,,,,,,,,,,,,,,,
18,007,30.67051785498984,14.707705462634626,56.40417433463266,,,,,,,,,,,,,,,,,,,
18,009,23.33966230231308,12.427387200975657,39.9115333520421,,,,,,,,,,,,,,,,,,,
18,011,13.321537425932538,9.679449487183508,17.883542205593006,,,,,,,,,,,,,,,,,,,
18,013,30.76699926227408,18.523743392897188,48.04648052357981,,,,,,,,,,,,,,,,,,,
18,015,,,,,,,,,,,,,,,,,,,,,,
18,017,21.52835373356446,14.305434710788273,31.114465210156524,,,,,,,,,,,,,,,,,,,
18,019,18.29896578485869,14.695572125767677,22.518452012710373,,,,,,,,,,,,,,,,,,,
18,021,22.89685855813113,15.089174066954865,33.3137270705022,,,,,,,,,,,,,,,,,,,
18,023,18.233937711600603,11.427111686566025,27.606400823471194,,,,,,,,,,,,,,,,,,,
18,025,24.90966535896552,11.945152768682492,45.809761483889254,,,,,,,,,,,,,,,,,,,
18,027,10.233022481715023,5.849056515749739,16.61778740988679,,,,,,,,,,,,,,,,,,,
18,029,17.285404769549203,12.23218119000303,23.725568545446556,,,,,,,,,,,,,,,,,,,
18,031,14.521557722030224,8.606395434320662,22.950321821521424,,,,,,,,,,,,,,,,,,,
18,033,21.005221398350937,15.006438125472272,28.603149718677525,,,,,,,,,,,,,,,,,,,
18,035,21.156175263138465,16.990145953608284,26.034494136803627,,,,,,,,,,,,,,,,,,,
18,037,13.656469871848596,8.749957930075979,20.31974466291099,,,,,,,,,,,,,,,,,,,
18,039,14.0581062085824,11.235001705239068,16.881210711925732,,,,,,,,,,,,,,,,5.455986494547601,2.355507713846721,10.750468437046633,
18,041,24.625190213697746,15.610258222090485,36.94987617634343,,,,,,,,,,,,,,,,,,,
18,043,16.4443116663989,12.486855284639791,21.25808613560663,,,,,,,,,,,,,,,,,,,
18,045,18.4480772523089,9.822824176219243,31.546773942123643,,,,,,,,,,,,,,,,,,,
18,047,27.39771622580477,18.205583461864713,39.597328197765556,,,,,,,,,,,,,,,,,,,
18,049,24.822371650288808,15.162149471096445,38.33613979873786,,,,,,,,,,,,,,,,,,,
18,051,24.33118860906825,17.04126537504757,33.68462096160746,,,,,,,,,,,,,,,,,,,
18,053,23.197984119652247,17.569926630855626,30.055679150183877,,,,,,,,,,,,,,,,,,,
18,055,18.468370743270093,12.064152930491126,27.060442177373044,,,,,,,,,,,,,,,,,,,
18,057,11.27119560306966,9.550176820228721,12.9922143859106,11.251403802589198,5.616660239686879,20.131869361024787,,,,,,,,,,,,,,,,
18,059,15.086637976124935,11.39628419500789,19.591254299036162,,,,,,,,,,,,,,,,,,,
18,061,23.14658588359671,16.68202316012313,31.287459909347728,,,,,,,,,,,,,,,,,,,
18,063,15.465503879353065,12.558210103706257,18.372797654999875,,,,,,,,,,,,,,,,,,,
18,065,17.2183540640465,12.30104458241383,23.44651122038573,,,,,,,,,,,,,,,,,,,
18,067,25.290465923294605,19.9910638245037,31.563646044466918,,,,,,,,,,,,,,,,,,,
18,069,17.44838360427777,11.594324189806809,25.217772401349258,,,,,,,,,,,,,,,,,,,
18,071,18.97341301055958,13.060424493810931,26.645726106561607,,,,,,,,,,,,,,,,,,,
18,073,21.116125935836433,14.246961496257468,30.14458277046246,,,,,,,,,,,,,,,,,,,
18,075,24.335334679406376,14.651461169121408,38.00263957306292,,,,,,,,,,,,,,,,,,,
18,077,12.690061714153742,7.520934825900414,20.05576852357672,,,,,,,,,,,,,,,,,,,
18,079,24.571346860753565,16.69503806871458,34.87706552309837,,,,,,,,,,,,,,,,,,,
18,081,18.074771978268405,14.87767547378348,21.27186848275333,,,,,,,,,,,,,,,,,,,
18,083,25.69809127496493,18.18549885891998,35.27263805273467,,,,,,,,,,,,,,,,,,,
18,085,15.180238810675903,11.230424240538955,20.069080753857858,,,,,,,,,,,,,,,,,,,
18,087,12.424229180603083,7.58904195591924,19.18821430399526,,,,,,,,,,,,,,,,,,,
18,089,18.66434935826168,16.257930647172195,21.070768069351168,10.392738447017868,7.850562934832351,13.495835327997606,,,,,,,,,,,,,7.574336997375081,5.386094043077037,10.354368019834236,
18,091,23.44633378640164,18.691051213392406,28.201616359410878,,,,,,,,,,,,,,,,,,,
18,093,16.578862388562815,11.481344153838888,23.167298447291206,,,,,,,,,,,,,,,,,,,
18,095,22.26194722820077,18.14800687527061,26.375887581130932,19.00519638532406,9.487325560240391,34.00554610989229,,,,,,,,,,,,,,,,
18,097,20.588596583999937,18.80096531730283,22.376227850697045,10.027938909383554,8.359360376652717,11.696517442114391,,,,10.38603911255358,5.936518741423881,16.86627683185336,,,,,,,6.191491336091707,3.7276822400336975,9.668780674890417,
18,099,17.07911977279938,11.60443326134695,24.242447219863173,,,,,,,,,,,,,,,,,,,
18,101,27.023328001550787,13.963347913437657,47.204315682440715,,,,,,,,,,,,,,,,,,,
18,103,19.60916733740704,13.030149288231378,28.340706515270995,,,,,,,,,,,,,,,,,,,
18,105,14.684353777649784,11.550175763071975,18.40696461676962,,,,,,,,,,,,,,,,,,,
18,107,16.629363245975675,11.298845522118546,23.604053730716423,,,,,,,,,,,,,,,,,,,
18,109,17.775616944769105,13.531623210502717,22.929250758205747,,,,,,,,,,,,,,,,,,,
18,111,24.237929531232343,12.524091878193534,42.33878510505387,,,,,,,,,,,,,,,,,,,
18,113,18.762573013796764,13.141075472476102,25.97530973060142,,,,,,,,,,,,,,,,,,,
18,115,,,,,,,,,,,,,,,,,,,,,,
18,117,14.732762300626824,7.612633266998978,25.73517082993036,,,,,,,,,,,,,,,,,,,
18,119,25.23215572671101,16.328920793493687,37.24763934702878,,,,,,,,,,,,,,,,,,,
18,121,12.675062736425035,5.795845799229577,24.061217287358772,,,,,,,,,,,,,,,,,,,
18,123,14.46116558876173,7.472295282732187,25.260746032049912,,,,,,,,,,,,,,,,,,,
18,125,17.584616414984083,8.432507078223953,32.33873567338676,,,,,,,,,,,,,,,,,,,
18,127,17.62552338224419,14.480493098558618,20.77055366592976,,,,,,,,,,,,,,,,,,,
18,129,20.33263571956422,13.027503360915368,30.25335024516128,,,,,,,,,,,,,,,,,,,
18,131,31.193921382294345,17.459001000003123,51.449629497192284,,,,,,,,,,,,,,,,,,,
18,133,29.876879413164087,21.873630740407652,39.851570289085146,,,,,,,,,,,,,,,,,,,
18,135,23.340192859488656,14.795680127877468,35.0217492172045,,,,,,,,,,,,,,,,,,,
18,137,18.260406912698503,11.699787263584561,27.170038039754548,,,,,,,,,,,,,,,,,,,
18,139,18.89362170047443,10.060057830283267,32.308668517651135,,,,,,,,,,,,,,,,,,,
18,141,16.371840802335495,13.751341712836084,18.992339891834906,9.620247045546273,5.498802408127225,15.62267849202323,,,,,,,,,,,,,,,,
18,143,16.478944181176924,9.921400874874776,25.733912621791212,,,,,,,,,,,,,,,,,,,
18,145,20.187941541641337,14.35559993133447,27.59758066712579,,,,,,,,,,,,,,,,,,,
18,147,23.215995027639067,13.97754557852117,36.25465205177569,,,,,,,,,,,,,,,,,,,
18,149,21.694247434575,13.429081088213625,33.16196168545374,,,,,,,,,,,,,,,,,,,
18,151,21.232723614184536,14.42660555199352,30.138156321767095,,,,,,,,,,,,,,,,,,,
18,153,26.996449661181707,17.297134692450243,40.16857717023518,,,,,,,,,,,,,,,,,,,
18,155,,,,,,,,,,,,,,,,,,,,,,
18,157,15.771840327729612,12.62273405216785,18.920946603291373,,,,,,,,,,,,,,,,,,,
18,159,27.451680586845754,16.269605712384106,43.38549045974111,,,,,,,,,,,,,,,,,,,
18,161,,,,,,,,,,,,,,,,,,,,,,
18,163,24.237941406857836,20.625512492377194,27.850370321338477,13.502183373885915,6.976775178459996,23.585597093982535,,,,,,,,,,,,,,,,
18,165,33.47410608235849,21.44749138804269,49.80681646102789,,,,,,,,,,,,,,,,,,,
18,167,23.475779162528035,18.870772049320816,28.080786275735253,,,,,,,,,,,,,,,,,,,
18,169,20.615379182206013,13.466650124772144,30.206306992618256,,,,,,,,,,,,,,,,,,,
18,171,,,,,,,,,,,,,,,,,,,,,,
18,173,16.64422085227248,12.313486214247646,22.004542651488652,,,,,,,,,,,,,,,,,,,
18,175,21.52582868137946,14.185656739074311,31.318950581681662,,,,,,,,,,,,,,,,,,,
18,177,19.499665333433203,14.518781639282016,25.638458736913133,,,,,,,,,,,,,,,,,,,
18,179,15.32121535143555,9.080323225159033,24.214125629156005,,,,,,,,,,,,,,,,,,,
18,181,27.959148665745182,18.425255146255854,40.67909339656832,,,,,,,,,,,,,,,,,,,
18,183,11.553593798069848,6.730394150632713,18.49842288494778,,,,,,,,,,,,,,,,,,,
19,000,18.469546782004073,17.71405187139374,19.225041692614408,11.868854155553235,9.303287018538379,14.923302176364853,34.56510886100688,19.756946255353842,56.13157128093591,6.896272588356772,4.544687090357698,10.033714547741654,,,,11.797038409384426,6.9916726186339835,18.644406696499324,8.770003066444467,6.90876282207995,10.631243310808983,
19,001,,,,,,,,,,,,,,,,,,,,,,
19,003,,,,,,,,,,,,,,,,,,,,,,
19,005,,,,,,,,,,,,,,,,,,,,,,
19,007,28.81435200723436,15.342428896395097,49.27341948046275,,,,,,,,,,,,,,,,,,,
19,009,,,,,,,,,,,,,,,,,,,,,,
19,011,19.512929527446357,12.22864904821748,29.542809803069364,,,,,,,,,,,,,,,,,,,
19,013,18.63252182458713,14.963445015276584,22.928921421882645,,,,,,,,,,,,,,,,,,,
19,015,14.283392163521452,8.16419275442187,23.195334016862425,,,,,,,,,,,,,,,,,,,
19,017,12.439718621387378,6.800909927492658,20.87173409133088,,,,,,,,,,,,,,,,,,,
19,019,12.636291466535553,6.307991171808464,22.60981593724196,,,,,,,,,,,,,,,,,,,
19,021,,,,,,,,,,,,,,,,,,,,,,
19,023,,,,,,,,,,,,,,,,,,,,,,
19,025,37.16877195777618,19.790805664667776,63.5597320317789,,,,,,,,,,,,,,,,,,,
19,027,24.80967543012198,14.93704528709628,38.74338141293233,,,,,,,,,,,,,,,,,,,
19,029,20.256922088210597,9.713981520024053,37.25320095176072,,,,,,,,,,,,,,,,,,,
19,031,16.024834529880515,8.53254948400232,27.40295508632517,,,,,,,,,,,,,,,,,,,
19,033,19.433170883631497,13.203896780126023,27.583834865501426,,,,,,,,,,,,,,,,,,,
19,035,18.736468591359316,8.567506531194915,35.56765369522917,,,,,,,,,,,,,,,,,,,
19,037,,,,,,,,,,,,,,,,,,,,,,
19,039,29.17234357649091,15.533044329823847,49.88559596661168,,,,,,,,,,,,,,,,,,,
19,041,29.4371361370214,17.98096750780621,45.463269268639785,,,,,,,,,,,,,,,,,,,
19,043,28.366001973659657,16.524241469545974,45.41671701766777,,,,,,,,,,,,,,,,,,,
19,045,24.84049888894751,18.18636721025615,33.13374445165976,,,,,,,,,,,,,,,,,,,
19,047,29.608588174324233,15.299189569843485,51.720244931045315,,,,,,,,,,,,,,,,,,,
19,049,12.04503742758131,8.968321520277197,15.83699975312582,,,,,,,,,,,,,,,,,,,
19,051,,,,,,,,,,,,,,,,,,,,,,
19,053,,,,,,,,,,,,,,,,,,,,,,
19,055,21.992954059128856,12.023752638461037,36.90043987134805,,,,,,,,,,,,,,,,,,,
19,057,24.049329326822626,16.654859676062323,33.60652720997653,,,,,,,,,,,,,,,,,,,
19,059,20.805038215601563,11.37430799271313,34.90731893641363,,,,,,,,,,,,,,,,,,,
19,061,16.94729846831732,13.133923534263847,21.522469987440324,,,,,,,,,,,,,,,,,,,
19,063,,,,,,,,,,,,,,,,,,,,,,
19,065,18.393161506997977,9.793583854676914,31.4528663451696,,,,,,,,,,,,,,,,,,,
19,067,21.62034736581024,11.511924408087513,36.97145244846808,,,,,,,,,,,,,,,,,,,
19,069,,,,,,,,,,,,,,,,,,,,,,
19,071,,,,,,,,,,,,,,,,,,,,,,
19,073,,,,,,,,,,,,,,,,,,,,,,
19,075,,,,,,,,,,,,,,,,,,,,,,
19,077,21.04694202925211,9.086575700348918,41.47086621419256,,,,,,,,,,,,,,,,,,,
19,079,23.19760270112873,12.35174644633804,39.66860710755719,,,,,,,,,,,,,,,,,,,
19,081,,,,,,,,,,,,,,,,,,,,,,
19,083,25.313506537711344,14.468856158132834,41.10754872219983,,,,,,,,,,,,,,,,,,,
19,085,14.765949747212911,7.080846850544437,27.155107314978785,,,,,,,,,,,,,,,,,,,
19,087,15.205040672264037,7.856666393295775,26.560146101054357,,,,,,,,,,,,,,,,,,,
19,089,,,,,,,,,,,,,,,,,,,,,,
19,091,,,,,,,,,,,,,,,,,,,,,,
19,093,,,,,,,,,,,,,,,,,,,,,,
19,095,18.71427049785588,10.231265825887014,31.399365969012845,,,,,,,,,,,,,,,,,,,
19,097,19.67826599778957,11.013776098337598,32.45630718644211,,,,,,,,,,,,,,,,,,,
19,099,23.292913827433807,16.483452148151695,31.971344090796972,,,,,,,,,,,,,,,,,,,
19,101,23.417557937086546,12.802596835120722,39.29068311005689,,,,,,,,,,,,,,,,,,,
19,103,14.0825310716092,11.18356242234957,17.503300296539457,,,,,,,,,,,,,,,,,,,
19,105,22.459860446743964,13.719066251654354,34.68743285601807,,,,,,,,,,,,,,,,,,,
19,107,,,,,,,,,,,,,,,,,,,,,,
19,109,22.992283363020473,11.880448326119389,40.16289193047814,,,,,,,,,,,,,,,,,,,
19,111,31.770987927087795,23.173976605290488,42.51208151502423,,,,,,,,,,,,,,,,,,,
19,113,17.36303775186591,14.697786553557396,20.028288950174424,12.549643761303603,5.738496257438965,23.82313300524454,,,,,,,,,,,,,,,,
19,115,,,,,,,,,,,,,,,,,,,,,,
19,117,23.859066900893982,10.30065162118785,47.01187327200539,,,,,,,,,,,,,,,,,,,
19,119,,,,,,,,,,,,,,,,,,,,,,
19,121,12.9536777773573,6.211791998688111,23.822274637917424,,,,,,,,,,,,,,,,,,,
19,123,20.37827251135167,12.447578262581327,31.472589116715806,,,,,,,,,,,,,,,,,,,
19,125,20.19489309207063,13.419359798494572,29.18724331235824,,,,,,,,,,,,,,,,,,,
19,127,24.254388549496486,16.2435446696299,34.83334778863087,,,,,,,,,,,,,,,,,,,
19,129,18.21127540550541,9.410031748121828,31.81143318735624,,,,,,,,,,,,,,,,,,,
19,131,,,,,,,,,,,,,,,,,,,,,,
19,133,,,,,,,,,,,,,,,,,,,,,,
19,135,,,,,,,,,,,,,,,,,,,,,,
19,137,,,,,,,,,,,,,,,,,,,,,,
19,139,19.318649853875005,12.938003001723674,27.744803699897055,,,,,,,,,,,,,,,,,,,
19,141,16.183902728984737,7.400310877939064,30.72208857795451,,,,,,,,,,,,,,,,,,,
19,143,,,,,,,,,,,,,,,,,,,,,,
19,145,20.533068839261816,11.225619803870744,34.4510005359163,,,,,,,,,,,,,,,,,,,
19,147,,,,,,,,,,,,,,,,,,,,,,
19,149,22.433457391714548,14.058928311894487,33.96452408729714,,,,,,,,,,,,,,,,,,,
19,151,,,,,,,,,,,,,,,,,,,,,,
19,153,18.225287995482148,16.295918406265745,20.15465758469855,12.464304063517785,7.260916440979805,19.956558241821188,,,,,,,,,,,,,11.634912213753193,7.600310944088393,17.0478421500072,
19,155,24.24280526199085,19.46896329809591,29.83285795295229,,,,,,,,,,,,,,,,,,,
19,157,17.45056282846655,9.291689756917105,29.84099389780906,,,,,,,,,,,,,,,,,,,
19,159,,,,,,,,,,,,,,,,,,,,,,
19,161,,,,,,,,,,,,,,,,,,,,,,
19,163,17.366611665086186,14.1224499387837,20.610773391388673,16.79906971370297,8.38603507439404,30.05817609934057,,,,,,,,,,,,,,,,
19,165,20.660509349603064,9.907517299142501,37.995412294863755,,,,,,,,,,,,,,,,,,,
19,167,8.989570053257596,4.645042025861975,15.702969768158644,,,,,,,,,,,,,,,,,,,
19,169,16.49896408097017,12.496154273258195,21.376321673914546,,,,,,,,,,,,,,,,,,,
19,171,14.507868093056235,6.263467704477569,28.586283741556322,,,,,,,,,,,,,,,,,,,
19,173,,,,,,,,,,,,,,,,,,,,,,
19,175,,,,,,,,,,,,,,,,,,,,,,
19,177,,,,,,,,,,,,,,,,,,,,,,
19,179,24.909410792105028,16.806274859694014,35.55973276858171,,,,,,,,,,,,,,,,,,,
19,181,17.699807175400363,12.756464159104793,23.924997413807482,,,,,,,,,,,,,,,,,,,
19,183,12.926233870931108,6.452729375426484,23.128602989055842,,,,,,,,,,,,,,,,,,,
19,185,,,,,,,,,,,,,,,,,,,,,,
19,187,26.359496752668562,18.461867462879013,36.492654391797316,,,,,,,,,,,,,,,,,,,
19,189,,,,,,,,,,,,,,,,,,,,,,
19,191,,,,,,,,,,,,,,,,,,,,,,
19,193,25.993838798923488,20.733703837517652,32.18214118069909,,,,,,,,,,,,,,,,,,,
19,195,,,,,,,,,,,,,,,,,,,,,,
19,197,,,,,,,,,,,,,,,,,,,,,,
20,000,20.34206716648941,19.467124231976516,21.217010101002305,15.6618725277144,12.97893347718758,18.34481157824122,21.771793949960237,14.347749400939609,31.67681713379053,6.95797724008573,4.8464860885067145,9.676861987442573,,,,22.52495414238347,17.060180298588715,29.183690750204356,12.521794928643613,10.908056320776101,14.135533536511126,
20,001,,,,,,,,,,,,,,,,,,,,,,
20,003,,,,,,,,,,,,,,,,,,,,,,
20,005,25.871291441365347,14.144075775004486,43.40763099216139,,,,,,,,,,,,,,,,,,,
20,007,,,,,,,,,,,,,,,,,,,,,,
20,009,21.180443266985925,12.552873026378766,33.474231801066274,,,,,,,,,,,,,,,,,,,
20,011,27.018186954239344,14.386046653100264,46.201922537198136,,,,,,,,,,,,,,,,,,,
20,013,42.05436057340762,22.392175840666994,71.91423735629711,,,,,,,,,,,,,,,,,,,
20,015,19.003103300359843,14.149058589923367,24.98557136794681,,,,,,,,,,,,,,,,,,,
20,017,,,,,,,,,,,,,,,,,,,,,,
20,019,,,,,,,,,,,,,,,,,,,,,,
20,021,30.779590112267716,19.918927833318907,45.43674683084884,,,,,,,,,,,,,,,,,,,
20,023,,,,,,,,,,,,,,,,,,,,,,
20,025,,,,,,,,,,,,,,,,,,,,,,
20,027,,,,,,,,,,,,,,,,,,,,,,
20,029,35.674741915526404,18.433659727625177,62.31659472783916,,,,,,,,,,,,,,,,,,,
20,031,27.653717917187834,13.26103263061175,50.85617183826106,,,,,,,,,,,,,,,,,,,
20,033,,,,,,,,,,,,,,,,,,,,,,
20,035,23.058317124205328,15.442516864491184,33.115589707358794,,,,,,,,,,,,,,,,,,,
20,037,25.5693232113704,17.908439628918426,35.39872114175463,,,,,,,,,,,,,,,,,,,
20,039,,,,,,,,,,,,,,,,,,,,,,
20,041,28.441477166189653,17.605722636159264,43.47581905789975,,,,,,,,,,,,,,,,,,,
20,043,,,,,,,,,,,,,,,,,,,,,,
20,045,18.353462172919965,14.55315405336237,22.842472388298027,,,,,,,,,,,,,,,,,,,
20,047,,,,,,,,,,,,,,,,,,,,,,
20,049,,,,,,,,,,,,,,,,,,,,,,
20,051,19.529579604558194,12.380078202459774,29.303958341124577,,,,,,,,,,,,,,,,,,,
20,053,,,,,,,,,,,,,,,,,,,,,,
20,055,28.838508575595657,17.6153102413802,44.53873755162604,,,,,,,,,,,,,,,,16.141767968256605,9.034424997287159,26.62339150049385,
20,057,19.47569969087553,8.905530062272074,36.97094458860817,,,,,,,,,,,,,,,,11.768345279353872,6.080875734167518,20.556930870790662,
20,059,15.982482684943081,9.3103851369,25.589503026047563,,,,,,,,,,,,,,,,,,,
20,061,36.53072014329715,24.465196607634734,52.46420775043737,,,,,,,,,,,,,,,,,,,
20,063,,,,,,,,,,,,,,,,,,,,,,
20,065,,,,,,,,,,,,,,,,,,,,,,
20,067,,,,,,,,,,,,,,,,,,,,,,
20,069,,,,,,,,,,,,,,,,,,,,,,
20,071,,,,,,,,,,,,,,,,,,,,,,
20,073,,,,,,,,,,,,,,,,,,,,,,
20,075,,,,,,,,,,,,,,,,,,,,,,
20,077,,,,,,,,,,,,,,,,,,,,,,
20,079,11.017125298809349,6.0231649201681545,18.484864222915796,,,,,,,,,,,,,,,,,,,
20,081,,,,,,,,,,,,,,,,,,,,,,
20,083,,,,,,,,,,,,,,,,,,,,,,
20,085,23.297788409079143,12.038307241467757,40.69654776427864,,,,,,,,,,,,,,,,,,,
20,087,19.44477629603645,10.883093684721208,32.07120143140144,,,,,,,,,,,,,,,,,,,
20,089,,,,,,,,,,,,,,,,,,,,,,
20,091,16.146303740925575,14.51667710764168,17.77593037420947,14.259462827113103,9.13630689435502,21.216950382946035,,,,,,,,,,,,,9.998738261593264,6.64408896108381,14.450960702153727,
20,093,,,,,,,,,,,,,,,,,,,,,,
20,095,30.2564896402945,13.835193720752692,57.43624207048131,,,,,,,,,,,,,,,,,,,
20,097,,,,,,,,,,,,,,,,,,,,,,
20,099,17.916521442959066,9.79512899416095,30.060878608310805,,,,,,,,,,,,,,,,,,,
20,101,,,,,,,,,,,,,,,,,,,,,,
20,103,22.82230449030412,17.79110598243755,28.834608744106873,,,,,,,,,,,,,,,,,,,
20,105,,,,,,,,,,,,,,,,,,,,,,
20,107,26.257549780276122,12.006623774313413,49.84500856798579,,,,,,,,,,,,,,,,,,,
20,109,,,,,,,,,,,,,,,,,,,,,,
20,111,20.25062183544093,12.369605913463648,31.27544300086267,,,,,,,,,,,,,,,,,,,
20,113,13.345448808464424,7.628077085556358,21.672172770543987,,,,,,,,,,,,,,,,,,,
20,115,,,,,,,,,,,,,,,,,,,,,,
20,117,38.89441449194953,21.768908537895964,64.15042182727481,,,,,,,,,,,,,,,,,,,
20,119,,,,,,,,,,,,,,,,,,,,,,
20,121,18.066217167837046,11.80145286327832,26.471194012187958,,,,,,,,,,,,,,,,,,,
20,123,,,,,,,,,,,,,,,,,,,,,,
20,125,30.936892078695188,21.160811280101477,43.67366089672557,,,,,,,,,,,,,,,,,,,
20,127,,,,,,,,,,,,,,,,,,,,,,
20,129,,,,,,,,,,,,,,,,,,,,,,
20,131,,,,,,,,,,,,,,,,,,,,,,
20,133,23.658285205249985,12.934204672701243,39.694582561689295,,,,,,,,,,,,,,,,,,,
20,135,,,,,,,,,,,,,,,,,,,,,,
20,137,,,,,,,,,,,,,,,,,,,,,,
20,139,20.617943935605844,10.978186798803353,35.25731205437852,,,,,,,,,,,,,,,,,,,
20,141,,,,,,,,,,,,,,,,,,,,,,
20,143,,,,,,,,,,,,,,,,,,,,,,
20,145,,,,,,,,,,,,,,,,,,,,,,
20,147,,,,,,,,,,,,,,,,,,,,,,
20,149,18.997327186686416,11.604060982324073,29.339831064156204,,,,,,,,,,,,,,,,,,,
20,151,,,,,,,,,,,,,,,,,,,,,,
20,153,,,,,,,,,,,,,,,,,,,,,,
20,155,19.152637180762547,13.916335495680695,25.711521457261522,,,,,,,,,,,,,,,,,,,
20,157,,,,,,,,,,,,,,,,,,,,,,
20,159,23.943675331143375,10.33717953604029,47.17858560896098,,,,,,,,,,,,,,,,,,,
20,161,11.302361395378211,7.164727596828884,16.959091500832663,,,,,,,,,,,,,,,,,,,
20,163,,,,,,,,,,,,,,,,,,,,,,
20,165,,,,,,,,,,,,,,,,,,,,,,
20,167,36.070217452266924,16.49360027996064,68.47250840243666,,,,,,,,,,,,,,,,,,,
20,169,20.53914275674121,14.673464710706474,27.968482893995187,,,,,,,,,,,,,,,,,,,
20,171,,,,,,,,,,,,,,,,,,,,,,
20,173,22.10214385980245,19.827045152918355,24.377242566686544,12.492503538946822,8.232638549635343,18.17593676735914,,,,8.84695610521815,4.571351317831142,15.453851901418213,,,,25.5080531666152,14.276663721953383,42.071654555170504,12.50736508773409,9.312554830376605,16.444875244067575,
20,175,,,,,,,,,,,,,,,,,,,,,,
20,177,23.577315709152703,19.665309147768475,27.48932227053693,30.62316139427917,18.437143600236023,47.82185987519423,,,,,,,,,,,,,15.596686575677714,8.729347079654156,25.724362636815442,
20,179,,,,,,,,,,,,,,,,,,,,,,
20,181,,,,,,,,,,,,,,,,,,,,,,
20,183,,,,,,,,,,,,,,,,,,,,,,
20,185,,,,,,,,,,,,,,,,,,,,,,
20,187,,,,,,,,,,,,,,,,,,,,,,
20,189,,,,,,,,,,,,,,,,,,,,,,
20,191,20.65808936228818,12.243292997393988,32.64868743130802,,,,,,,,,,,,,,,,,,,
20,193,28.45152095273499,13.009847100931282,54.00984926349018,,,,,,,,,,,,,,,,,,,
20,195,,,,,,,,,,,,,,,,,,,,,,
20,197,,,,,,,,,,,,,,,,,,,,,,
20,199,,,,,,,,,,,,,,,,,,,,,,
20,201,,,,,,,,,,,,,,,,,,,,,,
20,203,,,,,,,,,,,,,,,,,,,,,,
20,205,27.649467159600427,12.64309703394059,52.4873013286936,,,,,,,,,,,,,,,,,,,
20,207,,,,,,,,,,,,,,,,,,,,,,
20,209,23.813628065689834,18.76243039019664,29.806306563337934,17.255313920168344,11.271743939426873,25.283032871715992,,,,,,,,,,,,,13.454862390590312,9.010932508946478,19.323426774629258,
21,000,19.15109756878214,18.512495273109966,19.789699864454317,12.238617695386361,10.67428789346233,13.802947497310393,,,,5.748324334723057,3.5112258409199164,8.877820717903315,,,,4.73908525032169,2.808682266872037,7.4897978382516275,9.281761417660285,7.235588376075226,11.72694716469514,
21,001,16.520333758774097,9.031820195062283,27.718312914276666,,,,,,,,,,,,,,,,,,,
21,003,20.177017392743444,12.147882522800757,31.50891203007508,,,,,,,,,,,,,,,,,,,
21,005,16.8077501109823,10.119363523680962,26.247383811092497,,,,,,,,,,,,,,,,,,,
21,007,,,,,,,,,,,,,,,,,,,,,,
21,009,16.822866142670282,11.58008698295624,23.62555873924554,,,,,,,,,,,,,,,,,,,
21,011,27.25524093485843,14.900693841370028,45.7296630817263,,,,,,,,,,,,,,,,,,,
21,013,24.470122614056613,15.511958665771472,36.717198639399356,,,,,,,,,,,,,,,,,,,
21,015,14.679045864898885,11.741341941873019,18.128502227737503,,,,,,,,,,,,,,,,,,,
21,017,14.548822083322305,7.262719564901776,26.03186150610251,,,,,,,,,,,,,,,,,,,
21,019,21.074678457734628,15.484881039027314,28.02485466969923,,,,,,,,,,,,,,,,,,,
21,021,21.349307863942872,13.946076706555148,31.281682559339163,,,,,,,,,,,,,,,,,,,
21,023,36.591777673442806,20.0050653570303,61.3947852659724,,,,,,,,,,,,,,,,,,,
21,025,17.551714691371004,8.416729422874209,32.278228232222695,,,,,,,,,,,,,,,,,,,
21,027,20.91329206372642,12.591167971463337,32.65869613276999,,,,,,,,,,,,,,,,,,,
21,029,21.61373409863946,17.138346925629016,26.900163015817515,,,,,,,,,,,,,,,,,,,
21,031,21.580753024068514,11.151090002376744,37.69723249314284,,,,,,,,,,,,,,,,,,,
21,033,34.84184934800388,20.29666120754628,55.785175989196695,,,,,,,,,,,,,,,,,,,
21,035,25.743637636495322,18.474078834022386,34.92415132860576,,,,,,,,,,,,,,,,,,,
21,037,12.753118038559471,9.580534776714767,16.640052651363355,,,,,,,,,,,,,,,,,,,
21,039,,,,,,,,,,,,,,,,,,,,,,
21,041,37.839137742138966,21.628336647992654,61.44838906548592,,,,,,,,,,,,,,,,,,,
21,043,23.015139794526412,15.034253430231677,33.722512303414135,,,,,,,,,,,,,,,,,,,
21,045,20.308615423385255,11.102909032770981,34.07440584317043,,,,,,,,,,,,,,,,,,,
21,047,23.404953260222864,17.31511326800957,30.9425894333982,18.073074758729994,9.338621457254748,31.57002446976491,,,,,,,,,,,,,,,,
21,049,20.88461252300544,14.546897835979683,29.045440373393408,,,,,,,,,,,,,,,,,,,
21,051,14.679762781180463,7.5852476419112,25.642591335398077,,,,,,,,,,,,,,,,,,,
21,053,,,,,,,,,,,,,,,,,,,,,,
21,055,29.06257426719752,13.936634012142834,53.447108827134635,,,,,,,,,,,,,,,,,,,
21,057,,,,,,,,,,,,,,,,,,,,,,
21,059,24.732988778725943,19.97684669242844,29.489130865023448,,,,,,,,,,,,,,,,,,,
21,061,17.57886935274758,8.429751138495464,32.32816662131427,,,,,,,,,,,,,,,,,,,
21,063,,,,,,,,,,,,,,,,,,,,,,
21,065,18.586818490623653,9.604080340274905,32.46743138051964,,,,,,,,,,,,,,,,,,,
21,067,16.716215884655124,14.292254833789036,19.14017693552121,10.494121108888946,6.915691936066851,15.268395250761287,,,,,,,,,,,,,10.929455267004453,5.455944690696616,19.55581449950841,
21,069,19.50251317866997,9.735584311656972,34.89538322625103,,,,,,,,,,,,,,,,,,,
21,071,22.233979103639076,15.304848164030131,31.224773166791895,,,,,,,,,,,,,,,,,,,
21,073,23.523036630736453,17.221819254895227,31.376434424054214,,,,,,,,,,,,,,,,,,,
21,075,,,,,,,,,,,,,,,,,,,,,,
21,077,,,,,,,,,,,,,,,,,,,,,,
21,079,17.826554918663987,9.745943458149833,29.90993006764368,,,,,,,,,,,,,,,,,,,
21,081,20.25232879840673,12.838239193212551,30.388436998446807,,,,,,,,,,,,,,,,,,,
21,083,21.7796545018702,15.083043880030385,30.434884137273848,,,,,,,,,,,,,,,,,,,
21,085,17.5806817066085,10.584718835571852,27.454412242391285,,,,,,,,,,,,,,,,,,,
21,087,22.85507678981539,10.450796462146911,43.3860549801209,,,,,,,,,,,,,,,,,,,
21,089,20.743954234246033,14.188849340048382,29.284273952894956,,,,,,,,,,,,,,,,,,,
21,091,,,,,,,,,,,,,,,,,,,,,,
21,093,20.947449788416666,16.77804856409257,25.838601924627554,,,,,,,,,,,,,,,,,,,
21,095,19.190840937358256,12.165346944795967,28.795684021187952,,,,,,,,,,,,,,,,,,,
21,097,22.211681503152107,13.372883230561094,34.68629207677487,,,,,,,,,,,,,,,,,,,
21,099,14.201741138074166,7.764224033777828,23.828108471696297,,,,,,,,,,,,,,,,,,,
21,101,21.177264441844386,14.986292725848891,29.067450014543716,,,,,,,,,,,,,,,,,,,
21,103,17.507404125781513,9.04633118672179,30.581911712947772,,,,,,,,,,,,,,,,,,,
21,105,,,,,,,,,,,,,,,,,,,,,,
21,107,22.0136384397817,15.726866044317754,29.976327514231464,,,,,,,,,,,,,,,,,,,
21,109,22.471869723826124,11.611543004667054,39.25383403396117,,,,,,,,,,,,,,,,,,,
21,111,19.064974858210704,17.30960816977946,20.82034154664195,13.722343013864919,11.27386471526166,16.170821312468178,,,,,,,,,,,,,8.370754824584088,5.306340507082965,12.560242239219921,
21,113,17.64427872829116,12.546807012385933,24.120309864820292,,,,,,,,,,,,,,,,,,,
21,115,14.119988072110118,8.368399809623247,22.315668647541298,,,,,,,,,,,,,,,,,,,
21,117,14.200434934622214,11.458270527300233,16.942599341944195,,,,,,,,,,,,,,,,,,,
21,119,28.221796020508304,16.440236187679613,45.185829317222016,,,,,,,,,,,,,,,,,,,
21,121,19.227118873595295,12.670792491168388,27.974448498289366,,,,,,,,,,,,,,,,,,,
21,123,31.62569178132863,19.317794152427492,48.84331595875945,,,,,,,,,,,,,,,,,,,
21,125,14.790205535944995,10.788077407728386,19.790458666599296,,,,,,,,,,,,,,,,,,,
21,127,,,,,,,,,,,,,,,,,,,,,,
21,129,,,,,,,,,,,,,,,,,,,,,,
21,131,,,,,,,,,,,,,,,,,,,,,,
21,133,18.70064207890078,10.893813151189072,29.941539528016587,,,,,,,,,,,,,,,,,,,
21,135,,,,,,,,,,,,,,,,,,,,,,
21,137,24.83991072101041,16.22625438290039,36.39622450193416,,,,,,,,,,,,,,,,,,,
21,139,20.258764795177886,8.746296713845645,39.917842854222485,,,,,,,,,,,,,,,,,,,
21,141,13.001958240531318,7.431742547245934,21.114365607957065,,,,,,,,,,,,,,,,,,,
21,143,36.477030521277705,18.848213957527925,63.718031464725755,,,,,,,,,,,,,,,,,,,
21,145,23.610222391735142,18.101822124509003,30.26723955239945,,,,,,,,,,,,,,,,,,,
21,147,20.080106078402125,10.977980847486409,33.69100599056668,,,,,,,,,,,,,,,,,,,
21,149,,,,,,,,,,,,,,,,,,,,,,
21,151,17.438805329546174,13.594404279237555,22.032881423334697,,,,,,,,,,,,,,,,,,,
21,153,,,,,,,,,,,,,,,,,,,,,,
21,155,15.359613584764173,8.178347347224168,26.2654070107107,,,,,,,,,,,,,,,,,,,
21,157,23.147981673651227,15.934005477274155,32.50837259762086,,,,,,,,,,,,,,,,,,,
21,159,,,,,,,,,,,,,,,,,,,,,,
21,161,18.01386396067139,8.99245598560316,32.23177856793785,,,,,,,,,,,,,,,,,,,
21,163,21.979076614845916,14.604936792119164,31.765885266822945,,,,,,,,,,,,,,,,,,,
21,165,,,,,,,,,,,,,,,,,,,,,,
21,167,18.133696189322723,10.747177615413968,28.659057886557704,,,,,,,,,,,,,,,,,,,
21,169,24.46774192463715,12.21420861203152,43.77954899038557,,,,,,,,,,,,,,,,,,,
21,171,,,,,,,,,,,,,,,,,,,,,,
21,173,13.00477489492045,7.575760617245357,20.821904399129927,,,,,,,,,,,,,,,,,,,
21,175,20.70166079100873,11.022762498479894,35.40047042673463,,,,,,,,,,,,,,,,,,,
21,177,19.302155826149875,12.720242315722937,28.08362332466387,,,,,,,,,,,,,,,,,,,
21,179,23.971122582866915,17.791829218380546,31.602936724444387,,,,,,,,,,,,,,,,,,,
21,181,,,,,,,,,,,,,,,,,,,,,,
21,183,22.87158497645429,14.801283867585878,33.762971254812285,,,,,,,,,,,,,,,,,,,
21,185,17.01461954652234,12.668501825406658,22.37108246262318,,,,,,,,,,,,,,,,,,,
21,187,20.54719871811533,9.853180447003709,37.78703000922322,,,,,,,,,,,,,,,,,,,
21,189,,,,,,,,,,,,,,,,,,,,,,
21,191,,,,,,,,,,,,,,,,,,,,,,
21,193,9.981001682267076,4.982480078453562,17.85876904651929,,,,,,,,,,,,,,,,,,,
21,195,19.92952937026667,14.92858508984362,26.06831510734469,,,,,,,,,,,,,,,,,,,
21,197,17.61131043180202,8.445307896874263,32.387826920734106,,,,,,,,,,,,,,,,,,,
21,199,23.66492484923404,18.302451163996178,30.107586776192377,,,,,,,,,,,,,,,,,,,
21,201,,,,,,,,,,,,,,,,,,,,,,
21,203,37.87447167599206,24.95951548820862,55.10536780188114,,,,,,,,,,,,,,,,,,,
21,205,15.660092728066166,8.951096078603472,25.43100948318281,,,,,,,,,,,,,,,,,,,
21,207,17.56755864255605,9.604347783924716,29.475378324947837,,,,,,,,,,,,,,,,,,,
21,209,16.28130665326141,11.734133752280592,22.00759678975852,,,,,,,,,,,,,,,,,,,
21,211,14.332077408721581,9.444929321296499,20.852420166517014,,,,,,,,,,,,,,,,,,,
21,213,22.04844227379012,13.274602550973874,34.4313737993255,,,,,,,,,,,,,,,,,,,
21,215,18.95382689313984,11.233239047664433,29.955217978237055,,,,,,,,,,,,,,,,,,,
21,217,18.145271382383815,10.75403780841938,28.67735168196061,,,,,,,,,,,,,,,,,,,
21,219,24.873964709875857,13.244338614205065,42.53523719652709,,,,,,,,,,,,,,,,,,,
21,221,23.260819782874158,11.611717427377926,41.62003189250047,,,,,,,,,,,,,,,,,,,
21,223,,,,,,,,,,,,,,,,,,,,,,
21,225,25.54163454577027,13.963849282576883,42.85452273660932,,,,,,,,,,,,,,,,,,,
21,227,17.118344147824565,13.72941257633054,21.090278767339907,23.327464500952008,12.753341915226002,39.13952163288799,,,,,,,,,,,,,,,,
21,229,,,,,,,,,,,,,,,,,,,,,,
21,231,28.220433729716397,17.889334207669247,42.344506698498606,,,,,,,,,,,,,,,,,,,
21,233,33.26867257809183,19.015920903226622,54.02623997941262,,,,,,,,,,,,,,,,,,,
21,235,26.79334492897278,19.22736691038908,36.3481977998493,,,,,,,,,,,,,,,,,,,
21,237,,,,,,,,,,,,,,,,,,,,,,
21,239,11.912260257493912,6.3427768894496594,20.3703278310953,,,,,,,,,,,,,,,,,,,
22,000,19.131994548947976,18.375439870662472,19.88854922723348,7.857196159403451,7.20697734123429,8.507414977572614,13.4754856626462,7.986426835346253,21.297076978859423,7.583973709629452,5.22045854072416,10.650718779677819,,,,4.354279445324614,2.0880462431911457,8.007674930595932,8.71751889104123,7.172307236364106,10.262730545718354,
22,001,21.139403417734595,15.359922884939287,28.378662397193207,,,,,,,,,,,,,,,,,,,
22,003,22.780659722193626,13.71544528660782,35.57482204638552,,,,,,,,,,,,,,,,,,,
22,005,15.053939613276572,11.593367859162019,19.22354480904222,,,,,,,,,,,,,,,,,,,
22,007,,,,,,,,,,,,,,,,,,,,,,
22,009,26.258535666950866,17.716523747391342,37.48569241577536,,,,,,,,,,,,,,,,,,,
22,011,21.66305417300955,14.718994288452652,30.748976199968563,,,,,,,,,,,,,,,,,,,
22,013,33.58021343626522,16.10301759259807,61.75520810598667,,,,,,,,,,,,,,,,,,,
22,015,21.669050760899033,17.379212350491233,26.696876591833025,8.944696268047336,4.7626740472217435,15.295703031259265,,,,,,,,,,,,,,,,
22,017,22.04862351006579,17.839156227633108,26.258090792498475,7.224884754408034,5.086985619909398,9.958551929549877,,,,,,,,,,,,,,,,
22,019,19.057671369691477,15.753658621723671,22.361684117659284,9.985839929830497,6.258072719517207,15.11868165955938,,,,,,,,,,,,,,,,
22,021,33.724425653510174,17.42590285525901,58.90978471141451,,,,,,,,,,,,,,,,,,,
22,023,,,,,,,,,,,,,,,,,,,,,,
22,025,,,,,,,,,,,,,,,,,,,,,,
22,027,,,,,,,,,,,,,,,,,,,,,,
22,029,,,,,,,,,,,,,,,,,,,,,,
22,031,14.60938723136834,7.292953468591432,26.14022928577577,,,,,,,,,,,,,,,,,,,
22,033,15.124032946793415,12.569955159909673,17.67811073367716,6.678143718842681,5.164875868355951,8.496236214561563,,,,,,,,,,,,,11.477224782300024,6.111138820896324,19.62640391940264,
22,035,,,,,,,,,,,,,,,,,,,,,,
22,037,26.654814624112642,14.192566191124698,45.580544786088865,,,,,,,,,,,,,,,,,,,
22,039,20.23959244190933,12.362868873358952,31.258408997090598,,,,,,,,,,,,,,,,,,,
22,041,20.534739922834344,10.61059976913425,35.8700581112239,,,,,,,,,,,,,,,,,,,
22,043,25.781519053445184,15.522158633477654,40.26103561514822,,,,,,,,,,,,,,,,,,,
22,045,17.157364201577785,11.810340055466517,24.095318379003835,10.244926406489247,4.912840428238722,18.840784423960702,,,,,,,,,,,,,,,,
22,047,18.916274681550277,10.072119588651468,32.34740580519288,,,,,,,,,,,,,,,,,,,
22,049,,,,,,,,,,,,,,,,,,,,,,
22,051,18.272785412124833,15.580771476803493,20.964799347446174,6.86669253445158,4.809347032262739,9.506396871901885,,,,,,,,,,,,,7.814990438807457,5.150127942808004,11.370400785594304,
22,053,17.876761468122137,11.06599710702378,27.32652887147619,,,,,,,,,,,,,,,,,,,
22,055,18.168402043073037,15.204852494915441,21.13195159123063,6.479696847996663,4.0607915168011175,9.81033889824977,,,,,,,,,,,,,,,,
22,057,12.93369353342638,9.469089209334058,17.25173468811887,,,,,,,,,,,,,,,,,,,
22,059,23.598268891694328,12.565084318326237,40.35375849581055,,,,,,,,,,,,,,,,,,,
22,061,14.108452798347347,8.064199791877218,22.911243447797577,,,,,,,,,,,,,,,,,,,
22,063,20.81398057873849,17.186740894489354,24.441220262987628,,,,,,,,,,,,,,,,,,,
22,065,,,,,,,,,,,,,,,,,,,,,,
22,067,39.77498693178817,23.9471404116979,62.113569108674604,,,,,,,,,,,,,,,,,,,
22,069,15.080402155403851,8.440386608818207,24.872829999647873,17.278214564109792,8.625222457368547,30.915498590173062,,,,,,,,,,,,,,,,
22,071,16.513543342420995,13.328268258036964,19.698818426805026,7.680479130207773,6.071100032733219,9.585585550422811,,,,,,,,,,,,,,,,
22,073,23.192933156717928,18.630420045276882,27.755446268158973,8.250905106551404,5.286510587644362,12.276692774656137,,,,,,,,,,,,,,,,
22,075,14.0086683337214,6.405655198965868,26.592816121972202,,,,,,,,,,,,,,,,,,,
22,077,24.779416111439605,13.193995467553778,42.37355621370057,,,,,,,,,,,,,,,,,,,
22,079,19.99876986284269,15.619205183519059,25.225726971077957,7.716361772055717,4.410567472256786,12.53088808657718,,,,,,,,,,,,,,,,
22,081,,,,,,,,,,,,,,,,,,,,,,
22,083,24.914609430913295,13.265980216361314,42.60474090734597,,,,,,,,,,,,,,,,,,,
22,085,16.523716738366073,8.2485798611967045,29.565493566128474,,,,,,,,,,,,,,,,,,,
22,087,17.698479253093947,11.219317653247133,26.556408752028304,19.198194605861094,9.583669576564045,34.35087323803854,,,,,,,,,,,,,,,,
22,089,14.57169373852217,9.430031879182275,21.510694485499663,,,,,,,,,,,,,,,,,,,
22,091,,,,,,,,,,,,,,,,,,,,,,
22,093,,,,,,,,,,,,,,,,,,,,,,
22,095,23.893902495213837,13.063018837649402,40.08990833818962,,,,,,,,,,,,,,,,,,,
22,097,28.127047307078453,21.12990361078825,36.69969545502931,10.891107109703038,6.344471241260488,17.43771752077744,,,,,,,,,,,,,,,,
22,099,18.928891825223285,12.86126362594481,26.86805099489393,16.08228610719085,8.309951910633057,28.092517333749637,,,,,,,,,,,,,,,,
22,101,23.518748076242932,15.750874699257476,33.77684535815562,,,,,,,,,,,,,,,,,,,
22,103,18.91734216730848,16.183880033933566,21.650804300683394,11.86769584706642,7.5231011442457065,17.807370754995777,,,,,,,,,,,,,,,,
22,105,21.697894559668214,17.37912406225131,26.764272777482837,7.845765599133102,4.570447587006431,12.561830755481992,,,,,,,,,,,,,,,,
22,107,,,,,,,,,,,,,,,,,,,,,,
22,109,12.434216273572469,8.998703971224213,16.748807720345834,9.6298616267961,4.617892959045751,17.70965839521448,,,,,,,,,,,,,,,,
22,111,21.07673345838758,11.522846310190753,35.36317738738853,,,,,,,,,,,,,,,,,,,
22,113,19.203101057166876,13.718976932763459,26.149173302413296,,,,,,,,,,,,,,,,,,,
22,115,20.560773132042183,14.238933098379146,28.731619594458813,,,,,,,,,,,,,,,,,,,
22,117,27.692265441188855,19.395322267309062,38.337768036823796,,,,,,,,,,,,,,,,,,,
22,119,24.528041789384556,16.16413409472427,35.68701303154331,,,,,,,,,,,,,,,,,,,
22,121,18.427369296956332,10.07441426961044,30.917994504117846,,,,,,,,,,,,,,,,,,,
22,123,,,,,,,,,,,,,,,,,,,,,,
22,125,,,,,,,,,,,,,,,,,,,,,,
22,127,27.01332240300835,12.953938089636729,49.678461686913884,,,,,,,,,,,,,,,,,,,
23,000,18.248190475061563,17.169334948810043,19.327046001313082,12.851885630908088,6.4156150018821005,22.99557345055318,38.39156050284137,21.94409398691265,62.34548901949646,11.215517178151616,5.795221387191112,19.591251432426223,,,,9.365696424322284,4.282592789207597,17.779009177245058,9.735657289726959,5.448973480246966,16.05748614704144,
23,001,17.092416651803067,13.57384603678377,21.244313250849036,,,,,,,,,,,,,,,,,,,
23,003,19.98418425124763,14.969525346190908,26.13980503734232,,,,,,,,,,,,,,,,,,,
23,005,12.967886840318393,11.06655627142159,14.869217409215196,,,,,,,,,,,,,,,,,,,
23,007,23.06247624113508,15.560155873960936,32.92311885500139,,,,,,,,,,,,,,,,,,,
23,009,19.04139004229486,13.990897190388251,25.32101211957153,,,,,,,,,,,,,,,,,,,
23,011,20.241062224647667,16.490816924638608,23.991307524656726,,,,,,,,,,,,,,,,,,,
23,013,19.1338149145547,13.000498922932582,27.158922962731527,,,,,,,,,,,,,,,,,,,
23,015,21.465893493300804,14.585033172196194,30.469122352975596,,,,,,,,,,,,,,,,,,,
23,017,22.53303744427791,17.11028004078712,29.129176131226068,,,,,,,,,,,,,,,,,,,
23,019,18.880243194338618,15.615408159603913,22.145078229073324,,,,,,,,,,,,,,,,,,,
23,021,21.352363565183964,12.43853863594421,34.18720250385735,,,,,,,,,,,,,,,,,,,
23,023,13.114315865155131,8.218671932211926,19.855231822402644,,,,,,,,,,,,,,,,,,,
23,025,23.032083672458523,17.20146172907536,30.203513468677752,,,,,,,,,,,,,,,,,,,
23,027,21.150806171412967,14.967569278975297,29.031133971206366,,,,,,,,,,,,,,,,,,,
23,029,26.909935296921724,18.156020342319355,38.415605891475,,,,,,,,,,,,,,,,,,,
23,031,19.727692925956944,16.85818446166634,22.597201390247548,,,,,,,,,,,,,,,,,,,
24,000,12.657048833692071,12.081146784827574,13.232950882556569,6.7359607332510905,6.201492771056209,7.270428695445972,,,,6.2279525201459665,5.168200857344013,7.28770418294792,,,,3.0621619498147346,1.870448071679522,4.729260775253421,4.717131390755939,3.998554707287891,5.435708074223987,
24,001,12.086293736407425,8.319648482142732,16.9736500420103,,,,,,,,,,,,,,,,,,,
24,003,13.986134178031254,12.308082698165457,15.66418565789705,7.891696848673339,5.71126013971535,10.630063865514007,,,,,,,,,,,,,4.6962358398984145,2.5674758342604607,7.87948575557136,
24,005,12.396856203738116,10.919038744891857,13.874673662584375,6.374187394262703,5.0695803978332306,7.912047253511421,,,,5.553418351075819,3.1742584216037275,9.018403479640869,,,,,,,5.375702304501207,2.9389464732000494,9.019515028322266,
24,009,14.091399510222487,10.389885607169054,18.683151376809995,,,,,,,,,,,,,,,,,,,
24,011,10.534733007695023,5.6093016449749635,18.01471428101208,,,,,,,,,,,,,,,,,,,
24,013,11.979045005710283,9.58168976673468,14.79402313139939,,,,,,,,,,,,,,,,,,,
24,015,12.722796622507172,9.55775639576589,16.600489780695284,,,,,,,,,,,,,,,,,,,
24,017,15.123378523673313,10.754200533430838,20.674156297988702,6.569993771593869,4.291738059339404,9.626563113408519,,,,,,,,,,,,,,,,
24,019,22.933440873616732,14.196161358089773,35.056200490938835,,,,,,,,,,,,,,,,,,,
24,021,12.955636723926634,10.65405555489912,15.257217892954149,7.574794121727392,3.9140066570731857,13.231640933751631,,,,,,,,,,,,,7.199404135820483,3.833379491668128,12.31120033185537,
24,023,15.610428640408163,9.53525536110485,24.109040953383108,,,,,,,,,,,,,,,,,,,
24,025,12.911810708255029,10.616790345529807,15.20683107098025,7.464866435650878,4.266816157461193,12.122475416476885,,,,,,,,,,,,,,,,
24,027,7.728642780797018,5.897768647825481,9.948295257075646,7.271858326815177,4.659216842287258,10.819948772438202,,,,7.5638548424598575,4.740227559885354,11.451767130840476,,,,,,,,,,
24,029,13.612571076175527,5.472959581853777,28.04709906711132,,,,,,,,,,,,,,,,,,,
24,031,11.630881575758206,10.153342164825453,13.108420986690959,6.615732713871994,5.0949203318290985,8.448142980300146,,,,5.899367231501683,4.34972769351398,7.821705071492803,,,,,,,3.4120679383604418,2.4145823491591574,4.683329828405425,
24,033,13.322933152365497,10.345778902066572,16.889992381867955,5.501448096585049,4.616754870453937,6.386141322716162,,,,5.634524515726396,2.911441038474849,9.842380403536408,,,,,,,4.414632840872617,3.232066082951663,5.888501557529532,
24,035,7.319872982013593,4.096877341795477,12.073017312432803,,,,,,,,,,,,,,,,,,,
24,037,13.133985613450648,9.921271584888537,17.055572787005097,13.508895158059618,6.743591790644964,24.171144979371608,,,,,,,,,,,,,,,,
24,039,22.979714118056258,12.23572995246421,39.29601099465352,,,,,,,,,,,,,,,,,,,
24,041,17.921720101419883,10.790046227390583,27.98698594106166,,,,,,,,,,,,,,,,,,,
24,043,14.540217251602051,11.529487986421481,18.09655900125645,,,,,,,,,,,,,,,,,,,
24,045,12.884138245420498,9.245880050646369,17.478788358326195,,,,,,,,,,,,,,,,,,,
24,047,14.178139228274896,9.343483090390492,20.628448196034213,,,,,,,,,,,,,,,,,,,
24,510,14.999195814069251,12.230143766816255,17.768247861322248,8.663841895259843,7.2455878431322835,10.082095947387403,,,,,,,,,,,,,6.639732807716384,3.630003711680487,11.140343428819957,
25,000,9.447689201553466,9.061709417917902,9.83366898518903,6.102588364632697,5.161468086260792,7.043708643004603,,,,4.191972134260814,3.414711270314644,4.969232998206984,,,,2.902125842441589,1.6588156723578085,4.71287054949871,5.161700568825705,4.458141275285095,5.865259862366316,
25,001,15.597060709027762,12.712822595055986,18.481298822999538,,,,,,,,,,,,,,,,,,,
25,003,14.849311670460121,11.597435612570866,18.730386142571668,,,,,,,,,,,,,,,,,,,
25,005,11.159278811321096,9.77951031938649,12.539047303255701,9.955488656793412,5.993854508114594,15.546728745752564,,,,,,,,,,,,,4.570561657312874,2.089951831601592,8.676349730864791,
25,007,16.467441580448806,8.508967364005676,28.765306434538594,,,,,,,,,,,,,,,,,,,
25,009,9.37761957944361,8.209640716020875,10.545598442866346,8.552596770918313,4.5538975786930065,14.625200949683174,,,,,,,,,,,,,3.8748429330861005,2.7138923531560506,5.364415918346165,
25,011,12.022346484719298,8.507727906328787,16.501609849646297,,,,,,,,,,,,,,,,,,,
25,013,10.361834533757959,8.656565630155665,12.067103437360252,,,,,,,,,,,,,,,,7.317637540165505,5.251263038451592,9.92720160333247,
25,015,10.248560534497779,7.839336746720961,13.164704751704633,,,,,,,,,,,,,,,,,,,
25,017,8.118866596463986,7.388103954908319,8.849629238019654,5.462947989358994,3.5002138568489274,8.128433577066978,,,,3.587907121690204,2.563253450202259,4.885711158772699,,,,,,,3.9373450912650303,2.656510199038517,5.620804941217138,
25,019,22.38802613357579,11.176021982304906,40.05836296344085,,,,,,,,,,,,,,,,,,,
25,021,8.215234627269913,7.114220943588231,9.316248310951595,4.213982633629339,2.243768275992105,7.206038641371235,,,,4.97723530740165,3.080987102216392,7.6082328765406455,,,,,,,5.358794168173799,2.313546965826361,10.558960808124004,
25,023,10.961953411259282,9.52273884198092,12.401167980537645,7.240465377494781,4.589833954985209,10.864253101635661,,,,,,,,,,,,,,,,
25,025,6.985400099965594,5.731091889955683,8.239708309975507,5.985596222469235,4.365934957595499,8.009198678668776,,,,4.078561460260511,2.3759123502956485,6.530171994341129,,,,,,,4.698169574718747,3.3079449539881707,6.475807888163521,
25,027,8.949137116731254,7.9060644865447784,9.99220974691773,5.809699681774726,3.0934203987880426,9.934763391650291,,,,6.001576981778174,3.1955869799208085,10.262879418325985,,,,,,,6.5152059614728355,4.395782102992739,9.300861624381518,
26,000,15.59798459303944,15.187057105866257,16.00891208021262,9.647696432339442,8.900939053503924,10.39445381117496,19.27273488871952,14.478271610558833,25.14673841443444,6.443236178479596,5.293240870948967,7.593231486010225,,,,10.373162836843916,8.117679987277887,12.628645686409945,10.444271711007804,9.205141855973197,11.683401566042411,
26,001,30.5408337744296,15.245874182228736,54.64598787060695,,,,,,,,,,,,,,,,,,,
26,003,30.09822299007127,13.76282413024815,57.13580266915039,,,,,,,,,,,,,,,,,,,
26,005,18.528278861367205,14.778886364305304,22.277671358429107,,,,,,,,,,,,,,,,,,,
26,007,21.42347808131282,13.726426645132518,31.87643721172139,,,,,,,,,,,,,,,,,,,
26,009,13.827084190126852,7.3623399887052186,23.64473507232578,,,,,,,,,,,,,,,,,,,
26,011,,,,,,,,,,,,,,,,,,,,,,
26,013,35.99768280052113,15.541244393103252,70.92978568413913,,,,,,,,,,,,,,,,,,,
26,015,14.561196153839104,10.354433911700603,19.905634491585943,,,,,,,,,,,,,,,,,,,
26,017,13.199611775932997,10.023018622073858,17.063559106746048,,,,,,,,,,,,,,,,,,,
26,019,21.260281818574956,11.623193906705287,35.671140347269656,,,,,,,,,,,,,,,,,,,
26,021,15.264269732096125,12.006316448803732,19.133894287344635,11.476978532674433,5.729266332204532,20.53548486331254,,,,,,,,,,,,,,,,
26,023,16.829479378955895,11.434814725483829,23.888102607716654,,,,,,,,,,,,,,,,,,,
26,025,17.723449687757125,14.23338544188992,21.810229932430435,,,,,,,,,,,,,,,,,,,
26,027,16.647740325244992,11.529044127282178,23.26354845999717,,,,,,,,,,,,,,,,,,,
26,029,19.85839766823378,12.130025202435903,30.669684585899855,,,,,,,,,,,,,,,,,,,
26,031,25.112189004421786,16.251284656203918,37.07054479934636,,,,,,,,,,,,,,,,,,,
26,033,17.491878530790526,10.827748502619158,26.738194417392563,,,,,,,,,,,,,,,,,,,
26,035,12.706581177083212,7.262909033916779,20.634691762335397,,,,,,,,,,,,,,,,,,,
26,037,14.254378339068825,10.545467566709792,18.84504410968994,,,,,,,,,,,,,,,,,,,
26,039,36.25285132315981,21.485737279783198,57.295134636421395,,,,,,,,,,,,,,,,,,,
26,041,23.78977102976922,16.570447181157494,33.085812589565165,,,,,,,,,,,,,,,,,,,
26,043,13.625276273842037,7.449065328237127,22.860898382348932,,,,,,,,,,,,,,,,,,,
26,045,20.856372325791526,16.682405750206613,25.757450153810726,,,,,,,,,,,,,,,,,,,
26,047,14.822915463929823,8.924363407942856,23.14781864390808,,,,,,,,,,,,,,,,,,,
26,049,17.879486527186348,15.631454930277755,20.12751812409494,8.721848312942189,6.003719060680172,12.248717779995232,,,,,,,,,,,,,12.745846305484724,6.11212872959628,23.4400651614701,
26,051,22.912658800510453,14.524660208783569,34.38023821146913,,,,,,,,,,,,,,,,,,,
26,053,19.924123861957618,9.110578147814897,37.822193347030726,,,,,,,,,,,,,,,,,,,
26,055,14.24252739792865,10.81494817863654,18.411769392121187,,,,,,,,,,,,,,,,,,,
26,057,16.911764795330512,11.237744888343197,24.442208813499356,,,,,,,,,,,,,,,,,,,
26,059,18.29221666385433,12.879408639497145,25.21341111253427,,,,,,,,,,,,,,,,,,,
26,061,23.220800580677423,15.777407395589139,32.96007288247811,,,,,,,,,,,,,,,,,,,
26,063,8.297802174492983,3.979118675030678,15.25995363551553,,,,,,,,,,,,,,,,,,,
26,065,16.795995767271542,14.17379655526891,19.418194979274173,10.490640522243112,6.111184696409447,16.796531720445493,,,,11.432796073596817,4.935869868649077,22.527165977998727,,,,,,,9.669460710417965,4.8269599477819,17.301336191391496,
26,067,19.37315114961933,14.511819623145673,25.340558695979688,,,,,,,,,,,,,,,,,,,
26,069,24.95557507851359,15.639526038483206,37.783040574903836,,,,,,,,,,,,,,,,,,,
26,071,22.427443445617495,10.255255266563141,42.57427368735489,,,,,,,,,,,,,,,,,,,
26,073,13.848787444626854,9.472560360250238,19.550355774230486,,,,,,,,,,,,,,,,,,,
26,075,18.07612267322856,14.753371893564802,21.39887345289232,,,,,,,,,,,,,,,,,,,
26,077,16.853506338267096,14.257368199260704,19.449644477273488,13.033274886320987,7.724344703441149,20.59819330371403,,,,,,,,,,,,,,,,
26,079,17.828432875064532,9.74697015438924,29.913080959381684,,,,,,,,,,,,,,,,,,,
26,081,12.155515532596581,10.753540520458746,13.557490544734417,7.541627004562721,4.880543356872734,11.13292917966551,,,,8.605861022379809,4.296014815640028,15.398262552963958,,,,,,,8.36391427146523,5.557760292210959,12.088184858022986,
26,083,,,,,,,,,,,,,,,,,,,,,,
26,085,23.5561367883207,11.296083207926246,43.320574251169084,,,,,,,,,,,,,,,,,,,
26,087,16.389578076887055,12.565795532168147,21.01069941592525,,,,,,,,,,,,,,,,,,,
26,089,16.89877518698465,8.73184373269247,29.518759441000096,,,,,,,,,,,,,,,,,,,
26,091,16.695138119178043,12.964428008843704,21.165065712056396,,,,,,,,,,,,,,,,,,,
26,093,15.430533860730392,12.820994262709402,18.040073458751383,,,,,,,,,,,,,,,,,,,
26,095,,,,,,,,,,,,,,,,,,,,,,
26,097,34.32561438475078,15.695856665554007,65.16070834585263,,,,,,,,,,,,,,,,,,,
26,099,15.012763095650149,13.681899493505489,16.34362669779481,9.26174092210818,6.9376795039655565,12.11458516227243,,,,4.819963980966462,2.406108653072012,8.624246973282737,,,,,,,14.12951436365433,8.230962805729506,22.622721243799216,
26,101,26.690655214191683,17.272784760820567,39.40067230568307,,,,,,,,,,,,,,,,,,,
26,103,20.278932602152302,15.276867289513827,26.39581820430038,,,,,,,,,,,,,,,,,,,
26,105,23.615236836374237,15.426256741548439,34.60179350950824,,,,,,,,,,,,,,,,,,,
26,107,18.481396352427613,12.557212163229345,26.23286689145704,,,,,,,,,,,,,,,,,,,
26,109,24.52573328842151,15.181815459207927,37.49018858898364,,,,,,,,,,,,,,,,,,,
26,111,9.89599570261416,6.892923596865751,13.762934447503616,,,,,,,,,,,,,,,,,,,
26,113,17.536321318858658,8.409347702420103,32.24991927210375,,,,,,,,,,,,,,,,,,,
26,115,14.800675146249604,11.823289726964598,17.778060565534613,,,,,,,,,,,,,,,,,,,
26,117,20.91519099220702,15.921612440322649,26.979072535493938,,,,,,,,,,,,,,,,,,,
26,119,44.201935364019285,23.535668969243254,75.58665565315515,,,,,,,,,,,,,,,,,,,
26,121,21.165371597910763,17.53927524683877,24.791467948982756,12.930981542267233,7.237372208215154,21.327687571922326,,,,,,,,,,,,,,,,
26,123,21.009687893994435,15.141935048094986,28.3989946075415,,,,,,,,,,,,,,,,,,,
26,125,12.922658524090417,11.859692296886267,13.985624751294568,7.902128106847554,6.085601534638236,10.090841178531376,,,,6.940187877303493,4.886532745006402,9.566134786411855,,,,9.539291593298906,4.574461107561673,17.543096878939394,9.171560833663111,6.188013580465774,13.092973376119334,
26,127,14.738516956944599,7.847639551063418,25.20331286149051,,,,,,,,,,,,,,,,,,,
26,129,26.397790069118916,16.34064811222077,40.35182623839757,,,,,,,,,,,,,,,,,,,
26,131,,,,,,,,,,,,,,,,,,,,,,
26,133,13.079909797904737,6.9645010929009015,22.36704410624829,,,,,,,,,,,,,,,,,,,
26,135,32.62156725970089,15.643309488729356,59.99222365545296,,,,,,,,,,,,,,,,,,,
26,137,21.19389370990289,13.282100351927227,32.08780977645801,,,,,,,,,,,,,,,,,,,
26,139,10.544466017081184,8.673170700781004,12.415761333381365,,,,,,,,,,,,,,,,,,,
26,141,17.204171143930292,7.427539983899315,33.899075639795356,,,,,,,,,,,,,,,,,,,
26,143,37.122110539811594,24.2493950809429,54.39249296696507,,,,,,,,,,,,,,,,,,,
26,145,15.640301680394462,12.441666952622679,18.838936408166244,7.839343356385628,4.050703107027633,13.693755207228193,,,,,,,,,,,,,13.632154138468826,6.537147785954839,25.070016822610786,
26,147,18.71511584149218,15.489637837105242,21.94059384587912,,,,,,,,,,,,,,,,,,,
26,149,21.375188708195708,15.915231981989093,28.10442560515058,,,,,,,,,,,,,,,,,,,
26,151,16.78196175919973,10.962534592306486,24.589462282329087,,,,,,,,,,,,,,,,,,,
26,153,,,,,,,,,,,,,,,,,,,,,,
26,155,15.662408418467901,11.4668514577218,20.89145795159301,,,,,,,,,,,,,,,,,,,
26,157,12.448826776694245,8.458373817501428,17.67011591334278,,,,,,,,,,,,,,,,,,,
26,159,15.868970972617424,11.484452977872028,21.375399759212627,,,,,,,,,,,,,,,,,,,
26,161,13.198931300109864,11.182988449208572,15.214874151011156,6.845261631310544,3.831240971651882,11.290218066080472,,,,4.1323527846089565,1.8895748309617935,7.844492790774302,,,,,,,,,,
26,163,14.803499264336182,13.62319534757099,15.983803181101374,10.509243316178111,9.37230440669897,11.646182225657252,,,,6.182557307520126,3.827100417546334,9.450695589621912,,,,6.788836941322422,3.3889629410748223,12.147104558148632,12.285323157066538,9.520956702348887,15.601926137565878,
26,165,19.71978438691635,13.206649094066558,28.32089980188472,,,,,,,,,,,,,,,,,,,
27,000,14.547574379063487,14.036986758403078,15.058161999723897,7.912372613793235,6.6904960618551055,9.134249165731365,39.06078683700449,31.858922424875686,46.2626512491333,8.66261106779677,7.133705313891398,10.191516821702141,,,,14.482725778304275,10.848555432365137,18.94376190164133,8.116656058995744,6.722830249149614,9.510481868841874,
27,001,21.748761560607193,11.580299558514822,37.191044632456375,,,,,,,,,,,,,,,,,,,
27,003,16.130407018416463,13.971200155930193,18.289613880902735,5.763459500711912,2.7638028540330986,10.599207225184209,,,,12.241625511591408,6.518150015684295,20.933552446500862,,,,,,,,,,
27,005,12.177642063601777,6.960574628449415,19.775727780157634,,,,,,,,,,,,,,,,,,,
27,007,16.156856265942345,10.352002672425867,24.040121419376838,,,,36.14832744491532,21.057732844221913,57.876973982876116,,,,,,,,,,,,,
27,009,12.706162285632118,7.962884256930251,19.237282397979733,,,,,,,,,,,,,,,,,,,
27,011,,,,,,,,,,,,,,,,,,,,,,
27,013,15.679776600610912,11.30060380016195,21.19450290622783,,,,,,,,,,,,,,,,,,,
27,015,13.828562674089932,7.739741554025304,22.808111149002965,,,,,,,,,,,,,,,,,,,
27,017,16.350847900573317,10.680916706612999,23.957780592298285,,,,,,,,,,,,,,,,,,,
27,019,10.714484994298473,7.952497281779799,14.125712725353987,,,,,,,,,,,,,,,,,,,
27,021,19.80268296310041,12.55320230469687,29.713747471438186,,,,,,,,,,,,,,,,,,,
27,023,28.749863476655957,15.308091469865994,49.163142129159816,,,,,,,,,,,,,,,,,,,
27,025,13.990085764822638,9.798484076078502,19.36817570978819,,,,,,,,,,,,,,,,,,,
27,027,15.270154305729609,10.95812637029255,20.715688564091497,,,,,,,,,,,,,,,,,,,
27,029,,,,,,,,,,,,,,,,,,,,,,
27,031,,,,,,,,,,,,,,,,,,,,,,
27,033,,,,,,,,,,,,,,,,,,,,,,
27,035,20.098255358367254,15.140756463086682,26.160641936684694,,,,,,,,,,,,,,,,,,,
27,037,12.420957569200068,10.696343249819595,14.145571888580541,9.5367944277392,5.555534196032198,15.26933172261997,,,,8.957286775542345,4.471445285439343,16.027060299174064,,,,,,,,,,
27,039,15.946539904923904,8.718121755752339,26.755584326492457,,,,,,,,,,,,,,,,,,,
27,041,16.233980729316805,10.604575190288056,23.786543108809255,,,,,,,,,,,,,,,,,,,
27,043,19.569004037286714,9.384098075497468,35.988095163338606,,,,,,,,,,,,,,,,,,,
27,045,14.787492767859097,7.640913298066409,25.83077394189834,,,,,,,,,,,,,,,,,,,
27,047,21.51749839670919,13.48490168628076,32.57775116123332,,,,,,,,,,,,,,,,,,,
27,049,19.207551409053796,13.523888772331405,26.47507948550433,,,,,,,,,,,,,,,,,,,
27,051,,,,,,,,,,,,,,,,,,,,,,
27,053,11.672026787512637,10.659892304289846,12.684161270735428,7.3973510470052455,5.696861690321537,9.446252142190533,48.768525157210725,30.56297507290501,73.83613316847925,7.011878189685335,4.730884769698994,10.00989211314805,,,,12.443222106501196,7.112376569972523,20.20701313119612,7.445320698229877,5.1561010199981245,10.404089412713843,
27,055,10.426394248165733,4.767611376840161,19.792544048546546,,,,,,,,,,,,,,,,,,,
27,057,14.934035418687113,7.95174489747079,25.53765538563247,,,,,,,,,,,,,,,,,,,
27,059,21.37718943753288,15.201271441596447,29.223321690418256,,,,,,,,,,,,,,,,,,,
27,061,24.809275422578835,17.880343531727075,33.53493314597141,,,,,,,,,,,,,,,,,,,
27,063,29.79087795114713,14.87149893732081,53.30410974359599,,,,,,,,,,,,,,,,,,,
27,065,28.656159550125793,16.983456281912353,45.289086503889514,,,,,,,,,,,,,,,,,,,
27,067,13.231794408040038,7.966404593204693,20.66308601948848,,,,,,,,,,,,,,,,,,,
27,069,,,,,,,,,,,,,,,,,,,,,,
27,071,29.28284552095344,15.591881961341782,50.07455765700618,,,,,,,,,,,,,,,,,,,
27,073,,,,,,,,,,,,,,,,,,,,,,
27,075,18.319375741529083,7.909006174254887,36.09647327619277,,,,,,,,,,,,,,,,,,,
27,077,,,,,,,,,,,,,,,,,,,,,,
27,079,13.506779122446353,7.720291299477034,21.934163093081878,,,,,,,,,,,,,,,,,,,
27,081,,,,,,,,,,,,,,,,,,,,,,
27,083,17.901242661624647,10.609410922765187,28.291681096041255,,,,,,,,,,,,,,,,,,,
27,085,16.323406145878657,10.563647788282907,24.096567555387967,,,,,,,,,,,,,,,,,,,
27,087,,,,,,,,,,,,,,,,,,,,,,
27,089,,,,,,,,,,,,,,,,,,,,,,
27,091,12.651904930066083,5.785256575531362,24.017256557357804,,,,,,,,,,,,,,,,,,,
27,093,20.421217404331426,12.294906882005812,31.890260597759635,,,,,,,,,,,,,,,,,,,
27,095,23.05340858860901,14.91895052252485,34.031378774315016,,,,,,,,,,,,,,,,,,,
27,097,14.323927257102264,8.749426893814562,22.1221439083898,,,,,,,,,,,,,,,,,,,
27,099,15.907173318084453,9.71651471943969,24.56733904061674,,,,,,,,,,,,,,,,,,,
27,101,,,,,,,,,,,,,,,,,,,,,,
27,103,12.401654230341787,7.224420604436174,19.856249789921605,,,,,,,,,,,,,,,,,,,
27,105,22.403902231157925,10.743541950855095,41.201573876155074,,,,,,,,,,,,,,,,,,,
27,107,,,,,,,,,,,,,,,,,,,,,,
27,109,14.710257614049434,11.858543824497522,18.04082510874817,,,,,,,,,,,,,,,,,,,
27,111,19.121399658337854,13.781022979307574,25.846577470625153,,,,,,,,,,,,,,,,,,,
27,113,16.698847454035278,8.007746431952064,30.709775017105088,,,,,,,,,,,,,,,,,,,
27,115,20.934915501637622,13.413395381674043,31.14949482001901,,,,,,,,,,,,,,,,,,,
27,117,,,,,,,,,,,,,,,,,,,,,,
27,119,14.603490806614273,8.65495417289278,23.079811418645097,,,,,,,,,,,,,,,,,,,
27,121,30.87919702085628,16.88194435612737,51.81004561188771,,,,,,,,,,,,,,,,,,,
27,123,12.410866148427628,10.697285564634381,14.124446732220875,8.61814119358169,5.771704413881334,12.37708833083691,,,,11.962922698245734,8.692277946187936,16.059665347623937,,,,24.150900365379453,6.580307512531609,61.835896920718305,11.716537538972805,7.1567655158990915,18.09524196073325,
27,125,,,,,,,,,,,,,,,,,,,,,,
27,127,12.067453704534152,5.20986998701787,23.777694518811828,,,,,,,,,,,,,,,,,,,
27,129,23.287088235911476,12.399393724830212,39.821630097339394,,,,,,,,,,,,,,,,,,,
27,131,16.01964782200487,11.336456239891191,21.9882182420425,,,,,,,,,,,,,,,,,,,
27,133,20.83021162543994,9.524899170670325,39.54223016356756,,,,,,,,,,,,,,,,,,,
27,135,32.76998078005096,19.72966911024556,51.174384277292965,,,,,,,,,,,,,,,,,,,
27,137,20.77421717643138,17.74896619308412,23.799468159778645,,,,50.42403232656043,24.180283463220434,92.73159075596604,,,,,,,,,,,,,
27,139,11.475339065440119,8.856424424978588,14.626261643462156,,,,,,,,,,,,,,,,,,,
27,141,12.996228451772172,9.790537856063244,16.91637771497526,,,,,,,,,,,,,,,,,,,
27,143,25.610501830816446,14.001499668152709,42.97007033899676,,,,,,,,,,,,,,,,,,,
27,145,17.007948558741642,13.69232358005831,20.323573537424974,,,,,,,,,,,,,,,,,,,
27,147,11.548303989349073,6.600853542094464,18.753722175697533,,,,,,,,,,,,,,,,,,,
27,149,,,,,,,,,,,,,,,,,,,,,,
27,151,,,,,,,,,,,,,,,,,,,,,,
27,153,14.312805093874875,8.010768360423167,23.60679537915879,,,,,,,,,,,,,,,,,,,
27,155,,,,,,,,,,,,,,,,,,,,,,
27,157,11.597731375396982,5.303221299214373,22.01610678122386,,,,,,,,,,,,,,,,,,,
27,159,,,,,,,,,,,,,,,,,,,,,,
27,161,,,,,,,,,,,,,,,,,,,,,,
27,163,11.986652861354882,9.875028583724767,14.098277138984997,,,,,,,,,,,,,,,,,,,
27,165,,,,,,,,,,,,,,,,,,,,,,
27,167,,,,,,,,,,,,,,,,,,,,,,
27,169,16.345997692115674,11.028576001351679,23.33492809680249,,,,,,,,,,,,,,,,,,,
27,171,14.129291852919028,11.390203424237125,17.328322176052133,,,,,,,,,,,,,,,,,,,
27,173,,,,,,,,,,,,,,,,,,,,,,
28,000,19.913795775108195,18.9282888900349,20.89930266018149,7.468784069554865,6.728152422862402,8.20941571624733,36.90006018765227,24.10434441870754,54.067137752983236,,,,,,,5.688746953058693,2.6012573520456344,10.799013730874162,7.699520077793785,5.549136831908029,10.407514393987082,
28,001,31.360923862735604,17.925477676515623,50.92817558642194,,,,,,,,,,,,,,,,,,,
28,003,18.209660760916595,11.667273246611533,27.094531788394576,,,,,,,,,,,,,,,,,,,
28,005,,,,,,,,,,,,,,,,,,,,,,
28,007,21.346325500893595,10.236392801094867,39.256652615023675,,,,,,,,,,,,,,,,,,,
28,009,,,,,,,,,,,,,,,,,,,,,,
28,011,24.23409372702031,11.621189911956712,44.56736119955331,,,,,,,,,,,,,,,,,,,
28,013,19.053282371601988,8.225854965964244,37.54256191116697,,,,,,,,,,,,,,,,,,,
28,015,29.621478745539363,12.788452051776963,58.36612180598394,,,,,,,,,,,,,,,,,,,
28,017,,,,,,,,,,,,,,,,,,,,,,
28,019,,,,,,,,,,,,,,,,,,,,,,
28,021,,,,,,,,,,,,,,,,,,,,,,
28,023,32.691667472364195,17.872838817819986,54.8510630547765,,,,,,,,,,,,,,,,,,,
28,025,19.9245571100592,8.6020095567732,39.25932048180141,,,,,,,,,,,,,,,,,,,
28,027,,,,,,,,,,,,,,,,,,,,,,
28,029,30.075179740745785,16.832849795761522,49.60443529235517,,,,,,,,,,,,,,,,,,,
28,031,21.735940542008517,11.57347290608203,37.1691203001854,,,,,,,,,,,,,,,,,,,
28,033,16.633316041975046,13.392108504787076,20.422026251126947,4.465918491889935,2.4995406784635557,7.365853396771531,,,,,,,,,,,,,,,,
28,035,21.325705569048562,15.495290313287816,28.628764339595914,,,,,,,,,,,,,,,,,,,
28,037,,,,,,,,,,,,,,,,,,,,,,
28,039,27.336028567315644,17.856801432716786,40.05361548605579,,,,,,,,,,,,,,,,,,,
28,041,,,,,,,,,,,,,,,,,,,,,,
28,043,,,,,,,,,,,,,,,,,,,,,,
28,045,21.772269559664423,15.94003771755632,29.04115649801014,,,,,,,,,,,,,,,,,,,
28,047,23.734119529263282,19.909198386825118,27.559040671701446,11.174351487076837,7.483638565617275,16.048232709203155,,,,,,,,,,,,,,,,
28,049,20.23423269914095,14.969396741856702,26.750728700382687,8.422719234960557,6.486520138503722,10.755624427007017,,,,,,,,,,,,,,,,
28,051,,,,,,,,,,,,,,,,,,,,,,
28,053,,,,,,,,,,,,,,,,,,,,,,
28,055,,,,,,,,,,,,,,,,,,,,,,
28,057,19.676668057606054,11.66164053300669,31.09761865369459,,,,,,,,,,,,,,,,,,,
28,059,19.7450255816925,15.936783967840988,24.188990299895067,10.690413417823574,6.110494955846102,17.360561634515207,,,,,,,,,,,,,,,,
28,061,,,,,,,,,,,,,,,,,,,,,,
28,063,,,,,,,,,,,,,,,,,,,,,,
28,065,,,,,,,,,,,,,,,,,,,,,,
28,067,21.721448783176868,15.71992018840429,29.25864896286252,15.336844278116258,8.166223650388018,26.226470802898,,,,,,,,,,,,,,,,
28,069,,,,,,,,,,,,,,,,,,,,,,
28,071,17.544411067427284,12.000364182477721,24.767473657098368,,,,,,,,,,,,,,,,,,,
28,073,18.12843148779235,13.065378862217973,24.504372966538124,,,,,,,,,,,,,,,,,,,
28,075,19.835294404216963,13.653703987501288,27.85612802734175,6.287259291381925,3.0149852135546507,11.562493689699801,,,,,,,,,,,,,,,,
28,077,,,,,,,,,,,,,,,,,,,,,,
28,079,30.116911286292357,16.035986853807067,51.50083551741128,,,,,,,,,,,,,,,,,,,
28,081,22.011062878464465,16.48779652515488,28.791012186140318,,,,,,,,,,,,,,,,,,,
28,083,,,,14.223692940380742,7.349589700019395,24.84592910574542,,,,,,,,,,,,,,,,
28,085,24.843854804428787,16.508561094244683,35.90628738106455,,,,,,,,,,,,,,,,,,,
28,087,19.855547884161357,13.08493116897352,28.888779714863574,,,,,,,,,,,,,,,,,,,
28,089,13.647079792295171,9.74967388406286,18.58344928239617,,,,,,,,,,,,,,,,,,,
28,091,22.031887616786406,13.057492909794172,34.819880953525455,,,,,,,,,,,,,,,,,,,
28,093,12.003920250589847,5.488956718039159,22.787179791981988,12.906969864353295,5.90188850538138,24.501449253985154,,,,,,,,,,,,,,,,
28,095,15.86136041281978,9.23982694989275,25.395574535079078,,,,,,,,,,,,,,,,,,,
28,097,,,,,,,,,,,,,,,,,,,,,,
28,099,22.68589996220892,13.215372729565539,36.322323457197285,,,,46.270723997726996,23.098178707242997,82.79110652378434,,,,,,,,,,,,,
28,101,20.78350288000739,11.362534424347805,34.871186302568006,,,,,,,,,,,,,,,,,,,
28,103,,,,,,,,,,,,,,,,,,,,,,
28,105,17.478204481158965,10.523020851583828,27.294381360773624,,,,,,,,,,,,,,,,,,,
28,107,22.919914781688956,12.828102314851117,37.80291388098589,,,,,,,,,,,,,,,,,,,
28,109,24.987893072882546,18.71764661492604,32.684779373885526,,,,,,,,,,,,,,,,,,,
28,111,,,,,,,,,,,,,,,,,,,,,,
28,113,19.902818477451053,11.139456416593072,32.826672352772775,,,,,,,,,,,,,,,,,,,
28,115,16.13367622396799,9.561839029301687,25.498164080742086,,,,,,,,,,,,,,,,,,,
28,117,22.17376549658196,13.54431202355739,34.24558240918553,,,,,,,,,,,,,,,,,,,
28,119,,,,,,,,,,,,,,,,,,,,,,
28,121,14.259674439767256,11.357751094425286,17.677011912952768,,,,,,,,,,,,,,,,,,,
28,123,,,,,,,,,,,,,,,,,,,,,,
28,125,,,,,,,,,,,,,,,,,,,,,,
28,127,14.930075184672647,7.453039739449151,26.71402861738371,,,,,,,,,,,,,,,,,,,
28,129,,,,,,,,,,,,,,,,,,,,,,
28,131,27.66933502061384,16.658747166234733,43.20909409577782,,,,,,,,,,,,,,,,,,,
28,133,,,,,,,,,,,,,,,,,,,,,,
28,135,,,,,,,,,,,,,,,,,,,,,,
28,137,18.28478527695169,10.233855517002716,30.157972651327114,,,,,,,,,,,,,,,,,,,
28,139,22.699415680277355,12.704690641632308,37.43923414565996,,,,,,,,,,,,,,,,,,,
28,141,24.49809058244513,14.519121087021558,38.71754488342134,,,,,,,,,,,,,,,,,,,
28,143,,,,,,,,,,,,,,,,,,,,,,
28,145,21.36232134763429,13.223613608861646,32.654577402559106,,,,,,,,,,,,,,,,,,,
28,147,22.919615041151424,10.990846288804446,42.149988095276065,,,,,,,,,,,,,,,,,,,
28,149,32.62793170387289,21.85143793783643,46.85915253420371,,,,,,,,,,,,,,,,,,,
28,151,24.90275863078647,11.941840724058785,45.79705976485943,7.601580838526851,3.9278477445257787,13.278431937281072,,,,,,,,,,,,,,,,
28,153,,,,,,,,,,,,,,,,,,,,,,
28,155,,,,,,,,,,,,,,,,,,,,,,
28,157,,,,,,,,,,,,,,,,,,,,,,
28,159,,,,,,,,,,,,,,,,,,,,,,
28,161,54.69316078897485,30.61134690972317,90.20805124617367,,,,,,,,,,,,,,,,,,,
28,163,23.77476955928695,10.871338560073204,45.13191833591123,,,,,,,,,,,,,,,,,,,
29,000,20.174804732934977,19.59966544335725,20.749944022512704,11.948092990443316,10.793862995490564,13.102322985396068,13.215893308952419,7.832575954443487,20.88680914301698,7.102134361968693,5.288005522713767,9.337995071697366,,,,9.691828387122975,7.1934618364844845,12.777467480031106,8.853332620185007,7.254422489079089,10.452242751290925,
29,001,25.251744172574394,15.424421362493254,38.99927083520695,,,,,,,,,,,,,,,,,,,
29,003,16.014765529767647,8.527188165509,27.385736789478322,,,,,,,,,,,,,,,,,,,
29,005,,,,,,,,,,,,,,,,,,,,,,
29,007,13.673208841646382,7.652791193320549,22.551878627857793,,,,,,,,,,,,,,,,,,,
29,009,22.762308172160118,15.000504514774242,33.117963323082925,,,,,,,,,,,,,,,,,,,
29,011,,,,,,,,,,,,,,,,,,,,,,
29,013,21.743141584084494,12.169471289211145,35.86200544959705,,,,,,,,,,,,,,,,,,,
29,015,24.680677614547303,14.377404221909853,39.516155715742094,,,,,,,,,,,,,,,,,,,
29,017,39.97602529790558,23.287507898669375,64.00548904043764,,,,,,,,,,,,,,,,,,,
29,019,16.296949591192707,13.301103037966902,19.29279614441851,19.560100692608387,11.77645836958127,30.545520183992288,,,,,,,,,,,,,,,,
29,021,22.461275154772455,17.66721776311394,28.155402905826367,38.94532565634067,18.675797441961254,71.62184049924348,,,,,,,,,,,,,,,,
29,023,20.71002685808396,14.505048203088442,28.671406729355958,,,,,,,,,,,,,,,,,,,
29,025,33.86077202889508,18.029435022517088,57.90295140745057,,,,,,,,,,,,,,,,,,,
29,027,22.209080003654083,16.137151529800885,29.814653286156737,,,,,,,,,,,,,,,,,,,
29,029,27.186209592616013,19.903722260839487,36.26259381013446,,,,,,,,,,,,,,,,,,,
29,031,16.604566079807622,12.542910771753027,21.562410200964923,,,,,,,,,,,,,,,,,,,
29,033,,,,,,,,,,,,,,,,,,,,,,
29,035,,,,,,,,,,,,,,,,,,,,,,
29,037,21.530253898605746,17.278304652714606,25.782203144496886,,,,,,,,,,,,,,,,,,,
29,039,30.857442180984304,18.578195938093792,48.18771834450811,,,,,,,,,,,,,,,,,,,
29,041,24.23109008102517,10.461264824942024,47.74490724484364,,,,,,,,,,,,,,,,,,,
29,043,14.6512627814968,11.180457000608477,18.859079423554693,,,,,,,,,,,,,,,,,,,
29,045,,,,,,,,,,,,,,,,,,,,,,
29,047,19.215493735885754,16.493670344053843,21.937317127717666,16.728255445641423,9.744825252593168,26.783557460069435,,,,,,,,,,,,,,,,
29,049,19.403664940421145,11.682273827686586,30.301226378912894,,,,,,,,,,,,,,,,,,,
29,051,19.31719443526704,14.630654421997352,25.02766598310815,,,,,,,,,,,,,,,,,,,
29,053,12.11154200706063,6.046038132299586,21.670894203494704,,,,,,,,,,,,,,,,,,,
29,055,26.922032116545804,17.74178880527906,39.17014326820848,,,,,,,,,,,,,,,,,,,
29,057,,,,,,,,,,,,,,,,,,,,,,
29,059,24.204051380835658,14.09975187654638,38.75303094406015,,,,,,,,,,,,,,,,,,,
29,061,,,,,,,,,,,,,,,,,,,,,,
29,063,34.10102549093226,18.64334796128178,57.21572633200398,,,,,,,,,,,,,,,,,,,
29,065,18.73110983202709,9.678637781934096,32.71947931589828,,,,,,,,,,,,,,,,,,,
29,067,27.250404127888608,14.89804951399096,45.721547741500544,,,,,,,,,,,,,,,,,,,
29,069,20.13417358714873,11.932787304999279,31.82067463288895,,,,,,,,,,,,,,,,,,,
29,071,24.026479451906948,19.61234961886891,28.440609284944983,,,,,,,,,,,,,,,,,,,
29,073,22.71939010329618,12.986094475507612,36.894866154499674,,,,,,,,,,,,,,,,,,,
29,075,,,,,,,,,,,,,,,,,,,,,,
29,077,22.19865619944104,19.58461207342883,24.81270032545325,23.828902234748973,12.687886860131286,40.7481485364285,,,,,,,,,,,,,11.991405822725737,5.483234324732377,22.76342350971918,
29,079,26.848350183633542,12.874827498040146,49.37507190177943,,,,,,,,,,,,,,,,,,,
29,081,,,,,,,,,,,,,,,,,,,,,,
29,083,26.317402209389716,16.682975467725278,39.48902503823367,,,,,,,,,,,,,,,,,,,
29,085,30.38108718179641,13.892167650785629,57.67276701571355,,,,,,,,,,,,,,,,,,,
29,087,,,,,,,,,,,,,,,,,,,,,,
29,089,26.6627863867942,12.785842444662665,49.033813472541006,,,,,,,,,,,,,,,,,,,
29,091,21.31050354570071,15.08058064572655,29.25033109448498,,,,,,,,,,,,,,,,,,,
29,093,30.83271301753078,16.41712112893096,52.72487827774464,,,,,,,,,,,,,,,,,,,
29,095,25.061389985291157,22.946775609263216,27.176004361319098,11.917025763457838,9.594845770730641,14.63146689226223,,,,,,,,,,8.332565315235996,3.810179458941114,15.817804517435512,9.531629402308159,6.6009304468469265,13.319496710738523,
29,097,21.637390310031886,17.510985231708528,25.763795388355245,,,,,,,,,,,,,,,,,,,
29,099,22.920738275201586,20.03507340125472,25.80640314914845,,,,,,,,,,,,,,,,,,,
29,101,18.037044731934913,12.885929198413809,24.561335544433785,,,,,,,,,,,,,,,,,,,
29,103,,,,,,,,,,,,,,,,,,,,,,
29,105,23.125509468057057,16.10776466483353,32.161985558453395,,,,,,,,,,,,,,,,,,,
29,107,19.510292322887963,12.857405578578133,28.386450999828977,,,,,,,,,,,,,,,,,,,
29,109,22.580248656378842,15.814928558175716,31.260582022100174,,,,,,,,,,,,,,,,,,,
29,111,,,,,,,,,,,,,,,,,,,,,,
29,113,19.526326581614178,14.583194650543316,25.60617946203522,,,,,,,,,,,,,,,,,,,
29,115,20.62858081605564,10.297713219042445,36.910229281488085,,,,,,,,,,,,,,,,,,,
29,117,,,,,,,,,,,,,,,,,,,,,,
29,119,34.33529886741419,22.428957172713694,50.30916817516563,,,,,,,,,,,,,,,,,,,
29,121,40.855161370096646,26.17667278362478,60.78924165561196,,,,,,,,,,,,,,,,,,,
29,123,23.548134487526216,12.167664713349852,41.13385198218246,,,,,,,,,,,,,,,,,,,
29,125,24.246902955668943,11.087228013167017,46.028174589248714,,,,,,,,,,,,,,,,,,,
29,127,20.04033941270131,12.7038561073364,30.070348834069616,,,,,,,,,,,,,,,,,,,
29,129,,,,,,,,,,,,,,,,,,,,,,
29,131,18.3063527608435,11.331920888069597,27.98320479593927,,,,,,,,,,,,,,,,,,,
29,133,23.76459221844767,11.396045689254077,43.703931209061786,,,,,,,,,,,,,,,,,,,
29,135,29.092683758832823,17.242168193451096,45.97898295057118,,,,,,,,,,,,,,,,,,,
29,137,,,,,,,,,,,,,,,,,,,,,,
29,139,36.54927175315227,21.66141481274209,57.76360671035601,,,,,,,,,,,,,,,,,,,
29,141,27.885700772264528,17.677142226371934,41.84224290996925,,,,,,,,,,,,,,,,,,,
29,143,19.5476298732689,9.373848333045437,35.94878731469979,,,,,,,,,,,,,,,,,,,
29,145,21.631614167320052,15.949444661889672,28.680382081254837,,,,,,,,,,,,,,,,,,,
29,147,12.333164810019767,5.639508296076501,23.412188523683017,,,,,,,,,,,,,,,,,,,
29,149,,,,,,,,,,,,,,,,,,,,,,
29,151,29.57844027286914,17.53005828930847,46.74668766499869,,,,,,,,,,,,,,,,,,,
29,153,25.332490853154578,12.147914028209575,46.587352622067144,,,,,,,,,,,,,,,,,,,
29,155,19.694584027838612,9.444318562212766,36.21904123713887,,,,,,,,,,,,,,,,,,,
29,157,16.80263136184652,9.404305221967752,27.713385167265006,,,,,,,,,,,,,,,,,,,
29,159,19.73657029547129,13.499799471664941,27.862148407027533,,,,,,,,,,,,,,,,,,,
29,161,17.93753523020523,12.49415052042016,24.94676927334219,,,,,,,,,,,,,,,,,,,
29,163,24.71853439350485,14.882172429315558,38.60105339441499,,,,,,,,,,,,,,,,,,,
29,165,13.924344970066805,10.573338921196806,18.00044482010249,,,,,,,,,,,,,,,,,,,
29,167,26.442665835813575,18.61807702562786,36.447731670878355,,,,,,,,,,,,,,,,,,,
29,169,15.472062246494005,10.196186512634165,22.51103825395656,,,,,,,,,,,,,,,,,,,
29,171,,,,,,,,,,,,,,,,,,,,,,
29,173,,,,,,,,,,,,,,,,,,,,,,
29,175,19.137309873440483,11.846296437603904,29.253411011356498,,,,,,,,,,,,,,,,,,,
29,177,31.258124738752095,20.93405671499906,44.89188123721889,,,,,,,,,,,,,,,,,,,
29,179,,,,,,,,,,,,,,,,,,,,,,
29,181,34.8602435187207,19.925641212861184,56.61085147483186,,,,,,,,,,,,,,,,,,,
29,183,15.325622600745234,13.486561269978703,17.164683931511767,10.821222101887322,5.591483367576436,18.902497284493606,,,,,,,,,,,,,,,,
29,185,,,,,,,,,,,,,,,,,,,,,,
29,186,19.332178393279378,11.639234256488558,30.189591280355966,,,,,,,,,,,,,,,,,,,
29,187,17.27041190456233,12.97406495882615,22.534141261277835,,,,,,,,,,,,,,,,,,,
29,189,15.919509212194399,14.510088322988834,17.328930101399962,11.970801827025593,9.970456446529013,13.971147207522172,,,,6.165084654797633,3.5238785642000554,10.011711235897925,,,,,,,9.789219864540854,5.212347294334036,16.739864101434524,
29,195,14.659167062695271,7.574605533629072,25.606614760010103,,,,,,,,,,,,,,,,,,,
29,197,,,,,,,,,,,,,,,,,,,,,,
29,199,,,,,,,,,,,,,,,,,,,,,,
29,201,16.258924005298994,10.417399398942258,24.19199012494349,,,,,,,,,,,,,,,,,,,
29,203,,,,,,,,,,,,,,,,,,,,,,
29,205,,,,,,,,,,,,,,,,,,,,,,
29,207,19.836792874452332,13.072571499396647,28.861492160413043,,,,,,,,,,,,,,,,,,,
29,209,20.5117459327761,12.854601971749513,31.05502984411124,,,,,,,,,,,,,,,,,,,
29,211,,,,,,,,,,,,,,,,,,,,,,
29,213,23.502025489064096,17.498801662586523,30.90082319013635,,,,,,,,,,,,,,,,,,,
29,215,25.026148665263314,16.347911191297854,36.66910624075917,,,,,,,,,,,,,,,,,,,
29,217,27.35045583983279,16.930363239397423,41.8080770663063,,,,,,,,,,,,,,,,,,,
29,219,24.56157063383857,17.465677764981912,33.57647561444036,,,,,,,,,,,,,,,,,,,
29,221,31.66580054024038,21.659384128207602,44.702662158174235,,,,,,,,,,,,,,,,,,,
29,223,16.637464208107918,7.182876152683082,32.78243705707485,,,,,,,,,,,,,,,,,,,
29,225,24.335501724786543,17.611723263813957,32.779761120359666,,,,,,,,,,,,,,,,,,,
29,227,,,,,,,,,,,,,,,,,,,,,,
29,229,23.37753611473661,14.074803865535,36.50691846972653,,,,,,,,,,,,,,,,,,,
29,510,18.108175981176302,14.818582740123876,21.397769222228728,12.900995899838078,10.112321384033887,16.221065459739282,,,,,,,,,,,,,,,,
30,000,26.73950213932249,25.24619123780814,28.232813040836838,,,,51.48043558432455,43.38296663162535,59.577904537023755,,,,,,,30.92216370774111,21.657503304950975,42.80930868374544,14.317213532275865,9.972463808964704,19.9117781815095,
30,001,,,,,,,,,,,,,,,,,,,,,,
30,003,,,,,,,37.14331609034565,20.788832055365013,61.262251312528875,,,,,,,,,,,,,
30,005,,,,,,,86.75805350414737,44.829152253250534,151.5488597617893,,,,,,,,,,,,,
30,007,,,,,,,,,,,,,,,,,,,,,,
30,009,43.83223458521894,25.97776015709421,69.2738278594643,,,,,,,,,,,,,,,,,,,
30,011,,,,,,,,,,,,,,,,,,,,,,
30,013,28.021090111555118,22.366912098212794,33.67526812489744,,,,64.22222058660152,32.05950112555346,114.91129263593317,,,,,,,110.41497782786956,52.94827365594791,203.05707546260203,,,,
30,015,,,,,,,,,,,,,,,,,,,,,,
30,017,21.73301803038297,11.229767553050314,37.963208816452976,,,,,,,,,,,,,,,,,,,
30,019,,,,,,,,,,,,,,,,,,,,,,
30,021,28.000385670672436,13.427273293249119,51.49370617974789,,,,,,,,,,,,,,,,,,,
30,023,52.02558239125919,31.77857731124323,80.34929247539735,,,,,,,,,,,,,,,,,,,
30,025,,,,,,,,,,,,,,,,,,,,,,
30,027,24.0967355187175,12.029003550924525,43.115716047659,,,,,,,,,,,,,,,,,,,
30,029,26.715200125372842,22.031113306092003,31.39928694465368,,,,,,,,,,,,,,,,,,,
30,031,20.997816869058497,17.173257918835844,24.82237581928115,,,,,,,,,,,,,,,,,,,
30,033,,,,,,,,,,,,,,,,,,,,,,
30,035,,,,,,,51.515786084679256,31.889083534267233,78.74735131920154,,,,,,,,,,,,,
30,037,,,,,,,,,,,,,,,,,,,,,,
30,039,,,,,,,,,,,,,,,,,,,,,,
30,041,25.044250866462654,12.94072987826526,43.74726620876969,,,,69.0599402955976,34.474473374084354,123.56730951129869,,,,,,,,,,,,,
30,043,33.191105923621,18.971584858177547,53.90027659211473,,,,,,,,,,,,,,,,,,,
30,045,,,,,,,,,,,,,,,,,,,,,,
30,047,34.84764749305208,23.67728577511963,49.463453990887096,,,,41.45524900892163,22.07317416480677,70.88973833493779,,,,,,,,,,,,,
30,049,25.747166519102947,20.446966706540593,32.001377101692334,,,,,,,,,,,,,,,,,,,
30,051,,,,,,,,,,,,,,,,,,,,,,
30,053,38.64513919846623,26.07371313521434,55.168339153877284,,,,,,,,,,,,,,,,,,,
30,055,,,,,,,,,,,,,,,,,,,,,,
30,057,24.369026748427768,11.143070787752514,46.2600035888072,,,,,,,,,,,,,,,,,,,
30,059,,,,,,,,,,,,,,,,,,,,,,
30,061,39.40154270977258,17.010789503067862,77.6367466627092,,,,,,,,,,,,,,,,,,,
30,063,22.609356334177956,18.580490493191256,26.638222175164657,,,,79.2102482455603,37.98439290546038,145.6704667412468,,,,,,,,,,,,,
30,065,43.67331952285107,18.855039529180193,86.05384993908302,,,,,,,,,,,,,,,,,,,
30,067,36.47747541078864,24.239017500434876,52.720108266049216,,,,,,,,,,,,,,,,,,,
30,069,,,,,,,,,,,,,,,,,,,,,,
30,071,,,,,,,,,,,,,,,,,,,,,,
30,073,,,,,,,,,,,,,,,,,,,,,,
30,075,,,,,,,,,,,,,,,,,,,,,,
30,077,49.87925033139198,28.510301298844087,81.0007775955437,,,,,,,,,,,,,,,,,,,
30,079,,,,,,,,,,,,,,,,,,,,,,
30,081,29.49353724993426,22.395679365806572,38.12723621530126,,,,,,,,,,,,,,,,,,,
30,083,22.683554209153165,10.877645944268039,41.71586382047377,,,,,,,,,,,,,,,,,,,
30,085,,,,,,,62.1548904424174,35.52689027875596,100.93564806512471,,,,,,,,,,,,,
30,087,,,,,,,71.71123664855158,34.38832536101422,131.87951741802573,,,,,,,,,,,,,
30,089,49.74503103927553,30.792958252032665,76.0405641330088,,,,,,,,,,,,,,,,,,,
30,091,,,,,,,,,,,,,,,,,,,,,,
30,093,37.0185747216739,28.10975580921915,47.85509214464219,,,,,,,,,,,,,,,,,,,
30,095,31.41722868164701,16.728351102566354,53.72441786494998,,,,,,,,,,,,,,,,,,,
30,097,,,,,,,,,,,,,,,,,,,,,,
30,099,,,,,,,,,,,,,,,,,,,,,,
30,101,,,,,,,,,,,,,,,,,,,,,,
30,103,,,,,,,,,,,,,,,,,,,,,,
30,105,,,,,,,,,,,,,,,,,,,,,,
30,107,,,,,,,,,,,,,,,,,,,,,,
30,109,,,,,,,,,,,,,,,,,,,,,,
30,111,25.895216287347445,22.11100829689332,29.67942427780157,,,,42.62109416404356,23.854702860590876,70.29701321070971,,,,,,,,,,,,,
31,000,16.33221816334437,15.394949609498036,17.269486717190702,10.082392632266384,7.507003557563538,13.256484306349194,40.78632704423602,27.712330404409926,57.89293557368766,7.087162962390018,4.12853359572147,11.347234447062844,,,,5.894197176704995,2.695202276850562,11.189022251990513,8.263191490103674,6.581585897111305,10.243469093671447,
31,001,19.369333144439466,12.278495692845784,29.06350997066729,,,,,,,,,,,,,,,,,,,
31,003,,,,,,,,,,,,,,,,,,,,,,
31,005,,,,,,,,,,,,,,,,,,,,,,
31,007,,,,,,,,,,,,,,,,,,,,,,
31,009,,,,,,,,,,,,,,,,,,,,,,
31,011,,,,,,,,,,,,,,,,,,,,,,
31,013,21.79679909239457,9.966884510422341,41.37711426262588,,,,,,,,,,,,,,,,,,,
31,015,,,,,,,,,,,,,,,,,,,,,,
31,017,,,,,,,,,,,,,,,,,,,,,,
31,019,14.497960556103068,9.633789501124888,20.95358962064036,,,,,,,,,,,,,,,,,,,
31,021,42.46476513578127,20.36350547160442,78.0942150087681,,,,,,,,,,,,,,,,,,,
31,023,,,,,,,,,,,,,,,,,,,,,,
31,025,15.774883069892857,9.497510093483697,24.634433982930297,,,,,,,,,,,,,,,,,,,
31,027,,,,,,,,,,,,,,,,,,,,,,
31,029,,,,,,,,,,,,,,,,,,,,,,
31,031,,,,,,,,,,,,,,,,,,,,,,
31,033,31.521924941015797,15.735631357738216,56.40143097295331,,,,,,,,,,,,,,,,,,,
31,035,,,,,,,,,,,,,,,,,,,,,,
31,037,,,,,,,,,,,,,,,,,,,,,,
31,039,,,,,,,,,,,,,,,,,,,,,,
31,041,,,,,,,,,,,,,,,,,,,,,,
31,043,,,,,,,,,,,,,,,,,,,,,,
31,045,,,,,,,,,,,,,,,,,,,,,,
31,047,32.82421107138669,19.45370777071599,51.876404862752594,,,,,,,,,,,,,,,,,,,
31,049,,,,,,,,,,,,,,,,,,,,,,
31,051,,,,,,,,,,,,,,,,,,,,,,
31,053,26.83596461219213,18.584685619043192,37.50057070987581,,,,,,,,,,,,,,,,,,,
31,055,15.46496370735771,13.710292807587042,17.219634607128377,10.275627336036472,7.073269046225534,14.430801217300331,,,,8.347201009746254,4.002807336648242,15.350799852352392,,,,,,,7.922683703490224,5.345401425130337,11.310123617833737,
31,057,,,,,,,,,,,,,,,,,,,,,,
31,059,,,,,,,,,,,,,,,,,,,,,,
31,061,,,,,,,,,,,,,,,,,,,,,,
31,063,,,,,,,,,,,,,,,,,,,,,,
31,065,,,,,,,,,,,,,,,,,,,,,,
31,067,14.463230633749793,7.473362321611468,25.264353250062044,,,,,,,,,,,,,,,,,,,
31,069,,,,,,,,,,,,,,,,,,,,,,
31,071,,,,,,,,,,,,,,,,,,,,,,
31,073,,,,,,,,,,,,,,,,,,,,,,
31,075,,,,,,,,,,,,,,,,,,,,,,
31,077,,,,,,,,,,,,,,,,,,,,,,
31,079,15.437077223751947,10.25782570663923,22.31087468040239,,,,,,,,,,,,,,,,,,,
31,081,,,,,,,,,,,,,,,,,,,,,,
31,083,,,,,,,,,,,,,,,,,,,,,,
31,085,,,,,,,,,,,,,,,,,,,,,,
31,087,,,,,,,,,,,,,,,,,,,,,,
31,089,31.26129198251412,16.153165744439537,54.60718588394683,,,,,,,,,,,,,,,,,,,
31,091,,,,,,,,,,,,,,,,,,,,,,
31,093,,,,,,,,,,,,,,,,,,,,,,
31,095,,,,,,,,,,,,,,,,,,,,,,
31,097,,,,,,,,,,,,,,,,,,,,,,
31,099,,,,,,,,,,,,,,,,,,,,,,
31,101,29.38834816812753,13.438224158611094,55.78823913492594,,,,,,,,,,,,,,,,,,,
31,103,,,,,,,,,,,,,,,,,,,,,,
31,105,,,,,,,,,,,,,,,,,,,,,,
31,107,,,,,,,,,,,,,,,,,,,,,,
31,109,15.144460185298922,12.97442409478628,17.314496275811564,13.440549885990846,6.709474077074777,24.04885640872982,,,,,,,,,,,,,,,,
31,111,26.55048594972925,18.879990983263053,36.29538832563262,,,,,,,,,,,,,,,,,,,
31,113,,,,,,,,,,,,,,,,,,,,,,
31,115,,,,,,,,,,,,,,,,,,,,,,
31,117,,,,,,,,,,,,,,,,,,,,,,
31,119,13.744298560700793,8.27496557215342,21.463424738879365,,,,,,,,,,,,,,,,,,,
31,121,,,,,,,,,,,,,,,,,,,,,,
31,123,,,,,,,,,,,,,,,,,,,,,,
31,125,,,,,,,,,,,,,,,,,,,,,,
31,127,,,,,,,,,,,,,,,,,,,,,,
31,129,,,,,,,,,,,,,,,,,,,,,,
31,131,,,,,,,,,,,,,,,,,,,,,,
31,133,,,,,,,,,,,,,,,,,,,,,,
31,135,,,,,,,,,,,,,,,,,,,,,,
31,137,,,,,,,,,,,,,,,,,,,,,,
31,139,,,,,,,,,,,,,,,,,,,,,,
31,141,21.449289094852553,13.880848965109381,31.663381960244653,,,,,,,,,,,,,,,,,,,
31,143,,,,,,,,,,,,,,,,,,,,,,
31,145,,,,,,,,,,,,,,,,,,,,,,
31,147,,,,,,,,,,,,,,,,,,,,,,
31,149,,,,,,,,,,,,,,,,,,,,,,
31,151,,,,,,,,,,,,,,,,,,,,,,
31,153,13.177175329570003,10.590492461079915,15.763858198060092,,,,,,,,,,,,,,,,,,,
31,155,12.610110831313882,6.29492189303407,22.562971548993268,,,,,,,,,,,,,,,,,,,
31,157,27.674682962893257,18.671992381156205,39.50733073652688,,,,,,,,,,,,,,,,,,,
31,159,,,,,,,,,,,,,,,,,,,,,,
31,161,,,,,,,,,,,,,,,,,,,,,,
31,163,,,,,,,,,,,,,,,,,,,,,,
31,165,,,,,,,,,,,,,,,,,,,,,,
31,167,,,,,,,,,,,,,,,,,,,,,,
31,169,,,,,,,,,,,,,,,,,,,,,,
31,171,,,,,,,,,,,,,,,,,,,,,,
31,173,,,,,,,,,,,,,,,,,,,,,,
31,175,,,,,,,,,,,,,,,,,,,,,,
31,177,11.178903821587015,5.360718902119005,20.55840214384584,,,,,,,,,,,,,,,,,,,
31,179,,,,,,,,,,,,,,,,,,,,,,
31,181,,,,,,,,,,,,,,,,,,,,,,
31,183,,,,,,,,,,,,,,,,,,,,,,
31,185,19.142093512606724,9.17937788506643,35.20299150864364,,,,,,,,,,,,,,,,,,,
32,000,27.642674151691196,26.42963606220832,28.85571224117407,14.907959054906081,12.954102798511064,16.8618153113011,19.464417312566074,12.596344602135504,28.733319658099138,10.289522796734593,8.575340296218485,12.0037052972507,14.830925897205137,8.639560871846848,23.74574905581821,16.033887488169874,12.450941019978352,20.326772973324886,10.68890766271953,9.725492635693303,11.652322689745755,
32,001,24.38900871934516,15.284461917585734,36.92525229835688,,,,,,,,,,,,,,,,,,,
32,003,25.521902457873257,24.065900040115896,26.977904875630617,14.821635684282752,12.807915195510361,16.835356173055143,,,,10.495603317383152,8.652355739997157,12.338850894769147,16.380543321456575,9.16806574989419,27.01721513377942,15.154624749426587,11.135048247905504,20.152438246128288,10.321978863477494,9.264567513774997,11.37939021317999,
32,005,22.129615364793676,15.660232919977544,30.374626062949435,,,,,,,,,,,,,,,,,,,
32,007,44.707191918688245,35.16504249034006,56.04085220385716,,,,,,,,,,,,,,,,22.347657725440875,11.547360852551035,39.03686066994813,
32,009,,,,,,,,,,,,,,,,,,,,,,
32,011,,,,,,,,,,,,,,,,,,,,,,
32,013,44.25562684011836,27.734765724206767,67.00355088220992,,,,,,,,,,,,,,,,,,,
32,015,,,,,,,,,,,,,,,,,,,,,,
32,017,,,,,,,,,,,,,,,,,,,,,,
32,019,35.754021749047304,27.92418762075764,45.09883342550993,,,,,,,,,,,,,,,,,,,
32,021,,,,,,,,,,,,,,,,,,,,,,
32,023,37.35389522565498,28.216731020906636,48.50713999921458,,,,,,,,,,,,,,,,,,,
32,027,,,,,,,,,,,,,,,,,,,,,,
32,029,,,,,,,,,,,,,,,,,,,,,,
32,031,27.387503007964334,24.729516371322696,30.045489644605972,17.50697761347552,8.739420147383578,31.32481887635821,,,,,,,,,,,,,9.379509902127145,7.046176514180516,12.238225831791105,
32,033,39.68312407753365,19.809672562063156,71.00407058383249,,,,,,,,,,,,,,,,,,,
32,510,46.686195547226994,37.01924953247662,58.105011613323875,,,,,,,,,,,,,,,,14.689305788630492,7.332848524431857,26.283225660499514,
33,000,16.90602099056353,15.857188669481673,17.954853311645387,10.253590045218523,5.118555207108922,18.346504924509137,,,,,,,,,,10.613347268886633,5.089512552134701,19.51832350724022,7.575840139268106,4.489922998193659,11.973093561500828,
33,001,15.564073298144542,11.217215036862108,21.038105653712886,,,,,,,,,,,,,,,,,,,
33,003,22.639774884683863,16.513607154135418,30.29380004135428,,,,,,,,,,,,,,,,,,,
33,005,19.1187629201938,14.589630253851523,24.609637665321543,,,,,,,,,,,,,,,,,,,
33,007,26.57204054355381,18.2909700522738,37.31702430247701,,,,,,,,,,,,,,,,,,,
33,009,19.39036175399614,15.198948308444082,24.380468743776913,,,,,,,,,,,,,,,,,,,
33,011,18.088032112272067,16.0648904849907,20.111173739553436,,,,,,,,,,,,,,,,9.617871295949346,4.801206697954715,17.209028478441493,
33,013,19.63970637567827,16.375013620134965,22.904399131221574,,,,,,,,,,,,,,,,,,,
33,015,12.868284568364766,10.98100982530145,14.755559311428081,,,,,,,,,,,,,,,,,,,
33,017,13.954020475454616,11.04752941835944,17.39087296196728,,,,,,,,,,,,,,,,,,,
33,019,17.371391053314966,11.957666292196082,24.395891653177788,,,,,,,,,,,,,,,,,,,
34,000,9.22022316965403,8.834933979931376,9.605512359376684,4.793268042105748,4.241525949242244,5.345010134969251,,,,4.871240830132615,4.244874645729595,5.497607014535635,,,,2.894537225680072,1.6861746009938805,4.634434496545886,4.27385194322393,3.865294241725457,4.682409644722402,
34,001,15.388328512014013,12.491887026584488,18.28476999744354,13.216682041801658,8.378242674325698,19.83151239315204,,,,,,,,,,,,,6.2195591714959395,3.686104940094969,9.82958490446786,
34,003,7.46728087982429,6.383094929863425,8.551466829785154,5.308155465662938,2.902017987853433,8.90618291030165,,,,5.7306810115022495,4.22535179117522,7.59805161669259,,,,,,,4.701726159526622,3.478362896187723,6.215931327226887,
34,005,10.585152361450666,8.909464246057816,12.260840476843516,6.91570293402848,4.595434375816114,9.995116254947346,,,,,,,,,,,,,6.652992918467759,3.7236296326139877,10.973100063555847,
34,007,9.424175126061094,7.843947120974392,11.004403131147797,5.201618184831419,3.3662130282508405,7.678614553113416,,,,6.694102280893175,3.3416717399154843,11.977598082229267,,,,,,,5.405732159980607,3.463554595363842,8.043300958274907,
34,009,13.910190279185242,10.025241630280117,18.802536273819552,,,,,,,,,,,,,,,,,,,
34,011,14.008577016163946,10.29297548033235,18.62843771470209,,,,,,,,,,,,,,,,4.407425004728839,2.2001706825032397,7.886100789778459,
34,013,5.266226592631408,4.089431009857947,6.676197051618651,3.324817367197327,2.504707455615955,4.327706813213963,,,,6.710754037035528,3.909261525599442,10.74456729426409,,,,,,,5.308681587224573,3.988044995046189,6.926677919364585,
34,015,9.465946405850492,7.711950383162128,11.219942428538856,,,,,,,,,,,,,,,,,,,
34,017,9.324145633331044,7.488054586077047,11.474163538653203,3.0542392384910397,1.5781699831891864,5.335141296259095,,,,4.6515019867280785,2.948653249102714,6.979536846298716,,,,,,,4.592077784209489,3.56592808154171,5.821552799615487,
34,019,12.149582950024588,9.336073130763321,15.544594388671817,,,,,,,,,,,,,,,,,,,
34,021,10.245450429905718,8.064829389039637,12.426071470771799,6.1084951880388845,3.828161412779341,9.248335124121885,,,,5.8469574894938265,3.196586068077096,9.810201153120635,,,,,,,4.097361900150693,2.1816726470224737,7.006613635409974,
34,023,8.733541045169204,7.305953772676376,10.161128317662032,5.0177976720512625,3.14462708637209,7.597005977353864,,,,3.840410236348934,2.790447956888113,5.155571489431882,,,,,,,3.2336655722918786,2.2118248576544084,4.5649709511366,
34,025,8.014120654664161,6.857684237471246,9.170557071857075,,,,,,,5.832376046991465,2.7968510167336444,10.725947207510925,,,,,,,4.7995540099187615,2.889645042150743,7.495098117748213,
34,027,8.786218436057199,7.354113317424384,10.218323554690015,,,,,,,6.680355760440014,3.8915534092710016,10.695896708707293,,,,,,,4.1324921947102045,2.3620763504570785,6.710908422943414,
34,029,9.157998819443101,7.949272136141358,10.366725502744844,,,,,,,,,,,,,,,,4.586362330929804,2.442044781632735,7.842819264669195,
34,031,7.538386761716226,5.8875426034445635,9.508649159804467,,,,,,,,,,,,,,,,3.5799055840282676,2.545662827993398,4.893848782558032,
34,033,12.569158260220515,8.480358296680851,17.94325496454996,,,,,,,,,,,,,,,,,,,
34,035,9.016618014126522,7.067589189533901,11.33704344750985,,,,,,,3.865399719423277,1.9973084404598176,6.752075413657529,,,,,,,,,,
34,037,11.680824135582927,9.05247826376201,14.834233748620195,,,,,,,,,,,,,,,,,,,
34,039,10.018074690787085,8.091372061746252,11.944777319827917,4.963513295077647,3.324142753067647,7.128433046584558,,,,,,,,,,,,,3.458142256138169,2.365366743231387,4.881865051054146,
34,041,11.823225225917682,8.656086841467342,15.77052558329564,,,,,,,,,,,,,,,,,,,
35,000,29.18323566176505,27.355887361083727,31.010583962446372,18.49572397013903,13.15226781333952,25.284263539694393,31.393463945822372,27.83933921894862,34.94758867269613,8.812330009628933,5.133506975133585,14.109394009253228,,,,13.872095647328418,8.081006917293067,22.210568942418096,18.57769983935712,17.387419640098084,19.767980038616155,
35,001,27.16183323618736,24.148515450436367,30.17515102193835,16.34946303509261,9.150670349551326,26.965952927963894,30.256014872523316,22.456597415486392,39.88878369149138,12.024953833086528,6.402781472241462,20.5630372774689,,,,,,,18.958395797504835,16.878491523226412,21.038300071783258,
35,003,76.29287832205114,30.673693977668826,157.19248806411494,,,,,,,,,,,,,,,,,,,
35,005,44.41376226357915,32.74720221847597,58.886205233350815,,,,,,,,,,,,,,,,16.20684798170079,10.76933278499714,23.423407750251272,
35,006,51.98872897517127,24.930616325382907,95.60912360253657,,,,36.75588559631573,22.12944418663838,57.39886839064401,,,,,,,,,,21.721090039984627,10.41610696454171,39.94585794560435,
35,007,,,,,,,,,,,,,,,,,,,41.954816609498494,21.678665963321816,73.28662137838914,
35,009,25.937628294648498,16.25497356059388,39.26988094605148,,,,,,,,,,,,,,,,19.5125328570173,11.747819425213196,30.471237116384895,
35,011,,,,,,,,,,,,,,,,,,,,,,
35,013,24.974660001672632,19.19121447630377,31.95343916888943,,,,,,,,,,,,,,,,13.641436010309976,10.963318699178101,16.319553321441852,
35,015,34.15473720046477,24.61573036608614,46.16728256373845,,,,,,,,,,,,,,,,12.131490103474448,7.1898898889926866,19.172984563973856,
35,017,23.244404718042617,12.010723109313359,40.603297199291326,,,,,,,,,,,,,,,,32.10132326414702,19.025278641910116,50.73393047160408,
35,019,,,,,,,,,,,,,,,,,,,,,,
35,021,,,,,,,,,,,,,,,,,,,,,,
35,023,,,,,,,,,,,,,,,,,,,,,,
35,025,33.45524451267549,23.16872937348478,46.75035090386823,,,,,,,,,,,,,,,,12.868175061146538,8.550808875702483,18.598095804883243,
35,027,44.8509013838648,26.5814866617005,70.88376057504028,,,,,,,,,,,,,,,,,,,
35,028,13.882861643456218,6.65737177950005,25.531076850523196,,,,,,,,,,,,,,,,,,,
35,029,26.53043539670655,12.131404454815556,50.363030470367264,,,,,,,,,,,,,,,,,,,
35,031,,,,,,,29.961436263336722,23.793705194785378,37.23932960389941,,,,,,,,,,,,,
35,033,,,,,,,,,,,,,,,,,,,,,,
35,035,25.004862940064882,17.943921356856507,33.921920033238834,,,,67.0813295143773,37.54491090491142,110.64045162506383,,,,,,,,,,16.59764518331383,10.401655870693048,25.129034271341492,
35,037,51.41481814077265,20.671423496571993,105.93417583219004,,,,,,,,,,,,,,,,,,,
35,039,,,,,,,,,,,,,,,,,,,22.70043327667433,14.959728568764474,33.027938598708786,
35,041,27.50483409198593,14.212149136691849,48.045409921263335,,,,,,,,,,,,,,,,,,,
35,043,24.98299402634591,19.3218457700872,31.7844939449132,,,,33.758668027138725,22.7768315556095,48.192597716875575,,,,,,,,,,20.161887356264884,15.45800342589116,25.846629663860412,
35,045,38.99155034917685,30.821202504172774,48.66321947880122,,,,33.60496826434038,26.605369839923537,41.88181714396155,,,,,,,,,,29.143860065586544,20.18297031135002,40.72562327987726,
35,047,,,,,,,,,,,,,,,,,,,22.462640064776984,14.07721693773447,34.00870700501927,
35,049,28.56775157270833,21.63693606099943,37.01283572239784,,,,,,,,,,,,,,,,18.856555470670447,14.727126266802586,23.78497893522466,
35,051,65.93556019664003,34.06986611124512,115.17615439675508,,,,,,,,,,,,,,,,,,,
35,053,56.83041853919165,29.36510655103144,99.2713042943965,,,,,,,,,,,,,,,,36.334688135960654,19.86451211455496,60.96343270669785,
35,055,32.714308761547564,18.30995027468587,53.95727726600358,,,,,,,,,,,,,,,,30.439132099584643,19.69860135852916,44.93416364269101,
35,057,34.51275368049632,15.781428668128843,65.51595702205813,,,,,,,,,,,,,,,,,,,
35,059,,,,,,,,,,,,,,,,,,,,,,
35,061,25.93110789160167,16.939060603131228,37.99508118232964,,,,,,,,,,,,,,,,19.81800851676743,14.39979532701681,26.604751419343184,
36,000,10.42836418274065,10.150093374630972,10.706634990850327,5.181291630985553,4.803160309589368,5.559422952381738,5.512114838172239,3.0850888316466905,9.09139516940973,5.612163170606612,5.13554121019618,6.088785131017044,,,,4.16943058465619,3.1660234484812637,5.389955888890287,5.116925392182173,4.79575745324669,5.438093331117656,
36,001,9.32347406052372,7.519843058556291,11.127105062491149,7.639233109153683,4.176439827276381,12.817335099671572,,,,,,,,,,,,,,,,
36,003,21.36387317982555,15.042138296397653,29.447285003100703,,,,,,,,,,,,,,,,,,,
36,005,12.442151465249498,9.642496487084117,15.801092545259642,5.74082082111625,4.690657061676599,6.790984580555901,,,,4.032148476253893,2.1469492453309855,6.895096694455774,,,,,,,4.94474682597617,4.234093353981084,5.655400297971257,
36,007,11.233644189489011,8.921135013640628,13.962394023721012,,,,,,,,,,,,,,,,,,,
36,009,13.523726409308825,9.704859559596184,18.346461922529688,,,,,,,,,,,,,,,,,,,
36,011,15.93475968457111,11.749033882711133,21.127179534151935,,,,,,,,,,,,,,,,,,,
36,013,12.481275119264208,9.612102713725546,15.938309684566104,,,,,,,,,,,,,,,,,,,
36,015,17.880350894647435,13.57730007734251,23.114499844341847,,,,,,,,,,,,,,,,,,,
36,017,17.84063124903651,12.426653346967298,24.811999293584122,,,,,,,,,,,,,,,,,,,
36,019,12.55020756409559,9.00624562838626,17.02577368291286,,,,,,,,,,,,,,,,,,,
36,021,12.03811589974094,7.933194232221966,17.514826608588514,,,,,,,,,,,,,,,,,,,
36,023,10.153919388944674,6.113322771246181,15.856602914055859,,,,,,,,,,,,,,,,,,,
36,025,21.534153158856334,15.08225613237078,29.81234491006049,,,,,,,,,,,,,,,,,,,
36,027,14.227275063688785,11.829811285900629,16.62473884147694,5.940914722381556,2.8488995304395273,10.925553695986203,,,,,,,,,,,,,5.388381650160901,2.784255428023602,9.412418352656983,
36,029,10.13394009748008,9.057474080292204,11.210406114667956,4.378436939034369,2.8601403753100723,6.415424579842214,,,,7.80767194796202,4.268526907852099,13.099946850086555,,,,,,,6.943030872018373,4.044571341646219,11.116465008082601,
36,031,13.316084230330901,8.01715257240926,20.794715018160435,,,,,,,,,,,,,,,,,,,
36,033,18.65919165504267,12.922032646327725,26.074350080606028,,,,,,,,,,,,,,,,,,,
36,035,16.060615114888922,11.1868068896142,22.33642774869142,,,,,,,,,,,,,,,,,,,
36,037,14.100030778811128,9.705812404156468,19.801685548993866,,,,,,,,,,,,,,,,,,,
36,039,9.776196773696986,5.793993791074021,15.450605674795135,,,,,,,,,,,,,,,,,,,
36,041,,,,,,,,,,,,,,,,,,,,,,
36,043,16.695516132059595,11.92752149845208,22.734554351966374,,,,,,,,,,,,,,,,,,,
36,045,13.456970599520007,10.293516222620468,17.286041703000198,,,,,,,,,,,,,,,,,,,
36,047,6.549905819658294,5.813165387029784,7.286646252286804,4.339277802411313,3.6530281304145964,5.025527474408029,,,,4.800553019706024,3.782289771983697,6.0086079527324,,,,,,,4.957453501315659,4.071423724282902,5.843483278348416,
36,049,21.824145458489742,13.834636123703316,32.74693374336433,,,,,,,,,,,,,,,,,,,
36,051,13.218920606566108,9.154486795846726,18.472116582295403,,,,,,,,,,,,,,,,,,,
36,053,16.871188814037254,12.439482799961404,22.368748703117618,,,,,,,,,,,,,,,,,,,
36,055,10.353556782241284,9.093722228649757,11.613391335832812,7.704970997695189,5.553065375516857,10.4148824541728,,,,9.006970966570998,4.654033331691984,15.733365661853213,,,,,,,7.795990652942739,5.045154098504471,11.508420102457476,
36,057,16.502429426907767,11.051935982898902,23.70024139803549,,,,,,,,,,,,,,,,,,,
36,059,7.38259134096108,6.489086368582161,8.27609631334,4.722173953336041,3.341691338907871,6.481552691827329,,,,4.321158134005873,3.0098449678802144,6.009684919316365,,,,,,,2.3578633975580483,1.5667831041876574,3.407769101231434,
36,061,8.245066560148306,7.333271308186628,9.156861812109984,6.431400747207657,4.984247240936191,8.167651606405066,,,,7.3268707420627255,5.827277736586757,9.0945784844275,,,,,,,6.5593784241694495,5.46436275981437,7.654394088524529,
36,063,15.295881929886235,12.654313292044703,17.937450567727765,,,,,,,,,,,,,,,,,,,
36,065,12.904160898455423,10.458671673892363,15.349650123018483,,,,,,,,,,,,,,,,,,,
36,067,12.324044639264775,10.64353405716073,14.00455522136882,8.437674469400356,5.153950770534615,13.031303881529379,,,,,,,,,,,,,6.781358680281838,3.251925075984309,12.47116005790108,
36,069,11.390335091611025,8.454126250846322,15.016736822650294,,,,,,,,,,,,,,,,,,,
36,071,10.884019420010228,8.978602813995185,12.789436026025271,5.824787182286071,3.1014538573840067,9.960563477018187,,,,,,,,,,,,,4.64593221605901,2.911580984909552,7.033997208052553,
36,073,9.570211168407024,5.671913666693573,15.12505961269233,,,,,,,,,,,,,,,,,,,
36,075,13.411209941293889,10.414329282826786,17.001904246578583,,,,,,,,,,,,,,,,,,,
36,077,16.699671907975826,11.565008257981376,23.336117641631457,,,,,,,,,,,,,,,,,,,
36,079,11.353565708083819,8.111153796989706,15.460334058400333,,,,,,,,,,,,,,,,,,,
36,081,9.482978523506764,8.32861670493123,10.637340342082299,3.5532070868639134,2.764607201773875,4.4968109785742705,,,,5.825870968405219,4.964132220433385,6.687609716377054,,,,,,,4.699739518035431,3.9498876799310727,5.449591356139789,
36,083,10.585779200198871,8.203833479768596,13.44356538924941,,,,,,,,,,,,,,,,,,,
36,085,7.231616824869206,5.80253613721967,8.660697512518741,7.443720647799915,4.254729512637404,12.088135981793753,,,,4.237079307700069,2.371461124224552,6.9884179632228935,,,,,,,4.13381891211378,2.449963075073634,6.533216077843675,
36,087,7.079043612099484,5.388895988661318,9.131450492798187,,,,,,,,,,,,,,,,3.4521071139113793,1.7232794333969557,6.17677319709522,
36,089,16.837763185799403,13.266242289025415,21.074971439564408,,,,,,,,,,,,,,,,,,,
36,091,10.467081754507646,8.438884529935173,12.495278979080119,,,,,,,,,,,,,,,,,,,
36,093,11.700707323599346,8.92887234767367,15.061129679975927,,,,,,,,,,,,,,,,,,,
36,095,16.396911498633774,10.015659523159734,25.323699940325522,,,,,,,,,,,,,,,,,,,
36,097,22.30019175476268,12.746486399178,36.2141142993217,,,,,,,,,,,,,,,,,,,
36,099,17.456664619763867,11.297032920296724,25.769480618363215,,,,,,,,,,,,,,,,,,,
36,101,13.206669621779028,9.863372558828706,17.318790148143012,,,,,,,,,,,,,,,,,,,
36,103,9.870888245156422,8.953518494352423,10.788257995960421,5.2044092795456764,3.536143604157391,7.387243543481075,,,,5.394236449165151,3.2476827178746017,8.42376841124679,,,,,,,5.431579619155768,4.3198964610496215,6.742022464957805,
36,105,16.860228055478345,12.20183064380528,22.710616544652893,,,,,,,,,,,,,,,,,,,
36,107,17.647139476086785,12.359839535763193,24.43107954401604,,,,,,,,,,,,,,,,,,,
36,109,11.66670507133623,8.372228985837149,15.827202789707538,,,,,,,,,,,,,,,,,,,
36,111,14.943905117664464,12.071722121363399,17.81608811396553,,,,,,,,,,,,,,,,,,,
36,113,14.768829384677359,10.451302668703768,20.27137221104868,,,,,,,,,,,,,,,,,,,
36,115,16.118109819934258,11.61651582940793,21.787002080640995,,,,,,,,,,,,,,,,,,,
36,117,14.70303552925289,11.106515029116027,19.093114614217328,,,,,,,,,,,,,,,,,,,
36,119,8.050638076770856,6.926584781367602,9.17469137217411,5.141192719719222,3.58102910295582,7.150154518032666,,,,5.396783572739654,3.084728112014628,8.764038412815678,,,,,,,5.391912486472113,4.226398671940949,6.779520439762909,
36,121,14.82131922902451,9.496298892697355,22.052948172359844,,,,,,,,,,,,,,,,,,,
36,123,16.176551263373455,9.246296755280513,26.26970578831588,,,,,,,,,,,,,,,,,,,
37,000,17.169174776236108,16.71730228624987,17.621047266222348,8.106067537596534,7.576409807003431,8.635725268189637,12.402482485917718,9.611753572973061,15.75071434376064,7.149861065903681,5.91053544941464,8.389186682392722,,,,5.2679593019489666,3.7803785468398847,7.146581631237121,7.41538232974326,6.633711339381255,8.197053320105265,
37,001,14.781205478921635,11.702419575379217,18.421792282792676,8.474536244292905,4.843929691956592,13.76211592974411,,,,,,,,,,,,,,,,
37,003,20.7548038517376,14.003179003410743,29.628773028466725,,,,,,,,,,,,,,,,,,,
37,005,28.063290753196426,13.457438725415601,51.60939086619476,,,,,,,,,,,,,,,,,,,
37,007,,,,,,,,,,,,,,,,,,,,,,
37,009,29.351598195632807,20.076471437636048,41.43569894196932,,,,,,,,,,,,,,,,,,,
37,011,19.98377700082456,11.422455221301623,32.45240186266365,,,,,,,,,,,,,,,,,,,
37,013,20.110426413680635,12.603097165753317,30.44742726930461,,,,,,,,,,,,,,,,,,,
37,015,,,,,,,,,,,,,,,,,,,,,,
37,017,16.80350695554288,8.388250129533237,30.066115550684746,,,,,,,,,,,,,,,,,,,
37,019,21.525780780338586,17.203512309989488,25.848049250687684,,,,,,,,,,,,,,,,,,,
37,021,17.408652318474875,14.979008702718172,19.838295934231578,13.512100066399043,6.479577191942028,24.84923310964505,,,,,,,,,,,,,,,,
37,023,16.829429214306987,12.746445338069515,21.80447758464646,,,,,,,,,,,,,,,,,,,
37,025,14.447386133963045,11.638651882355001,17.256120385571087,4.647775891363231,2.401573625242172,8.118729135973068,,,,,,,,,,,,,,,,
37,027,23.233319481013353,18.17864160866334,29.25852078637266,,,,,,,,,,,,,,,,,,,
37,029,35.42389376743718,19.826484433622092,58.42632567244393,,,,,,,,,,,,,,,,,,,
37,031,21.374908065893553,15.963803722093928,28.03034813701905,,,,,,,,,,,,,,,,,,,
37,033,,,,,,,,,,,,,,,,,,,,,,
37,035,19.300737107687844,15.732924527599376,22.868549687776312,16.41062953956761,8.192127139007253,29.363149329572764,,,,,,,,,,,,,,,,
37,037,13.239151559799815,9.055569866325138,18.689731803448794,,,,,,,,,,,,,,,,,,,
37,039,30.970894090083245,21.44824448543877,43.27872020093446,,,,,,,,,,,,,,,,,,,
37,041,,,,,,,,,,,,,,,,,,,,,,
37,043,29.70813203938349,15.350625337502853,51.89412803050064,,,,,,,,,,,,,,,,,,,
37,045,26.045591785230002,20.804293641374382,32.20577758719809,10.227690237757535,4.904575015368653,18.809086495983056,,,,,,,,,,,,,,,,
37,047,15.869766064557153,10.06007036055728,23.81244107940929,,,,,,,,,,,,,,,,,,,
37,049,25.167390077593193,19.795748815071065,31.5475413946912,,,,,,,,,,,,,,,,,,,
37,051,23.01276164300857,19.45406353514271,26.571459750874432,11.547463843966039,8.96705751226177,14.639161971615323,,,,,,,,,,,,,14.87583064017206,10.107405192269008,21.115054168092264,
37,053,15.741762604345109,9.865278815163268,23.833217761131277,,,,,,,,,,,,,,,,,,,
37,055,17.236561245875997,11.154593621906097,25.444564619174102,,,,,,,,,,,,,,,,,,,
37,057,21.932630420558326,18.14565925580541,25.719601585311242,13.702736283221364,6.840356581920307,24.517980296725725,,,,,,,,,,,,,,,,
37,059,13.188376337005153,8.360299285576321,19.789039937985653,,,,,,,,,,,,,,,,,,,
37,061,20.566117526332427,13.037154329607183,30.859274159165974,,,,,,,,,,,,,,,,,,,
37,063,12.04521484529483,9.647723311457138,14.857728011182028,4.814619103535839,3.1728643269947394,7.0050180183630575,,,,,,,,,,,,,6.408418781515671,3.5867433447603205,10.569712218322554,
37,065,17.552350285524316,9.345887290912025,30.01505354933958,9.382677974281599,4.848166625040555,16.389650194796697,,,,,,,,,,,,,,,,
37,067,16.756601997431734,14.279552721764563,19.233651273098904,8.32398383293606,5.973434512797297,11.292423982312666,,,,,,,,,,,,,8.215071588372888,5.017979147742645,12.687511785959352,
37,069,20.053427845323327,14.62710787621393,26.833064214827054,16.127036772209024,8.816801072701695,27.058427399792865,,,,,,,,,,,,,,,,
37,071,21.0152283584639,17.796991491862876,24.233465225064926,6.4927911124172315,3.5496693195018354,10.89380023242158,,,,,,,,,,,,,,,,
37,073,,,,,,,,,,,,,,,,,,,,,,
37,075,,,,,,,,,,,,,,,,,,,,,,
37,077,24.169362232992604,17.266946727350568,32.911811470338094,,,,,,,,,,,,,,,,,,,
37,079,,,,,,,,,,,,,,,,,,,,,,
37,081,16.556828008764537,14.274073856004685,18.83958216152439,8.222667901973333,6.499677757404991,10.262261675457324,,,,,,,,,,,,,6.295480439331135,3.35207819300722,10.765463281642765,
37,083,25.826449066079192,15.986979026349939,39.47847082428277,8.466870452449879,4.060193485929585,15.570876218219343,,,,,,,,,,,,,,,,
37,085,19.135050726474766,15.149399858942303,23.847982514450244,9.375212831163847,5.125516095371916,15.730014095757872,,,,,,,,,,,,,,,,
37,087,19.343753460263844,14.310615298777622,25.573467922239313,,,,,,,,,,,,,,,,,,,
37,089,24.16337555966033,19.228614390618418,29.098136728702244,,,,,,,,,,,,,,,,,,,
37,091,,,,,,,,,,,,,,,,,,,,,,
37,093,17.949404708584012,10.637954804144373,28.36779789414645,,,,,,,,,,,,,,,,,,,
37,095,,,,,,,,,,,,,,,,,,,,,,
37,097,15.55810312062201,12.685901093820664,18.430305147423354,10.580447319942293,5.467071524265072,18.481912195393857,,,,,,,,,,,,,13.936446380409471,6.372630722999198,26.45571635783755,
37,099,21.59842278935662,14.773305199204572,30.490528602776667,,,,,,,,,,,,,,,,,,,
37,101,14.917691051089713,12.143541584430807,17.69184051774862,9.30245716897585,5.419024107204284,14.894135070732482,,,,,,,,,,,,,9.966864341939736,5.448977481896671,16.722704797492675,
37,103,,,,,,,,,,,,,,,,,,,,,,
37,105,13.7328121782301,8.705424906663099,20.605961015331694,,,,,,,,,,,,,,,,,,,
37,107,14.007495426419588,8.301729538375634,22.137881768848843,,,,,,,,,,,,,,,,,,,
37,109,16.963560648608386,12.975779759531086,21.790403318089798,,,,,,,,,,,,,,,,,,,
37,111,19.864356737048034,13.912751246952451,27.500642820393654,,,,,,,,,,,,,,,,,,,
37,113,20.886234775879657,14.191183196895674,29.64634307339025,,,,,,,,,,,,,,,,,,,
37,115,17.895015399695637,10.228547490251334,29.060383883663,,,,,,,,,,,,,,,,,,,
37,117,17.829391122420066,8.152732951982625,33.84573810944718,,,,,,,,,,,,,,,,,,,
37,119,13.563696793064823,12.161130128654406,14.96626345747524,8.217678121179166,6.8952057742594945,9.540150468098837,,,,6.721182464772723,4.2606531329259525,10.085073767016837,,,,,,,6.302830583460667,4.390152437546694,8.765711582814768,
37,121,18.20917793469012,9.089956017721267,32.58124921873992,,,,,,,,,,,,,,,,,,,
37,123,23.33836180430204,13.831792313324025,36.884673424756464,,,,,,,,,,,,,,,,,,,
37,125,22.88954421239852,18.12186770860197,28.527201623028084,,,,,,,,,,,,,,,,,,,
37,127,19.57180806128348,13.917468795969642,26.75530591658624,7.644953410973704,4.278822390150875,12.609188043320113,,,,,,,,,,,,,,,,
37,129,15.316297771353234,12.79115974852121,17.84143579418526,9.508325313385626,4.746521738150722,17.013020455914525,,,,,,,,,,,,,,,,
37,131,39.17675563859976,18.786777114048387,72.04744847649772,,,,,,,,,,,,,,,,,,,
37,133,23.773327481085023,19.818058944113332,27.728596018056713,10.440700623301531,5.843580881960518,17.220347906142567,,,,,,,,,,,,,14.435175334860663,8.555199757054305,22.813800408102733,
37,135,11.535769945926003,8.71399664524666,14.980156805211815,,,,,,,,,,,,,,,,,,,
37,137,19.429552542346208,7.811687826106153,40.03230410591407,,,,,,,,,,,,,,,,,,,
37,139,15.1036668802421,8.798442545285676,24.182433790495047,,,,,,,,,,,,,,,,,,,
37,141,17.306266807120355,12.47283487696764,23.393045161445443,,,,,,,,,,,,,,,,,,,
37,143,26.94123556223357,12.9193696474976,49.54589142013464,,,,,,,,,,,,,,,,,,,
37,145,16.54399824591588,10.368035620641487,25.047812163413745,,,,,,,,,,,,,,,,,,,
37,147,16.2307278282241,12.62847504999884,20.54102485555591,7.17611031538425,4.497230129114886,10.864717257090694,,,,,,,,,,,,,,,,
37,149,27.62649925472108,16.09345388423614,44.232701527891784,,,,,,,,,,,,,,,,,,,
37,151,20.89817844208893,16.945586650330785,24.850770233847076,,,,,,,,,,,,,,,,,,,
37,153,13.853824829509955,7.574014950367945,23.244364023819085,,,,,,,,,,,,,,,,,,,
37,155,16.7404443757022,10.612005722168721,25.118886045196476,7.672425607909898,3.6792263032088144,14.109863863535773,13.732335128337454,9.265148845087046,19.60376226992323,,,,,,,,,,,,,
37,157,18.735430827885473,14.034123340927898,24.50640481364479,,,,,,,,,,,,,,,,,,,
37,159,23.688233322321956,19.42882344362311,27.947643201020803,,,,,,,,,,,,,,,,,,,
37,161,18.930107513321083,13.859217888738337,25.250110619473173,,,,,,,,,,,,,,,,,,,
37,163,19.367856307769895,12.651726764682703,28.37839693612719,,,,,,,,,,,,,,,,,,,
37,165,22.03969937888513,12.335452435747015,36.351132433024574,,,,,,,,,,,,,,,,,,,
37,167,19.188168341940116,14.098744364126901,25.516196142164016,,,,,,,,,,,,,,,,,,,
37,169,19.778164073435267,13.852382965007527,27.381315842574523,,,,,,,,,,,,,,,,,,,
37,171,18.694799349317265,13.784069250714051,24.786591704323108,,,,,,,,,,,,,,,,,,,
37,173,34.945310897769055,19.10492664965513,58.632293783810496,,,,,,,,,,,,,,,,,,,
37,175,20.815170335345574,13.195032446522992,31.232975656476132,,,,,,,,,,,,,,,,,,,
37,177,,,,,,,,,,,,,,,,,,,,,,
37,179,11.497741773447085,9.161503356388643,13.833980190505528,,,,,,,,,,,,,,,,,,,
37,181,17.982951212865267,9.292053305988198,31.412596772141015,,,,,,,,,,,,,,,,,,,
37,183,11.590743356381477,10.471734833945114,12.70975187881784,7.274543515904777,5.8024608053717115,9.00637986812791,,,,5.866924821745425,3.832470078987523,8.596404203965296,,,,,,,4.129848737199888,2.6726203519526677,6.096471422699755,
37,185,,,,,,,,,,,,,,,,,,,,,,
37,187,,,,,,,,,,,,,,,,,,,,,,
37,189,13.930894345244273,9.18054715453967,20.268719872083178,,,,,,,,,,,,,,,,,,,
37,191,21.118884571408735,16.036454475320813,27.301055612092675,7.066090897815991,3.651152278080538,12.343038776059911,,,,,,,,,,,,,,,,
37,193,20.60092506667836,15.33874184484034,27.086411906705244,,,,,,,,,,,,,,,,,,,
37,195,23.73224423225811,17.03066820026513,32.19546905678277,8.513124822621776,4.398855822716151,14.870715832927726,,,,,,,,,,,,,,,,
37,197,26.746979979266147,19.01971744676153,36.56400213252164,,,,,,,,,,,,,,,,,,,
37,199,26.609194252779247,16.25358713704479,41.09574238827612,,,,,,,,,,,,,,,,,,,
38,000,18.98122581024959,17.42123371103033,20.541217909468852,7.712833093201587,4.106758787860252,13.189179485580713,38.55988813403106,29.94326193494974,48.88384632582432,,,,,,,21.717019231059453,10.841057754192175,38.85774626362103,15.059271612626805,9.92415488384905,21.910449554026453,
38,001,,,,,,,,,,,,,,,,,,,,,,
38,003,,,,,,,,,,,,,,,,,,,,,,
38,005,,,,,,,102.56197130391266,51.19856654633883,183.51169720034352,,,,,,,,,,,,,
38,007,,,,,,,,,,,,,,,,,,,,,,
38,009,,,,,,,,,,,,,,,,,,,,,,
38,011,,,,,,,,,,,,,,,,,,,,,,
38,013,,,,,,,,,,,,,,,,,,,,,,
38,015,15.012847310390255,11.510263947798666,19.245792706562618,,,,,,,,,,,,,,,,,,,
38,017,16.321659329911505,13.423582239366233,19.219736420456776,,,,,,,,,,,,,,,,,,,
38,019,,,,,,,,,,,,,,,,,,,,,,
38,021,,,,,,,,,,,,,,,,,,,,,,
38,023,,,,,,,,,,,,,,,,,,,,,,
38,025,,,,,,,,,,,,,,,,,,,,,,
38,027,,,,,,,,,,,,,,,,,,,,,,
38,029,,,,,,,,,,,,,,,,,,,,,,
38,031,,,,,,,,,,,,,,,,,,,,,,
38,033,,,,,,,,,,,,,,,,,,,,,,
38,035,13.319899488271245,9.224417606897205,18.613224448113172,,,,,,,,,,,,,,,,,,,
38,037,,,,,,,,,,,,,,,,,,,,,,
38,039,,,,,,,,,,,,,,,,,,,,,,
38,041,,,,,,,,,,,,,,,,,,,,,,
38,043,,,,,,,,,,,,,,,,,,,,,,
38,045,,,,,,,,,,,,,,,,,,,,,,
38,047,,,,,,,,,,,,,,,,,,,,,,
38,049,,,,,,,,,,,,,,,,,,,,,,
38,051,,,,,,,,,,,,,,,,,,,,,,
38,053,35.25888023614522,20.89664701902203,55.72423179218554,,,,,,,,,,,,,,,,,,,
38,055,19.833006187071994,8.562484366320172,39.07892866651007,,,,,,,,,,,,,,,,,,,
38,057,29.68627200275319,13.574453906842898,56.353791374711776,,,,,,,,,,,,,,,,,,,
38,059,19.856606612639236,13.298281085975669,28.51739934109569,,,,,,,,,,,,,,,,,,,
38,061,,,,,,,,,,,,,,,,,,,,,,
38,063,,,,,,,,,,,,,,,,,,,,,,
38,065,,,,,,,,,,,,,,,,,,,,,,
38,067,,,,,,,,,,,,,,,,,,,,,,
38,069,,,,,,,,,,,,,,,,,,,,,,
38,071,,,,,,,,,,,,,,,,,,,,,,
38,073,,,,,,,,,,,,,,,,,,,,,,
38,075,,,,,,,,,,,,,,,,,,,,,,
38,077,19.411788765793784,10.335959969401992,33.19474998025111,,,,,,,,,,,,,,,,,,,
38,079,,,,,,,39.42624610209449,22.96724125711195,63.12523928999557,,,,,,,,,,,,,
38,081,,,,,,,,,,,,,,,,,,,,,,
38,083,,,,,,,,,,,,,,,,,,,,,,
38,085,,,,,,,,,,,,,,,,,,,,,,
38,087,,,,,,,,,,,,,,,,,,,,,,
38,089,24.411254717916947,16.586263224815877,34.649827505293,,,,,,,,,,,,,,,,,,,
38,091,,,,,,,,,,,,,,,,,,,,,,
38,093,28.47252584810283,18.4259174840221,42.03106486721611,,,,,,,,,,,,,,,,,,,
38,095,,,,,,,,,,,,,,,,,,,,,,
38,097,,,,,,,,,,,,,,,,,,,,,,
38,099,,,,,,,,,,,,,,,,,,,,,,
38,101,17.905361109718925,13.246484719382197,23.67183695326432,,,,,,,,,,,,,,,,,,,
38,103,,,,,,,,,,,,,,,,,,,,,,
38,105,27.553966423018945,19.400535196059085,37.97951314327787,,,,,,,,,,,,,,,,,,,
39,000,15.888743521305459,15.514956955593144,16.262530087017776,11.480366270127872,10.704521052313392,12.256211487942352,,,,7.43148148373431,6.097200383462093,8.765762584006527,,,,3.8990409668007673,2.810085774098284,5.270370695150114,8.61988546079795,7.439638306901982,9.800132614693917,
39,001,21.046393126719398,13.484821199529142,31.31536468965193,,,,,,,,,,,,,,,,,,,
39,003,19.91092153509507,15.661202856956102,24.958512559238347,20.520474032445396,10.603228375396794,35.84513847166757,,,,,,,,,,,,,,,,
39,005,13.63929870290047,9.329270215988117,19.254620176596216,,,,,,,,,,,,,,,,,,,
39,007,23.283040293931126,18.49567505016819,28.07040553769406,,,,,,,,,,,,,,,,,,,
39,009,15.73780249849868,11.080865331449358,21.692487668080478,,,,,,,,,,,,,,,,,,,
39,011,16.946410074376402,11.665128940922282,23.79906035250494,,,,,,,,,,,,,,,,,,,
39,013,16.090464132972546,11.73649495072376,21.530306970791234,,,,,,,,,,,,,,,,,,,
39,015,19.211400838653628,13.455428963132968,26.59667662723102,,,,,,,,,,,,,,,,,,,
39,017,16.173349609193394,14.09437036753695,18.25232885084984,6.462295679907562,3.3391624781698286,11.288330041737407,,,,13.303948654560068,6.8743444062652985,23.239320933261684,,,,,,,,,,
39,019,20.004144064987894,12.945627298623297,29.530062815437425,,,,,,,,,,,,,,,,,,,
39,021,16.81660042351297,11.174508854381783,24.304669799935727,,,,,,,,,,,,,,,,,,,
39,023,20.55380397686071,16.635844286874693,24.471763666846726,22.15743213846373,11.060910290770165,39.64576660955615,,,,,,,,,,,,,,,,
39,025,14.168158888853318,11.74940749673453,16.586910280972106,,,,,,,,,,,,,,,,,,,
39,027,17.886723671911586,12.3870761122613,24.994903500572843,,,,,,,,,,,,,,,,,,,
39,029,17.33246599679779,13.585886539166978,21.792973790208784,,,,,,,,,,,,,,,,,,,
39,031,16.429632814262007,11.00318294891101,23.595693319202283,,,,,,,,,,,,,,,,,,,
39,033,18.054327223743677,12.427768128012994,25.35498794942032,,,,,,,,,,,,,,,,,,,
39,035,15.140322168512405,13.838113505446378,16.44253083157843,13.60755323309354,11.849541918196774,15.365564547990306,,,,9.813156207997404,6.14985275041074,14.857236429460768,,,,,,,8.283522903517927,5.801677604296014,11.467887315944845,
39,037,17.927256537981382,12.807494903043784,24.41183518500208,,,,,,,,,,,,,,,,,,,
39,039,14.862996080908488,9.200428831940792,22.719668338464867,,,,,,,,,,,,,,,,,,,
39,041,10.717102978011177,8.550614521903288,12.883591434119065,,,,,,,,,,,,,,,,,,,
39,043,12.70166918158217,8.896092940923282,17.584464073484103,,,,,,,,,,,,,,,,,,,
39,045,17.739790476421465,14.476846210299561,21.00273474254337,,,,,,,,,,,,,,,,,,,
39,047,13.989068194701712,7.9959611756637345,22.717370330940682,,,,,,,,,,,,,,,,,,,
39,049,14.801394585548723,13.612340581973465,15.99044858912398,9.483997217676153,7.945298876608388,11.022695558743917,,,,6.550294953106833,4.196897573612516,9.746319668471418,,,,5.3813616269454965,2.686356335241115,9.628742435958776,5.594046489097992,3.5842111393221203,8.323497752903407,
39,051,16.204142401891957,10.767534946862877,23.419497434122267,,,,,,,,,,,,,,,,,,,
39,053,22.14708527796713,14.595068750873036,32.222846312483604,,,,,,,,,,,,,,,,,,,
39,055,13.094527713345714,9.719010862583245,17.263502338314563,,,,,,,,,,,,,,,,,,,
39,057,13.612160737015756,10.931682820232275,16.750935104727102,,,,,,,,,,,,,,,,,,,
39,059,21.515877817000167,15.069456307611105,29.7870441336266,,,,,,,,,,,,,,,,,,,
39,061,14.53913835155301,13.058354021290768,16.019922681815252,12.1127275740283,9.972502010340653,14.252953137715947,,,,,,,,,,,,,5.629260307503044,2.6994491246187087,10.352410130817946,
39,063,14.212814361756259,10.327052673179397,19.08003989118648,,,,,,,,,,,,,,,,,,,
39,065,15.60395359959646,9.53130023796023,24.099040778006753,,,,,,,,,,,,,,,,,,,
39,067,23.37862132233687,12.78130982551435,39.225354086611404,,,,,,,,,,,,,,,,,,,
39,069,12.204306553480995,6.830657733288724,20.12914768718859,,,,,,,,,,,,,,,,,,,
39,071,15.337063607382,10.55732888381796,21.538939564208736,,,,,,,,,,,,,,,,,,,
39,073,19.750826373975684,12.654727135068095,29.387664057164432,,,,,,,,,,,,,,,,,,,
39,075,6.34103072351008,3.165419690579063,11.345855537650579,,,,,,,,,,,,,,,,,,,
39,077,20.10273172539391,14.822167440993455,26.653305772820655,,,,,,,,,,,,,,,,,,,
39,079,16.46727966483818,10.656755143865858,24.30895325099935,,,,,,,,,,,,,,,,,,,
39,081,16.80922593466991,12.260764740997102,22.49206681199504,,,,,,,,,,,,,,,,,,,
39,083,15.119489106889638,10.896797856875542,20.43715698118857,,,,,,,,,,,,,,,,,,,
39,085,17.007714450812582,14.379903671116125,19.63552523050904,,,,,,,,,,,,,,,,18.562250668645905,9.591385788155677,32.424516339700055,
39,087,22.005758321811,16.622913346160438,28.57630759139258,,,,,,,,,,,,,,,,,,,
39,089,16.155719543940585,13.300006944110734,19.011432143770435,,,,,,,,,,,,,,,,,,,
39,091,17.937627902113707,12.494215069799917,24.94689815753331,,,,,,,,,,,,,,,,,,,
39,093,15.807980185016,13.50786697760717,18.10809339242483,8.899585045126729,4.442640789513961,15.923815964599127,,,,,,,,,,,,,13.86115238384974,8.580271793256163,21.188243826189485,
39,095,16.23888874590513,14.12041916879086,18.357358323019398,11.662731467207342,8.599177514164593,15.463089901812014,,,,,,,,,,,,,8.399915146057822,4.472601043805808,14.364110721215749,
39,097,16.779638908262555,11.550331343802434,23.564851630422716,,,,,,,,,,,,,,,,,,,
39,099,18.715430382514864,15.682413947759809,21.74844681726992,11.68706244790099,6.808144557633039,18.712119122638942,,,,,,,,,,,,,,,,
39,101,20.99280261772955,15.940715161840542,27.138065449547025,,,,,,,,,,,,,,,,,,,
39,103,11.74396334109954,9.424790011821674,14.063136670377407,,,,,,,,,,,,,,,,,,,
39,105,14.381777872915581,7.6576910132685665,24.5932781632254,,,,,,,,,,,,,,,,,,,
39,107,11.76898621134516,7.085698501667581,18.37872981909643,,,,,,,,,,,,,,,,,,,
39,109,13.988668211664853,10.841025723460664,17.76511414563588,,,,,,,,,,,,,,,,,,,
39,111,31.2452574979798,18.201513916349374,50.02668402997471,,,,,,,,,,,,,,,,,,,
39,113,17.942690534228092,15.972441663655179,19.912939404801005,10.37404092238088,7.8151473520049946,13.503240215023707,,,,,,,,,,,,,14.425498975726146,7.453865823315447,25.19844363683943,
39,115,21.789483067243797,11.258943861556341,38.06184187248687,,,,,,,,,,,,,,,,,,,
39,117,14.268246105453525,9.04484408646608,21.40937480177684,,,,,,,,,,,,,,,,,,,
39,119,14.472632474103824,10.808854168933138,18.97893200090818,,,,,,,,,,,,,,,,,,,
39,121,,,,,,,,,,,,,,,,,,,,,,
39,123,15.994084379144102,10.247711653220408,23.79792975424831,,,,,,,,,,,,,,,,,,,
39,125,25.77770278581559,15.7456905474819,39.81157125555498,,,,,,,,,,,,,,,,,,,
39,127,21.793854476638824,15.092877775352832,30.454727178714112,,,,,,,,,,,,,,,,,,,
39,129,13.125263474273138,9.192773175871277,18.170897125319375,,,,,,,,,,,,,,,,,,,
39,131,13.544208232196041,7.7416852696995475,21.99494562237594,,,,,,,,,,,,,,,,,,,
39,133,16.736918474223412,13.647178556752571,19.826658391694252,,,,,,,,,,,,,,,,,,,
39,135,20.265948110772335,14.11597540495072,28.18502793926934,,,,,,,,,,,,,,,,,,,
39,137,12.683687307877527,7.5171569487523655,20.045694213488186,,,,,,,,,,,,,,,,,,,
39,139,18.790917052341662,14.967546592895076,22.61428751178825,,,,,,,,,,,,,,,,,,,
39,141,15.53581165940424,11.4934789914845,20.53916691679686,,,,,,,,,,,,,,,,,,,
39,143,13.41702261343224,9.116215914799307,19.044392619803567,,,,,,,,,,,,,,,,,,,
39,145,15.594822381214698,11.498390950267094,20.676471987848597,,,,,,,,,,,,,,,,,,,
39,147,14.80200818347456,10.189021349477251,20.787522817557345,,,,,,,,,,,,,,,,,,,
39,149,17.06725294977288,11.887967024893616,23.73641729499095,,,,,,,,,,,,,,,,,,,
39,151,16.425268732420207,14.382782314765494,18.46775515007492,8.95653149296705,4.627970519648176,15.645258052208677,,,,,,,,,,,,,,,,
39,153,17.321053887525864,15.448860053955634,19.193247721096093,13.367124069007483,9.952701863573004,17.575299525107653,,,,12.169094181335556,6.810949635901243,20.071070234264432,,,,,,,16.90862419406234,7.29994378825009,33.31673032801792,
39,155,16.980384740820917,14.121298924284696,19.83947055735714,,,,,,,,,,,,,,,,,,,
39,157,18.68850049631206,14.699691164428591,23.426197201791616,,,,,,,,,,,,,,,,,,,
39,159,13.835451889486963,9.838358793788759,18.913518190979016,,,,,,,,,,,,,,,,,,,
39,161,11.456050906738572,6.263129634423378,19.221306810839284,,,,,,,,,,,,,,,,,,,
39,163,27.257096328227068,14.901708202189932,45.73277611653067,,,,,,,,,,,,,,,,,,,
39,165,15.332133803924064,12.890416608511424,17.7738509993367,,,,,,,,,,,,,,,,,,,
39,167,16.246945304199485,11.80505532994241,21.810765737444395,,,,,,,,,,,,,,,,,,,
39,169,10.664578539376912,8.03402004636904,13.88141485913313,,,,,,,,,,,,,,,,,,,
39,171,20.735752967768672,14.08893810918033,29.4327461586072,,,,,,,,,,,,,,,,,,,
39,173,13.434331061467224,10.472720133028563,16.973469092956066,,,,,,,,,,,,,,,,,,,
39,175,15.827898848320398,8.858754833485737,26.105712118879023,,,,,,,,,,,,,,,,,,,
40,000,23.91298442389678,23.0543798014379,24.77158904635566,14.11131772229331,12.21118687743723,16.01144856714939,24.224732017992128,21.795483352429933,26.653980683554323,7.972938234928808,5.770054933777172,10.739495479649527,37.46274309480151,20.48123025761232,62.856117248682104,20.264400620636916,17.245875637133988,23.282925604139844,10.580031154665445,9.185933668015071,11.974128641315819,
40,001,32.007833750712315,15.978195284819737,57.27085605535326,,,,,,,,,,,,,,,,,,,
40,003,,,,,,,,,,,,,,,,,,,,,,
40,005,32.043800804163396,17.518644081623695,53.76405287095488,,,,,,,,,,,,,,,,,,,
40,007,,,,,,,,,,,,,,,,,,,,,,
40,009,35.752825974159926,23.561337601837263,52.01848469642386,,,,,,,,,,,,,,,,,,,
40,011,,,,,,,,,,,,,,,,,,,,,,
40,013,24.13823282573198,17.164643199548344,32.99775889463179,,,,32.57466460771343,15.620817844013427,59.90596800851654,,,,,,,,,,,,,
40,015,34.93964230483206,22.611094269073444,51.577804511838785,,,,,,,,,,,,,,,,,,,
40,017,18.52523190097836,15.05215964079646,21.998304161160256,,,,,,,,,,,,,,,,,,,
40,019,31.49711373729346,23.37776491478819,41.52501782097451,,,,,,,,,,,,,,,,,,,
40,021,23.256456263818745,14.90085035302907,34.60376345274251,,,,31.88966564589718,20.215312492151988,47.85015614886315,,,,,,,,,,,,,
40,023,40.69943576693675,21.670735445338234,69.59727467266771,,,,,,,,,,,,,,,,,,,
40,025,,,,,,,,,,,,,,,,,,,,,,
40,027,16.624436241733594,14.148680701233003,19.100191782234187,11.252288641229569,5.617101947948097,20.133452581770044,,,,,,,,,,18.490982241738646,8.867144722241909,34.005574699220176,,,,
40,029,,,,,,,,,,,,,,,,,,,,,,
40,031,25.333427725453674,20.206934101263563,31.36450733415147,20.124725014323786,12.612058022650778,30.469075522513158,32.137992394384305,16.043170010782006,57.50374582240702,,,,,,,,,,,,,
40,033,,,,,,,,,,,,,,,,,,,,,,
40,035,29.555433670947707,15.271723862297403,51.627394710776926,,,,,,,,,,,,,,,,,,,
40,037,17.999635813822493,13.31622966446763,23.79647311171329,,,,,,,,,,,,,,,,,,,
40,039,16.84568697584396,9.209693826392485,28.26420032854391,,,,,,,,,,,,,,,,,,,
40,041,47.50153768476913,35.25655684986291,62.62485557678998,,,,31.896856867364015,17.43830846399601,53.51750591369999,,,,,,,,,,,,,
40,043,,,,,,,,,,,,,,,,,,,,,,
40,045,,,,,,,,,,,,,,,,,,,,,,
40,047,18.816049962179548,13.442461955931098,25.62211956616609,,,,,,,,,,,,,,,,,,,
40,049,28.60907728669009,18.51428637525277,42.23264172778661,,,,,,,,,,,,,,,,,,,
40,051,22.699520693381448,16.678753997831297,30.18555038833209,,,,,,,,,,,,,,,,,,,
40,053,53.08605065990102,24.274322747979994,100.7738601707211,,,,,,,,,,,,,,,,,,,
40,055,,,,,,,,,,,,,,,,,,,,,,
40,057,,,,,,,,,,,,,,,,,,,,,,
40,059,,,,,,,,,,,,,,,,,,,,,,
40,061,43.78128794994667,24.504054515358366,72.21057642381508,,,,,,,,,,,,,,,,,,,
40,063,47.912611087290514,28.846521739054086,74.8214772528066,,,,,,,,,,,,,,,,,,,
40,065,33.381197742215996,21.38796326143101,49.66857621545447,,,,,,,,,,,,,,,,,,,
40,067,,,,,,,,,,,,,,,,,,,,,,
40,069,38.6456911263703,20.577202919903264,66.085308790007,,,,,,,,,,,,,,,,,,,
40,071,32.76255159644766,24.156519232821786,43.43839024100701,,,,,,,,,,,,,,,,,,,
40,073,,,,,,,,,,,,,,,,,,,,,,
40,075,30.803401985633958,13.298722616412658,60.69498176565332,,,,,,,,,,,,,,,,,,,
40,077,55.74565932130636,29.682215800135836,95.32677518703419,,,,,,,,,,,,,,,,,,,
40,079,21.838444784740897,15.12375785995977,30.51703766488897,,,,,,,,,,,,,,,,,,,
40,081,24.922634121690514,17.047063289699196,35.18332315072617,,,,,,,,,,,,,,,,,,,
40,083,18.083341789104608,12.447740419761786,25.39573518668744,,,,,,,,,,,,,,,,,,,
40,085,34.272549606559195,17.108733280336033,61.323058300486345,,,,,,,,,,,,,,,,,,,
40,087,20.307631814830966,14.145009632121475,28.242999881025188,,,,,,,,,,,,,,,,,,,
40,089,43.28028316230606,30.146303015237127,60.19239679690446,,,,,,,,,,,,,,,,,,,
40,091,36.615384130586406,22.04485312608971,57.179457947683595,,,,71.59008121162967,35.73751060332432,128.09443050706452,,,,,,,,,,,,,
40,093,43.16205703246131,21.546343358642513,77.22884262056718,,,,,,,,,,,,,,,,,,,
40,095,36.45982262174093,20.83993887923449,59.20846772426207,,,,,,,,,,,,,,,,,,,
40,097,16.969204265387322,10.504204894388915,25.939231281402442,,,,40.06561820754187,22.90096260934711,65.06405385195967,,,,,,,,,,,,,
40,099,,,,,,,,,,,,,,,,,,,,,,
40,101,28.51750199949393,21.29823450753219,37.39690980563455,,,,26.090935697653503,13.024501095189068,46.68389102266373,,,,,,,,,,,,,
40,103,16.443397623566444,7.518968467724462,31.21469071912953,,,,,,,,,,,,,,,,,,,
40,105,37.05614290374756,17.76986088028992,68.14756615438083,,,,,,,,,,,,,,,,,,,
40,107,,,,,,,,,,,,,,,,,,,,,,
40,109,25.267880288599006,23.138203400076584,27.397557177121428,13.416424257718361,10.654577462528044,16.675390346700436,25.460254646501316,17.525667797289064,35.75566354542653,6.916760672871029,3.3168555944539104,12.72016914315247,,,,27.82977905000846,18.638039801425027,39.968204951916725,12.304998313665097,9.574023163901455,15.572762902784994,
40,111,27.43995379089253,18.23365001712405,39.658373239376694,,,,29.673405734358546,14.229551443429433,54.57044964341057,,,,,,,,,,,,,
40,113,23.34929533796888,16.072580540755343,32.79109182994512,,,,,,,,,,,,,,,,,,,
40,115,36.843070753326835,25.361074648306907,51.74136944531014,,,,,,,,,,,,,,,,,,,
40,117,20.094294341921476,10.699365444232843,34.36185530130263,,,,,,,,,,,,,,,,,,,
40,119,17.00443365794871,12.449382602516534,22.681531554036617,,,,,,,,,,,,,,,,,,,
40,121,20.5842305570522,13.785582261168958,29.56238869893289,,,,,,,,,,,,,,,,,,,
40,123,22.1235322850087,14.174964582724924,32.91806237567544,,,,,,,,,,,,,,,,,,,
40,125,24.97683659286914,19.10530091130685,32.08379150124303,,,,27.926476030189413,14.430017678926674,48.781933533557535,,,,,,,,,,,,,
40,127,61.779433925476496,37.19525493008344,96.47623882832951,,,,,,,,,,,,,,,,,,,
40,129,,,,,,,,,,,,,,,,,,,,,,
40,131,17.955775053358813,13.797710563995475,22.973236306693963,,,,17.12168838339259,8.54708515191498,30.635430015880697,,,,,,,31.574426502651438,14.437838377129019,59.93809676545335,,,,
40,133,43.63907539905145,29.65063450528028,61.94218414991152,,,,,,,,,,,,,,,,,,,
40,135,23.322031500928325,15.369365715347962,33.93233137982909,,,,,,,,,,,,,92.41685117911376,51.7250100549754,152.42754170565394,,,,
40,137,24.145087624535076,17.24960459117739,32.878756343381546,,,,,,,,,,,,,,,,,,,
40,139,,,,,,,,,,,,,,,,,,,,,,
40,141,,,,,,,,,,,,,,,,,,,,,,
40,143,23.572977528578367,21.422953819532307,25.723001237624427,16.108308263515674,12.066228263477912,21.070063816261218,26.600072327497777,19.80550102313228,34.97418263882497,10.056801926229955,5.354823472676867,17.197437576199594,,,,20.75340574952108,14.285689592599436,29.145497706306998,11.885677403304594,8.92888667405723,15.508230786394272,
40,145,20.414940804940233,15.50192046023173,26.39104505489872,,,,33.055973170982185,17.600913525648842,56.526720850074746,,,,,,,,,,,,,
40,147,23.86634215946247,17.05046474422979,32.49918413513526,,,,,,,,,,,,,,,,,,,
40,149,29.58835098501999,14.77039820553044,52.94173305747811,,,,,,,,,,,,,,,,,,,
40,151,,,,,,,,,,,,,,,,,,,,,,
40,153,29.854764795900596,18.70982215113472,45.20047268351346,,,,,,,,,,,,,,,,,,,
41,000,21.496784342037888,20.77499316889828,22.218575515177495,14.443216405819584,11.193294330508964,18.342374284461517,23.709876216843234,17.861523558546214,30.861662916115993,7.554203828722987,5.999128256141093,9.38918561180902,16.3520853485625,9.525692308742755,26.181272694475524,15.123402213050591,12.032771230316214,18.214033195784967,9.472617601197278,8.306603219082632,10.638631983311925,
41,001,37.31677622107188,23.386224983618618,56.49804765666594,,,,,,,,,,,,,,,,,,,
41,003,16.929316985671264,12.822099360640522,21.9338937783841,,,,,,,,,,,,,,,,,,,
41,005,17.057382713178182,15.063404572648777,19.051360853707585,,,,,,,,,,,,,17.07014756804969,8.521356162596252,30.543209260191066,7.001916927415177,3.9189197516881418,11.548597153614208,
41,007,21.271963410760456,14.816701921865466,29.584151690228996,,,,,,,,,,,,,,,,,,,
41,009,21.571051587061056,15.849597344142211,28.684925704197582,,,,,,,,,,,,,,,,,,,
41,011,26.747469096159485,20.59881044426823,34.15592090226138,,,,,,,,,,,,,,,,,,,
41,013,26.882794512543505,17.56073390049713,39.38952258352149,,,,,,,,,,,,,,,,,,,
41,015,26.205875921539178,17.413614235171107,37.874787118123315,,,,,,,,,,,,,,,,,,,
41,017,19.12052832139708,16.233590211595196,22.007466431198967,,,,,,,,,,,,,,,,12.398317859224576,6.406391758994502,21.657366188372265,
41,019,30.59557178043089,25.330428191625018,35.860715369236765,,,,,,,,,,,,,,,,,,,
41,021,,,,,,,,,,,,,,,,,,,,,,
41,023,,,,,,,,,,,,,,,,,,,,,,
41,025,45.772872940600486,25.02445557380875,76.79910307375894,,,,,,,,,,,,,,,,,,,
41,027,21.490794091681924,12.283845700055675,34.89970320336553,,,,,,,,,,,,,,,,,,,
41,029,25.429070978522386,22.027088186800942,28.83105377024383,,,,,,,,,,,,,,,,10.242458077783448,5.732626034122506,16.893376975092043,
41,031,25.723809972538902,14.985067261070467,41.18631167070781,,,,,,,,,,,,,,,,,,,
41,033,35.433803480731164,29.07032127323229,41.79728568823003,,,,,,,,,,,,,,,,,,,
41,035,33.386397052723865,26.63029781971321,41.334631324640384,,,,89.66796706438083,42.999275566570724,164.90258398778872,,,,,,,,,,,,,
41,037,36.43761339000346,18.827846550608236,63.64917766892908,,,,,,,,,,,,,,,,,,,
41,039,26.10254637901787,23.526036132191116,28.679056625844623,42.77682790756775,20.513151700435284,78.66810955682934,,,,,,,,,,11.613920104183592,5.0140663692519505,22.884052523806652,6.879560685486282,3.7611198441636255,11.5427338561963,
41,041,32.21315486622087,23.909224442191316,42.46902878297119,,,,,,,,,,,,,,,,,,,
41,043,24.36712325030528,20.0710367148484,28.66320978576216,,,,,,,,,,,,,,,,,,,
41,045,25.900643890494866,16.59503125847207,38.53810504460914,,,,,,,,,,,,,,,,,,,
41,047,19.454203288288063,16.8160229152693,22.092383661306826,,,,,,,,,,,,,,,,6.7734209652338615,4.6907909226827895,9.465176882037884,
41,049,,,,,,,,,,,,,,,,,,,,,,
41,051,18.610870268121438,17.030658339349785,20.191082196893092,12.028812052853553,8.05588421676231,17.27538061271064,,,,9.721119158997865,6.605028830926801,13.798352682398198,,,,19.996373204555734,12.531620626812837,30.274749340044053,13.993073435272716,10.822241981114109,17.80262035067235,
41,053,15.94316819161666,11.97699863272412,20.802376119778245,,,,,,,,,,,,,,,,,,,
41,055,,,,,,,,,,,,,,,,,,,,,,
41,057,28.846310851274023,19.31882710258745,41.42811418440166,,,,,,,,,,,,,,,,,,,
41,059,21.161512577661647,15.851425052552095,27.679779475652534,,,,,,,,,,,,,,,,,,,
41,061,29.062111211389208,19.746294567447233,41.251347054896755,,,,,,,,,,,,,,,,,,,
41,063,,,,,,,,,,,,,,,,,,,,,,
41,065,32.700008278672,21.72891802420818,47.26061651301711,,,,,,,,,,,,,,,,,,,
41,067,16.548556452894466,14.759937478144376,18.337175427644556,11.43831388295074,5.485116109711667,21.035466482781896,,,,5.427418982403454,3.216632460816462,8.577661893491342,,,,14.391014440543739,7.183942558204255,25.74950004220604,6.685878999451184,4.367438137634882,9.796361822305853,
41,069,,,,,,,,,,,,,,,,,,,,,,
41,071,21.94709301691627,17.602210370250027,27.03943242771677,,,,,,,,,,,,,,,,,,,
42,000,15.270968813461874,14.916105060418912,15.625832566504835,9.319205313791405,8.597327356447646,10.041083271135165,,,,7.0462681291032405,6.034805501668542,8.05773075653794,,,,6.223532815685413,4.619226012836106,8.204952150100198,7.086289457228209,6.36188798939957,7.810690925056848,
42,001,13.90961358117883,10.5886423278035,17.94238808945804,,,,,,,,,,,,,,,,,,,
42,003,12.864279044494307,11.831908208735795,13.896649880252818,13.984846349701677,11.291721371818205,16.677971327585148,,,,8.015922767309544,5.023536121583739,12.136203401832859,,,,,,,,,,
42,005,21.32538151444931,16.15163570469312,27.62950527285554,,,,,,,,,,,,,,,,,,,
42,007,17.3734799128585,14.23995099872938,20.50700882698762,,,,,,,,,,,,,,,,,,,
42,009,18.790936712074352,13.424520681869462,25.587922447313638,,,,,,,,,,,,,,,,,,,
42,011,17.666360177765853,15.454843810337017,19.877876545194688,9.086618585240352,4.3573868049728475,16.710615100058593,,,,,,,,,,,,,8.118793741906243,5.8001852792159765,11.05549275253236,
42,013,18.394951540949023,14.732041688823372,22.057861393074674,,,,,,,,,,,,,,,,,,,
42,015,17.071551523141167,12.404215470987815,22.91776109750928,,,,,,,,,,,,,,,,,,,
42,017,13.595148145419152,12.155046171463827,15.035250119374478,6.886711999390074,3.3024460875394754,12.664908562761958,,,,,,,,,,,,,7.183358149953561,3.71174597846991,12.547881065980551,
42,019,15.67229834887223,13.06245083198157,18.282145865762892,,,,,,,,,,,,,,,,,,,
42,021,22.51505829374866,18.44577502433835,26.58434156315897,,,,,,,,,,,,,,,,,,,
42,023,,,,,,,,,,,,,,,,,,,,,,
42,025,30.06699670628771,23.766713194987204,37.52497263339417,,,,,,,,,,,,,,,,,,,
42,027,11.893620494534789,9.355087002891475,14.908756280538661,,,,,,,,,,,,,,,,,,,
42,029,13.209542262016932,11.6268347443417,14.792249779692163,8.539774558370302,4.412626130060846,14.917267558128072,,,,6.653872757196396,3.190790620536315,12.236708906312424,,,,,,,7.46014517904959,4.264117551381158,12.11480839154384,
42,031,16.351303123747346,10.865322177811827,23.632185650654694,,,,,,,,,,,,,,,,,,,
42,033,20.89071189414782,16.08839373947191,26.67697270658394,,,,,,,,,,,,,,,,,,,
42,035,12.099318577892761,7.170823004008212,19.122139683574495,,,,,,,,,,,,,,,,,,,
42,037,18.216499073267748,13.520636730630942,24.016183037036893,,,,,,,,,,,,,,,,,,,
42,039,17.449850859833923,13.408944522494332,22.32593948900818,,,,,,,,,,,,,,,,,,,
42,041,11.05276104113719,9.071283582443328,13.034238499831051,,,,,,,,,,,,,,,,,,,
42,043,15.443495761249023,12.76278492990353,18.12420659259452,9.688284746057157,5.997200956284452,14.809572376982866,,,,11.893361327881351,6.145473350725043,20.77530874859031,,,,,,,,,,
42,045,11.884588995724263,10.290196155605864,13.478981835842662,7.628549146479959,5.662056214889269,10.057291023484765,,,,8.023501622722003,4.490692950650981,13.233545750790945,,,,,,,10.553262781152696,5.906581067233841,17.40600206760154,
42,047,25.534613596091905,17.228096566138596,36.45224864627512,,,,,,,,,,,,,,,,,,,
42,049,17.35693754426602,14.806043382649946,19.907831705882096,11.041488512385104,5.294822920076766,20.305690497661132,,,,,,,,,,,,,,,,
42,051,21.830479578656245,17.809689602375904,25.851269554936586,,,,,,,,,,,,,,,,,,,
42,053,,,,,,,,,,,,,,,,,,,,,,
42,055,14.846425915625202,11.85774097445977,17.835110856790635,,,,,,,,,,,,,,,,,,,
42,057,23.256075815760173,12.714313056727782,39.01974354949212,,,,,,,,,,,,,,,,,,,
42,059,17.834467972204504,11.850874448437171,25.775771809140142,,,,,,,,,,,,,,,,,,,
42,061,21.1453345215748,14.963697213893742,29.023623704306466,,,,,,,,,,,,,,,,,,,
42,063,14.99376975748487,11.09247340846152,19.822558776617658,,,,,,,,,,,,,,,,,,,
42,065,18.957019173916688,13.277263172510109,26.24450517790639,,,,,,,,,,,,,,,,,,,
42,067,20.109606678110488,12.107296869024509,31.403641848862957,,,,,,,,,,,,,,,,,,,
42,069,16.518607930658593,13.759394594220892,19.277821267096297,,,,,,,,,,,,,,,,,,,
42,071,11.931184759415057,10.469115699715516,13.393253819114598,,,,,,,,,,,,,,,,7.517442488000344,4.816567248272691,11.185358537579965,
42,073,16.680865412138473,12.759540303470718,21.427269460382426,,,,,,,,,,,,,,,,,,,
42,075,14.78910552314677,11.762214510529663,18.35717943304029,,,,,,,,,,,,,,,,11.350841618206525,5.66629923897074,20.309791080721045,
42,077,13.322407240298386,11.173420188368874,15.471394292227897,9.691128407098292,5.16011772447321,16.57212472180857,,,,,,,,,,,,,6.165753164888554,4.244220774232109,8.659009846085693,
42,079,19.803652102241358,17.24681534036769,22.360488864115027,,,,,,,,,,,,,,,,8.379197901794933,5.186855566976621,12.80849407715818,
42,081,15.637373023219164,12.320471371449939,19.57250415138871,,,,,,,,,,,,,,,,,,,
42,083,20.981939962550047,14.695492798566717,29.047849081005825,,,,,,,,,,,,,,,,,,,
42,085,15.709185793497381,12.174403217306656,19.950110656264435,,,,,,,,,,,,,,,,,,,
42,087,12.233015055588336,7.7546821850022845,18.35552893783962,,,,,,,,,,,,,,,,,,,
42,089,19.621909831959094,15.661984724857223,23.581834939060965,,,,,,,,,,,,,,,,,,,
42,091,12.090902872258328,10.877138057036674,13.30466768747998,8.812250812677956,6.204637815956499,12.146526943662213,,,,7.546007666268368,4.972866600796826,10.979044973691803,,,,,,,8.293171845853815,5.065684813999686,12.808131299327703,
42,093,18.15762280214169,9.382308665043892,31.717712886650848,,,,,,,,,,,,,,,,,,,
42,095,16.21859258514606,13.80391759163593,18.633267578656188,,,,,,,,,,,,,,,,6.3384421106958495,3.622967328911273,10.29323288340559,
42,097,15.032486790474179,11.355378971315954,19.520934480243056,,,,,,,,,,,,,,,,,,,
42,099,19.478385420316172,14.038306916519964,26.32911851457323,,,,,,,,,,,,,,,,,,,
42,101,15.211241207154487,13.75837732439129,16.664105089917683,8.804907269104898,7.740935332214941,9.868879205994856,,,,6.291390485652882,4.571333958156939,8.445898073522358,,,,7.660996019436489,3.6737453712721315,14.088844443391798,6.9791659839592715,5.489556776892391,8.748444995708974,
42,103,16.51849107339839,11.505734271324128,22.97322236657803,,,,,,,,,,,,,,,,,,,
42,105,18.887287441613378,9.759337031812468,32.992290169728605,,,,,,,,,,,,,,,,,,,
42,107,22.204478196168292,18.28247801408932,26.126478378247263,,,,,,,,,,,,,,,,16.203438262074062,7.409243767641147,30.759173104971154,
42,109,7.095130321053257,3.7778580769085535,12.132888932919046,,,,,,,,,,,,,,,,,,,
42,111,18.826724747562746,14.331775170640926,24.28510324192246,,,,,,,,,,,,,,,,,,,
42,113,,,,,,,,,,,,,,,,,,,,,,
42,115,20.951627845340738,14.330897936302128,29.577447127662392,,,,,,,,,,,,,,,,,,,
42,117,13.404820912378835,8.58872169339326,19.945310958659668,,,,,,,,,,,,,,,,,,,
42,119,12.22961066715386,7.363024514099208,19.098051965401233,,,,,,,,,,,,,,,,,,,
42,121,18.98979068528038,13.627401656093749,25.76179532029673,,,,,,,,,,,,,,,,,,,
42,123,20.570652481680007,14.070311069583717,29.039623586752032,,,,,,,,,,,,,,,,,,,
42,125,17.101440253939362,14.382894825730425,19.8199856821483,,,,,,,,,,,,,,,,,,,
42,127,19.510545752175585,14.176392411579798,26.191997008840772,,,,,,,,,,,,,,,,,,,
42,129,16.47927325901768,14.460749429242346,18.497797088793014,,,,,,,,,,,,,,,,,,,
42,131,28.975843613765043,19.549880008353732,41.364818471590425,,,,,,,,,,,,,,,,,,,
42,133,15.713535735665245,13.915234618722819,17.511836852607672,12.698638335205404,7.526017875093473,20.069323282442447,,,,,,,,,,,,,6.507683691969801,3.5578112313253802,10.918787450365626,
44,000,11.022003498159492,9.948190994381537,12.095816001937447,6.162962097581901,3.8622955350086916,9.330798679731359,,,,4.9416501237438055,2.2596371084346187,9.380791232204905,,,,,,,4.8248029852666425,3.519244405062277,6.455965998737794,
44,001,7.426458907717682,3.954276595047214,12.69947090680783,,,,,,,,,,,,,,,,,,,
44,003,12.667640642706987,10.04558887580266,15.289692409611314,,,,,,,,,,,,,,,,,,,
44,005,10.281949694764034,6.986085970275924,14.59440686103638,,,,,,,,,,,,,,,,,,,
44,007,10.765090701206221,9.299933851154892,12.23024755125755,6.502814369088233,3.9720879550106303,10.04306938316699,,,,,,,,,,,,,5.11798660385116,3.688594572349007,6.918031086305924,
44,009,12.055841978942178,9.221763848693891,15.486233374115285,,,,,,,,,,,,,,,,,,,
45,000,19.525944507735108,18.84080925786037,20.211079757609845,7.974722950474206,7.2915661516857915,8.65787974926262,,,,6.13243016747756,4.221282756103713,8.612211968362331,,,,6.059917034590702,3.701554756950016,9.359050371164642,8.708391487603985,7.263412820394214,10.153370154813755,
45,001,20.968495754590922,11.735907898894562,34.58434495829341,,,,,,,,,,,,,,,,,,,
45,003,26.36675996364481,21.762013181494098,30.971506745795523,12.040039600400664,7.714280554824966,17.91462454845671,,,,,,,,,,,,,,,,
45,005,,,,,,,,,,,,,,,,,,,,,,
45,007,20.266287660779547,17.064622693564363,23.46795262799473,9.81602708562998,5.493955844914889,16.190043903127933,,,,,,,,,,,,,,,,
45,009,,,,,,,,,,,,,,,,,,,,,,
45,011,23.756792563594843,11.859305252534442,42.50746419901811,,,,,,,,,,,,,,,,,,,
45,013,14.290831422985397,11.020985296409258,17.560677549561536,7.665788193219296,3.8267338463852627,13.716212586705234,,,,,,,,,,,,,,,,
45,015,17.144085159309043,14.181507574654022,20.106662743964062,7.311912516069035,4.4663061229658805,11.29265584938183,,,,,,,,,,,,,11.80252236598036,5.891776640863429,21.117972705575742,
45,017,34.26903045796649,17.10697653403797,61.31676157156492,,,,,,,,,,,,,,,,,,,
45,019,18.686066916189322,16.465517578228315,20.90661625415033,6.6884418215688,4.5444717159492845,9.493709277731156,,,,,,,,,,,,,,,,
45,021,25.488918274644302,18.591791893482718,34.10617806119929,,,,,,,,,,,,,,,,,,,
45,023,31.357758018457517,20.09150725024555,46.657858298350625,,,,,,,,,,,,,,,,,,,
45,025,27.922918525346613,19.09925560077236,39.418829526276014,,,,,,,,,,,,,,,,,,,
45,027,10.580782555009732,4.568030905458979,20.84835968904236,,,,,,,,,,,,,,,,,,,
45,029,24.901849079631063,16.1151637472805,36.76004157703975,,,,,,,,,,,,,,,,,,,
45,031,17.553398872113654,11.567800463786892,25.539273769833038,,,,,,,,,,,,,,,,,,,
45,033,14.805954433329005,7.3910791075828,26.49194230754321,,,,,,,,,,,,,,,,,,,
45,035,22.379096512407404,18.2710081030315,26.487184921783307,7.654866666861366,4.375417706254957,12.431023888419269,,,,,,,,,,,,,,,,
45,037,21.545406202072925,12.97174197525026,33.645820661159895,,,,,,,,,,,,,,,,,,,
45,039,28.518448766174878,12.312241997446051,56.19271302095039,,,,,,,,,,,,,,,,,,,
45,041,19.72771271055239,15.19274265399554,25.191848712927893,6.158433095037263,3.649877753217228,9.732979350623914,,,,,,,,,,,,,,,,
45,043,16.30533392884659,10.834775981641936,23.565747364978975,,,,,,,,,,,,,,,,,,,
45,045,18.658615654761,16.651325608457178,20.665905701064823,13.17196162160391,10.09886744601774,16.88586033461746,,,,,,,,,,,,,9.101614826019029,5.831576356902406,13.542481404078776,
45,047,20.278704893408587,14.278079677356455,27.95152346503733,14.302736369376442,7.819439066536861,23.997561308725054,,,,,,,,,,,,,,,,
45,049,,,,,,,,,,,,,,,,,,,,,,
45,051,19.788304507704115,17.342353881200058,22.234255134208173,7.180544404277823,4.104301550154765,11.66075425034565,,,,,,,,,,,,,11.924475709328597,5.952655310467598,21.336180923812645,
45,053,21.82767756509344,10.896297995842344,39.05574459019146,,,,,,,,,,,,,,,,,,,
45,055,22.416360745860935,16.690452951441817,29.473374552184012,,,,,,,,,,,,,,,,,,,
45,057,17.50364613865999,13.257090652466816,22.678003812247027,11.91572945348414,6.157031287628494,20.814381362522905,,,,,,,,,,,,,,,,
45,059,22.642170154627134,16.636614979107208,30.109286329687404,,,,,,,,,,,,,,,,,,,
45,061,,,,,,,,,,,,,,,,,,,,,,
45,063,20.426334399026185,17.73832481328418,23.11434398476819,8.917136734526908,5.368698821151946,13.925213596208149,,,,,,,,,,,,,11.931659028790104,6.353105918164744,20.40350032080608,
45,065,,,,,,,,,,,,,,,,,,,,,,
45,067,13.966879282647305,6.029907134396162,27.520320118495917,,,,,,,,,,,,,,,,,,,
45,069,29.967530026723853,16.3835275269635,50.28042330606961,,,,,,,,,,,,,,,,,,,
45,071,18.194309292994763,10.954162727455047,28.412667729925616,,,,,,,,,,,,,,,,,,,
45,073,22.4672221674561,17.264430397592577,28.74533694447301,,,,,,,,,,,,,,,,,,,
45,075,19.343286768362262,12.517955300666388,28.554507079686083,6.5097364099468376,3.643450052276154,10.736820238517684,,,,,,,,,,,,,,,,
45,077,18.800997325017956,14.992194409160785,22.609800240875128,,,,,,,,,,,,,,,,,,,
45,079,19.074237426844057,16.066834736349115,22.081640117339,6.817633413216155,5.304525734768541,8.628151422354561,,,,,,,,,,,,,6.583299760147009,3.156948125306033,12.106922652043373,
45,081,22.16014217857894,11.062263133031463,39.65061561991253,,,,,,,,,,,,,,,,,,,
45,083,18.955556978918345,16.39129847986091,21.51981547797578,10.04386882700957,6.955671139321615,14.035299963723668,,,,,,,,,,,,,11.924906408353365,6.946697429420812,19.0929303436301,
45,085,17.45298276216529,12.524561757348055,23.676941842022774,12.274760289009404,8.156489069167998,17.740446236720153,,,,,,,,,,,,,,,,
45,087,26.015390997318946,15.662964821243508,40.62625562573667,,,,,,,,,,,,,,,,,,,
45,089,28.016431411907813,13.98570161822522,50.12913473222293,,,,,,,,,,,,,,,,,,,
45,091,18.36142906224558,15.71246227523797,21.010395849253193,5.857048146357596,3.411946384232836,9.377701463498113,,,,,,,,,,,,,,,,
46,000,18.139471802290227,16.710643498478976,19.56830010610148,,,,56.408257425863134,48.501973860296225,64.31454099143004,17.89893424722835,10.230787450217845,29.06674784653973,,,,26.590116246554693,15.489722590070036,42.573351935816035,11.443613009924825,7.083776817604434,17.492778088880563,
46,003,,,,,,,,,,,,,,,,,,,,,,
46,005,24.521556135332126,13.406162923301663,41.14300449548388,,,,,,,,,,,,,,,,,,,
46,007,,,,,,,,,,,,,,,,,,,,,,
46,009,,,,,,,,,,,,,,,,,,,,,,
46,011,15.02600838401547,9.04663861276576,23.464973396186345,,,,,,,,,,,,,,,,,,,
46,013,19.3436546208265,12.954749086585858,27.780714716240247,,,,,,,,,,,,,,,,,,,
46,015,,,,,,,,,,,,,,,,,,,,,,
46,017,,,,,,,,,,,,,,,,,,,,,,
46,019,,,,,,,,,,,,,,,,,,,,,,
46,021,,,,,,,,,,,,,,,,,,,,,,
46,023,,,,,,,,,,,,,,,,,,,,,,
46,025,,,,,,,,,,,,,,,,,,,,,,
46,027,,,,,,,,,,,,,,,,,,,,,,
46,029,18.144332601893073,11.625416262451704,26.997328666129984,,,,,,,,,,,,,,,,,,,
46,031,,,,,,,105.11351232999276,50.406014883802456,193.30749165755927,,,,,,,,,,,,,
46,033,28.246728912197554,13.545404452826936,51.94674017176706,,,,,,,,,,,,,,,,,,,
46,035,20.488372638544533,11.710875227013391,33.27183356532726,,,,,,,,,,,,,,,,,,,
46,037,,,,,,,,,,,,,,,,,,,,,,
46,039,,,,,,,,,,,,,,,,,,,,,,
46,041,,,,,,,59.64767767615187,28.603379927876965,109.69420295439485,,,,,,,,,,,,,
46,043,,,,,,,,,,,,,,,,,,,,,,
46,045,,,,,,,,,,,,,,,,,,,,,,
46,047,33.90697827395081,13.63236383469915,69.86133430592689,,,,,,,,,,,,,,,,,,,
46,049,,,,,,,,,,,,,,,,,,,,,,
46,051,,,,,,,,,,,,,,,,,,,,,,
46,053,,,,,,,,,,,,,,,,,,,,,,
46,055,,,,,,,,,,,,,,,,,,,,,,
46,057,,,,,,,,,,,,,,,,,,,,,,
46,059,,,,,,,,,,,,,,,,,,,,,,
46,061,,,,,,,,,,,,,,,,,,,,,,
46,063,,,,,,,,,,,,,,,,,,,,,,
46,065,17.62881203323672,9.109064424135857,30.793986894418065,,,,,,,,,,,,,,,,,,,
46,067,,,,,,,,,,,,,,,,,,,,,,
46,069,,,,,,,,,,,,,,,,,,,,,,
46,071,,,,,,,,,,,,,,,,,,,,,,
46,073,,,,,,,,,,,,,,,,,,,,,,
46,075,,,,,,,,,,,,,,,,,,,,,,
46,077,,,,,,,,,,,,,,,,,,,,,,
46,079,19.07787499517738,8.723619278922197,36.21574939592777,,,,,,,,,,,,,,,,,,,
46,081,16.635141796759306,9.859039308965405,26.29069588058575,,,,,,,,,,,,,,,,,,,
46,083,12.350569721651592,8.695940863748458,17.02363347146167,,,,,,,,,,,,,,,,,,,
46,085,,,,,,,,,,,,,,,,,,,,,,
46,087,,,,,,,,,,,,,,,,,,,,,,
46,089,,,,,,,,,,,,,,,,,,,,,,
46,091,,,,,,,,,,,,,,,,,,,,,,
46,093,26.79179229434038,18.764641945640356,37.09113363991678,,,,,,,,,,,,,,,,,,,
46,095,,,,,,,,,,,,,,,,,,,,,,
46,097,,,,,,,,,,,,,,,,,,,,,,
46,099,16.794769973330695,13.936933339391345,19.652606607270044,,,,36.47269903233885,17.49007686571181,67.07459210180689,,,,,,,,,,,,,
46,101,,,,,,,,,,,,,,,,,,,,,,
46,102,,,,,,,52.46196623210391,36.11240362447811,73.67610574093,,,,,,,,,,,,,
46,103,25.19492711672666,20.287788067042886,30.102066166410435,,,,73.8688036070307,51.73680190599151,102.26556089672009,,,,,,,,,,,,,
46,105,,,,,,,,,,,,,,,,,,,,,,
46,107,,,,,,,,,,,,,,,,,,,,,,
46,109,,,,,,,,,,,,,,,,,,,,,,
46,111,,,,,,,,,,,,,,,,,,,,,,
46,115,,,,,,,,,,,,,,,,,,,,,,
46,117,,,,,,,,,,,,,,,,,,,,,,
46,119,,,,,,,,,,,,,,,,,,,,,,
46,121,,,,,,,70.91950163200892,46.326973036024135,103.91350162062449,,,,,,,,,,,,,
46,123,,,,,,,,,,,,,,,,,,,,,,
46,125,,,,,,,,,,,,,,,,,,,,,,
46,127,15.150273020856181,7.265144798753392,27.861891498732142,,,,,,,,,,,,,,,,,,,
46,129,,,,,,,,,,,,,,,,,,,,,,
46,135,10.936373075595712,5.244415982339879,20.112379466854218,,,,,,,,,,,,,,,,,,,
46,137,,,,,,,,,,,,,,,,,,,,,,
47,000,19.507037693021978,18.963243241736524,20.05083214430743,9.100088089886324,8.314035007742525,9.886141172030122,12.556879662166535,6.268349085186471,22.467726283423616,6.422087987308514,4.735140714654005,8.514756957606375,,,,7.3370973087970075,5.138812753075166,10.157635361601093,8.420294629572336,7.152257918050903,9.688331341093768,
47,001,18.899427858227977,14.586179418944374,24.088872249421243,,,,,,,,,,,,,,,,,,,
47,003,27.641827041590382,20.705625274060385,36.15619034827503,,,,,,,,,,,,,,,,,,,
47,005,29.355656439531295,17.67402281842599,45.84249387974247,,,,,,,,,,,,,,,,,,,
47,007,17.057414694739194,8.51499995811592,30.52042663265632,,,,,,,,,,,,,,,,,,,
47,009,21.216960892391562,17.50544909200157,24.928472692781554,,,,,,,,,,,,,,,,,,,
47,011,15.98759316543809,12.531720923043064,20.101998116556768,,,,,,,,,,,,,,,,,,,
47,013,23.296906251453642,16.790360859282668,31.490649377830643,,,,,,,,,,,,,,,,,,,
47,015,31.911248854747974,19.492219831436394,49.28433569858737,,,,,,,,,,,,,,,,,,,
47,017,20.255416234986555,12.978027380096231,30.138453773060956,,,,,,,,,,,,,,,,,,,
47,019,23.34342723722251,17.72564298658468,30.176792861638315,,,,,,,,,,,,,,,,,,,
47,021,24.631167324211628,17.966142464383758,32.95843980363967,,,,,,,,,,,,,,,,,,,
47,023,,,,,,,,,,,,,,,,,,,,,,
47,025,15.337442633278378,9.72262296836176,23.013694564120406,,,,,,,,,,,,,,,,,,,
47,027,,,,,,,,,,,,,,,,,,,,,,
47,029,24.193210230533627,17.120555465907103,33.20707124371807,,,,,,,,,,,,,,,,,,,
47,031,25.904306091451843,19.86068294259024,33.208151321061415,,,,,,,,,,,,,,,,,,,
47,033,,,,,,,,,,,,,,,,,,,,,,
47,035,21.22784105280748,15.85396704239158,27.837489315658697,,,,,,,,,,,,,,,,,,,
47,037,16.088699570702946,14.311897408663425,17.86550173274247,9.917371082632348,7.954021609229818,12.218478549425138,,,,8.348792960019784,4.313943151314495,14.583661140089642,,,,,,,7.319206392245201,4.9730456390441935,10.3890292366166,
47,039,25.32302232640157,12.641161507035447,45.30988188194918,,,,,,,,,,,,,,,,,,,
47,041,14.996068541642998,7.485983385476106,26.832108962248487,,,,,,,,,,,,,,,,,,,
47,043,19.99319169490203,14.791073279971185,26.43205970976972,,,,,,,,,,,,,,,,,,,
47,045,17.969025677424913,11.628605982021341,26.525826611861426,,,,,,,,,,,,,,,,,,,
47,047,21.20788064316545,13.724622143700472,31.307015463415887,,,,,,,,,,,,,,,,,,,
47,049,28.59496316227697,18.50515245811515,42.211806495889135,,,,,,,,,,,,,,,,,,,
47,051,25.829948977959084,18.840542028619826,34.56250397374931,,,,,,,,,,,,,,,,,,,
47,053,20.019659388118917,14.167102492677255,27.478546635254485,,,,,,,,,,,,,,,,,,,
47,055,17.11991349817069,10.728958643062784,25.9197547764447,,,,,,,,,,,,,,,,,,,
47,057,20.693772800510423,13.118076823039207,31.05081974858889,,,,,,,,,,,,,,,,,,,
47,059,23.10888822837675,18.081281816901928,29.101820216971987,,,,,,,,,,,,,,,,,,,
47,061,19.42599018872138,9.697384310785319,34.758462459403646,,,,,,,,,,,,,,,,,,,
47,063,20.4941956977662,15.259274819369027,26.94608249724715,,,,,,,,,,,,,,,,,,,
47,065,15.482825782176329,13.366443009565968,17.599208554786692,7.20789098630406,4.618231760225538,10.724770440252167,,,,,,,,,,,,,,,,
47,067,,,,,,,,,,,,,,,,,,,,,,
47,069,33.61625708628937,20.533683154131417,51.917582627738454,,,,,,,,,,,,,,,,,,,
47,071,17.588262961844826,10.589283246465374,27.466251311549488,,,,,,,,,,,,,,,,,,,
47,073,19.557445746371126,14.31850832095899,26.08689190923561,,,,,,,,,,,,,,,,,,,
47,075,,,,,,,,,,,,,,,,,,,,,,
47,077,17.829538669248286,11.17367695974011,26.99413581344523,,,,,,,,,,,,,,,,,,,
47,079,25.127497204363323,17.18718948659292,35.47252869794633,,,,,,,,,,,,,,,,,,,
47,081,25.604497081443114,16.873524915125625,37.25319896539936,,,,,,,,,,,,,,,,,,,
47,083,,,,,,,,,,,,,,,,,,,,,,
47,085,19.439384594709193,11.111287923877676,31.568342701399523,,,,,,,,,,,,,,,,,,,
47,087,22.694446568631736,12.083836996745625,38.80819479724505,,,,,,,,,,,,,,,,,,,
47,089,18.17990195216968,13.209544589456936,24.40566981572774,,,,,,,,,,,,,,,,,,,
47,091,42.760450578898705,28.85029644222279,61.04320203879401,,,,,,,,,,,,,,,,,,,
47,093,17.843921172406674,15.986252337615317,19.70159000719803,8.904277672901992,5.187069877367583,14.256611125263657,,,,,,,,,,,,,9.782527888916587,5.054774910699757,17.088107527473998,
47,095,,,,,,,,,,,,,,,,,,,,,,
47,097,23.250624662384833,13.779793722534343,36.746010914766536,,,,,,,,,,,,,,,,,,,
47,099,19.579446323538132,13.855581528028239,26.87431981051089,,,,,,,,,,,,,,,,,,,
47,101,24.69176758506636,13.819794878504977,40.72531562522674,,,,,,,,,,,,,,,,,,,
47,103,22.197302671011048,14.976426899309486,31.68802978730649,,,,,,,,,,,,,,,,,,,
47,105,18.162467347550304,12.720768841514218,25.144510535822626,,,,,,,,,,,,,,,,,,,
47,107,31.360466830505676,24.537633877846186,39.49331783521276,,,,,,,,,,,,,,,,,,,
47,109,37.435908454083844,26.6205905007389,51.17611923323996,,,,,,,,,,,,,,,,,,,
47,111,21.695211123888466,14.172032200147335,31.788510979389887,,,,,,,,,,,,,,,,,,,
47,113,16.849548815963132,12.242907964095656,22.619732825198483,7.678575176512337,4.088517890032271,13.130597404708919,,,,,,,,,,,,,,,,
47,115,20.853900379620963,13.495544781128592,30.784470765480567,,,,,,,,,,,,,,,,,,,
47,117,19.193028338139868,12.949455622728356,27.399241371874837,,,,,,,,,,,,,,,,,,,
47,119,18.296411338482667,14.391288169220369,22.93471004722786,,,,,,,,,,,,,,,,,,,
47,121,33.10427246021593,19.930934539121793,51.69642214531267,,,,,,,,,,,,,,,,,,,
47,123,21.313494979628043,15.294931976668105,28.914162579525172,,,,,,,,,,,,,,,,,,,
47,125,24.740193325067175,21.00959994837561,28.47078670175874,13.264264471602978,9.239046208076651,18.447380930935385,,,,,,,,,,,,,14.149919005235109,8.386138777516553,22.36297242588147,
47,127,,,,,,,,,,,,,,,,,,,,,,
47,129,29.962441969365067,19.39011264025625,44.2304749748254,,,,,,,,,,,,,,,,,,,
47,131,18.718936682148342,11.587316838152915,28.613883146576118,,,,,,,,,,,,,,,,,,,
47,133,20.306662220813354,12.726077101326002,30.74453063958632,,,,,,,,,,,,,,,,,,,
47,135,24.069188365427923,11.005965586090406,45.69081693983568,,,,,,,,,,,,,,,,,,,
47,137,39.78676259029659,17.17710010537749,78.39578339621923,,,,,,,,,,,,,,,,,,,
47,139,22.192334177918816,12.68483647475549,36.038960351820904,,,,,,,,,,,,,,,,,,,
47,141,18.610680672686968,14.451921754362099,23.593472337377133,,,,,,,,,,,,,,,,,,,
47,143,15.601214637220805,9.995992596532494,23.21337071984358,,,,,,,,,,,,,,,,,,,
47,145,23.271115866498643,17.481978460314817,30.36375826709234,,,,,,,,,,,,,,,,,,,
47,147,18.170574465607242,13.650294779228686,23.708658141407437,,,,,,,,,,,,,,,,,,,
47,149,15.129572693354277,12.936141905408899,17.323003481299654,8.12807145471466,5.2600592840900715,11.998636874755633,,,,13.509468477671938,6.478315242858546,24.844393524280285,,,,,,,9.606239090184319,3.8622063370686535,19.79252397780338,
47,151,23.268779801821395,14.582420419060655,35.229212254766665,,,,,,,,,,,,,,,,,,,
47,153,14.967812297911015,7.177647789923452,27.526339732867587,,,,,,,,,,,,,,,,,,,
47,155,23.296278380713225,18.639269294949415,27.953287466477036,,,,,,,,,,,,,,,,,,,
47,157,20.589932013124162,18.313232647276692,22.866631378971633,8.528397911333306,7.364005575167676,9.692790247498936,,,,,,,,,,,,,8.041452072886532,5.039535201471081,12.174855077277314,
47,159,25.30374881215882,15.857724663685346,38.31017979185419,,,,,,,,,,,,,,,,,,,
47,161,29.50721592711733,17.189040652485495,47.243911108288295,,,,,,,,,,,,,,,,,,,
47,163,21.859514136896067,18.423854883616304,25.29517339017583,,,,,,,,,,,,,,,,,,,
47,165,20.118772915824543,17.025332856725907,23.21221297492318,12.074052206891043,6.027323359129871,21.603814595240724,,,,,,,,,,,,,,,,
47,167,21.601459194516014,16.03301937687892,28.478830965049887,,,,,,,,,,,,,,,,,,,
47,169,22.737441318273984,11.350448783570858,40.68356324729197,,,,,,,,,,,,,,,,,,,
47,171,22.071745354996803,12.353388325310979,36.40398739722146,,,,,,,,,,,,,,,,,,,
47,173,26.911479254262176,17.242692549434942,40.04214794008196,,,,,,,,,,,,,,,,,,,
47,175,,,,,,,,,,,,,,,,,,,,,,
47,177,19.268875195109977,13.344256221406836,26.9263217177483,,,,,,,,,,,,,,,,,,,
47,179,19.318738491627236,15.667761885737367,22.969715097517106,,,,,,,,,,,,,,,,,,,
47,181,19.394153906311615,11.085434677375341,31.49489089715138,,,,,,,,,,,,,,,,,,,
47,183,19.6532576086515,12.592212986105197,29.242489468338242,,,,,,,,,,,,,,,,,,,
47,185,25.95022615507694,17.631919650393783,36.834274615831234,,,,,,,,,,,,,,,,,,,
47,187,12.581769187158304,10.43381765299917,14.729720721317438,,,,,,,,,,,,,,,,,,,
47,189,19.82951863585505,16.402809423209195,23.256227848500902,16.274984945474948,7.804487883725611,29.93027677257636,,,,,,,,,,,,,,,,
48,000,21.300573048806754,20.92901788886066,21.67212820875285,8.854076858835393,8.432717170404292,9.275436547266494,8.43626323033328,6.02699013618262,11.487796089706581,7.147763163653695,6.570121277311341,7.725405049996049,17.618183866085158,11.610494183035792,25.633532534717812,3.8884280867282106,3.0636390684894224,4.866947584920939,8.664459000144095,8.424340187455712,8.904577812832478,
48,001,39.15725666752625,30.021644155602235,50.1978358401946,18.717608757621235,9.343762852663172,33.490972404038104,,,,,,,,,,,,,35.879830502393794,22.74473473084704,53.83736258630768,
48,003,31.12301158302752,14.924693793484899,57.236326411171945,,,,,,,,,,,,,,,,,,,
48,005,24.05915417811127,18.22216842332227,31.171424847624138,,,,,,,,,,,,,,,,,,,
48,007,47.183281983682456,32.27332994835941,66.60871596630143,,,,,,,,,,,,,,,,,,,
48,009,,,,,,,,,,,,,,,,,,,,,,
48,011,,,,,,,,,,,,,,,,,,,,,,
48,013,24.458407243117883,14.725558892122082,38.19483262656628,,,,,,,,,,,,,,,,16.305892270644055,10.55231373166918,24.070713620616285,
48,015,15.415694746570221,8.20820820396738,26.361307505364454,,,,,,,,,,,,,,,,,,,
48,017,,,,,,,,,,,,,,,,,,,,,,
48,019,30.7749175329306,18.528510709089016,48.05884588406348,,,,,,,,,,,,,,,,,,,
48,021,26.38390586108701,19.982912645499717,34.1834102997642,,,,,,,,,,,,,,,,9.938848933613993,6.228623712367897,15.047536726568756,
48,023,,,,,,,,,,,,,,,,,,,,,,
48,025,37.77461378849659,22.38763016100806,59.700175402978225,,,,,,,,,,,,,,,,23.892056353635013,14.973024515764394,36.17286044449866,
48,027,26.547073740846788,22.962221792071944,30.13192568962163,13.972263581409564,10.783498051688152,17.808796910287715,,,,,,,,,,,,,11.052340282940444,8.203259989085836,14.571132804120031,
48,029,21.476506144465706,19.73395313884878,23.219059150082632,11.091481701329878,8.930169188646799,13.617881719847187,,,,7.9097423831000855,5.118768220578705,11.676340095734789,,,,,,,10.13136562672272,9.338809699219182,10.92392155422626,
48,031,19.186750254228954,7.714068713463056,39.5320385946864,,,,,,,,,,,,,,,,,,,
48,033,,,,,,,,,,,,,,,,,,,,,,
48,035,39.750229755812676,24.60601872804204,60.76244866873701,,,,,,,,,,,,,,,,,,,
48,037,33.666632057077024,26.772997210486984,40.56026690366706,8.460376515358659,4.057079390677523,15.558933636697144,,,,,,,,,,,,,,,,
48,039,22.32321439741875,19.05886190209825,25.587566892739247,9.13321114550373,6.1621392069059455,13.038226811694843,,,,8.2794268294392,4.133060042659445,14.814181611371621,,,,,,,10.667577422235963,8.215334483805245,13.62225821601033,
48,041,14.67221029764378,11.616127063931021,18.28595176611836,6.400626294423501,2.9267739176047605,12.150382467356769,,,,,,,,,,,,,6.399029770536099,3.7924705913384824,10.113225825388087,
48,043,42.06362332389965,20.99800920896153,75.26344129727448,,,,,,,,,,,,,,,,,,,
48,045,,,,,,,,,,,,,,,,,,,,,,
48,047,,,,,,,,,,,,,,,,,,,,,,
48,049,30.81015966084581,21.579057047479164,42.65424787161446,,,,,,,,,,,,,,,,,,,
48,051,16.891150559587842,8.099963245811859,31.063427275014828,,,,,,,,,,,,,,,,,,,
48,053,27.119469207129214,19.62649433485938,36.52974704915162,,,,,,,,,,,,,,,,,,,
48,055,21.285182205340355,12.614947959254708,33.639764479343064,,,,,,,,,,,,,,,,8.8545083576228,4.5752536768540635,15.467044166508662,
48,057,36.44308286825642,18.19225566419068,65.20674186877068,,,,,,,,,,,,,,,,,,,
48,059,33.52019247825718,19.866190461424516,52.976355541269726,,,,,,,,,,,,,,,,,,,
48,061,16.95807655439611,11.077578623645607,24.84751126229816,,,,,,,,,,,,,,,,7.713315563095296,6.421751993739937,9.004879132450656,
48,063,,,,,,,,,,,,,,,,,,,,,,
48,065,,,,,,,,,,,,,,,,,,,,,,
48,067,29.37642395268926,19.359248490853695,42.74115452924086,,,,,,,,,,,,,,,,,,,
48,069,,,,,,,,,,,,,,,,,,,,,,
48,071,19.86731634628141,13.404394910293282,28.36182943060853,,,,,,,,,,,,,,,,,,,
48,073,20.818431992713506,14.046108642934428,29.719606156096624,,,,,,,,,,,,,,,,20.689547026095642,11.016312428847925,35.37975551980559,
48,075,,,,,,,,,,,,,,,,,,,,,,
48,077,33.342037326007464,18.66128518703378,54.99262007111168,,,,,,,,,,,,,,,,,,,
48,079,,,,,,,,,,,,,,,,,,,,,,
48,081,,,,,,,,,,,,,,,,,,,,,,
48,083,,,,,,,,,,,,,,,,,,,,,,
48,085,15.734466459970355,14.305344555676243,17.163588364264466,7.843179423982059,5.603282369697098,10.680184278001569,,,,7.029436977414709,5.364200959095981,9.048278789140165,,,,,,,7.037273005913011,5.301437107197685,9.15997811928204,
48,087,,,,,,,,,,,,,,,,,,,,,,
48,089,24.5822068418921,12.27134908631056,43.98435834582501,,,,,,,,,,,,,,,,,,,
48,091,21.453761161109597,17.550958218857005,25.35656410336219,,,,,,,,,,,,,,,,7.918729063817699,4.836965434981819,12.229834791604684,
48,093,26.731965469072225,12.819016503579151,49.1610362679163,,,,,,,,,,,,,,,,,,,
48,095,,,,,,,,,,,,,,,,,,,,,,
48,097,25.74574019234464,18.031999913528868,35.64295660557794,,,,,,,,,,,,,,,,,,,
48,099,24.256805898075385,18.465404532676246,31.289512299811726,11.690940013685918,5.345842223931879,22.19304581068396,,,,,,,,,,,,,15.219240219745505,7.864003506684834,26.584949852902557,
48,101,,,,,,,,,,,,,,,,,,,,,,
48,103,,,,,,,,,,,,,,,,,,,,,,
48,105,,,,,,,,,,,,,,,,,,,,,,
48,107,,,,,,,,,,,,,,,,,,,,,,
48,109,,,,,,,,,,,,,,,,,,,,,,
48,111,,,,,,,,,,,,,,,,,,,,,,
48,113,19.68538584604579,18.206889621304956,21.163882070786624,7.922174642691832,6.9141236214807895,8.930225663902876,,,,7.249728301108727,5.532306446581917,9.331837389639244,,,,,,,7.430486195139908,6.673081968915617,8.187890421364198,
48,115,,,,,,,,,,,,,,,,,,,,,,
48,117,,,,,,,,,,,,,,,,,,,,,,
48,119,,,,,,,,,,,,,,,,,,,,,,
48,121,14.545274882171087,13.11287514403686,15.977674620305315,6.911083867582472,4.959513103822588,9.375665639962563,,,,6.590846455092998,4.413993310344552,9.465554916925964,,,,,,,5.721896483972889,4.273385976991994,7.503505977911702,
48,123,18.83816893486416,9.033634236608078,34.644063389183074,,,,,,,,,,,,,,,,,,,
48,125,,,,,,,,,,,,,,,,,,,,,,
48,127,,,,,,,,,,,,,,,,,,,,,,
48,129,,,,,,,,,,,,,,,,,,,,,,
48,131,,,,,,,,,,,,,,,,,,,28.313299910237276,14.629895222433685,49.457637005248294,
48,133,39.654355616751474,25.40729387951849,59.00253787881628,,,,,,,,,,,,,,,,,,,
48,135,40.26038521649033,32.29000622641643,49.60192061591291,,,,,,,,,,,,,,,,11.610610602347537,8.838534741325438,14.976841748125723,
48,137,,,,,,,,,,,,,,,,,,,,,,
48,139,15.872208270548755,12.779312004494807,19.487554564977298,8.573934784960956,4.687449931259967,14.385605687289974,,,,,,,,,,,,,9.205126384781385,5.455541286052279,14.54806825703097,
48,141,27.971818167009936,23.278081025788293,32.66555530823158,14.965911106204352,9.379056811903734,22.658569269075844,,,,,,,,,,,,,9.507814590877185,8.487722690692031,10.527906491062339,
48,143,18.129626950380413,11.732538658001477,26.762905772219792,,,,,,,,,,,,,,,,,,,
48,145,,,,,,,,,,,,,,,,,,,,,,
48,147,17.275037578971677,10.950891955103039,25.921038332919082,,,,,,,,,,,,,,,,,,,
48,149,15.4747449107679,7.996026508961103,27.0312651288254,,,,,,,,,,,,,,,,,,,
48,151,,,,,,,,,,,,,,,,,,,,,,
48,153,,,,,,,,,,,,,,,,,,,,,,
48,155,,,,,,,,,,,,,,,,,,,,,,
48,157,14.831170757283022,12.718105803052172,16.944235711513873,8.095011302002387,6.345196644412713,10.178261371957968,,,,6.132583761461702,4.632487868132647,7.9636701146450966,,,,,,,6.779071865207893,5.332170059320042,8.497625285175562,
48,159,23.492473635090064,10.742254887635491,44.596032738128955,,,,,,,,,,,,,,,,,,,
48,161,27.3732772148336,16.22313890518359,43.261579330231804,,,,,,,,,,,,,,,,,,,
48,163,,,,,,,,,,,,,,,,,,,,,,
48,165,21.35150087398447,10.658592307295113,38.20373295623297,,,,,,,,,,,,,,,,,,,
48,167,22.5002072086735,19.475920202934088,25.524494214412915,10.370648777118868,6.644670354704242,15.430703330893838,,,,,,,,,,,,,8.69953111586902,6.156305987398312,11.940786146148112,
48,169,,,,,,,,,,,,,,,,,,,,,,
48,171,35.50825682877936,22.750810153553648,52.83347153082352,,,,,,,,,,,,,,,,,,,
48,173,,,,,,,,,,,,,,,,,,,,,,
48,175,,,,,,,,,,,,,,,,,,,,,,
48,177,29.66529021936174,14.808805994103437,53.07939860052341,,,,,,,,,,,,,,,,,,,
48,179,25.452786159710666,14.245731197728933,41.980500032024494,,,,,,,,,,,,,,,,,,,
48,181,24.31483800635328,19.9331864030145,28.696489609692062,,,,,,,,,,,,,,,,,,,
48,183,23.614655325476914,18.75344500017941,29.35086039997395,,,,,,,,,,,,,,,,,,,
48,185,26.9666942867603,17.094570947855804,40.463281953730664,,,,,,,,,,,,,,,,,,,
48,187,24.06907740601859,19.36663810911426,28.77151670292292,,,,,,,,,,,,,,,,10.56466518413787,7.4761858612502365,14.500828376753871,
48,189,26.854291170296058,13.876004116076377,46.90904235622235,,,,,,,,,,,,,,,,,,,
48,191,,,,,,,,,,,,,,,,,,,,,,
48,193,25.849025063801648,11.819820260114172,49.06950140287322,,,,,,,,,,,,,,,,,,,
48,195,,,,,,,,,,,,,,,,,,,,,,
48,197,,,,,,,,,,,,,,,,,,,,,,
48,199,22.95314116638074,17.193477809502447,30.023273781932364,,,,,,,,,,,,,,,,,,,
48,201,20.942705033243495,19.829654389175843,22.055755677311147,9.22739238806366,8.349619548021467,10.105165228105852,,,,8.339867780397343,7.006068297360863,9.673667263433824,,,,4.117292419719306,2.0553375414079382,7.366973452312871,7.056085345976554,6.53003066936868,7.5821400225844275,
48,203,22.349957116097915,16.421907829541325,29.720704935489806,,,,,,,,,,,,,,,,,,,
48,205,,,,,,,,,,,,,,,,,,,,,,
48,207,,,,,,,,,,,,,,,,,,,,,,
48,209,16.254297355242585,13.255137015946227,19.253457694538945,19.201509412046494,9.585324315868622,34.3568043419481,,,,,,,,,,,,,8.9666208951064,6.540314809491393,11.998044230852583,
48,211,,,,,,,,,,,,,,,,,,,,,,
48,213,37.8717029906068,30.591621873342376,45.15178410787122,,,,,,,,,,,,,,,,,,,
48,215,19.335044886842372,13.749107033888128,26.43164286296755,,,,,,,,,,,,,,,,6.226941644653843,5.436075124441792,7.017808164865895,
48,217,24.68307030532397,16.266298863590386,35.912571382923204,,,,,,,,,,,,,,,,,,,
48,219,,,,,,,,,,,,,,,,,,,,,,
48,221,33.66050141785308,26.337269288751948,42.3898307436792,,,,,,,,,,,,,,,,,,,
48,223,24.985237123946373,17.198687591718606,35.088562334127744,,,,,,,,,,,,,,,,,,,
48,225,24.475934639373808,13.032404365127674,41.854593653866075,,,,,,,,,,,,,,,,,,,
48,227,29.52899873723813,18.718852172425656,44.30799670921652,,,,,,,,,,,,,,,,24.04242314711714,14.249063686152919,37.99739388553635,
48,229,,,,,,,,,,,,,,,,,,,,,,
48,231,21.04271911047155,16.523060461692033,26.41720687095187,,,,,,,,,,,,,,,,,,,
48,233,26.90246448243474,15.377082914835812,43.68791687597317,,,,,,,,,,,,,,,,,,,
48,235,,,,,,,,,,,,,,,,,,,,,,
48,237,,,,,,,,,,,,,,,,,,,,,,
48,239,22.076704805099666,10.09487522596335,41.908462494458774,,,,,,,,,,,,,,,,,,,
48,241,27.078889643054232,18.135157380830417,38.889802508999715,,,,,,,,,,,,,,,,,,,
48,243,,,,,,,,,,,,,,,,,,,,,,
48,245,20.719584995796946,16.486916622074208,24.952253369519685,7.549280775941641,5.129370020292634,10.715601459166763,,,,,,,,,,,,,9.03490144976019,5.954056985900416,13.145307258724776,
48,247,,,,,,,,,,,,,,,,,,,,,,
48,249,32.516373892344944,14.868556704539063,61.726206322619014,,,,,,,,,,,,,,,,16.284303808249902,10.322851730597096,24.434451231085102,
48,251,22.583230043375885,18.87239488568611,26.29406520106566,,,,,,,,,,,,,,,,5.049240901807986,2.6885081259960053,8.634355717950239,
48,253,41.9253237742664,26.577058876767662,62.908570803670194,,,,,,,,,,,,,,,,,,,
48,255,,,,,,,,,,,,,,,,,,,,,,
48,257,24.43436145842156,19.70846829116216,29.16025462568096,6.158086757472628,2.9530419626587077,11.324940800755641,,,,,,,,,,,,,7.255266316230735,4.226459994136162,11.616384200989893,
48,259,22.699383474273112,15.719982930064312,31.720113189478184,,,,,,,,,,,,,,,,,,,
48,261,,,,,,,,,,,,,,,,,,,,,,
48,263,,,,,,,,,,,,,,,,,,,,,,
48,265,32.05440385940597,23.101994836547334,43.328242044539756,,,,,,,,,,,,,,,,,,,
48,267,,,,,,,,,,,,,,,,,,,,,,
48,269,,,,,,,,,,,,,,,,,,,,,,
48,271,,,,,,,,,,,,,,,,,,,,,,
48,273,,,,,,,,,,,,,,,,,,,10.884966349499988,5.2197644590174175,20.017840667268732,
48,275,,,,,,,,,,,,,,,,,,,,,,
48,277,28.274978066721314,20.70083762335901,37.71485837814118,,,,,,,,,,,,,,,,,,,
48,279,,,,,,,,,,,,,,,,,,,,,,
48,281,15.449824260796044,8.226380732891396,26.419670014113258,,,,,,,,,,,,,,,,,,,
48,283,,,,,,,,,,,,,,,,,,,,,,
48,285,13.811998206734469,6.31572509344809,26.219474959268048,,,,,,,,,,,,,,,,,,,
48,287,,,,,,,,,,,,,,,,,,,,,,
48,289,28.14897955558234,14.988146088767559,48.1356123240581,,,,,,,,,,,,,,,,,,,
48,291,23.172139373592728,17.550352072578637,30.022194283943932,,,,,,,,,,,,,,,,8.828926258838685,5.14317490188919,14.13596621194199,
48,293,36.80820738707228,22.483409322388937,56.84729098459536,,,,,,,,,,,,,,,,,,,
48,295,,,,,,,,,,,,,,,,,,,,,,
48,297,,,,,,,,,,,,,,,,,,,,,,
48,299,20.2052728491448,11.046410685784561,33.90101456355161,,,,,,,,,,,,,,,,,,,
48,301,,,,,,,,,,,,,,,,,,,,,,
48,303,25.042579030949337,21.51025273898135,28.574905322917324,9.970981403877987,4.977477991584576,17.84084000059492,,,,,,,,,,,,,13.983472882602918,11.070847166458256,17.42757944896443,
48,305,,,,,,,,,,,,,,,,,,,,,,
48,307,,,,,,,,,,,,,,,,,,,,,,
48,309,17.658082261688854,14.531208468200619,20.78495605517709,,,,,,,,,,,,,,,,11.9656652091236,8.467616862218991,16.423810370414074,
48,311,,,,,,,,,,,,,,,,,,,,,,
48,313,28.126242414180815,12.861109040184571,53.392369274805404,,,,,,,,,,,,,,,,,,,
48,315,49.35667837361431,26.280352524301,84.40142318851355,,,,,,,,,,,,,,,,,,,
48,317,,,,,,,,,,,,,,,,,,,,,,
48,319,,,,,,,,,,,,,,,,,,,,,,
48,321,26.441538412349743,15.403170526381096,42.33546443029269,,,,,,,,,,,,,,,,,,,
48,323,,,,,,,,,,,,,,,,,,,12.181446458050823,8.276701863421168,17.290590893987467,
48,325,20.01189902051033,12.387680904167802,30.590313426299023,,,,,,,,,,,,,,,,12.222204945202432,7.119884782929371,19.568934100887777,
48,327,,,,,,,,,,,,,,,,,,,,,,
48,329,24.65549357874844,19.580020813706184,30.644527313577665,,,,,,,,,,,,,,,,11.129644472468303,7.951181183346731,15.15541689013832,
48,331,35.86694755502278,22.477625077478333,54.30298963281155,,,,,,,,,,,,,,,,,,,
48,333,,,,,,,,,,,,,,,,,,,,,,
48,335,,,,,,,,,,,,,,,,,,,,,,
48,337,42.31790076608282,28.55170994190913,60.41143466332856,,,,,,,,,,,,,,,,,,,
48,339,22.75440029982279,20.651983614395295,24.856816985250287,7.0179658650586765,4.088223736533117,11.236443191007098,,,,,,,,,,,,,8.763839618381413,6.545254608275336,11.492609688095138,
48,341,,,,,,,,,,,,,,,,,,,,,,
48,343,29.58075052273789,14.766604082143518,52.92813373099128,,,,,,,,,,,,,,,,,,,
48,345,,,,,,,,,,,,,,,,,,,,,,
48,347,26.52751627469013,19.349352401534873,35.49590389977306,,,,,,,,,,,,,,,,,,,
48,349,24.790676216913706,16.60270493721142,35.603546336237024,,,,,,,,,,,,,,,,,,,
48,351,,,,,,,,,,,,,,,,,,,,,,
48,353,50.296530450892874,28.748812941540145,81.67841436695005,,,,,,,,,,,,,,,,,,,
48,355,31.367489724805562,26.259547538502552,36.47543191110857,,,,,,,,,,,,,,,,11.384435672600162,9.419844470602111,13.349026874598213,
48,357,,,,,,,,,,,,,,,,,,,,,,
48,359,,,,,,,,,,,,,,,,,,,,,,
48,361,24.04338492395171,18.974663385423643,30.050105840953027,,,,,,,,,,,,,,,,,,,
48,363,30.51358479272168,19.93248665592478,44.709471581769336,,,,,,,,,,,,,,,,,,,
48,365,36.54954559234593,24.477804306316795,52.49124423551119,,,,,,,,,,,,,,,,,,,
48,367,19.987949518412698,16.543022859473545,23.43287617735185,,,,,,,,,,,,,,,,9.0517769607344,4.340678891741775,16.646540112083922,
48,369,,,,,,,,,,,,,,,,,,,,,,
48,371,,,,,,,,,,,,,,,,,,,,,,
48,373,36.68210107766866,27.556723304449793,47.86218487506337,,,,,,,,,,,,,,,,,,,
48,375,32.79733362260104,25.965957888393426,40.875263407074094,,,,,,,,,,,,,,,,16.188663975415757,11.073034175163933,22.85356328085186,
48,377,,,,,,,,,,,,,,,,,,,,,,
48,379,19.3772260536415,8.36571085502455,38.18086010575134,,,,,,,,,,,,,,,,,,,
48,381,23.386954559091617,19.02280157395427,27.751107544228965,,,,,,,,,,,,,,,,10.35549875017636,6.234686714766615,16.17139405669581,
48,383,,,,,,,,,,,,,,,,,,,,,,
48,385,,,,,,,,,,,,,,,,,,,,,,
48,387,33.06050536350095,17.08284555322511,57.75004957606129,,,,,,,,,,,,,,,,,,,
48,389,,,,,,,,,,,,,,,,,,,,,,
48,391,,,,,,,,,,,,,,,,,,,,,,
48,393,,,,,,,,,,,,,,,,,,,,,,
48,395,29.09292378063077,14.523082730112892,52.05527693772119,,,,,,,,,,,,,,,,,,,
48,397,16.317213295453243,12.53859471911394,20.876804024845175,,,,,,,,,,,,,,,,9.122538575923867,4.7137488018526454,15.935239017875267,
48,399,,,,,,,,,,,,,,,,,,,,,,
48,401,26.810541824028437,19.322680324999798,36.24006394228691,,,,,,,,,,,,,,,,,,,
48,403,,,,,,,,,,,,,,,,,,,,,,
48,405,,,,,,,,,,,,,,,,,,,,,,
48,407,33.32020490376655,22.639462642329594,47.295371159645484,,,,,,,,,,,,,,,,,,,
48,409,24.41704882135847,16.474080305600026,34.85685544035888,,,,,,,,,,,,,,,,13.744349071461773,8.978265134112679,20.138655893587877,
48,411,,,,,,,,,,,,,,,,,,,,,,
48,413,,,,,,,,,,,,,,,,,,,,,,
48,415,,,,,,,,,,,,,,,,,,,,,,
48,417,,,,,,,,,,,,,,,,,,,,,,
48,419,13.528647601319177,6.487512378132515,24.879664615524945,,,,,,,,,,,,,,,,,,,
48,421,,,,,,,,,,,,,,,,,,,,,,
48,423,22.876607978386275,19.203897676992383,26.549318279780167,6.61118014201575,3.614393703646546,11.092436907439506,,,,,,,,,,,,,6.3477728419040576,3.697811603159668,10.16339923831708,
48,425,,,,,,,,,,,,,,,,,,,,,,
48,427,,,,,,,,,,,,,,,,,,,11.473440281138338,7.945690929140206,16.032982781356385,
48,429,,,,,,,,,,,,,,,,,,,,,,
48,431,,,,,,,,,,,,,,,,,,,,,,
48,433,,,,,,,,,,,,,,,,,,,,,,
48,435,,,,,,,,,,,,,,,,,,,,,,
48,437,,,,,,,,,,,,,,,,,,,,,,
48,439,20.47797076754899,19.175515809601894,21.780425725496084,7.592885877436141,6.393535272127414,8.792236482744869,,,,8.907319493993349,6.780664298898085,11.489793175439107,,,,,,,7.788299980898777,6.800348935024786,8.776251026772767,
48,441,28.08130992922754,22.930419315996172,33.23220054245891,16.597762263587434,7.959272153990066,30.523875752813986,,,,,,,,,,,,,15.887221352961811,10.556943211421615,22.961458279185422,
48,443,,,,,,,,,,,,,,,,,,,,,,
48,445,,,,,,,,,,,,,,,,,,,32.297476569464905,16.12278393636419,57.7891070656978,
48,447,,,,,,,,,,,,,,,,,,,,,,
48,449,42.31604356277413,27.112687569779382,62.962918558674005,,,,,,,,,,,,,,,,,,,
48,451,19.824859675074133,15.164446794869923,25.465861619084002,,,,,,,,,,,,,,,,9.913974958332878,6.352070822054765,14.751208887670517,
48,453,18.002492337933777,16.5455944066058,19.459390269261753,9.078097737877615,6.759240043485366,11.936021992294414,,,,5.5579079006696634,3.8016048896924657,7.846107628769816,,,,,,,8.1445980427633,6.941829040711363,9.347367044815238,
48,455,,,,,,,,,,,,,,,,,,,,,,
48,457,26.991181123925777,15.723357660842,43.215495656253005,,,,,,,,,,,,,,,,,,,
48,459,19.888829792628343,13.513494901676369,28.23060631500019,,,,,,,,,,,,,,,,,,,
48,461,,,,,,,,,,,,,,,,,,,,,,
48,463,30.83554776520428,14.099975968427364,58.535474765040306,,,,,,,,,,,,,,,,,,,
48,465,,,,,,,,,,,,,,,,,,,6.020062543496079,3.110654163346062,10.515837750069792,
48,467,23.437211910157068,17.556080014186225,30.656450233245582,,,,,,,,,,,,,,,,,,,
48,469,25.950089484100474,18.85537474528088,34.836783900364225,,,,,,,,,,,,,,,,13.640773923223158,9.13544038012032,19.590426747063184,
48,471,20.718519736865332,15.16856040903522,27.635601903446755,10.775468794199908,5.379075198282533,19.28029016421145,,,,,,,,,,,,,19.018072429473378,10.870471618661842,30.884158140327937,
48,473,22.53763914329551,14.976097535830407,32.57316363906774,,,,,,,,,,,,,,,,10.920995655880532,5.237041911872092,20.084099844497246,
48,475,75.579381518634,41.319951176396195,126.8093597496696,,,,,,,,,,,,,,,,,,,
48,477,11.759728899436421,5.870414296548633,21.04140337315433,,,,,,,,,,,,,,,,,,,
48,479,,,,,,,,,,,,,,,,,,,7.35515530618938,5.899049632933906,9.061757051094606,
48,481,21.101056727119985,12.505823531598173,33.34876684247878,,,,,,,,,,,,,,,,12.039232976311922,5.773280172471104,22.140578090717764,
48,483,,,,,,,,,,,,,,,,,,,,,,
48,485,26.593978739986486,21.43479076011345,31.75316671985952,,,,,,,,,,,,,,,,16.480427589790914,10.32819622889748,24.951565426074044,
48,487,42.79853515325538,22.788417462722297,73.18679855185444,,,,,,,,,,,,,,,,,,,
48,489,,,,,,,,,,,,,,,,,,,14.285173351012496,7.6062531739586206,24.428081488656936,
48,491,18.249043673392872,16.285923046155567,20.212164300630178,11.18289481249597,7.236979892364531,16.508158769433216,,,,7.512196378686447,4.452203672142156,11.872508981303552,,,,,,,7.24886672905982,5.557664555487015,9.29271999778684,
48,493,21.359031945243004,14.304478910881855,30.675132735620817,,,,,,,,,,,,,,,,12.42848955216958,6.794770890859745,20.85289362122538,
48,495,108.31108701206303,54.06850439390738,193.79845327172941,,,,,,,,,,,,,,,,,,,
48,497,19.325992816933553,14.476494795894855,25.278874435726966,,,,,,,,,,,,,,,,,,,
48,499,25.171282262045498,17.899242335691955,34.40997148168454,,,,,,,,,,,,,,,,,,,
48,501,,,,,,,,,,,,,,,,,,,,,,
48,503,25.396488233134868,14.214221675590338,41.88764516365809,,,,,,,,,,,,,,,,,,,
48,505,,,,,,,,,,,,,,,,,,,,,,
48,507,,,,,,,,,,,,,,,,,,,,,,
49,000,22.655889761998036,21.81658881488067,23.495190709115402,18.660471675949566,13.20526037279991,25.612955307707942,28.547387198735468,20.659885665598875,38.45314321306314,10.736427143575689,7.801104398563213,14.413152312708336,9.291556966391218,5.506765526398345,14.684665838443165,20.03249110287816,13.873082435953432,27.993398409727426,11.958764769029903,10.5005965903083,13.416932947751507,
49,001,,,,,,,,,,,,,,,,,,,,,,
49,003,22.017184255043716,16.586356321208807,28.658391660369595,,,,,,,,,,,,,,,,,,,
49,005,21.179933744734612,17.02724498624516,25.332622503224062,,,,,,,,,,,,,,,,10.808407767108935,4.942292283361681,20.517724702649833,
49,007,38.07207221884612,25.497464283223124,54.67784644113278,,,,,,,,,,,,,,,,,,,
49,009,,,,,,,,,,,,,,,,,,,,,,
49,011,21.058612507174704,18.68401801735568,23.43320699699373,,,,,,,,,,,,,,,,11.863471126811767,7.434774194176472,17.961437856403315,
49,013,38.61495282913,25.861039948114716,55.45751355445257,,,,,,,,,,,,,,,,,,,
49,015,26.754283196325044,13.355641776499146,47.87080293325971,,,,,,,,,,,,,,,,,,,
49,017,35.25852171866165,16.122441303812202,66.93165706121425,,,,,,,,,,,,,,,,,,,
49,019,26.843104316298124,13.399980959569126,48.02972845181469,,,,,,,,,,,,,,,,,,,
49,021,26.959714954851357,20.806938832482206,34.36236981880343,,,,,,,,,,,,,,,,,,,
49,023,22.271029905767776,11.117617886918037,39.849024394201905,,,,,,,,,,,,,,,,,,,
49,025,32.24173233009946,16.094956612918256,57.68936522332639,,,,,,,,,,,,,,,,,,,
49,027,27.941155531533393,15.275689734116243,46.88051122442855,,,,,,,,,,,,,,,,,,,
49,029,,,,,,,,,,,,,,,,,,,,,,
49,031,,,,,,,,,,,,,,,,,,,,,,
49,033,,,,,,,,,,,,,,,,,,,,,,
49,035,22.757925037196905,21.299026582883062,24.21682349151075,20.9798693151407,13.299437471670236,31.48010499261482,35.80823641427442,17.171441212944934,65.85262168952526,13.516579921785926,9.24533066055109,19.081377873574223,10.209676926548587,5.275489051571059,17.834250934188173,16.113894475343876,9.386937347484507,25.799906032539635,11.65628824827293,9.548405310242066,13.764171186303793,
49,037,34.07902154989287,17.012124771725624,60.97678314914898,,,,29.328964152278324,14.064378316510886,53.93700931039745,,,,,,,,,,,,,
49,039,35.00852370750369,25.43724691926293,46.99730903881155,,,,,,,,,,,,,,,,,,,
49,041,24.475255720084665,15.839095017580586,36.130305625172554,,,,,,,,,,,,,,,,,,,
49,043,22.385323034051236,15.841186885692135,30.72560481730607,,,,,,,,,,,,,,,,,,,
49,045,26.355433672994106,20.865845033564597,32.84673400550263,,,,,,,,,,,,,,,,25.821423938521363,12.382376447282878,47.48651797412889,
49,047,32.97704863516353,24.230294955997916,43.852483789468145,,,,,,,,,,,,,,,,,,,
49,049,18.745116156785148,16.987687702037203,20.502544611533093,,,,,,,,,,,,,40.126313695182255,8.275010559257753,117.26611648260132,7.951250426790188,5.53833725664744,11.058264543373886,
49,051,11.92025066540431,7.064696010336181,18.8391351810146,,,,,,,,,,,,,,,,,,,
49,053,25.83196467957753,22.105924568899944,29.55800479025512,,,,,,,,,,,,,,,,10.885064382719417,5.6244716056940645,19.01401690110457,
49,055,,,,,,,,,,,,,,,,,,,,,,
49,057,25.34823130581066,22.208739415542325,28.487723196078996,,,,,,,,,,,,,,,,17.302834338275257,12.052058093704558,24.06405397799331,
50,000,18.589139819699813,17.003492219940824,20.174787419458802,,,,,,,,,,,,,,,,14.838842429486258,7.6674464175436325,25.920471466847744,
50,001,14.154151907641449,9.068832201143556,21.060256082445175,,,,,,,,,,,,,,,,,,,
50,003,20.66557285609957,14.135236535419768,29.17362283380132,,,,,,,,,,,,,,,,,,,
50,005,26.47761203719221,18.225969813428385,37.18441157140102,,,,,,,,,,,,,,,,,,,
50,007,15.103040403381153,12.288181281500945,17.91789952526136,,,,,,,,,,,,,,,,,,,
50,009,50.008589030196816,24.964107464004698,89.47917957165667,,,,,,,,,,,,,,,,,,,
50,011,17.027066261504537,12.164385771798823,23.186031525756366,,,,,,,,,,,,,,,,,,,
50,013,,,,,,,,,,,,,,,,,,,,,,
50,015,16.2148388815165,9.762392231948304,25.32147948106994,,,,,,,,,,,,,,,,,,,
50,017,23.219806909751963,15.666306215400278,33.147718167245735,,,,,,,,,,,,,,,,,,,
50,019,25.620930557419527,17.1587392993904,36.795930062457984,,,,,,,,,,,,,,,,,,,
50,021,18.462704845602218,13.565701074214866,24.551483485037817,,,,,,,,,,,,,,,,,,,
50,023,20.546398549324103,15.435086952294537,26.80859321014073,,,,,,,,,,,,,,,,,,,
50,025,21.471861998750974,15.339813011836771,29.238581771733806,,,,,,,,,,,,,,,,,,,
50,027,18.910002468589813,13.793085560284432,25.303071098667193,,,,,,,,,,,,,,,,,,,
51,000,16.44043971459985,15.946293650213537,16.934585778986165,9.035160797562176,8.385259850312803,9.685061744811549,8.921396081131729,4.278156192117929,16.40676503238746,7.187745946406331,6.255064699304808,8.120427193507853,,,,7.1704739977484095,5.57905677031731,9.074693764363566,5.966397056542489,5.2400249660219576,6.69276914706302,
51,001,22.214745997416074,13.165866375114009,35.108876029917745,,,,,,,,,,,,,,,,,,,
51,003,16.636298912425985,12.918737062498177,21.090472997191583,,,,,,,,,,,,,,,,,,,
51,005,28.1146711454044,16.37783200025639,45.014312014830764,,,,,,,,,,,,,,,,,,,
51,007,19.072266939924276,8.721054918953616,36.20510356017844,,,,,,,,,,,,,,,,,,,
51,009,24.510568991688988,16.15261941094371,35.661591028253625,,,,,,,,,,,,,,,,,,,
51,011,16.078493654063546,7.352111136700152,30.521989319396233,,,,,,,,,,,,,,,,,,,
51,013,8.703167624109248,6.687752965858896,11.135132059255175,,,,,,,,,,,,,,,,,,,
51,015,19.13633470748362,14.671718090685845,24.531917452376703,,,,,,,,,,,,,,,,,,,
51,017,,,,,,,,,,,,,,,,,,,,,,
51,019,17.866226331148273,13.566574704097905,23.096240570643783,,,,,,,,,,,,,,,,,,,
51,021,,,,,,,,,,,,,,,,,,,,,,
51,023,23.538480535651708,16.202806925871617,33.056778185798265,,,,,,,,,,,,,,,,,,,
51,025,,,,,,,,,,,,,,,,,,,,,,
51,027,22.577752647074142,13.593281972594765,35.25795751404295,,,,,,,,,,,,,,,,,,,
51,029,,,,,,,,,,,,,,,,,,,,,,
51,031,19.750087088597752,14.109751773004346,26.894013028419273,,,,,,,,,,,,,,,,,,,
51,033,22.05174676645899,13.650378809249153,33.70843738977422,,,,,,,,,,,,,,,,,,,
51,035,19.821968333233368,12.565427575042868,29.742684995666178,,,,,,,,,,,,,,,,,,,
51,036,,,,,,,,,,,,,,,,,,,,,,
51,037,44.74120158036169,25.573462492992387,72.656908323408,,,,,,,,,,,,,,,,,,,
51,041,15.816395572981019,13.421954637866536,18.2108365080955,8.871296518385941,6.3661955452757715,12.034915440614574,,,,,,,,,,,,,8.082099165299743,4.789964182040785,12.773201084046397,
51,043,16.350277874975415,7.840593770028135,30.068743150672375,,,,,,,,,,,,,,,,,,,
51,045,,,,,,,,,,,,,,,,,,,,,,
51,047,21.596666201610354,15.126039498982632,29.89888931132912,,,,,,,,,,,,,,,,,,,
51,049,,,,,,,,,,,,,,,,,,,,,,
51,051,40.844979912918205,25.892213541647575,61.287524567751824,,,,,,,,,,,,,,,,,,,
51,053,27.082669934060178,17.168089559737147,40.63730236819301,,,,,,,,,,,,,,,,,,,
51,057,,,,,,,,,,,,,,,,,,,,,,
51,059,11.319797129231166,10.064957731876,12.574636526586332,6.521082951325108,4.614706411513715,8.950695839345494,,,,6.9217627870924145,5.513145422956391,8.580566391112,,,,5.213336611048299,2.3838694707428556,9.8965368139831,5.3945268262840544,4.016579551433639,7.092806521336521,
51,061,13.681856906867498,9.582604373321042,18.94145704772585,,,,,,,,,,,,,,,,,,,
51,063,17.69458635223406,9.67379501485569,29.688509237255765,,,,,,,,,,,,,,,,,,,
51,065,16.981738978415226,9.504550395328872,28.008795942962337,,,,,,,,,,,,,,,,,,,
51,067,14.953973811663808,10.293627495536246,21.00093905975313,,,,,,,,,,,,,,,,,,,
51,069,14.092934458806935,10.493115372257826,18.529606145836706,,,,,,,,,,,,,,,,,,,
51,071,25.64911971190607,15.44244558095822,40.054277642738676,,,,,,,,,,,,,,,,,,,
51,073,12.955286673496072,7.913425669064376,20.00838953042154,,,,,,,,,,,,,,,,,,,
51,075,20.442681728875808,11.908615443469841,32.73071376166222,,,,,,,,,,,,,,,,,,,
51,077,14.305756772832536,6.176210381843353,28.188043868527668,,,,,,,,,,,,,,,,,,,
51,079,24.924042664282304,15.005901833036361,38.921980015993284,,,,,,,,,,,,,,,,,,,
51,081,,,,,,,,,,,,,,,,,,,,,,
51,083,24.776347418584972,15.336949555745127,37.873278908543135,,,,,,,,,,,,,,,,,,,
51,085,18.477213062163685,14.628583585111748,23.028120506238693,,,,,,,,,,,,,,,,,,,
51,087,16.332903218008962,13.592648722696829,19.073157713321095,8.475412882951494,6.108332119304017,11.456296065608322,,,,,,,,,,,,,8.790142438723677,4.019412857160777,16.686428430619156,
51,089,19.825636861440167,13.376273936894972,28.3023293743745,20.46792060761272,9.815163511508214,37.64123474137508,,,,,,,,,,,,,,,,
51,091,,,,,,,,,,,,,,,,,,,,,,
51,093,18.76688427830925,12.024296868425058,27.923636212878996,,,,,,,,,,,,,,,,,,,
51,095,14.818429455654256,10.486402630973396,20.33945218369094,,,,,,,,,,,,,,,,,,,
51,097,,,,,,,,,,,,,,,,,,,,,,
51,099,21.97021947355337,13.76861957485672,33.263176312194695,,,,,,,,,,,,,,,,,,,
51,101,,,,,,,,,,,,,,,,,,,,,,
51,103,,,,,,,,,,,,,,,,,,,,,,
51,105,24.77878419443231,15.876234582895584,36.86886674323863,,,,,,,,,,,,,,,,,,,
51,107,9.488635109080192,7.726674762345862,11.250595455814523,,,,,,,5.1228537182573115,3.2104651512121274,7.756062093831006,,,,,,,6.377359668392188,3.5693597949194245,10.518484934547274,
51,109,19.06559716787354,12.668950858141011,27.555096275930662,,,,,,,,,,,,,,,,,,,
51,111,,,,,,,,,,,,,,,,,,,,,,
51,113,14.531130433147602,6.273510731816823,28.632119825126914,,,,,,,,,,,,,,,,,,,
51,115,,,,,,,,,,,,,,,,,,,,,,
51,117,24.87861859861793,15.196506568390541,38.42300864853097,,,,,,,,,,,,,,,,,,,
51,119,37.42607999350574,18.68296428739766,66.96559525764543,,,,,,,,,,,,,,,,,,,
51,121,14.505536486374146,10.833428459121123,19.022081235337566,,,,,,,,,,,,,,,,,,,
51,125,26.502617897622578,14.111527844197733,45.32028374860257,,,,,,,,,,,,,,,,,,,
51,127,9.16046415721591,4.188747528011649,17.389414405533778,,,,,,,,,,,,,,,,,,,
51,131,,,,,,,,,,,,,,,,,,,,,,
51,133,48.01539091507786,23.96911014638721,85.9127975656192,,,,,,,,,,,,,,,,,,,
51,135,27.81438954772698,13.338080922699408,51.1516526874077,,,,,,,,,,,,,,,,,,,
51,137,22.415934014964222,15.012302814416099,32.193020407700985,,,,,,,,,,,,,,,,,,,
51,139,26.610619809658647,17.38294034820934,38.99072358213999,,,,,,,,,,,,,,,,,,,
51,141,44.42248284481349,28.747888673475746,65.57634780890224,,,,,,,,,,,,,,,,,,,
51,143,25.54714925705914,19.02153063793545,33.589783253862194,,,,,,,,,,,,,,,,,,,
51,145,19.247864316771857,12.332469854654073,28.639296384301783,,,,,,,,,,,,,,,,,,,
51,147,24.79072493446013,12.80972932964939,43.304407426637255,,,,,,,,,,,,,,,,,,,
51,149,14.136096082022636,8.080000316970033,22.95613440863031,,,,,,,,,,,,,,,,,,,
51,153,12.811247423222438,10.51540765215412,15.107087194290756,8.600720791539844,6.19864303788743,11.625675955411449,,,,6.656477207722769,3.8776432723609986,10.657664832655195,,,,,,,4.571381209996198,3.0615257414115087,6.565265961549686,
51,155,21.354507824407854,14.189915366673253,30.863209468109325,,,,,,,,,,,,,,,,,,,
51,157,33.46825701609812,16.049330137425198,61.5493162631804,,,,,,,,,,,,,,,,,,,
51,159,,,,,,,,,,,,,,,,,,,,,,
51,161,13.949999747374385,10.537679892163817,18.115235014905522,,,,,,,,,,,,,,,,,,,
51,163,30.152354365228117,19.114006168503394,45.24333621596456,,,,,,,,,,,,,,,,,,,
51,165,15.287629670852226,11.382644428915096,20.10040971469047,,,,,,,,,,,,,,,,,,,
51,167,21.23109772104089,13.458694730387558,31.857070953463662,,,,,,,,,,,,,,,,,,,
51,169,25.001506446171113,15.848810432696594,37.51453529460293,,,,,,,,,,,,,,,,,,,
51,171,19.19245545526422,13.127625323756481,27.094020601570165,,,,,,,,,,,,,,,,,,,
51,173,22.53893422745132,15.206924275831136,32.17573007671603,,,,,,,,,,,,,,,,,,,
51,175,26.918951979033018,14.716841539900196,45.16542735602654,,,,,,,,,,,,,,,,,,,
51,177,18.074211444863074,14.374956740312383,22.43486207362354,9.121697237608734,4.55351839573553,16.321236030663194,,,,,,,,,,,,,,,,
51,179,14.616101693150519,11.304091990621625,18.595265054071145,7.440046720115369,4.067542774870143,12.48313418459039,,,,,,,,,,,,,,,,
51,181,,,,,,,,,,,,,,,,,,,,,,
51,183,,,,,,,,,,,,,,,,,,,,,,
51,185,25.36730141189134,18.358441813465674,34.169588527653595,,,,,,,,,,,,,,,,,,,
51,187,18.976360384575003,12.803270664308839,27.08993439578514,,,,,,,,,,,,,,,,,,,
51,191,16.657250752543888,11.844933633585239,22.77101012937136,,,,,,,,,,,,,,,,,,,
51,193,,,,,,,,,,,,,,,,,,,,,,
51,195,19.189179558365126,12.751070459131412,27.733707238809043,,,,,,,,,,,,,,,,,,,
51,197,29.81534770880914,20.76748211567212,41.46593110761646,,,,,,,,,,,,,,,,,,,
51,199,13.726751935515004,9.326661962078392,19.484028669138723,,,,,,,,,,,,,,,,,,,
51,510,8.912800876231335,6.172373703110254,12.454745872272705,5.806762207230715,2.6552214411678348,11.023043444407302,,,,,,,,,,,,,,,,
51,520,16.746976879829518,8.653407332284779,29.25359834719996,,,,,,,,,,,,,,,,,,,
51,530,,,,,,,,,,,,,,,,,,,,,,
51,540,13.014914250729273,7.8358285709287125,20.324400788427944,,,,,,,,,,,,,,,,,,,
51,550,15.133725370152362,12.235151880647905,18.03229885965682,6.823131777853293,4.4155711295881,10.072288488996987,,,,,,,,,,,,,,,,
51,570,,,,,,,,,,,,,,,,,,,,,,
51,580,,,,,,,,,,,,,,,,,,,,,,
51,590,32.56468983238379,20.643219922136073,48.8630238623821,,,,,,,,,,,,,,,,,,,
51,595,,,,,,,,,,,,,,,,,,,,,,
51,600,26.18719471801704,14.968244442765439,42.5263635903186,,,,,,,,,,,,,,,,,,,
51,610,,,,,,,,,,,,,,,,,,,,,,
51,620,,,,,,,,,,,,,,,,,,,,,,
51,630,20.649349687537597,12.238113312245144,32.63487497730131,,,,,,,,,,,,,,,,,,,
51,640,50.89037372370892,25.404291205954674,91.05693596239716,,,,,,,,,,,,,,,,,,,
51,650,23.41459589755854,17.639078011760446,30.47731499307396,7.346397710021408,4.706975631587033,10.930857466141232,,,,,,,,,,,,,,,,
51,660,15.685863525705404,9.296436843425234,24.790426953801592,,,,,,,,,,,,,,,,,,,
51,670,38.19454128340155,21.37719481591261,62.99608740315707,,,,,,,,,,,,,,,,,,,
51,678,,,,,,,,,,,,,,,,,,,,,,
51,680,14.465058063521617,9.957080390969852,20.314319572424676,11.725827817305525,5.853490998493759,20.980744972777703,,,,,,,,,,,,,,,,
51,683,19.501884561172613,10.915056747200637,32.165392829990736,,,,,,,,,,,,,,,,,,,
51,685,,,,,,,,,,,,,,,,,,,,,,
51,690,,,,,,,,,,,,,,,,,,,,,,
51,700,20.468976825698938,16.153796411784086,25.582709007645516,12.582666469672064,9.245270044208954,16.732278970569023,,,,,,,,,,,,,,,,
51,710,18.92876883947031,15.074521017837831,22.783016661102792,9.25895876908507,6.753548060782456,12.38921530671057,,,,,,,,,,,,,7.436222891355003,3.210433236954461,14.652323564995243,
51,720,,,,,,,,,,,,,,,,,,,,,,
51,730,33.59673088781909,15.36256471728782,63.77706042540141,16.383405944712358,9.709844688857613,25.892844704487224,,,,,,,,,,,,,,,,
51,735,21.988506851639585,10.976583396221724,39.3435126094522,,,,,,,,,,,,,,,,,,,
51,740,21.877704576503543,15.699818524512203,29.679576606111592,10.325554220005438,6.744994831101536,15.129329316805402,,,,,,,,,,,,,,,,
51,750,,,,,,,,,,,,,,,,,,,,,,
51,760,11.857890548278277,9.026775693312926,15.295814861989433,13.18159750536205,10.034442759948817,17.003300393639968,,,,,,,,,,,,,,,,
51,770,27.750709462193505,21.752126339345097,34.89235081038178,13.387447429271742,8.06011787993268,20.906157493222203,,,,,,,,,,,,,,,,
51,775,17.80534912306946,10.552578334402426,28.14012796292887,,,,,,,,,,,,,,,,,,,
51,790,14.213243233118229,7.770512336170588,23.847407032745753,,,,,,,,,,,,,,,,,,,
51,800,15.298139852598263,10.594406566907086,21.37761707329468,6.468900136610619,3.4444168780512854,11.062016245529701,,,,,,,,,,,,,,,,
51,810,18.3152839164351,16.00958534894322,20.62098248392698,9.453631456282341,6.813346024077436,12.77856339909692,,,,6.452465615330576,3.2210475870783384,11.545243340608453,,,,17.57482787653393,8.4278130935604,32.32073420266383,8.470010522850853,5.019865037062986,13.386268267638913,
51,820,30.507486919515635,19.33912974429673,45.77620941585616,,,,,,,,,,,,,,,,,,,
51,830,,,,,,,,,,,,,,,,,,,,,,
51,840,14.236788940280492,7.106953744144,25.47354802075927,,,,,,,,,,,,,,,,,,,
53,000,16.922212177312005,16.4187365516636,17.42568780296041,11.258729088755702,9.657971513647862,12.859486663863542,24.181042415626138,19.7130231517829,28.649061679469376,7.823497568706627,6.941189619786206,8.705805517627049,18.175741799655807,13.729760025511359,23.60271256155244,14.92666704820855,12.823823442741782,17.029510653675317,9.045629149284908,8.205475553052755,9.88578274551706,
53,001,,,,,,,,,,,,,,,,,,,,,,
53,003,41.58847245140184,28.96789486702609,57.83949764340054,,,,,,,,,,,,,,,,,,,
53,005,19.797948518002627,16.477888583115387,23.118008452889867,,,,,,,,,,,,,,,,6.031925588176771,3.376022962464006,9.948743951200619,
53,007,18.891069631490737,13.77927581898798,25.277737473036357,,,,,,,,,,,,,,,,,,,
53,009,25.73033614877877,19.8998401134357,32.735296364358845,,,,,,,,,,,,,,,,,,,
53,011,16.77502148444116,14.940749602174815,18.609293366707508,26.079061098828063,15.192014133547644,41.75510313761473,,,,8.77170690263776,4.6705644957745145,14.999885947975732,38.08586094604209,18.263650706312198,70.04125429644941,18.415685142967885,9.193043672052502,32.950747657521504,8.838656399004206,5.7199123936707945,13.047600428127597,
53,013,,,,,,,,,,,,,,,,,,,,,,
53,015,22.774254197855416,18.284334515281465,27.264173880429368,,,,,,,,,,,,,,,,24.259048914358665,12.535004571637254,42.37567641718449,
53,017,16.38659501632219,9.865800644974714,25.589697961377368,,,,,,,,,,,,,,,,,,,
53,019,,,,,,,,,,,,,,,,,,,,,,
53,021,12.362759716445135,7.921053422562865,18.39480650009902,,,,,,,,,,,,,,,,7.240114477696978,4.359021871999938,11.306335605750736,
53,023,,,,,,,,,,,,,,,,,,,,,,
53,025,17.719994741966183,12.875375306466342,23.788265852404415,,,,,,,,,,,,,,,,6.004801454992204,3.102768536220301,10.489179699686316,
53,027,21.811098403625596,16.562081459549013,28.195902509186716,,,,,,,,,,,,,,,,,,,
53,029,17.875295133609672,13.350125395054723,23.44107137688855,,,,,,,,,,,,,,,,,,,
53,031,28.24175211874463,18.611492602516716,41.09026658342726,,,,,,,,,,,,,,,,,,,
53,033,13.554579974355342,12.672144842937,14.437015105773684,9.87597569405386,7.854656553260009,12.25868985844629,12.948123761862426,6.209128632375885,23.812060605676066,7.422461588609457,6.3041367581690695,8.540786419049844,9.80040672293095,4.892327725432718,17.535634778795487,13.832500377904152,10.629273090329663,17.697776840581554,9.313433163429687,7.513019345081654,11.113846981777721,
53,035,16.68641343180193,14.176167277530762,19.1966595860731,,,,,,,,,,,,,15.506201047112938,7.740639694210267,27.744876927661814,8.500217672484258,3.8868407923557315,16.13606091429703,
53,037,11.005679463968603,6.722554936112522,16.99737931793837,,,,,,,,,,,,,,,,,,,
53,039,24.951147538486545,15.022220737918053,38.9643076346033,,,,,,,,,,,,,,,,,,,
53,041,19.18891146365013,14.643160982599309,24.699932745835717,,,,,,,,,,,,,,,,,,,
53,043,,,,,,,,,,,,,,,,,,,,,,
53,045,22.63226552735806,17.002054423483454,29.530197153057408,,,,,,,,,,,,,,,,,,,
53,047,26.94307960226179,18.42904650273001,38.035589323887066,,,,60.68130757958818,31.3549171118926,105.9980324720102,,,,,,,,,,,,,
53,049,30.863724782441995,19.342132003007777,46.72805022841125,,,,,,,,,,,,,,,,,,,
53,051,34.264119484726784,19.960112272175568,54.86017451251779,,,,,,,,,,,,,,,,,,,
53,053,17.12523850148272,15.62229307702173,18.62818392594371,12.87844955857877,9.357501164455702,17.288717424995088,24.95392443120112,13.286913798221017,42.67197075518604,9.125878573918357,6.281834901712947,12.816126483254997,18.59085127720573,10.829855963284032,29.765753818900535,12.47399996727314,8.354033550005514,17.91474471882391,11.913636203780879,8.924131046613097,15.58332948382484,
53,055,22.47810278653639,12.580823495024372,37.074212183644406,,,,,,,,,,,,,,,,,,,
53,057,18.908948924613142,14.839236041933528,22.978661807292756,,,,,,,,,,,,,,,,10.776001101493392,5.737766743657069,18.427290069285714,
53,059,25.657698592137294,13.257707269791963,44.81883593163133,,,,,,,,,,,,,,,,,,,
53,061,15.316881646215634,13.857384732728947,16.776378559702323,6.2302151846671014,3.219243099669168,10.882932121820243,,,,6.918447304308889,4.818952039858452,9.621885415992875,,,,13.685608407946967,8.576697927224034,20.720175597752807,6.31607193157768,4.374063421677971,8.826077448737655,
53,063,18.566732176036194,16.79610918732404,20.33735516474835,23.04687343491628,12.271489460205236,39.41085547183747,,,,,,,,,,19.56534758158523,10.417723571516083,33.457340231925535,18.76333222071239,12.915814544516497,26.350694570411367,
53,065,32.14688244238206,24.217431285892708,41.84358621982266,,,,,,,,,,,,,,,,,,,
53,067,17.38080505271308,14.863867125826268,19.89774297959989,,,,,,,10.253122957891552,4.91677099323291,18.85585817382121,,,,,,,10.686807631900082,5.5220294495051885,18.667702255798343,
53,069,,,,,,,,,,,,,,,,,,,,,,
53,071,20.924258189188293,14.94859682184125,28.492900807253744,,,,,,,,,,,,,,,,,,,
53,073,17.49001862415164,14.761242452730633,20.21879479557265,,,,,,,,,,,,,,,,13.855801886101961,7.754987134211553,22.853038086807256,
53,075,18.417607703441043,12.137319529163996,26.79665224669551,,,,,,,,,,,,,,,,,,,
53,077,18.465974497686872,14.614512916648966,22.31743607872478,,,,46.99074437368528,27.849693233631495,74.26563504084936,,,,,,,,,,6.965669913055539,5.0808074327363615,9.32061438662705,
54,000,19.415112439964982,18.429935238477658,20.400289641452307,12.897594508577733,9.40759393734409,17.257996205679973,,,,,,,,,,,,,8.615593841242434,4.822082470697337,14.21011182267755,
54,001,,,,,,,,,,,,,,,,,,,,,,
54,003,18.055594547267486,14.46623847397208,21.64495062056289,,,,,,,,,,,,,,,,,,,
54,005,21.67498524149663,13.417157487103866,33.132517377197864,,,,,,,,,,,,,,,,,,,
54,007,17.224766378067873,8.598541315469085,30.819865021432772,,,,,,,,,,,,,,,,,,,
54,009,18.786365130666468,11.31061901744967,29.337236259702436,,,,,,,,,,,,,,,,,,,
54,011,19.555198000627026,15.381403731411968,24.51261002845953,,,,,,,,,,,,,,,,,,,
54,013,41.437054790002364,19.870678414099768,76.20421909207417,,,,,,,,,,,,,,,,,,,
54,015,33.27334294425291,16.609932914632825,59.535201572280876,,,,,,,,,,,,,,,,,,,
54,017,25.319948161437836,11.57789261006614,48.06514863758751,,,,,,,,,,,,,,,,,,,
54,019,22.932205251557075,15.973121195360884,31.89314618745281,,,,,,,,,,,,,,,,,,,
54,021,,,,,,,,,,,,,,,,,,,,,,
54,023,,,,,,,,,,,,,,,,,,,,,,
54,025,25.36855660957319,17.462547087964708,35.62688540861286,,,,,,,,,,,,,,,,,,,
54,027,16.191580015650906,9.596156486003574,25.58967703542967,,,,,,,,,,,,,,,,,,,
54,029,15.086853753259069,8.78864827923494,24.155514345481983,,,,,,,,,,,,,,,,,,,
54,031,30.68899930765675,17.541414736753808,49.83701220514969,,,,,,,,,,,,,,,,,,,
54,033,24.203078220438794,18.794637273521406,30.68316879518265,,,,,,,,,,,,,,,,,,,
54,035,20.894043401668647,13.521523228413386,30.843729784952654,,,,,,,,,,,,,,,,,,,
54,037,19.214609202017865,14.167336001693661,25.4757841552303,,,,,,,,,,,,,,,,,,,
54,039,18.09670310045987,14.99391796398135,21.19948823693839,,,,,,,,,,,,,,,,,,,
54,041,30.137709218715276,18.887141914519525,45.628853939966824,,,,,,,,,,,,,,,,,,,
54,043,26.03479710897629,16.315868739207353,39.416995698679365,,,,,,,,,,,,,,,,,,,
54,045,19.319143517992003,12.837430566467402,27.921541345886173,,,,,,,,,,,,,,,,,,,
54,047,27.52784915558756,16.314748033532183,43.50586963660154,,,,,,,,,,,,,,,,,,,
54,049,14.748450753096161,10.536509445708,20.083203933402494,,,,,,,,,,,,,,,,,,,
54,051,20.970276531675196,13.698480856250306,30.72631383771115,,,,,,,,,,,,,,,,,,,
54,053,17.639768674893375,10.27581529894624,28.2429784397774,,,,,,,,,,,,,,,,,,,
54,055,19.977050567473864,14.729500076561802,26.486670791183126,,,,,,,,,,,,,,,,,,,
54,057,15.672235011238417,9.435709256746739,24.474136324101696,,,,,,,,,,,,,,,,,,,
54,059,16.697289658515373,9.345346270277746,27.539640047484497,,,,,,,,,,,,,,,,,,,
54,061,12.975374267111565,9.852745680351237,16.773680127676336,,,,,,,,,,,,,,,,,,,
54,063,22.03858662228614,11.001583037292148,39.43311915259791,,,,,,,,,,,,,,,,,,,
54,065,16.545238478032324,8.549166156230022,28.901201958303698,,,,,,,,,,,,,,,,,,,
54,067,31.055432770421803,20.95297007956048,44.33356130121177,,,,,,,,,,,,,,,,,,,
54,069,14.248511784581188,9.389859048426235,20.730836570757734,,,,,,,,,,,,,,,,,,,
54,071,,,,,,,,,,,,,,,,,,,,,,
54,073,,,,,,,,,,,,,,,,,,,,,,
54,075,44.32030474095865,24.230323022263743,74.36194045495797,,,,,,,,,,,,,,,,,,,
54,077,25.760749654124822,18.318411275516905,35.2157928117094,,,,,,,,,,,,,,,,,,,
54,079,14.957812231692701,10.733984305351434,20.291961272168642,,,,,,,,,,,,,,,,,,,
54,081,16.187403929311827,12.014603204486779,21.34107405035351,,,,,,,,,,,,,,,,,,,
54,083,28.785720449885133,20.050309004214657,40.033968837645936,,,,,,,,,,,,,,,,,,,
54,085,20.432662869546576,9.34311456457035,38.78755879059041,,,,,,,,,,,,,,,,,,,
54,087,16.787568152270214,8.050291455294944,30.872935539988777,,,,,,,,,,,,,,,,,,,
54,089,31.934780526919596,17.873654239278626,52.67156398992365,,,,,,,,,,,,,,,,,,,
54,091,22.37721697137559,13.262156971154782,35.365650214230634,,,,,,,,,,,,,,,,,,,
54,093,27.126887862503935,11.71146476932056,53.45078329145186,,,,,,,,,,,,,,,,,,,
54,095,,,,,,,,,,,,,,,,,,,,,,
54,097,13.387207543892673,7.318910938237137,22.461459506101278,,,,,,,,,,,,,,,,,,,
54,099,13.97089765338351,8.85635067470068,20.963206126941472,,,,,,,,,,,,,,,,,,,
54,101,32.9181486192491,15.052273693684386,62.4888999049418,,,,,,,,,,,,,,,,,,,
54,103,19.400863932860716,10.330142955976234,33.176068183217126,,,,,,,,,,,,,,,,,,,
54,105,,,,,,,,,,,,,,,,,,,,,,
54,107,21.440079247680824,17.000649428867693,26.68403452187214,,,,,,,,,,,,,,,,,,,
54,109,22.137830172771046,13.522361794200195,34.19008321608921,,,,,,,,,,,,,,,,,,,
55,000,15.784744105439819,15.266570161002344,16.30291804987729,10.697013354853265,9.195651146970334,12.198375562736196,27.58641186536716,21.463875042928304,34.91236978398092,8.987471361707964,7.032142823419244,11.31823275913529,,,,8.341188646048952,5.496895877047912,12.135991550656074,8.82046569816354,7.427460601305153,10.213470795021927,
55,001,29.51886478540726,18.03088948949093,45.589492537480645,,,,,,,,,,,,,,,,,,,
55,003,16.590674574929075,7.955873331782667,30.510841241019765,,,,,,,,,,,,,,,,,,,
55,005,23.389792749047906,16.927308988851646,31.50589733630142,,,,,,,,,,,,,,,,,,,
55,007,32.12529160254473,18.714166212530202,51.43570388162797,,,,,,,,,,,,,,,,,,,
55,009,15.945449802432984,13.541496842019253,18.349402762846715,,,,,,,,,,,,,,,,,,,
55,011,,,,,,,,,,,,,,,,,,,,,,
55,013,20.83693095276752,9.99211831529934,38.31985790443355,,,,,,,,,,,,,,,,,,,
55,015,10.091905092320527,6.32454319215989,15.279265590217621,,,,,,,,,,,,,,,,,,,
55,017,17.978324475067684,13.466998728995815,23.51609106321213,,,,,,,,,,,,,,,,,,,
55,019,13.362906692816177,7.638055774883122,21.70052328099212,,,,,,,,,,,,,,,,,,,
55,021,19.502577538786845,14.428114226407901,25.783441776886022,,,,,,,,,,,,,,,,,,,
55,023,14.122897863548499,6.772478477149337,25.972512005570913,,,,,,,,,,,,,,,,,,,
55,025,14.381984896054064,12.815505904356721,15.948463887751407,10.313790581647288,6.1126059525808705,16.30023566201056,,,,7.98735346002119,3.652326616513661,15.162484884608318,,,,,,,7.562102552397498,4.481781233571368,11.951382251614751,
55,027,18.93466516739772,14.732299695812676,23.963030613994423,,,,,,,,,,,,,,,,,,,
55,029,18.873234127346983,11.68282938863551,28.849743181881415,,,,,,,,,,,,,,,,,,,
55,031,21.77430639786889,15.555883724717473,29.650425201778507,,,,,,,,,,,,,,,,,,,
55,033,15.373382228981141,10.215500845185604,22.218817678581228,,,,,,,,,,,,,,,,,,,
55,035,18.320973412008374,14.571213855799224,22.74115873916876,,,,,,,,,,,,,,,,,,,
55,037,,,,,,,,,,,,,,,,,,,,,,
55,039,17.406023459514525,13.594248731689708,21.955330175467054,,,,,,,,,,,,,,,,,,,
55,041,,,,,,,,,,,,,,,,,,,,,,
55,043,13.765740290424638,9.21913231750708,19.769899295782672,,,,,,,,,,,,,,,,,,,
55,045,21.476140788372067,14.87285181024846,30.01075414459668,,,,,,,,,,,,,,,,,,,
55,047,11.29244295301488,5.163623992501886,21.436574259846967,,,,,,,,,,,,,,,,,,,
55,049,13.71532533972076,7.498295990500109,23.011985413767963,,,,,,,,,,,,,,,,,,,
55,051,,,,,,,,,,,,,,,,,,,,,,
55,053,27.428609344470118,16.97874149055676,41.927543000037495,,,,,,,,,,,,,,,,,,,
55,055,14.722384852969451,11.028076525022248,19.257241872022732,,,,,,,,,,,,,,,,,,,
55,057,20.714986604035552,12.82290319983631,31.66505748352879,,,,,,,,,,,,,,,,,,,
55,059,15.832482812103102,12.644024941282076,19.020940682924127,,,,,,,,,,,,,,,,,,,
55,061,19.569963291952128,11.400224793280831,31.333407002582476,,,,,,,,,,,,,,,,,,,
55,063,17.08782294587094,13.629916801757625,21.155887545843463,,,,,,,,,,,,,,,,,,,
55,065,13.445268121023455,6.447528676402565,24.726326782601273,,,,,,,,,,,,,,,,,,,
55,067,22.03423970742805,12.33239669907766,36.34212753523694,,,,,,,,,,,,,,,,,,,
55,069,18.050229786598667,10.867417452691477,28.187669733244306,,,,,,,,,,,,,,,,,,,
55,071,16.364830806889056,12.222038389175728,21.460298369771664,,,,,,,,,,,,,,,,,,,
55,073,13.624227397057552,10.819603150633592,16.933670675138714,,,,,,,,,,,,,,,,,,,
55,075,30.289519500484346,22.25559963512323,40.27863977704269,,,,,,,,,,,,,,,,,,,
55,077,25.498776237223957,14.271471494995646,42.05635367093086,,,,,,,,,,,,,,,,,,,
55,078,,,,,,,93.78144393426712,48.4582405765704,163.81730941408156,,,,,,,,,,,,,
55,079,15.836921068405484,14.200219092482183,17.473623044328786,10.827933389532642,8.915438591286993,12.740428187778292,,,,10.6125365200558,6.650820136085298,16.067507828547303,,,,,,,9.22127298732006,6.94672478238405,12.0027542948534,
55,081,19.169280715088046,13.49694267194566,26.422328375113914,,,,,,,,,,,,,,,,,,,
55,083,15.806183512418785,10.503094154901138,22.844336036514772,,,,,,,,,,,,,,,,,,,
55,085,19.796554033418282,13.15466638687417,28.61153246443764,,,,,,,,,,,,,,,,,,,
55,087,15.90694074913527,13.150502035044957,18.663379463225585,,,,,,,,,,,,,,,,,,,
55,089,9.123966984384998,6.3551773074313225,12.689229389429332,,,,,,,,,,,,,,,,,,,
55,091,,,,,,,,,,,,,,,,,,,,,,
55,093,12.707983407364534,8.142244755341853,18.908471987365996,,,,,,,,,,,,,,,,,,,
55,095,18.48649156361558,12.947711418904463,25.593096631467493,,,,,,,,,,,,,,,,,,,
55,097,12.68678211085854,9.063623141477274,17.27579639763356,,,,,,,,,,,,,,,,,,,
55,099,,,,,,,,,,,,,,,,,,,,,,
55,101,16.811443110276038,13.634212618711242,19.988673601840834,,,,,,,,,,,,,,,,7.734642724788686,3.8611057804633075,13.839412363265607,
55,103,21.031273256289904,11.19826725425827,35.96411778079316,,,,,,,,,,,,,,,,,,,
55,105,16.619050427136997,13.476476545260214,19.761624309013783,,,,,,,,,,,,,,,,,,,
55,107,19.944165414829982,9.564002538407113,36.67803029396206,,,,,,,,,,,,,,,,,,,
55,109,9.146876385672115,6.534662592687936,12.455449516859426,,,,,,,,,,,,,,,,,,,
55,111,18.181311536232297,13.696652034774662,23.665476060372217,,,,,,,,,,,,,,,,,,,
55,113,36.57195321732934,21.674857285889523,57.7994532023241,,,,,,,,,,,,,,,,,,,
55,115,20.925888218245117,14.491785909519335,29.241831331031715,,,,,,,,,,,,,,,,,,,
55,117,14.337653374375714,11.111484431095153,18.208312966058394,,,,,,,,,,,,,,,,,,,
55,119,19.4724095502506,10.898559807336751,32.11677828189407,,,,,,,,,,,,,,,,,,,
55,121,16.103106578598293,9.83619584516466,24.869942070339473,,,,,,,,,,,,,,,,,,,
55,123,20.502443574513784,13.39287683629766,30.040830160676503,,,,,,,,,,,,,,,,,,,
55,125,13.425594901436932,6.438094602920391,24.69014703133238,,,,,,,,,,,,,,,,,,,
55,127,15.81846123462659,12.15533994130388,20.238683480464775,,,,,,,,,,,,,,,,,,,
55,129,30.79205930811276,17.93750926987582,49.30106982599829,,,,,,,,,,,,,,,,,,,
55,131,14.429120743009005,11.492714129115837,17.88706609993034,,,,,,,,,,,,,,,,,,,
55,133,11.241359050197618,9.64815606292451,12.834562037470725,,,,,,,,,,,,,,,,,,,
55,135,20.10660509764072,14.551249806112038,27.083465115936495,,,,,,,,,,,,,,,,,,,
55,137,19.642823160899148,11.826262699291254,30.674701565241516,,,,,,,,,,,,,,,,,,,
55,139,13.88458714035229,11.181003261632622,16.588171019071957,,,,,,,,,,,,,,,,26.430337050502217,11.410743568416581,52.07830051006906,
55,141,18.47410471252565,13.955140163464964,23.990161621355206,,,,,,,,,,,,,,,,,,,
56,000,30.88232079733667,28.63875236227611,33.12588923239723,,,,37.31953575994111,22.795741976475178,57.636996185271975,,,,,,,,,,10.377922706184922,6.9502577115835305,14.904428128969395,
56,001,27.606851974800655,19.3354997255208,38.219519796405685,,,,,,,,,,,,,,,,,,,
56,003,33.32261861461625,18.65041668167843,54.96059185977696,,,,,,,,,,,,,,,,,,,
56,005,31.26228681103813,23.913172289840112,40.15771525621328,,,,,,,,,,,,,,,,,,,
56,007,46.541674144347986,29.820128816585928,69.25032191130528,,,,,,,,,,,,,,,,,,,
56,009,32.265290820995965,19.425812786305325,50.386248389178746,,,,,,,,,,,,,,,,,,,
56,011,36.94441404872187,17.716282551447716,67.94209281197188,,,,,,,,,,,,,,,,,,,
56,013,39.258974697620864,28.9464687923382,52.05170477509392,,,,35.60067385138614,17.771728118150584,63.6994394402258,,,,,,,,,,,,,
56,015,22.944716756705358,11.453919935626859,41.05443626202541,,,,,,,,,,,,,,,,,,,
56,017,39.61032982087877,18.112365080347466,75.1927444039557,,,,,,,,,,,,,,,,,,,
56,019,40.29474570189041,22.55266328597872,66.46005520237549,,,,,,,,,,,,,,,,,,,
56,021,29.293289904043007,23.917327125024617,34.669252683061394,,,,,,,,,,,,,,,,,,,
56,023,31.2517285487647,20.22447093540756,46.133716300876834,,,,,,,,,,,,,,,,,,,
56,025,34.25362790664553,27.97786431001221,40.529391503278845,,,,,,,,,,,,,,,,,,,
56,027,,,,,,,,,,,,,,,,,,,,,,
56,029,27.44843766960838,19.118842549614552,38.174132213236085,,,,,,,,,,,,,,,,,,,
56,031,38.64323048015727,19.967521086323238,67.50194685384338,,,,,,,,,,,,,,,,,,,
56,033,29.42648598653963,21.11695439470132,39.920350968819605,,,,,,,,,,,,,,,,,,,
56,035,24.206331444166683,10.45057580286274,47.69612286013934,,,,,,,,,,,,,,,,,,,
56,037,36.67287335860912,27.917090353435707,47.3053347108113,,,,,,,,,,,,,,,,,,,
56,039,16.787555626282888,9.177912876649076,28.166665801651728,,,,,,,,,,,,,,,,,,,
56,041,29.35934526570656,18.61130642451875,44.053433202840374,,,,,,,,,,,,,,,,,,,
56,043,,,,,,,,,,,,,,,,,,,,,,
56,045,,,,,,,,,,,,,,,,,,,,,,
