statecode,countycode,v180_rawvalue,v180_cilow,v180_cihigh,v180_flag_CT
00,000,0.318,,,
01,000,0.382,,,
01,001,0.324,0.278,0.375,
01,003,0.314,0.268,0.36200000000000004,
01,005,0.42,0.371,0.47200000000000003,
01,007,0.396,0.342,0.451,
01,009,0.358,0.306,0.414,
01,011,0.479,0.425,0.535,
01,013,0.39299999999999996,0.34299999999999997,0.445,
01,015,0.373,0.32799999999999996,0.426,
01,017,0.384,0.33299999999999996,0.435,
01,019,0.374,0.317,0.43,
01,021,0.376,0.32899999999999996,0.43,
01,023,0.405,0.355,0.457,
01,025,0.401,0.35,0.455,
01,027,0.38799999999999996,0.33299999999999996,0.444,
01,029,0.36200000000000004,0.302,0.42200000000000004,
01,031,0.366,0.317,0.42100000000000004,
01,033,0.355,0.306,0.409,
01,035,0.426,0.373,0.479,
01,037,0.37799999999999995,0.32299999999999995,0.435,
01,039,0.374,0.324,0.431,
01,041,0.379,0.331,0.431,
01,043,0.35100000000000003,0.292,0.409,
01,045,0.38799999999999996,0.34,0.436,
01,047,0.415,0.359,0.47,
01,049,0.402,0.34600000000000003,0.45899999999999996,
01,051,0.34,0.293,0.389,
01,053,0.42,0.37,0.47200000000000003,
01,055,0.389,0.337,0.442,
01,057,0.385,0.332,0.44,
01,059,0.401,0.348,0.457,
01,061,0.38,0.32799999999999996,0.436,
01,063,0.466,0.408,0.524,
01,065,0.40399999999999997,0.35100000000000003,0.456,
01,067,0.36,0.312,0.413,
01,069,0.37200000000000005,0.325,0.423,
01,071,0.408,0.354,0.465,
01,073,0.341,0.304,0.384,
01,075,0.391,0.33799999999999997,0.451,
01,077,0.33799999999999997,0.293,0.392,
01,079,0.375,0.32799999999999996,0.431,
01,081,0.325,0.28,0.375,
01,083,0.32299999999999995,0.276,0.37200000000000005,
01,085,0.449,0.39,0.503,
01,087,0.4,0.345,0.45299999999999996,
01,089,0.293,0.252,0.335,
01,091,0.395,0.34299999999999997,0.44799999999999995,
01,093,0.386,0.331,0.442,
01,095,0.374,0.324,0.42700000000000005,
01,097,0.34299999999999997,0.301,0.38299999999999995,
01,099,0.41100000000000003,0.36200000000000004,0.465,
01,101,0.364,0.321,0.41200000000000003,
01,103,0.359,0.309,0.408,
01,105,0.461,0.405,0.515,
01,107,0.396,0.348,0.447,
01,109,0.382,0.335,0.43200000000000005,
01,111,0.37200000000000005,0.321,0.42700000000000005,
01,113,0.387,0.33799999999999997,0.43799999999999994,
01,115,0.34299999999999997,0.293,0.395,
01,117,0.26899999999999996,0.228,0.31,
01,119,0.40399999999999997,0.35100000000000003,0.461,
01,121,0.373,0.324,0.426,
01,123,0.364,0.315,0.41600000000000004,
01,125,0.345,0.302,0.39,
01,127,0.391,0.33799999999999997,0.44799999999999995,
01,129,0.384,0.33299999999999996,0.435,
01,131,0.449,0.39,0.503,
01,133,0.397,0.342,0.45399999999999996,
02,000,0.3015,,,
02,013,0.3,0.255,0.345,
02,016,0.263,0.226,0.303,
02,020,0.275,0.244,0.307,
02,050,0.43200000000000005,0.386,0.488,
02,060,0.29600000000000004,0.254,0.341,
02,063,0.268,0.226,0.311,
02,066,0.303,0.254,0.35200000000000004,
02,068,0.273,0.233,0.318,
02,070,0.374,0.32,0.423,
02,090,0.28300000000000003,0.249,0.319,
02,100,0.264,0.222,0.305,
02,105,0.337,0.292,0.382,
02,110,0.261,0.226,0.3,
02,122,0.284,0.245,0.326,
02,130,0.285,0.247,0.326,
02,150,0.268,0.228,0.31,
02,158,0.499,0.44,0.56,
02,164,0.374,0.32299999999999995,0.425,
02,170,0.318,0.282,0.359,
02,180,0.402,0.354,0.45,
02,185,0.316,0.27399999999999997,0.364,
02,188,0.418,0.366,0.474,
02,195,0.27899999999999997,0.23600000000000002,0.325,
02,198,0.354,0.308,0.40399999999999997,
02,220,0.263,0.222,0.307,
02,230,0.273,0.23,0.316,
02,240,0.316,0.27399999999999997,0.36,
02,275,0.311,0.268,0.358,
02,282,0.33899999999999997,0.292,0.38799999999999996,
02,290,0.40399999999999997,0.35600000000000004,0.455,
04,000,0.33299999999999996,,,
04,001,0.426,0.382,0.47100000000000003,
04,003,0.33399999999999996,0.29100000000000004,0.377,
04,005,0.295,0.261,0.33,
04,007,0.33899999999999997,0.306,0.376,
04,009,0.35600000000000004,0.312,0.40399999999999997,
04,011,0.304,0.26,0.35,
04,012,0.376,0.32299999999999995,0.42700000000000005,
04,013,0.281,0.252,0.314,
04,015,0.332,0.293,0.37200000000000005,
04,017,0.379,0.34,0.418,
04,019,0.314,0.278,0.348,
04,021,0.317,0.281,0.35200000000000004,
04,023,0.355,0.305,0.409,
04,025,0.302,0.264,0.342,
04,027,0.33299999999999996,0.28600000000000003,0.379,
05,000,0.395,,,
05,001,0.379,0.33,0.431,
05,003,0.429,0.38,0.478,
05,005,0.35600000000000004,0.307,0.408,
05,007,0.297,0.257,0.341,
05,009,0.363,0.314,0.41700000000000004,
05,011,0.42100000000000004,0.37200000000000005,0.475,
05,013,0.358,0.309,0.409,
05,015,0.375,0.325,0.431,
05,017,0.423,0.373,0.474,
05,019,0.382,0.332,0.435,
05,021,0.395,0.341,0.45399999999999996,
05,023,0.381,0.325,0.435,
05,025,0.38,0.32799999999999996,0.43,
05,027,0.39,0.34299999999999997,0.441,
05,029,0.395,0.34600000000000003,0.45299999999999996,
05,031,0.366,0.317,0.418,
05,033,0.38,0.324,0.434,
05,035,0.418,0.36700000000000005,0.474,
05,037,0.401,0.34700000000000003,0.456,
05,039,0.382,0.336,0.434,
05,041,0.455,0.40399999999999997,0.511,
05,043,0.39899999999999997,0.348,0.45299999999999996,
05,045,0.35100000000000003,0.304,0.4,
05,047,0.39299999999999996,0.34299999999999997,0.451,
05,049,0.408,0.354,0.46399999999999997,
05,051,0.373,0.325,0.42100000000000004,
05,053,0.341,0.29,0.391,
05,055,0.39799999999999996,0.344,0.452,
05,057,0.39899999999999997,0.349,0.45,
05,059,0.384,0.33899999999999997,0.433,
05,061,0.392,0.341,0.444,
05,063,0.38299999999999995,0.332,0.44,
05,065,0.415,0.35600000000000004,0.473,
05,067,0.42100000000000004,0.369,0.475,
05,069,0.414,0.36700000000000005,0.46399999999999997,
05,071,0.397,0.34,0.451,
05,073,0.43799999999999994,0.387,0.489,
05,075,0.406,0.34600000000000003,0.467,
05,077,0.452,0.39899999999999997,0.51,
05,079,0.406,0.355,0.45899999999999996,
05,081,0.396,0.34600000000000003,0.445,
05,083,0.382,0.32899999999999996,0.436,
05,085,0.35600000000000004,0.305,0.40700000000000003,
05,087,0.406,0.354,0.45799999999999996,
05,089,0.392,0.33799999999999997,0.449,
05,091,0.395,0.34700000000000003,0.444,
05,093,0.41100000000000003,0.361,0.46,
05,095,0.414,0.365,0.466,
05,097,0.39399999999999996,0.34,0.45299999999999996,
05,099,0.426,0.373,0.47700000000000004,
05,101,0.382,0.32799999999999996,0.441,
05,103,0.4,0.35200000000000004,0.44799999999999995,
05,105,0.375,0.32299999999999995,0.434,
05,107,0.45,0.396,0.506,
05,109,0.376,0.32299999999999995,0.428,
05,111,0.41200000000000003,0.358,0.47,
05,113,0.387,0.336,0.44,
05,115,0.38,0.32799999999999996,0.434,
05,117,0.377,0.322,0.433,
05,119,0.34,0.301,0.377,
05,121,0.41,0.35200000000000004,0.469,
05,123,0.434,0.38299999999999995,0.488,
05,125,0.332,0.28600000000000003,0.38,
05,127,0.406,0.354,0.46299999999999997,
05,129,0.41600000000000004,0.359,0.474,
05,131,0.36,0.317,0.409,
05,133,0.429,0.376,0.48100000000000004,
05,135,0.40700000000000003,0.35200000000000004,0.465,
05,137,0.408,0.354,0.46299999999999997,
05,139,0.38799999999999996,0.33799999999999997,0.43799999999999994,
05,141,0.39799999999999996,0.349,0.45399999999999996,
05,143,0.345,0.302,0.389,
05,145,0.38799999999999996,0.335,0.43799999999999994,
05,147,0.424,0.368,0.48,
05,149,0.39,0.33799999999999997,0.442,
06,000,0.311,,,
06,001,0.261,0.228,0.294,
06,003,0.27699999999999997,0.23399999999999999,0.322,
06,005,0.28600000000000003,0.244,0.332,
06,007,0.312,0.268,0.358,
06,009,0.305,0.262,0.35100000000000003,
06,011,0.36,0.309,0.414,
06,013,0.258,0.223,0.29100000000000004,
06,015,0.332,0.28300000000000003,0.38,
06,017,0.27,0.228,0.317,
06,019,0.361,0.316,0.406,
06,021,0.342,0.29100000000000004,0.395,
06,023,0.324,0.276,0.374,
06,025,0.385,0.32899999999999996,0.44,
06,027,0.303,0.26,0.34700000000000003,
06,029,0.373,0.32799999999999996,0.419,
06,031,0.36200000000000004,0.314,0.414,
06,033,0.344,0.295,0.39299999999999996,
06,035,0.354,0.308,0.401,
06,037,0.309,0.278,0.34,
06,039,0.377,0.325,0.429,
06,041,0.245,0.205,0.287,
06,043,0.306,0.259,0.35200000000000004,
06,045,0.32799999999999996,0.281,0.37799999999999995,
06,047,0.36,0.309,0.41200000000000003,
06,049,0.337,0.287,0.38799999999999996,
06,051,0.285,0.239,0.332,
06,053,0.313,0.268,0.36200000000000004,
06,055,0.285,0.24,0.335,
06,057,0.27899999999999997,0.233,0.32799999999999996,
06,059,0.267,0.23199999999999998,0.299,
06,061,0.248,0.21100000000000002,0.28800000000000003,
06,063,0.312,0.268,0.36200000000000004,
06,065,0.337,0.299,0.375,
06,067,0.298,0.262,0.335,
06,069,0.309,0.263,0.359,
06,071,0.315,0.278,0.355,
06,073,0.261,0.23199999999999998,0.294,
06,075,0.23600000000000002,0.203,0.27399999999999997,
06,077,0.326,0.28800000000000003,0.371,
06,079,0.27399999999999997,0.235,0.315,
06,081,0.22899999999999998,0.19699999999999998,0.265,
06,083,0.316,0.27399999999999997,0.36,
06,085,0.23199999999999998,0.20199999999999999,0.265,
06,087,0.278,0.235,0.325,
06,089,0.31,0.264,0.361,
06,091,0.33399999999999996,0.285,0.386,
06,093,0.33299999999999996,0.28600000000000003,0.38,
06,095,0.28800000000000003,0.249,0.32799999999999996,
06,097,0.272,0.23399999999999999,0.315,
06,099,0.354,0.307,0.401,
06,101,0.32799999999999996,0.282,0.377,
06,103,0.336,0.289,0.386,
06,105,0.35200000000000004,0.302,0.40700000000000003,
06,107,0.364,0.314,0.41700000000000004,
06,109,0.29100000000000004,0.245,0.336,
06,111,0.28800000000000003,0.25,0.331,
06,113,0.292,0.251,0.335,
06,115,0.33299999999999996,0.289,0.382,
08,000,0.2905,,,
08,001,0.299,0.261,0.337,
08,003,0.331,0.28600000000000003,0.38,
08,005,0.252,0.21899999999999997,0.287,
08,007,0.26899999999999996,0.22399999999999998,0.313,
08,009,0.341,0.28800000000000003,0.392,
08,011,0.391,0.34,0.44299999999999995,
08,013,0.218,0.18600000000000003,0.254,
08,014,0.217,0.183,0.259,
08,015,0.263,0.218,0.312,
08,017,0.294,0.248,0.345,
08,019,0.23399999999999999,0.191,0.278,
08,021,0.325,0.275,0.374,
08,023,0.33899999999999997,0.292,0.391,
08,025,0.353,0.306,0.40299999999999997,
08,027,0.27399999999999997,0.22899999999999998,0.32299999999999995,
08,029,0.31,0.264,0.358,
08,031,0.255,0.223,0.29,
08,033,0.301,0.259,0.34600000000000003,
08,035,0.20800000000000002,0.175,0.24600000000000002,
08,037,0.249,0.20800000000000002,0.292,
08,039,0.243,0.203,0.287,
08,041,0.297,0.261,0.337,
08,043,0.315,0.27,0.363,
08,045,0.27699999999999997,0.23399999999999999,0.321,
08,047,0.251,0.207,0.299,
08,049,0.257,0.214,0.304,
08,051,0.242,0.2,0.285,
08,053,0.226,0.18600000000000003,0.272,
08,055,0.306,0.263,0.35100000000000003,
08,057,0.32799999999999996,0.27899999999999997,0.384,
08,059,0.237,0.204,0.273,
08,061,0.299,0.253,0.35100000000000003,
08,063,0.314,0.267,0.364,
08,065,0.25,0.209,0.295,
08,067,0.263,0.222,0.303,
08,069,0.258,0.225,0.295,
08,071,0.332,0.28800000000000003,0.381,
08,073,0.314,0.265,0.365,
08,075,0.325,0.276,0.375,
08,077,0.28600000000000003,0.243,0.331,
08,079,0.25,0.21600000000000003,0.284,
08,081,0.316,0.271,0.365,
08,083,0.319,0.272,0.36700000000000005,
08,085,0.292,0.248,0.33899999999999997,
08,087,0.318,0.273,0.36700000000000005,
08,089,0.348,0.301,0.4,
08,091,0.228,0.18899999999999997,0.26899999999999996,
08,093,0.24600000000000002,0.205,0.292,
08,095,0.312,0.268,0.36,
08,097,0.221,0.182,0.261,
08,099,0.335,0.28300000000000003,0.385,
08,101,0.33399999999999996,0.292,0.38,
08,103,0.285,0.245,0.331,
08,105,0.309,0.263,0.355,
08,107,0.242,0.203,0.287,
08,109,0.332,0.28300000000000003,0.38299999999999995,
08,111,0.256,0.215,0.302,
08,113,0.23399999999999999,0.193,0.27699999999999997,
08,115,0.303,0.258,0.354,
08,117,0.244,0.204,0.29,
08,119,0.252,0.209,0.297,
08,121,0.289,0.24100000000000002,0.33899999999999997,
08,123,0.29600000000000004,0.259,0.33899999999999997,
08,125,0.317,0.268,0.37200000000000005,
09,000,0.244,,,
09,001,,,,U
09,003,,,,U
09,005,,,,U
09,007,,,,U
09,009,,,,U
09,011,,,,U
09,013,,,,U
09,015,,,,U
09,110,0.239,0.21899999999999997,0.258,A
09,120,0.244,0.221,0.26899999999999996,A
09,130,0.22399999999999998,0.203,0.245,A
09,140,0.25,0.23199999999999998,0.267,A
09,150,0.258,0.23800000000000002,0.281,A
09,160,0.235,0.215,0.255,A
09,170,0.248,0.223,0.27399999999999997,A
09,180,0.271,0.247,0.295,A
09,190,0.20800000000000002,0.19,0.226,A
10,000,0.278,,,
10,001,0.331,0.28800000000000003,0.377,
10,003,0.275,0.24,0.31,
10,005,0.278,0.24100000000000002,0.322,
11,000,0.22,,,
11,001,0.22,0.184,0.258,
12,000,0.314,,,
12,001,0.295,0.256,0.337,
12,003,0.326,0.281,0.37200000000000005,
12,005,0.305,0.262,0.34700000000000003,
12,007,0.348,0.303,0.396,
12,009,0.28300000000000003,0.24100000000000002,0.324,
12,011,0.273,0.235,0.311,
12,013,0.374,0.326,0.42200000000000004,
12,015,0.287,0.247,0.325,
12,017,0.317,0.276,0.36200000000000004,
12,019,0.29100000000000004,0.251,0.33,
12,021,0.253,0.217,0.29100000000000004,
12,023,0.33299999999999996,0.292,0.37799999999999995,
12,027,0.405,0.355,0.45299999999999996,
12,029,0.37799999999999995,0.32799999999999996,0.428,
12,031,0.303,0.266,0.341,
12,033,0.322,0.282,0.36700000000000005,
12,035,0.281,0.245,0.319,
12,037,0.32,0.273,0.365,
12,039,0.374,0.332,0.41700000000000004,
12,041,0.33,0.28600000000000003,0.374,
12,043,0.366,0.319,0.413,
12,045,0.319,0.278,0.366,
12,047,0.395,0.348,0.444,
12,049,0.376,0.33,0.42100000000000004,
12,051,0.385,0.33899999999999997,0.434,
12,053,0.32,0.278,0.36200000000000004,
12,055,0.32,0.27699999999999997,0.361,
12,057,0.289,0.251,0.327,
12,059,0.368,0.32,0.415,
12,061,0.27,0.23199999999999998,0.31,
12,063,0.361,0.316,0.409,
12,065,0.33899999999999997,0.293,0.385,
12,067,0.364,0.316,0.414,
12,069,0.294,0.255,0.335,
12,071,0.282,0.244,0.322,
12,073,0.28300000000000003,0.244,0.32,
12,075,0.335,0.293,0.37799999999999995,
12,077,0.36700000000000005,0.317,0.419,
12,079,0.359,0.316,0.40299999999999997,
12,081,0.301,0.258,0.345,
12,083,0.314,0.275,0.353,
12,085,0.27699999999999997,0.235,0.32,
12,086,0.28300000000000003,0.24100000000000002,0.325,
12,087,0.27,0.231,0.312,
12,089,0.267,0.23199999999999998,0.309,
12,091,0.284,0.24600000000000002,0.327,
12,093,0.35600000000000004,0.313,0.40399999999999997,
12,095,0.282,0.24600000000000002,0.321,
12,097,0.299,0.258,0.341,
12,099,0.275,0.23800000000000002,0.314,
12,101,0.31,0.27,0.35100000000000003,
12,103,0.282,0.243,0.324,
12,105,0.344,0.302,0.386,
12,107,0.371,0.32299999999999995,0.41700000000000004,
12,109,0.22899999999999998,0.193,0.268,
12,111,0.305,0.266,0.34600000000000003,
12,113,0.282,0.24,0.327,
12,115,0.252,0.213,0.293,
12,117,0.257,0.223,0.294,
12,119,0.266,0.228,0.308,
12,121,0.35200000000000004,0.305,0.39799999999999996,
12,123,0.366,0.322,0.41100000000000003,
12,125,0.376,0.325,0.425,
12,127,0.304,0.265,0.345,
12,129,0.317,0.27399999999999997,0.361,
12,131,0.292,0.253,0.337,
12,133,0.358,0.315,0.405,
13,000,0.337,,,
13,001,0.371,0.32299999999999995,0.42,
13,003,0.41,0.358,0.46299999999999997,
13,005,0.34299999999999997,0.297,0.392,
13,007,0.382,0.32899999999999996,0.431,
13,009,0.335,0.29,0.384,
13,011,0.32799999999999996,0.27899999999999997,0.379,
13,013,0.302,0.258,0.348,
13,015,0.29600000000000004,0.252,0.341,
13,017,0.381,0.33399999999999996,0.429,
13,019,0.359,0.311,0.413,
13,021,0.355,0.309,0.40299999999999997,
13,023,0.33399999999999996,0.287,0.382,
13,025,0.35100000000000003,0.297,0.40399999999999997,
13,027,0.37,0.32,0.42100000000000004,
13,029,0.268,0.225,0.311,
13,031,0.317,0.272,0.361,
13,033,0.363,0.314,0.41600000000000004,
13,035,0.33,0.282,0.38,
13,037,0.376,0.324,0.429,
13,039,0.304,0.259,0.35,
13,043,0.361,0.312,0.414,
13,045,0.32899999999999996,0.281,0.37799999999999995,
13,047,0.298,0.251,0.349,
13,049,0.373,0.325,0.426,
13,051,0.28600000000000003,0.24600000000000002,0.32799999999999996,
13,053,0.324,0.281,0.371,
13,055,0.377,0.325,0.431,
13,057,0.249,0.209,0.292,
13,059,0.304,0.26,0.35,
13,061,0.358,0.31,0.41200000000000003,
13,063,0.342,0.301,0.389,
13,065,0.37799999999999995,0.326,0.433,
13,067,0.23399999999999999,0.195,0.27399999999999997,
13,069,0.39,0.34299999999999997,0.439,
13,071,0.371,0.321,0.418,
13,073,0.244,0.209,0.284,
13,075,0.358,0.308,0.41,
13,077,0.27699999999999997,0.235,0.318,
13,079,0.324,0.27699999999999997,0.373,
13,081,0.376,0.327,0.428,
13,083,0.302,0.257,0.35200000000000004,
13,085,0.26899999999999996,0.223,0.317,
13,087,0.365,0.321,0.41100000000000003,
13,089,0.243,0.21,0.27899999999999997,
13,091,0.35200000000000004,0.306,0.402,
13,093,0.349,0.304,0.4,
13,095,0.365,0.314,0.413,
13,097,0.306,0.265,0.35100000000000003,
13,099,0.37200000000000005,0.32299999999999995,0.423,
13,101,0.326,0.278,0.377,
13,103,0.285,0.242,0.32899999999999996,
13,105,0.337,0.289,0.38799999999999996,
13,107,0.363,0.316,0.41200000000000003,
13,109,0.36200000000000004,0.314,0.41200000000000003,
13,111,0.313,0.264,0.36700000000000005,
13,113,0.239,0.203,0.281,
13,115,0.332,0.28600000000000003,0.381,
13,117,0.207,0.174,0.245,
13,119,0.33899999999999997,0.289,0.395,
13,121,0.249,0.21600000000000003,0.282,
13,123,0.319,0.27399999999999997,0.36700000000000005,
13,125,0.331,0.282,0.384,
13,127,0.299,0.256,0.34299999999999997,
13,129,0.34299999999999997,0.29600000000000004,0.392,
13,131,0.341,0.292,0.389,
13,133,0.276,0.235,0.325,
13,135,0.264,0.228,0.304,
13,137,0.306,0.258,0.35600000000000004,
13,139,0.308,0.264,0.35,
13,141,0.401,0.342,0.455,
13,143,0.319,0.271,0.369,
13,145,0.26,0.221,0.303,
13,147,0.31,0.263,0.359,
13,149,0.33299999999999996,0.284,0.384,
13,151,0.27899999999999997,0.23800000000000002,0.321,
13,153,0.287,0.25,0.331,
13,155,0.34700000000000003,0.302,0.39799999999999996,
13,157,0.284,0.24,0.33299999999999996,
13,159,0.32299999999999995,0.276,0.374,
13,161,0.386,0.33299999999999996,0.43700000000000006,
13,163,0.379,0.324,0.436,
13,165,0.389,0.33899999999999997,0.44,
13,167,0.386,0.33399999999999996,0.442,
13,169,0.315,0.26899999999999996,0.361,
13,171,0.311,0.266,0.359,
13,173,0.364,0.316,0.415,
13,175,0.332,0.285,0.376,
13,177,0.273,0.231,0.318,
13,179,0.319,0.275,0.36700000000000005,
13,181,0.34,0.29100000000000004,0.391,
13,183,0.32899999999999996,0.28300000000000003,0.37799999999999995,
13,185,0.33799999999999997,0.295,0.385,
13,187,0.294,0.249,0.34700000000000003,
13,189,0.344,0.295,0.396,
13,191,0.361,0.309,0.41200000000000003,
13,193,0.409,0.355,0.46399999999999997,
13,195,0.336,0.28800000000000003,0.389,
13,197,0.355,0.306,0.40399999999999997,
13,199,0.34600000000000003,0.299,0.395,
13,201,0.344,0.295,0.396,
13,205,0.36200000000000004,0.314,0.41200000000000003,
13,207,0.287,0.245,0.33399999999999996,
13,209,0.34,0.292,0.389,
13,211,0.27,0.22899999999999998,0.315,
13,213,0.326,0.27899999999999997,0.376,
13,215,0.316,0.27699999999999997,0.35700000000000004,
13,217,0.313,0.26899999999999996,0.359,
13,219,0.22,0.19399999999999998,0.247,
13,221,0.305,0.259,0.354,
13,223,0.264,0.223,0.303,
13,225,0.314,0.268,0.363,
13,227,0.29600000000000004,0.249,0.34600000000000003,
13,229,0.34,0.294,0.389,
13,231,0.289,0.245,0.344,
13,233,0.35,0.303,0.401,
13,235,0.358,0.309,0.41,
13,237,0.319,0.273,0.36700000000000005,
13,239,0.377,0.325,0.43,
13,241,0.298,0.251,0.35200000000000004,
13,243,0.41100000000000003,0.358,0.466,
13,245,0.34,0.29600000000000004,0.384,
13,247,0.31,0.264,0.359,
13,249,0.316,0.266,0.368,
13,251,0.342,0.297,0.392,
13,253,0.33899999999999997,0.293,0.387,
13,255,0.337,0.29,0.387,
13,257,0.335,0.287,0.392,
13,259,0.39399999999999996,0.344,0.446,
13,261,0.34600000000000003,0.299,0.396,
13,263,0.364,0.316,0.418,
13,265,0.358,0.311,0.405,
13,267,0.366,0.314,0.41700000000000004,
13,269,0.391,0.337,0.444,
13,271,0.41200000000000003,0.36200000000000004,0.462,
13,273,0.395,0.34299999999999997,0.449,
13,275,0.317,0.272,0.366,
13,277,0.34700000000000003,0.301,0.397,
13,279,0.35,0.304,0.39899999999999997,
13,281,0.289,0.244,0.336,
13,283,0.406,0.35,0.45799999999999996,
13,285,0.326,0.28,0.373,
13,287,0.384,0.33399999999999996,0.434,
13,289,0.344,0.297,0.39299999999999996,
13,291,0.302,0.254,0.35100000000000003,
13,293,0.337,0.29100000000000004,0.389,
13,295,0.314,0.268,0.364,
13,297,0.306,0.262,0.355,
13,299,0.364,0.318,0.41200000000000003,
13,301,0.36700000000000005,0.318,0.418,
13,303,0.361,0.313,0.413,
13,305,0.35600000000000004,0.308,0.406,
13,307,0.363,0.315,0.41200000000000003,
13,309,0.373,0.322,0.428,
13,311,0.29,0.24100000000000002,0.345,
13,313,0.322,0.276,0.371,
13,315,0.36700000000000005,0.318,0.42200000000000004,
13,317,0.349,0.298,0.39799999999999996,
13,319,0.353,0.306,0.401,
13,321,0.355,0.307,0.402,
15,000,0.266,,,
15,001,0.301,0.267,0.33399999999999996,
15,003,0.265,0.23399999999999999,0.297,
15,005,0.276,0.231,0.324,
15,007,0.25,0.21899999999999997,0.284,
15,009,0.266,0.233,0.3,
16,000,0.34700000000000003,,,
16,001,0.306,0.268,0.348,
16,003,0.34700000000000003,0.297,0.39799999999999996,
16,005,0.36,0.316,0.405,
16,007,0.336,0.28800000000000003,0.385,
16,009,0.384,0.332,0.43799999999999994,
16,011,0.373,0.32799999999999996,0.42,
16,013,0.28300000000000003,0.237,0.33,
16,015,0.316,0.267,0.364,
16,017,0.32299999999999995,0.275,0.37200000000000005,
16,019,0.321,0.27399999999999997,0.369,
16,021,0.37,0.32,0.42700000000000005,
16,023,0.409,0.354,0.466,
16,025,0.32,0.268,0.37200000000000005,
16,027,0.369,0.32799999999999996,0.41200000000000003,
16,029,0.33799999999999997,0.289,0.386,
16,031,0.358,0.308,0.406,
16,033,0.38299999999999995,0.33,0.441,
16,035,0.34700000000000003,0.3,0.395,
16,037,0.32299999999999995,0.276,0.376,
16,039,0.369,0.316,0.423,
16,041,0.331,0.284,0.381,
16,043,0.342,0.29,0.391,
16,045,0.331,0.281,0.381,
16,047,0.38,0.32799999999999996,0.431,
16,049,0.33399999999999996,0.289,0.38299999999999995,
16,051,0.309,0.266,0.361,
16,053,0.391,0.34299999999999997,0.442,
16,055,0.322,0.281,0.366,
16,057,0.307,0.264,0.353,
16,059,0.335,0.28800000000000003,0.384,
16,061,0.373,0.318,0.426,
16,063,0.368,0.319,0.42,
16,065,0.364,0.316,0.414,
16,067,0.37,0.32299999999999995,0.42200000000000004,
16,069,0.365,0.319,0.41200000000000003,
16,071,0.32899999999999996,0.28,0.381,
16,073,0.392,0.34,0.444,
16,075,0.349,0.302,0.4,
16,077,0.364,0.316,0.414,
16,079,0.397,0.349,0.446,
16,081,0.285,0.24,0.332,
16,083,0.337,0.297,0.381,
16,085,0.34,0.287,0.39799999999999996,
16,087,0.385,0.337,0.434,
17,000,0.2955,,,
17,001,0.28300000000000003,0.233,0.332,
17,003,0.359,0.31,0.414,
17,005,0.297,0.252,0.34600000000000003,
17,007,0.295,0.251,0.34299999999999997,
17,009,0.321,0.287,0.358,
17,011,0.29600000000000004,0.25,0.345,
17,013,0.26,0.21600000000000003,0.308,
17,015,0.299,0.251,0.35100000000000003,
17,017,0.315,0.268,0.366,
17,019,0.265,0.225,0.309,
17,021,0.302,0.255,0.348,
17,023,0.285,0.239,0.336,
17,025,0.32299999999999995,0.271,0.377,
17,027,0.275,0.22699999999999998,0.32299999999999995,
17,029,0.311,0.262,0.363,
17,031,0.261,0.23,0.29,
17,033,0.293,0.24600000000000002,0.345,
17,035,0.28,0.23800000000000002,0.32899999999999996,
17,037,0.289,0.243,0.34,
17,039,0.29,0.242,0.33799999999999997,
17,041,0.29600000000000004,0.247,0.349,
17,043,0.212,0.17800000000000002,0.25,
17,045,0.305,0.258,0.358,
17,047,0.318,0.268,0.374,
17,049,0.272,0.22399999999999998,0.319,
17,051,0.316,0.27,0.365,
17,053,0.3,0.252,0.35,
17,055,0.325,0.273,0.385,
17,057,0.309,0.261,0.36200000000000004,
17,059,0.32,0.268,0.373,
17,061,0.311,0.26,0.363,
17,063,0.266,0.223,0.312,
17,065,0.317,0.267,0.375,
17,067,0.287,0.24,0.337,
17,069,0.316,0.26899999999999996,0.366,
17,071,0.29,0.242,0.341,
17,073,0.27699999999999997,0.23,0.32799999999999996,
17,075,0.313,0.265,0.363,
17,077,0.306,0.259,0.358,
17,079,0.276,0.231,0.325,
17,081,0.302,0.252,0.354,
17,083,0.275,0.22899999999999998,0.327,
17,085,0.266,0.22,0.315,
17,087,0.32,0.272,0.371,
17,089,0.251,0.212,0.293,
17,091,0.305,0.263,0.35200000000000004,
17,093,0.237,0.198,0.278,
17,095,0.311,0.262,0.359,
17,097,0.22899999999999998,0.192,0.272,
17,099,0.29100000000000004,0.245,0.342,
17,101,0.324,0.27399999999999997,0.377,
17,103,0.294,0.247,0.344,
17,105,0.293,0.24600000000000002,0.34600000000000003,
17,107,0.29,0.245,0.33899999999999997,
17,109,0.305,0.256,0.35700000000000004,
17,111,0.251,0.21,0.292,
17,113,0.256,0.21600000000000003,0.298,
17,115,0.3,0.254,0.348,
17,117,0.299,0.251,0.349,
17,119,0.28800000000000003,0.244,0.336,
17,121,0.315,0.264,0.37,
17,123,0.294,0.244,0.34299999999999997,
17,125,0.299,0.25,0.353,
17,127,0.315,0.264,0.366,
17,129,0.272,0.226,0.322,
17,131,0.293,0.245,0.34600000000000003,
17,133,0.235,0.191,0.282,
17,135,0.303,0.254,0.35700000000000004,
17,137,0.299,0.248,0.35100000000000003,
17,139,0.297,0.249,0.354,
17,141,0.281,0.23399999999999999,0.33,
17,143,0.285,0.242,0.33299999999999996,
17,145,0.322,0.28600000000000003,0.358,
17,147,0.253,0.21,0.301,
17,149,0.311,0.264,0.36200000000000004,
17,151,0.295,0.249,0.342,
17,153,0.365,0.313,0.418,
17,155,0.267,0.222,0.316,
17,157,0.307,0.259,0.36,
17,159,0.299,0.248,0.35,
17,161,0.29100000000000004,0.248,0.337,
17,163,0.28600000000000003,0.24100000000000002,0.332,
17,165,0.311,0.261,0.366,
17,167,0.273,0.231,0.318,
17,169,0.312,0.263,0.364,
17,171,0.287,0.23800000000000002,0.337,
17,173,0.292,0.248,0.34600000000000003,
17,175,0.293,0.244,0.34600000000000003,
17,177,0.299,0.252,0.349,
17,179,0.272,0.22399999999999998,0.322,
17,181,0.319,0.265,0.375,
17,183,0.324,0.27699999999999997,0.37200000000000005,
17,185,0.304,0.256,0.353,
17,187,0.3,0.253,0.35100000000000003,
17,189,0.27,0.22399999999999998,0.319,
17,191,0.314,0.265,0.36700000000000005,
17,193,0.326,0.278,0.386,
17,195,0.29,0.242,0.34299999999999997,
17,197,0.248,0.21100000000000002,0.28600000000000003,
17,199,0.293,0.247,0.345,
17,201,0.314,0.27,0.366,
17,203,0.256,0.214,0.304,
18,000,0.3115,,,
18,001,0.345,0.297,0.39899999999999997,
18,003,0.293,0.258,0.331,
18,005,0.281,0.23600000000000002,0.326,
18,007,0.337,0.289,0.39,
18,009,0.349,0.297,0.401,
18,011,0.24100000000000002,0.201,0.289,
18,013,0.28600000000000003,0.24100000000000002,0.336,
18,015,0.309,0.264,0.359,
18,017,0.33299999999999996,0.285,0.385,
18,019,0.318,0.272,0.364,
18,021,0.317,0.271,0.366,
18,023,0.315,0.267,0.366,
18,025,0.373,0.32,0.429,
18,027,0.341,0.28800000000000003,0.39399999999999996,
18,029,0.282,0.24,0.335,
18,031,0.305,0.257,0.35700000000000004,
18,033,0.292,0.248,0.344,
18,035,0.332,0.28600000000000003,0.37799999999999995,
18,037,0.29,0.244,0.33799999999999997,
18,039,0.33799999999999997,0.293,0.382,
18,041,0.341,0.289,0.39399999999999996,
18,043,0.298,0.255,0.345,
18,045,0.32899999999999996,0.281,0.382,
18,047,0.298,0.252,0.348,
18,049,0.332,0.28600000000000003,0.384,
18,051,0.316,0.267,0.365,
18,053,0.332,0.285,0.384,
18,055,0.32899999999999996,0.28300000000000003,0.381,
18,057,0.22,0.188,0.258,
18,059,0.26899999999999996,0.225,0.319,
18,061,0.301,0.256,0.35100000000000003,
18,063,0.252,0.21600000000000003,0.29100000000000004,
18,065,0.324,0.27699999999999997,0.373,
18,067,0.306,0.264,0.35,
18,069,0.307,0.259,0.358,
18,071,0.306,0.257,0.35600000000000004,
18,073,0.295,0.252,0.341,
18,075,0.34600000000000003,0.298,0.397,
18,077,0.309,0.264,0.359,
18,079,0.336,0.29,0.38799999999999996,
18,081,0.282,0.24,0.32799999999999996,
18,083,0.321,0.272,0.369,
18,085,0.295,0.253,0.342,
18,087,0.35200000000000004,0.303,0.40700000000000003,
18,089,0.299,0.266,0.33299999999999996,
18,091,0.337,0.29100000000000004,0.38299999999999995,
18,093,0.305,0.257,0.35,
18,095,0.31,0.267,0.35600000000000004,
18,097,0.299,0.267,0.33299999999999996,
18,099,0.312,0.266,0.361,
18,101,0.321,0.272,0.371,
18,103,0.349,0.301,0.39799999999999996,
18,105,0.281,0.24100000000000002,0.327,
18,107,0.315,0.267,0.366,
18,109,0.28800000000000003,0.244,0.336,
18,111,0.332,0.28600000000000003,0.38299999999999995,
18,113,0.313,0.26899999999999996,0.363,
18,115,0.299,0.25,0.34700000000000003,
18,117,0.34,0.289,0.395,
18,119,0.32799999999999996,0.27899999999999997,0.38,
18,121,0.355,0.306,0.41200000000000003,
18,123,0.309,0.263,0.358,
18,125,0.319,0.268,0.37,
18,127,0.278,0.24,0.321,
18,129,0.282,0.23600000000000002,0.332,
18,131,0.326,0.281,0.374,
18,133,0.304,0.256,0.35100000000000003,
18,135,0.327,0.278,0.37799999999999995,
18,137,0.295,0.248,0.34700000000000003,
18,139,0.321,0.273,0.371,
18,141,0.315,0.27699999999999997,0.359,
18,143,0.33299999999999996,0.282,0.38299999999999995,
18,145,0.313,0.26899999999999996,0.364,
18,147,0.295,0.25,0.348,
18,149,0.342,0.292,0.395,
18,151,0.28600000000000003,0.23800000000000002,0.335,
18,153,0.33399999999999996,0.287,0.38299999999999995,
18,155,0.34299999999999997,0.292,0.39899999999999997,
18,157,0.28300000000000003,0.242,0.325,
18,159,0.295,0.24600000000000002,0.342,
18,161,0.294,0.248,0.34,
18,163,0.304,0.261,0.34700000000000003,
18,165,0.32799999999999996,0.278,0.379,
18,167,0.327,0.28,0.375,
18,169,0.311,0.264,0.361,
18,171,0.311,0.261,0.36200000000000004,
18,173,0.256,0.21100000000000002,0.304,
18,175,0.33899999999999997,0.28600000000000003,0.39,
18,177,0.34600000000000003,0.298,0.39799999999999996,
18,179,0.302,0.253,0.348,
18,181,0.307,0.262,0.353,
18,183,0.281,0.23800000000000002,0.32299999999999995,
19,000,0.275,,,
19,001,0.285,0.24,0.335,
19,003,0.27399999999999997,0.23,0.319,
19,005,0.27,0.22699999999999998,0.317,
19,007,0.324,0.275,0.375,
19,009,0.285,0.24,0.332,
19,011,0.252,0.209,0.298,
19,013,0.27899999999999997,0.243,0.316,
19,015,0.248,0.207,0.295,
19,017,0.23600000000000002,0.195,0.27899999999999997,
19,019,0.258,0.217,0.305,
19,021,0.287,0.24600000000000002,0.33,
19,023,0.263,0.221,0.308,
19,025,0.271,0.228,0.316,
19,027,0.262,0.21899999999999997,0.307,
19,029,0.303,0.257,0.35200000000000004,
19,031,0.264,0.223,0.308,
19,033,0.276,0.23800000000000002,0.316,
19,035,0.278,0.235,0.324,
19,037,0.268,0.22699999999999998,0.314,
19,039,0.318,0.272,0.36700000000000005,
19,041,0.266,0.22399999999999998,0.311,
19,043,0.28600000000000003,0.24100000000000002,0.336,
19,045,0.28,0.23600000000000002,0.325,
19,047,0.305,0.259,0.35200000000000004,
19,049,0.22399999999999998,0.18600000000000003,0.263,
19,051,0.297,0.249,0.345,
19,053,0.295,0.247,0.342,
19,055,0.276,0.23199999999999998,0.324,
19,057,0.28300000000000003,0.24100000000000002,0.324,
19,059,0.247,0.204,0.293,
19,061,0.255,0.214,0.298,
19,063,0.28300000000000003,0.23800000000000002,0.331,
19,065,0.27899999999999997,0.237,0.325,
19,067,0.27899999999999997,0.23600000000000002,0.32299999999999995,
19,069,0.29600000000000004,0.253,0.34600000000000003,
19,071,0.265,0.22399999999999998,0.311,
19,073,0.27899999999999997,0.23399999999999999,0.332,
19,075,0.249,0.209,0.293,
19,077,0.258,0.215,0.301,
19,079,0.254,0.215,0.297,
19,081,0.273,0.22899999999999998,0.321,
19,083,0.271,0.22899999999999998,0.316,
19,085,0.27,0.228,0.315,
19,087,0.276,0.23399999999999999,0.32,
19,089,0.27899999999999997,0.233,0.327,
19,091,0.28800000000000003,0.243,0.335,
19,093,0.27399999999999997,0.22699999999999998,0.321,
19,095,0.262,0.21899999999999997,0.31,
19,097,0.273,0.23199999999999998,0.32,
19,099,0.27899999999999997,0.237,0.327,
19,101,0.259,0.21899999999999997,0.304,
19,103,0.237,0.20600000000000002,0.276,
19,105,0.268,0.223,0.316,
19,107,0.292,0.248,0.337,
19,109,0.271,0.22899999999999998,0.315,
19,111,0.287,0.243,0.336,
19,113,0.264,0.225,0.303,
19,115,0.28,0.23800000000000002,0.32799999999999996,
19,117,0.298,0.252,0.35,
19,119,0.289,0.257,0.324,
19,121,0.247,0.207,0.293,
19,123,0.27899999999999997,0.23600000000000002,0.327,
19,125,0.263,0.22399999999999998,0.307,
19,127,0.287,0.248,0.32899999999999996,
19,129,0.245,0.203,0.28600000000000003,
19,131,0.264,0.222,0.308,
19,133,0.287,0.243,0.335,
19,135,0.265,0.221,0.31,
19,137,0.28,0.237,0.32799999999999996,
19,139,0.28300000000000003,0.24,0.32899999999999996,
19,141,0.293,0.249,0.33899999999999997,
19,143,0.303,0.257,0.354,
19,145,0.298,0.254,0.34600000000000003,
19,147,0.264,0.225,0.309,
19,149,0.25,0.21,0.295,
19,151,0.28,0.235,0.327,
19,153,0.259,0.226,0.29600000000000004,
19,155,0.295,0.256,0.34,
19,157,0.275,0.23399999999999999,0.321,
19,159,0.264,0.221,0.31,
19,161,0.272,0.228,0.316,
19,163,0.24600000000000002,0.21,0.28600000000000003,
19,165,0.275,0.23,0.322,
19,167,0.245,0.207,0.287,
19,169,0.253,0.215,0.297,
19,171,0.306,0.259,0.359,
19,173,0.28800000000000003,0.24600000000000002,0.336,
19,175,0.278,0.237,0.325,
19,177,0.307,0.256,0.36,
19,179,0.312,0.268,0.35600000000000004,
19,181,0.237,0.201,0.28,
19,183,0.26899999999999996,0.225,0.315,
19,185,0.289,0.24,0.34,
19,187,0.272,0.23199999999999998,0.317,
19,189,0.26,0.217,0.303,
19,191,0.23600000000000002,0.19899999999999998,0.27699999999999997,
19,193,0.284,0.248,0.324,
19,195,0.265,0.225,0.312,
19,197,0.293,0.248,0.342,
20,000,0.311,,,
20,001,0.319,0.268,0.36700000000000005,
20,003,0.32899999999999996,0.278,0.38299999999999995,
20,005,0.315,0.268,0.36200000000000004,
20,007,0.317,0.26899999999999996,0.365,
20,009,0.33399999999999996,0.289,0.379,
20,011,0.325,0.27699999999999997,0.38299999999999995,
20,013,0.317,0.273,0.365,
20,015,0.293,0.25,0.336,
20,017,0.324,0.27699999999999997,0.373,
20,019,0.354,0.304,0.402,
20,021,0.354,0.306,0.402,
20,023,0.335,0.284,0.385,
20,025,0.28800000000000003,0.243,0.33899999999999997,
20,027,0.314,0.267,0.368,
20,029,0.317,0.27,0.364,
20,031,0.309,0.261,0.36200000000000004,
20,033,0.306,0.261,0.355,
20,035,0.317,0.275,0.361,
20,037,0.336,0.28800000000000003,0.382,
20,039,0.28800000000000003,0.243,0.33799999999999997,
20,041,0.308,0.263,0.358,
20,043,0.29600000000000004,0.251,0.341,
20,045,0.27899999999999997,0.24,0.32299999999999995,
20,047,0.331,0.282,0.382,
20,049,0.349,0.298,0.402,
20,051,0.278,0.23800000000000002,0.322,
20,053,0.298,0.252,0.344,
20,055,0.33799999999999997,0.293,0.382,
20,057,0.34700000000000003,0.3,0.39899999999999997,
20,059,0.31,0.264,0.36,
20,061,0.34,0.297,0.386,
20,063,0.29,0.24600000000000002,0.33799999999999997,
20,065,0.31,0.26,0.35700000000000004,
20,067,0.294,0.252,0.345,
20,069,0.319,0.267,0.37200000000000005,
20,071,0.281,0.233,0.32799999999999996,
20,073,0.32,0.276,0.374,
20,075,0.312,0.264,0.36,
20,077,0.35,0.299,0.405,
20,079,0.28600000000000003,0.242,0.331,
20,081,0.33399999999999996,0.287,0.385,
20,083,0.267,0.226,0.313,
20,085,0.304,0.258,0.35100000000000003,
20,087,0.29,0.24600000000000002,0.33899999999999997,
20,089,0.33,0.278,0.38,
20,091,0.23600000000000002,0.205,0.26899999999999996,
20,093,0.325,0.27899999999999997,0.373,
20,095,0.308,0.26,0.35700000000000004,
20,097,0.28600000000000003,0.242,0.336,
20,099,0.32899999999999996,0.284,0.377,
20,101,0.297,0.251,0.34600000000000003,
20,103,0.281,0.24100000000000002,0.324,
20,105,0.319,0.272,0.368,
20,107,0.295,0.248,0.342,
20,109,0.309,0.26,0.36,
20,111,0.319,0.276,0.366,
20,113,0.284,0.237,0.33299999999999996,
20,115,0.292,0.245,0.34,
20,117,0.308,0.256,0.359,
20,119,0.316,0.268,0.368,
20,121,0.27899999999999997,0.235,0.32299999999999995,
20,123,0.306,0.26,0.35700000000000004,
20,125,0.337,0.289,0.385,
20,127,0.304,0.259,0.35600000000000004,
20,129,0.331,0.284,0.385,
20,131,0.295,0.244,0.345,
20,133,0.315,0.268,0.365,
20,135,0.298,0.254,0.34700000000000003,
20,137,0.318,0.267,0.369,
20,139,0.32,0.273,0.371,
20,141,0.309,0.264,0.361,
20,143,0.294,0.251,0.342,
20,145,0.312,0.265,0.36,
20,147,0.31,0.263,0.363,
20,149,0.268,0.22399999999999998,0.312,
20,151,0.304,0.257,0.348,
20,153,0.321,0.273,0.368,
20,155,0.319,0.278,0.364,
20,157,0.315,0.265,0.364,
20,159,0.311,0.264,0.36,
20,161,0.302,0.262,0.34700000000000003,
20,163,0.295,0.249,0.34299999999999997,
20,165,0.313,0.266,0.364,
20,167,0.32899999999999996,0.282,0.37799999999999995,
20,169,0.294,0.251,0.33899999999999997,
20,171,0.282,0.23399999999999999,0.331,
20,173,0.298,0.263,0.336,
20,175,0.35600000000000004,0.306,0.41,
20,177,0.309,0.27399999999999997,0.344,
20,179,0.284,0.243,0.332,
20,181,0.311,0.263,0.36200000000000004,
20,183,0.294,0.25,0.342,
20,185,0.314,0.263,0.366,
20,187,0.35,0.301,0.402,
20,189,0.363,0.312,0.415,
20,191,0.298,0.254,0.344,
20,193,0.27699999999999997,0.235,0.325,
20,195,0.276,0.231,0.322,
20,197,0.281,0.24,0.32799999999999996,
20,199,0.311,0.265,0.36200000000000004,
20,201,0.284,0.239,0.331,
20,203,0.33299999999999996,0.29100000000000004,0.379,
20,205,0.32899999999999996,0.27899999999999997,0.381,
20,207,0.314,0.262,0.365,
20,209,0.321,0.28800000000000003,0.358,
21,000,,,,
21,001,,,,
21,003,,,,
21,005,,,,
21,007,,,,
21,009,,,,
21,011,,,,
21,013,,,,
21,015,,,,
21,017,,,,
21,019,,,,
21,021,,,,
21,023,,,,
21,025,,,,
21,027,,,,
21,029,,,,
21,031,,,,
21,033,,,,
21,035,,,,
21,037,,,,
21,039,,,,
21,041,,,,
21,043,,,,
21,045,,,,
21,047,,,,
21,049,,,,
21,051,,,,
21,053,,,,
21,055,,,,
21,057,,,,
21,059,,,,
21,061,,,,
21,063,,,,
21,065,,,,
21,067,,,,
21,069,,,,
21,071,,,,
21,073,,,,
21,075,,,,
21,077,,,,
21,079,,,,
21,081,,,,
21,083,,,,
21,085,,,,
21,087,,,,
21,089,,,,
21,091,,,,
21,093,,,,
21,095,,,,
21,097,,,,
21,099,,,,
21,101,,,,
21,103,,,,
21,105,,,,
21,107,,,,
21,109,,,,
21,111,,,,
21,113,,,,
21,115,,,,
21,117,,,,
21,119,,,,
21,121,,,,
21,123,,,,
21,125,,,,
21,127,,,,
21,129,,,,
21,131,,,,
21,133,,,,
21,135,,,,
21,137,,,,
21,139,,,,
21,141,,,,
21,143,,,,
21,145,,,,
21,147,,,,
21,149,,,,
21,151,,,,
21,153,,,,
21,155,,,,
21,157,,,,
21,159,,,,
21,161,,,,
21,163,,,,
21,165,,,,
21,167,,,,
21,169,,,,
21,171,,,,
21,173,,,,
21,175,,,,
21,177,,,,
21,179,,,,
21,181,,,,
21,183,,,,
21,185,,,,
21,187,,,,
21,189,,,,
21,191,,,,
21,193,,,,
21,195,,,,
21,197,,,,
21,199,,,,
21,201,,,,
21,203,,,,
21,205,,,,
21,207,,,,
21,209,,,,
21,211,,,,
21,213,,,,
21,215,,,,
21,217,,,,
21,219,,,,
21,221,,,,
21,223,,,,
21,225,,,,
21,227,,,,
21,229,,,,
21,231,,,,
21,233,,,,
21,235,,,,
21,237,,,,
21,239,,,,
22,000,0.396,,,
22,001,0.418,0.36,0.47600000000000003,
22,003,0.409,0.35700000000000004,0.46,
22,005,0.32799999999999996,0.284,0.373,
22,007,0.405,0.35200000000000004,0.45399999999999996,
22,009,0.423,0.37200000000000005,0.475,
22,011,0.368,0.319,0.423,
22,013,0.45,0.39799999999999996,0.505,
22,015,0.332,0.289,0.377,
22,017,0.39,0.341,0.441,
22,019,0.37200000000000005,0.32899999999999996,0.42100000000000004,
22,021,0.426,0.371,0.483,
22,023,0.35,0.29600000000000004,0.40700000000000003,
22,025,0.43,0.377,0.48700000000000004,
22,027,0.478,0.426,0.535,
22,029,0.43700000000000006,0.387,0.49700000000000005,
22,031,0.40700000000000003,0.35700000000000004,0.462,
22,033,0.341,0.301,0.385,
22,035,0.501,0.442,0.5579999999999999,
22,037,0.375,0.326,0.428,
22,039,0.434,0.38,0.493,
22,041,0.433,0.37799999999999995,0.489,
22,043,0.381,0.32899999999999996,0.429,
22,045,0.415,0.36200000000000004,0.46399999999999997,
22,047,0.395,0.342,0.45,
22,049,0.402,0.355,0.451,
22,051,0.336,0.29600000000000004,0.376,
22,053,0.397,0.344,0.45299999999999996,
22,055,0.336,0.293,0.386,
22,057,0.395,0.345,0.447,
22,059,0.379,0.331,0.43,
22,061,0.4,0.35100000000000003,0.45,
22,063,0.369,0.322,0.42100000000000004,
22,065,0.473,0.41700000000000004,0.53,
22,067,0.442,0.38299999999999995,0.502,
22,069,0.39399999999999996,0.34600000000000003,0.44299999999999995,
22,071,0.337,0.298,0.37799999999999995,
22,073,0.384,0.337,0.43200000000000005,
22,075,0.349,0.3,0.39899999999999997,
22,077,0.382,0.331,0.436,
22,079,0.397,0.35,0.447,
22,081,0.435,0.384,0.489,
22,083,0.41200000000000003,0.358,0.467,
22,085,0.406,0.35700000000000004,0.457,
22,087,0.406,0.354,0.457,
22,089,0.331,0.284,0.381,
22,091,0.43,0.38,0.484,
22,093,0.35600000000000004,0.31,0.405,
22,095,0.373,0.327,0.424,
22,097,0.439,0.39,0.49200000000000005,
22,099,0.392,0.33899999999999997,0.445,
22,101,0.42,0.369,0.47100000000000003,
22,103,0.321,0.27899999999999997,0.364,
22,105,0.382,0.33,0.43,
22,107,0.45799999999999996,0.40299999999999997,0.514,
22,109,0.373,0.326,0.425,
22,111,0.4,0.35100000000000003,0.451,
22,113,0.386,0.335,0.435,
22,115,0.379,0.33,0.433,
22,117,0.40399999999999997,0.35200000000000004,0.45399999999999996,
22,119,0.434,0.381,0.488,
22,121,0.35100000000000003,0.304,0.401,
22,123,0.392,0.34,0.446,
22,125,0.341,0.292,0.39799999999999996,
22,127,0.414,0.365,0.465,
23,000,0.3155,,,
23,001,0.326,0.28600000000000003,0.37,
23,003,0.34700000000000003,0.304,0.39,
23,005,0.245,0.21100000000000002,0.27899999999999997,
23,007,0.325,0.281,0.37,
23,009,0.28,0.24100000000000002,0.319,
23,011,0.324,0.28300000000000003,0.368,
23,013,0.266,0.226,0.308,
23,015,0.275,0.239,0.32,
23,017,0.306,0.266,0.35200000000000004,
23,019,0.321,0.28300000000000003,0.361,
23,021,0.322,0.282,0.364,
23,023,0.273,0.23199999999999998,0.314,
23,025,0.349,0.306,0.395,
23,027,0.31,0.265,0.355,
23,029,0.373,0.32799999999999996,0.42,
23,031,0.289,0.251,0.327,
24,000,0.2555,,,
24,001,0.32799999999999996,0.29,0.374,
24,003,0.249,0.22,0.282,
24,005,0.247,0.22,0.278,
24,009,0.252,0.218,0.287,
24,011,0.318,0.27699999999999997,0.36200000000000004,
24,013,0.235,0.198,0.278,
24,015,0.29,0.252,0.331,
24,017,0.254,0.222,0.28600000000000003,
24,019,0.311,0.27,0.35200000000000004,
24,021,0.221,0.193,0.251,
24,023,0.285,0.244,0.33,
24,025,0.231,0.198,0.267,
24,027,0.201,0.17300000000000001,0.23199999999999998,
24,029,0.257,0.218,0.304,
24,031,0.21100000000000002,0.18600000000000003,0.235,
24,033,0.268,0.235,0.302,
24,035,0.243,0.207,0.282,
24,037,0.253,0.22,0.29,
24,039,0.32799999999999996,0.28600000000000003,0.37200000000000005,
24,041,0.258,0.223,0.29600000000000004,
24,043,0.305,0.271,0.34,
24,045,0.276,0.242,0.311,
24,047,0.253,0.21600000000000003,0.293,
24,510,0.33,0.293,0.37,
25,000,0.262,,,
25,001,0.237,0.19899999999999998,0.27699999999999997,
25,003,0.276,0.23600000000000002,0.318,
25,005,0.295,0.256,0.337,
25,007,0.243,0.201,0.292,
25,009,0.263,0.22899999999999998,0.298,
25,011,0.271,0.22699999999999998,0.319,
25,013,0.33799999999999997,0.29600000000000004,0.37799999999999995,
25,015,0.249,0.212,0.294,
25,017,0.231,0.201,0.263,
25,019,0.222,0.183,0.264,
25,021,0.226,0.193,0.261,
25,023,0.275,0.23600000000000002,0.315,
25,025,0.261,0.228,0.295,
25,027,0.27,0.235,0.307,
26,000,0.32,,,
26,001,0.314,0.263,0.365,
26,003,0.306,0.26,0.35600000000000004,
26,005,0.295,0.252,0.344,
26,007,0.335,0.28600000000000003,0.387,
26,009,0.27699999999999997,0.23,0.326,
26,011,0.332,0.285,0.382,
26,013,0.34600000000000003,0.297,0.396,
26,015,0.295,0.249,0.341,
26,017,0.299,0.255,0.348,
26,019,0.285,0.239,0.336,
26,021,0.319,0.276,0.366,
26,023,0.34700000000000003,0.299,0.4,
26,025,0.33,0.28800000000000003,0.375,
26,027,0.314,0.267,0.36700000000000005,
26,029,0.276,0.23,0.324,
26,031,0.32,0.273,0.374,
26,033,0.335,0.29100000000000004,0.387,
26,035,0.35100000000000003,0.3,0.40299999999999997,
26,037,0.268,0.22399999999999998,0.315,
26,039,0.32799999999999996,0.27699999999999997,0.384,
26,041,0.32899999999999996,0.27899999999999997,0.38299999999999995,
26,043,0.306,0.26,0.355,
26,045,0.281,0.242,0.326,
26,047,0.266,0.225,0.308,
26,049,0.337,0.298,0.37799999999999995,
26,051,0.322,0.275,0.375,
26,053,0.321,0.275,0.37200000000000005,
26,055,0.278,0.23600000000000002,0.326,
26,057,0.321,0.27399999999999997,0.373,
26,059,0.335,0.28600000000000003,0.385,
26,061,0.304,0.256,0.35600000000000004,
26,063,0.322,0.275,0.376,
26,065,0.295,0.257,0.336,
26,067,0.304,0.26,0.35,
26,069,0.342,0.293,0.397,
26,071,0.327,0.27699999999999997,0.379,
26,073,0.342,0.295,0.39299999999999996,
26,075,0.33,0.28600000000000003,0.376,
26,077,0.28,0.242,0.319,
26,079,0.326,0.27699999999999997,0.376,
26,081,0.26899999999999996,0.23399999999999999,0.308,
26,083,0.267,0.222,0.314,
26,085,0.368,0.318,0.415,
26,087,0.299,0.254,0.35,
26,089,0.249,0.203,0.298,
26,091,0.31,0.263,0.358,
26,093,0.237,0.20199999999999999,0.276,
26,095,0.33799999999999997,0.289,0.39299999999999996,
26,097,0.345,0.29600000000000004,0.396,
26,099,0.303,0.263,0.344,
26,101,0.312,0.264,0.364,
26,103,0.29,0.244,0.33799999999999997,
26,105,0.315,0.265,0.366,
26,107,0.34,0.29,0.39,
26,109,0.326,0.27899999999999997,0.377,
26,111,0.268,0.225,0.318,
26,113,0.32299999999999995,0.276,0.374,
26,115,0.303,0.26,0.35100000000000003,
26,117,0.33,0.28300000000000003,0.382,
26,119,0.336,0.287,0.392,
26,121,0.32,0.27699999999999997,0.361,
26,123,0.32799999999999996,0.27899999999999997,0.377,
26,125,0.21899999999999997,0.18899999999999997,0.247,
26,127,0.327,0.27699999999999997,0.37799999999999995,
26,129,0.342,0.292,0.396,
26,131,0.32,0.273,0.37,
26,133,0.341,0.295,0.391,
26,135,0.355,0.302,0.41100000000000003,
26,137,0.303,0.256,0.355,
26,139,0.27399999999999997,0.233,0.316,
26,141,0.32,0.27,0.37200000000000005,
26,143,0.314,0.263,0.368,
26,145,0.332,0.29,0.37799999999999995,
26,147,0.316,0.271,0.365,
26,149,0.327,0.281,0.382,
26,151,0.332,0.281,0.385,
26,153,0.336,0.287,0.386,
26,155,0.307,0.261,0.355,
26,157,0.319,0.271,0.37,
26,159,0.325,0.27899999999999997,0.373,
26,161,0.235,0.203,0.268,
26,163,0.32799999999999996,0.295,0.363,
26,165,0.327,0.278,0.379,
27,000,0.278,,,
27,001,0.293,0.249,0.336,
27,003,0.272,0.237,0.308,
27,005,0.276,0.233,0.319,
27,007,0.314,0.27399999999999997,0.35700000000000004,
27,009,0.27699999999999997,0.235,0.326,
27,011,0.27699999999999997,0.23199999999999998,0.32299999999999995,
27,013,0.28300000000000003,0.24100000000000002,0.325,
27,015,0.27399999999999997,0.231,0.319,
27,017,0.293,0.253,0.337,
27,019,0.226,0.19,0.264,
27,021,0.305,0.263,0.35,
27,023,0.29600000000000004,0.251,0.34299999999999997,
27,025,0.26899999999999996,0.231,0.311,
27,027,0.27,0.226,0.315,
27,029,0.305,0.261,0.35200000000000004,
27,031,0.251,0.209,0.294,
27,033,0.295,0.25,0.34299999999999997,
27,035,0.275,0.235,0.317,
27,037,0.248,0.21600000000000003,0.28300000000000003,
27,039,0.25,0.21,0.295,
27,041,0.264,0.223,0.307,
27,043,0.311,0.265,0.35600000000000004,
27,045,0.285,0.23800000000000002,0.336,
27,047,0.294,0.252,0.341,
27,049,0.264,0.223,0.311,
27,051,0.292,0.249,0.341,
27,053,0.244,0.217,0.272,
27,055,0.255,0.215,0.299,
27,057,0.265,0.223,0.31,
27,059,0.276,0.235,0.32299999999999995,
27,061,0.294,0.248,0.33899999999999997,
27,063,0.272,0.23,0.321,
27,065,0.312,0.267,0.361,
27,067,0.27699999999999997,0.23600000000000002,0.319,
27,069,0.26899999999999996,0.22399999999999998,0.316,
27,071,0.28800000000000003,0.24100000000000002,0.336,
27,073,0.26899999999999996,0.226,0.315,
27,075,0.284,0.242,0.33399999999999996,
27,077,0.27699999999999997,0.23,0.326,
27,079,0.252,0.212,0.295,
27,081,0.284,0.23600000000000002,0.33399999999999996,
27,083,0.27399999999999997,0.23399999999999999,0.318,
27,085,0.27,0.22899999999999998,0.315,
27,087,0.401,0.353,0.449,
27,089,0.28600000000000003,0.24100000000000002,0.335,
27,091,0.284,0.243,0.33399999999999996,
27,093,0.266,0.22399999999999998,0.308,
27,095,0.308,0.265,0.355,
27,097,0.276,0.231,0.325,
27,099,0.289,0.248,0.332,
27,101,0.278,0.23600000000000002,0.327,
27,103,0.26899999999999996,0.22699999999999998,0.312,
27,105,0.312,0.268,0.359,
27,107,0.28800000000000003,0.244,0.33399999999999996,
27,109,0.23600000000000002,0.20199999999999999,0.275,
27,111,0.27,0.233,0.311,
27,113,0.287,0.245,0.331,
27,115,0.314,0.26899999999999996,0.358,
27,117,0.295,0.251,0.341,
27,119,0.276,0.23199999999999998,0.322,
27,121,0.267,0.22399999999999998,0.315,
27,123,0.271,0.239,0.306,
27,125,0.27899999999999997,0.23800000000000002,0.324,
27,127,0.287,0.243,0.33399999999999996,
27,129,0.303,0.257,0.35200000000000004,
27,131,0.271,0.23399999999999999,0.311,
27,133,0.282,0.23800000000000002,0.33,
27,135,0.284,0.24,0.332,
27,137,0.287,0.249,0.327,
27,139,0.235,0.19899999999999998,0.27399999999999997,
27,141,0.273,0.23199999999999998,0.312,
27,143,0.282,0.239,0.32799999999999996,
27,145,0.265,0.23,0.302,
27,147,0.262,0.221,0.306,
27,149,0.282,0.237,0.32899999999999996,
27,151,0.302,0.255,0.35,
27,153,0.31,0.263,0.359,
27,155,0.29600000000000004,0.247,0.349,
27,157,0.253,0.213,0.295,
27,159,0.318,0.272,0.36700000000000005,
27,161,0.289,0.245,0.336,
27,163,0.223,0.192,0.258,
27,165,0.301,0.257,0.349,
27,167,0.29,0.24600000000000002,0.33799999999999997,
27,169,0.27699999999999997,0.239,0.324,
27,171,0.255,0.218,0.292,
27,173,0.28600000000000003,0.243,0.335,
28,000,0.392,,,
28,001,0.418,0.365,0.475,
28,003,0.369,0.319,0.42100000000000004,
28,005,0.419,0.37,0.469,
28,007,0.376,0.324,0.43,
28,009,0.39399999999999996,0.341,0.446,
28,011,0.413,0.364,0.469,
28,013,0.40399999999999997,0.353,0.45799999999999996,
28,015,0.392,0.34,0.446,
28,017,0.415,0.363,0.46799999999999997,
28,019,0.366,0.314,0.418,
28,021,0.436,0.379,0.498,
28,023,0.389,0.33899999999999997,0.442,
28,025,0.392,0.342,0.442,
28,027,0.43700000000000006,0.38,0.496,
28,029,0.392,0.33899999999999997,0.442,
28,031,0.368,0.317,0.42100000000000004,
28,033,0.322,0.278,0.36700000000000005,
28,035,0.368,0.322,0.418,
28,037,0.39899999999999997,0.34700000000000003,0.449,
28,039,0.366,0.311,0.42200000000000004,
28,041,0.381,0.327,0.434,
28,043,0.385,0.33399999999999996,0.43799999999999994,
28,045,0.341,0.294,0.392,
28,047,0.364,0.321,0.413,
28,049,0.363,0.315,0.41700000000000004,
28,051,0.45299999999999996,0.39799999999999996,0.514,
28,053,0.46299999999999997,0.406,0.523,
28,055,0.442,0.40299999999999997,0.48100000000000004,
28,057,0.344,0.293,0.4,
28,059,0.33899999999999997,0.294,0.385,
28,061,0.385,0.33399999999999996,0.435,
28,063,0.43700000000000006,0.374,0.499,
28,065,0.40399999999999997,0.35100000000000003,0.455,
28,067,0.37200000000000005,0.325,0.425,
28,069,0.396,0.34299999999999997,0.449,
28,071,0.32799999999999996,0.284,0.386,
28,073,0.332,0.28600000000000003,0.384,
28,075,0.381,0.33399999999999996,0.43200000000000005,
28,077,0.42200000000000004,0.371,0.478,
28,079,0.402,0.35100000000000003,0.45299999999999996,
28,081,0.341,0.294,0.391,
28,083,0.43,0.376,0.484,
28,085,0.368,0.317,0.419,
28,087,0.364,0.317,0.41100000000000003,
28,089,0.294,0.251,0.342,
28,091,0.406,0.353,0.45899999999999996,
28,093,0.41600000000000004,0.364,0.47,
28,095,0.397,0.345,0.451,
28,097,0.39899999999999997,0.34700000000000003,0.456,
28,099,0.397,0.35,0.452,
28,101,0.382,0.32899999999999996,0.433,
28,103,0.43200000000000005,0.377,0.486,
28,105,0.345,0.301,0.39,
28,107,0.41700000000000004,0.36200000000000004,0.46799999999999997,
28,109,0.368,0.315,0.42100000000000004,
28,111,0.38799999999999996,0.33399999999999996,0.441,
28,113,0.397,0.348,0.45,
28,115,0.37,0.324,0.424,
28,117,0.37200000000000005,0.318,0.423,
28,119,0.452,0.392,0.512,
28,121,0.307,0.262,0.35700000000000004,
28,123,0.419,0.368,0.474,
28,125,0.449,0.40700000000000003,0.49200000000000005,
28,127,0.376,0.324,0.431,
28,129,0.395,0.342,0.451,
28,131,0.36200000000000004,0.314,0.41700000000000004,
28,133,0.436,0.379,0.491,
28,135,0.415,0.364,0.46799999999999997,
28,137,0.35600000000000004,0.305,0.409,
28,139,0.381,0.331,0.435,
28,141,0.377,0.324,0.431,
28,143,0.452,0.39899999999999997,0.513,
28,145,0.377,0.327,0.433,
28,147,0.396,0.34299999999999997,0.452,
28,149,0.354,0.305,0.406,
28,151,0.41100000000000003,0.358,0.46299999999999997,
28,153,0.402,0.35,0.45799999999999996,
28,155,0.35100000000000003,0.299,0.40399999999999997,
28,157,0.41600000000000004,0.359,0.47100000000000003,
28,159,0.39799999999999996,0.34700000000000003,0.451,
28,161,0.40399999999999997,0.353,0.457,
28,163,0.445,0.391,0.499,
29,000,0.375,,,
29,001,0.355,0.308,0.408,
29,003,0.326,0.275,0.376,
29,005,0.368,0.313,0.425,
29,007,0.391,0.33899999999999997,0.44799999999999995,
29,009,0.396,0.344,0.452,
29,011,0.41,0.35600000000000004,0.466,
29,013,0.38799999999999996,0.33299999999999996,0.44,
29,015,0.376,0.32,0.43700000000000006,
29,017,0.38799999999999996,0.336,0.44299999999999995,
29,019,0.322,0.276,0.371,
29,021,0.375,0.32799999999999996,0.426,
29,023,0.424,0.368,0.47600000000000003,
29,025,0.369,0.316,0.42100000000000004,
29,027,0.344,0.293,0.395,
29,029,0.33899999999999997,0.28800000000000003,0.395,
29,031,0.33899999999999997,0.292,0.386,
29,033,0.365,0.312,0.42100000000000004,
29,035,0.423,0.36700000000000005,0.484,
29,037,0.304,0.259,0.35,
29,039,0.39399999999999996,0.34,0.45299999999999996,
29,041,0.361,0.308,0.415,
29,043,0.331,0.28300000000000003,0.38299999999999995,
29,045,0.397,0.342,0.451,
29,047,0.32,0.27899999999999997,0.368,
29,049,0.353,0.305,0.406,
29,051,0.331,0.285,0.384,
29,053,0.342,0.293,0.395,
29,055,0.39399999999999996,0.342,0.452,
29,057,0.39899999999999997,0.342,0.46,
29,059,0.4,0.34299999999999997,0.457,
29,061,0.39,0.33299999999999996,0.447,
29,063,0.35600000000000004,0.307,0.409,
29,065,0.385,0.33399999999999996,0.442,
29,067,0.38799999999999996,0.33,0.44299999999999995,
29,069,0.441,0.387,0.495,
29,071,0.342,0.29100000000000004,0.392,
29,073,0.36200000000000004,0.312,0.418,
29,075,0.377,0.322,0.43200000000000005,
29,077,0.35200000000000004,0.306,0.40299999999999997,
29,079,0.392,0.336,0.449,
29,081,0.385,0.33399999999999996,0.43799999999999994,
29,083,0.381,0.32799999999999996,0.43200000000000005,
29,085,0.435,0.38,0.49200000000000005,
29,087,0.36,0.307,0.41200000000000003,
29,089,0.35100000000000003,0.301,0.405,
29,091,0.406,0.35100000000000003,0.461,
29,093,0.39899999999999997,0.342,0.45799999999999996,
29,095,0.353,0.313,0.39299999999999996,
29,097,0.377,0.324,0.434,
29,099,0.33399999999999996,0.287,0.385,
29,101,0.342,0.297,0.392,
29,103,0.4,0.34299999999999997,0.45899999999999996,
29,105,0.392,0.33899999999999997,0.45,
29,107,0.35200000000000004,0.303,0.408,
29,109,0.39299999999999996,0.34,0.45,
29,111,0.379,0.327,0.433,
29,113,0.35700000000000004,0.307,0.409,
29,115,0.369,0.317,0.426,
29,117,0.377,0.32299999999999995,0.434,
29,119,0.43200000000000005,0.379,0.489,
29,121,0.35700000000000004,0.306,0.413,
29,123,0.375,0.32299999999999995,0.43,
29,125,0.374,0.319,0.42700000000000005,
29,127,0.353,0.302,0.406,
29,129,0.39799999999999996,0.348,0.45,
29,131,0.37200000000000005,0.317,0.426,
29,133,0.441,0.389,0.49200000000000005,
29,135,0.361,0.308,0.41600000000000004,
29,137,0.375,0.321,0.43200000000000005,
29,139,0.37799999999999995,0.324,0.433,
29,141,0.40399999999999997,0.35100000000000003,0.46,
29,143,0.42,0.37,0.473,
29,145,0.359,0.305,0.413,
29,147,0.354,0.305,0.40399999999999997,
29,149,0.418,0.364,0.47600000000000003,
29,151,0.33299999999999996,0.281,0.386,
29,153,0.431,0.376,0.489,
29,155,0.455,0.40700000000000003,0.508,
29,157,0.354,0.299,0.406,
29,159,0.37,0.319,0.423,
29,161,0.368,0.318,0.424,
29,163,0.382,0.32899999999999996,0.436,
29,165,0.287,0.245,0.33299999999999996,
29,167,0.38299999999999995,0.331,0.43700000000000006,
29,169,0.353,0.306,0.402,
29,171,0.365,0.314,0.419,
29,173,0.373,0.318,0.429,
29,175,0.376,0.324,0.428,
29,177,0.365,0.316,0.42200000000000004,
29,179,0.41,0.353,0.47,
29,181,0.429,0.374,0.485,
29,183,0.3,0.259,0.344,
29,185,0.40299999999999997,0.345,0.46299999999999997,
29,186,0.35700000000000004,0.304,0.413,
29,187,0.39,0.33799999999999997,0.444,
29,189,0.31,0.275,0.34600000000000003,
29,195,0.375,0.324,0.42700000000000005,
29,197,0.35600000000000004,0.308,0.40700000000000003,
29,199,0.375,0.318,0.43200000000000005,
29,201,0.376,0.32899999999999996,0.425,
29,203,0.38799999999999996,0.332,0.447,
29,205,0.401,0.345,0.46,
29,207,0.413,0.36200000000000004,0.47,
29,209,0.35600000000000004,0.301,0.413,
29,211,0.382,0.32899999999999996,0.43700000000000006,
29,213,0.369,0.317,0.423,
29,215,0.42100000000000004,0.36700000000000005,0.47700000000000004,
29,217,0.402,0.35100000000000003,0.457,
29,219,0.34700000000000003,0.297,0.39899999999999997,
29,221,0.41100000000000003,0.35600000000000004,0.469,
29,223,0.41700000000000004,0.361,0.47600000000000003,
29,225,0.373,0.316,0.43,
29,227,0.381,0.324,0.434,
29,229,0.42100000000000004,0.36,0.475,
29,510,0.35100000000000003,0.308,0.391,
30,000,0.3,,,
30,001,0.294,0.252,0.34,
30,003,0.387,0.33899999999999997,0.43799999999999994,
30,005,0.37799999999999995,0.32899999999999996,0.425,
30,007,0.28300000000000003,0.237,0.332,
30,009,0.281,0.237,0.32799999999999996,
30,011,0.3,0.248,0.35100000000000003,
30,013,0.325,0.284,0.365,
30,015,0.319,0.273,0.365,
30,017,0.3,0.255,0.34700000000000003,
30,019,0.284,0.23800000000000002,0.332,
30,021,0.27699999999999997,0.233,0.32299999999999995,
30,023,0.318,0.26899999999999996,0.37200000000000005,
30,025,0.294,0.24600000000000002,0.34600000000000003,
30,027,0.297,0.254,0.345,
30,029,0.28300000000000003,0.242,0.324,
30,031,0.242,0.207,0.28,
30,033,0.295,0.251,0.345,
30,035,0.42200000000000004,0.37,0.47200000000000003,
30,037,0.33,0.27899999999999997,0.384,
30,039,0.29,0.24100000000000002,0.34,
30,041,0.337,0.292,0.385,
30,043,0.264,0.222,0.311,
30,045,0.303,0.256,0.354,
30,047,0.309,0.268,0.35200000000000004,
30,049,0.278,0.23399999999999999,0.322,
30,051,0.34600000000000003,0.29,0.402,
30,053,0.324,0.28,0.371,
30,055,0.278,0.235,0.32899999999999996,
30,057,0.263,0.218,0.308,
30,059,0.289,0.244,0.33799999999999997,
30,061,0.307,0.262,0.355,
30,063,0.256,0.21899999999999997,0.293,
30,065,0.305,0.257,0.354,
30,067,0.28,0.237,0.327,
30,069,0.281,0.237,0.32799999999999996,
30,071,0.295,0.251,0.341,
30,073,0.349,0.302,0.4,
30,075,0.29,0.242,0.342,
30,077,0.322,0.276,0.37200000000000005,
30,079,0.344,0.292,0.4,
30,081,0.3,0.254,0.345,
30,083,0.275,0.233,0.317,
30,085,0.41600000000000004,0.36700000000000005,0.469,
30,087,0.37,0.325,0.414,
30,089,0.324,0.27399999999999997,0.374,
30,091,0.292,0.245,0.341,
30,093,0.309,0.266,0.355,
30,095,0.26899999999999996,0.228,0.314,
30,097,0.285,0.24100000000000002,0.336,
30,099,0.307,0.256,0.358,
30,101,0.34,0.292,0.395,
30,103,0.287,0.24,0.34,
30,105,0.302,0.261,0.348,
30,107,0.33399999999999996,0.28300000000000003,0.38799999999999996,
30,109,0.301,0.255,0.348,
30,111,0.299,0.262,0.34,
31,000,0.276,,,
31,001,0.272,0.235,0.31,
31,003,0.27,0.22899999999999998,0.316,
31,005,0.267,0.222,0.319,
31,007,0.26,0.214,0.312,
31,009,0.27699999999999997,0.23399999999999999,0.324,
31,011,0.262,0.221,0.308,
31,013,0.28300000000000003,0.24100000000000002,0.331,
31,015,0.28800000000000003,0.243,0.336,
31,017,0.278,0.23399999999999999,0.326,
31,019,0.251,0.212,0.29,
31,021,0.281,0.23800000000000002,0.33,
31,023,0.251,0.212,0.293,
31,025,0.249,0.21100000000000002,0.293,
31,027,0.255,0.21600000000000003,0.29600000000000004,
31,029,0.276,0.233,0.32,
31,031,0.28800000000000003,0.24100000000000002,0.33299999999999996,
31,033,0.28300000000000003,0.23800000000000002,0.32799999999999996,
31,035,0.271,0.22899999999999998,0.316,
31,037,0.293,0.252,0.336,
31,039,0.27699999999999997,0.235,0.32299999999999995,
31,041,0.258,0.21899999999999997,0.3,
31,043,0.31,0.273,0.35200000000000004,
31,045,0.28,0.24,0.327,
31,047,0.293,0.249,0.336,
31,049,0.28,0.235,0.32899999999999996,
31,051,0.27699999999999997,0.23399999999999999,0.325,
31,053,0.268,0.23199999999999998,0.309,
31,055,0.257,0.226,0.28800000000000003,
31,057,0.28,0.235,0.326,
31,059,0.258,0.21899999999999997,0.304,
31,061,0.298,0.256,0.35,
31,063,0.261,0.22,0.307,
31,065,0.285,0.24,0.33299999999999996,
31,067,0.281,0.243,0.327,
31,069,0.29600000000000004,0.253,0.344,
31,071,0.252,0.21100000000000002,0.301,
31,073,0.253,0.21,0.301,
31,075,0.255,0.213,0.299,
31,077,0.265,0.225,0.309,
31,079,0.31,0.272,0.35100000000000003,
31,081,0.259,0.21899999999999997,0.304,
31,083,0.27699999999999997,0.23,0.325,
31,085,0.278,0.228,0.33299999999999996,
31,087,0.278,0.233,0.324,
31,089,0.27699999999999997,0.23199999999999998,0.321,
31,091,0.276,0.23399999999999999,0.325,
31,093,0.253,0.20600000000000002,0.304,
31,095,0.27899999999999997,0.237,0.324,
31,097,0.27899999999999997,0.237,0.324,
31,099,0.245,0.20199999999999999,0.28800000000000003,
31,101,0.271,0.226,0.319,
31,103,0.278,0.23199999999999998,0.326,
31,105,0.317,0.27,0.366,
31,107,0.297,0.257,0.34,
31,109,0.252,0.222,0.287,
31,111,0.297,0.255,0.34600000000000003,
31,113,0.245,0.204,0.29100000000000004,
31,115,0.249,0.21100000000000002,0.29100000000000004,
31,117,0.27,0.225,0.313,
31,119,0.264,0.22699999999999998,0.303,
31,121,0.27399999999999997,0.235,0.32,
31,123,0.302,0.255,0.35100000000000003,
31,125,0.281,0.237,0.327,
31,127,0.278,0.23399999999999999,0.324,
31,129,0.255,0.21100000000000002,0.3,
31,131,0.271,0.23,0.311,
31,133,0.302,0.254,0.35100000000000003,
31,135,0.265,0.22,0.314,
31,137,0.282,0.237,0.32799999999999996,
31,139,0.251,0.21100000000000002,0.299,
31,141,0.26899999999999996,0.22899999999999998,0.309,
31,143,0.264,0.223,0.31,
31,145,0.29600000000000004,0.256,0.342,
31,147,0.28300000000000003,0.239,0.332,
31,149,0.258,0.214,0.308,
31,151,0.29,0.248,0.335,
31,153,0.233,0.201,0.266,
31,155,0.239,0.2,0.27899999999999997,
31,157,0.313,0.271,0.36200000000000004,
31,159,0.257,0.21600000000000003,0.301,
31,161,0.287,0.244,0.33399999999999996,
31,163,0.285,0.242,0.336,
31,165,0.312,0.263,0.364,
31,167,0.248,0.207,0.293,
31,169,0.281,0.235,0.33,
31,171,0.249,0.21,0.294,
31,173,0.35600000000000004,0.313,0.401,
31,175,0.27399999999999997,0.22699999999999998,0.322,
31,177,0.242,0.204,0.284,
31,179,0.268,0.228,0.309,
31,181,0.27899999999999997,0.237,0.324,
31,183,0.255,0.215,0.302,
31,185,0.273,0.233,0.316,
32,000,0.344,,,
32,001,0.33399999999999996,0.28300000000000003,0.385,
32,003,0.332,0.293,0.375,
32,005,0.284,0.24,0.331,
32,007,0.344,0.299,0.391,
32,009,0.382,0.33,0.439,
32,011,0.389,0.33399999999999996,0.444,
32,013,0.34700000000000003,0.295,0.4,
32,015,0.35600000000000004,0.303,0.41100000000000003,
32,017,0.317,0.267,0.37,
32,019,0.336,0.285,0.386,
32,021,0.41100000000000003,0.36,0.46299999999999997,
32,023,0.363,0.314,0.41600000000000004,
32,027,0.344,0.29600000000000004,0.396,
32,029,0.28600000000000003,0.237,0.34299999999999997,
32,031,0.295,0.257,0.336,
32,033,0.35200000000000004,0.304,0.408,
32,510,0.335,0.29,0.384,
33,000,0.251,,,
33,001,0.254,0.215,0.299,
33,003,0.22399999999999998,0.188,0.261,
33,005,0.265,0.225,0.306,
33,007,0.309,0.268,0.35700000000000004,
33,009,0.237,0.201,0.278,
33,011,0.24600000000000002,0.212,0.28,
33,013,0.254,0.21600000000000003,0.29600000000000004,
33,015,0.22,0.187,0.255,
33,017,0.248,0.212,0.287,
33,019,0.271,0.22899999999999998,0.315,
34,000,0.23600000000000002,,,
34,001,0.266,0.23,0.309,
34,003,0.201,0.175,0.233,
34,005,0.23399999999999999,0.204,0.268,
34,007,0.268,0.23199999999999998,0.303,
34,009,0.23600000000000002,0.2,0.278,
34,011,0.303,0.263,0.34700000000000003,
34,013,0.255,0.22399999999999998,0.289,
34,015,0.24100000000000002,0.20600000000000002,0.28,
34,017,0.255,0.223,0.29100000000000004,
34,019,0.205,0.17,0.243,
34,021,0.22,0.191,0.252,
34,023,0.23199999999999998,0.20199999999999999,0.264,
34,025,0.20600000000000002,0.17600000000000002,0.23600000000000002,
34,027,0.193,0.162,0.22399999999999998,
34,029,0.244,0.21100000000000002,0.281,
34,031,0.28800000000000003,0.255,0.32799999999999996,
34,033,0.278,0.23600000000000002,0.325,
34,035,0.18899999999999997,0.16399999999999998,0.21600000000000003,
34,037,0.21600000000000003,0.17800000000000002,0.254,
34,039,0.24600000000000002,0.213,0.281,
34,041,0.23199999999999998,0.19699999999999998,0.271,
35,000,0.34700000000000003,,,
35,001,0.294,0.256,0.33299999999999996,
35,003,0.322,0.27699999999999997,0.368,
35,005,0.375,0.325,0.429,
35,006,0.385,0.33899999999999997,0.43700000000000006,
35,007,0.331,0.28300000000000003,0.382,
35,009,0.34600000000000003,0.3,0.396,
35,011,0.33399999999999996,0.285,0.38299999999999995,
35,013,0.35100000000000003,0.301,0.401,
35,015,0.322,0.275,0.37200000000000005,
35,017,0.324,0.278,0.375,
35,019,0.365,0.314,0.419,
35,021,0.35200000000000004,0.297,0.408,
35,023,0.35200000000000004,0.302,0.40399999999999997,
35,025,0.363,0.316,0.413,
35,027,0.312,0.264,0.36200000000000004,
35,028,0.201,0.16699999999999998,0.24,
35,029,0.4,0.344,0.456,
35,031,0.433,0.384,0.485,
35,033,0.322,0.268,0.381,
35,035,0.336,0.29,0.386,
35,037,0.359,0.309,0.415,
35,039,0.369,0.32,0.41600000000000004,
35,041,0.354,0.304,0.406,
35,043,0.294,0.252,0.33799999999999997,
35,045,0.39399999999999996,0.35,0.436,
35,047,0.34700000000000003,0.295,0.401,
35,049,0.255,0.21899999999999997,0.292,
35,051,0.355,0.306,0.40700000000000003,
35,053,0.36,0.313,0.41200000000000003,
35,055,0.294,0.25,0.34,
35,057,0.376,0.324,0.434,
35,059,0.34,0.293,0.391,
35,061,0.34700000000000003,0.298,0.396,
36,000,0.267,,,
36,001,0.24600000000000002,0.212,0.28600000000000003,
36,003,0.28,0.23800000000000002,0.325,
36,005,0.35200000000000004,0.315,0.392,
36,007,0.273,0.237,0.312,
36,009,0.297,0.253,0.344,
36,011,0.297,0.251,0.345,
36,013,0.285,0.242,0.331,
36,015,0.271,0.223,0.321,
36,017,0.281,0.239,0.33,
36,019,0.271,0.231,0.315,
36,021,0.252,0.212,0.298,
36,023,0.266,0.225,0.314,
36,025,0.278,0.235,0.324,
36,027,0.239,0.205,0.278,
36,029,0.233,0.201,0.267,
36,031,0.268,0.226,0.316,
36,033,0.299,0.251,0.34700000000000003,
36,035,0.309,0.262,0.359,
36,037,0.268,0.22699999999999998,0.315,
36,039,0.268,0.226,0.315,
36,041,0.263,0.21899999999999997,0.309,
36,043,0.272,0.22899999999999998,0.317,
36,045,0.27899999999999997,0.244,0.32,
36,047,0.263,0.233,0.294,
36,049,0.27399999999999997,0.233,0.322,
36,051,0.254,0.21100000000000002,0.301,
36,053,0.259,0.21600000000000003,0.303,
36,055,0.258,0.22399999999999998,0.295,
36,057,0.276,0.235,0.319,
36,059,0.21899999999999997,0.191,0.252,
36,061,0.22899999999999998,0.204,0.256,
36,063,0.262,0.221,0.302,
36,065,0.275,0.23399999999999999,0.316,
36,067,0.262,0.228,0.302,
36,069,0.24100000000000002,0.20199999999999999,0.287,
36,071,0.261,0.226,0.301,
36,073,0.282,0.23600000000000002,0.32799999999999996,
36,075,0.28300000000000003,0.24,0.32899999999999996,
36,077,0.262,0.222,0.304,
36,079,0.212,0.18,0.253,
36,081,0.27399999999999997,0.247,0.304,
36,083,0.252,0.21100000000000002,0.297,
36,085,0.252,0.222,0.28600000000000003,
36,087,0.242,0.20600000000000002,0.281,
36,089,0.3,0.258,0.34700000000000003,
36,091,0.22,0.183,0.26,
36,093,0.256,0.218,0.295,
36,095,0.258,0.218,0.301,
36,097,0.27899999999999997,0.235,0.327,
36,099,0.284,0.22899999999999998,0.336,
36,101,0.27699999999999997,0.23199999999999998,0.325,
36,103,0.245,0.212,0.276,
36,105,0.27699999999999997,0.237,0.324,
36,107,0.265,0.218,0.314,
36,109,0.228,0.193,0.267,
36,111,0.245,0.205,0.28800000000000003,
36,113,0.25,0.212,0.29100000000000004,
36,115,0.27899999999999997,0.235,0.325,
36,117,0.266,0.22399999999999998,0.31,
36,119,0.215,0.185,0.247,
36,121,0.275,0.231,0.322,
36,123,0.28300000000000003,0.23600000000000002,0.331,
37,000,0.3325,,,
37,001,0.316,0.268,0.36200000000000004,
37,003,0.336,0.289,0.39,
37,005,0.354,0.302,0.413,
37,007,0.39,0.341,0.441,
37,009,0.32899999999999996,0.282,0.38299999999999995,
37,011,0.33,0.281,0.385,
37,013,0.34,0.292,0.391,
37,015,0.381,0.327,0.44,
37,017,0.36,0.313,0.409,
37,019,0.28800000000000003,0.243,0.337,
37,021,0.28600000000000003,0.243,0.33399999999999996,
37,023,0.342,0.297,0.389,
37,025,0.28800000000000003,0.247,0.335,
37,027,0.332,0.281,0.386,
37,029,0.282,0.251,0.314,
37,031,0.284,0.239,0.335,
37,033,0.349,0.301,0.401,
37,035,0.311,0.262,0.359,
37,037,0.275,0.233,0.32299999999999995,
37,039,0.32799999999999996,0.278,0.38,
37,041,0.355,0.304,0.40700000000000003,
37,043,0.312,0.259,0.365,
37,045,0.344,0.29600000000000004,0.397,
37,047,0.364,0.315,0.41600000000000004,
37,049,0.317,0.273,0.363,
37,051,0.353,0.309,0.39799999999999996,
37,053,0.28300000000000003,0.237,0.336,
37,055,0.263,0.21899999999999997,0.309,
37,057,0.325,0.278,0.37200000000000005,
37,059,0.304,0.255,0.353,
37,061,0.365,0.318,0.414,
37,063,0.278,0.237,0.32299999999999995,
37,065,0.376,0.327,0.43,
37,067,0.315,0.27,0.36200000000000004,
37,069,0.325,0.28,0.375,
37,071,0.318,0.27,0.37,
37,073,0.344,0.29600000000000004,0.39299999999999996,
37,075,0.327,0.278,0.379,
37,077,0.325,0.281,0.374,
37,079,0.38799999999999996,0.33899999999999997,0.442,
37,081,0.321,0.27899999999999997,0.37,
37,083,0.39,0.33899999999999997,0.445,
37,085,0.335,0.28600000000000003,0.38299999999999995,
37,087,0.318,0.268,0.374,
37,089,0.293,0.249,0.341,
37,091,0.38,0.32799999999999996,0.433,
37,093,0.35100000000000003,0.307,0.395,
37,095,0.373,0.32,0.423,
37,097,0.295,0.251,0.34700000000000003,
37,099,0.336,0.285,0.38799999999999996,
37,101,0.316,0.27,0.366,
37,103,0.36700000000000005,0.318,0.418,
37,105,0.341,0.293,0.391,
37,107,0.39,0.33799999999999997,0.442,
37,109,0.29600000000000004,0.247,0.349,
37,111,0.337,0.284,0.392,
37,113,0.331,0.28300000000000003,0.382,
37,115,0.312,0.263,0.365,
37,117,0.37,0.319,0.42200000000000004,
37,119,0.276,0.237,0.316,
37,121,0.311,0.262,0.366,
37,123,0.35200000000000004,0.304,0.40299999999999997,
37,125,0.284,0.24,0.33299999999999996,
37,127,0.335,0.29100000000000004,0.385,
37,129,0.292,0.247,0.34,
37,131,0.376,0.325,0.429,
37,133,0.326,0.278,0.374,
37,135,0.256,0.217,0.299,
37,137,0.319,0.273,0.37200000000000005,
37,139,0.318,0.278,0.374,
37,141,0.3,0.254,0.35,
37,143,0.324,0.27399999999999997,0.37200000000000005,
37,145,0.33899999999999997,0.29100000000000004,0.397,
37,147,0.321,0.27399999999999997,0.36700000000000005,
37,149,0.305,0.256,0.361,
37,151,0.34600000000000003,0.299,0.397,
37,153,0.389,0.34,0.43799999999999994,
37,155,0.41200000000000003,0.369,0.45399999999999996,
37,157,0.35700000000000004,0.306,0.41,
37,159,0.34600000000000003,0.294,0.39899999999999997,
37,161,0.354,0.304,0.40700000000000003,
37,163,0.371,0.322,0.423,
37,165,0.408,0.35700000000000004,0.462,
37,167,0.32799999999999996,0.27899999999999997,0.37799999999999995,
37,169,0.326,0.27899999999999997,0.38,
37,171,0.36200000000000004,0.312,0.41700000000000004,
37,173,0.384,0.332,0.434,
37,175,0.28800000000000003,0.239,0.342,
37,177,0.371,0.32,0.42200000000000004,
37,179,0.272,0.22899999999999998,0.319,
37,181,0.365,0.314,0.41700000000000004,
37,183,0.239,0.20600000000000002,0.27399999999999997,
37,185,0.38799999999999996,0.337,0.44,
37,187,0.39799999999999996,0.34600000000000003,0.452,
37,189,0.321,0.271,0.375,
37,191,0.35200000000000004,0.304,0.4,
37,193,0.348,0.292,0.401,
37,195,0.384,0.337,0.43799999999999994,
37,197,0.337,0.29,0.389,
37,199,0.33299999999999996,0.28300000000000003,0.38799999999999996,
38,000,0.278,,,
38,001,0.295,0.252,0.344,
38,003,0.264,0.22399999999999998,0.307,
38,005,0.377,0.324,0.43200000000000005,
38,007,0.265,0.22,0.314,
38,009,0.267,0.223,0.315,
38,011,0.264,0.221,0.312,
38,013,0.255,0.212,0.301,
38,015,0.26,0.225,0.29600000000000004,
38,017,0.231,0.2,0.265,
38,019,0.257,0.22,0.295,
38,021,0.278,0.23399999999999999,0.32899999999999996,
38,023,0.27699999999999997,0.23399999999999999,0.327,
38,025,0.28,0.237,0.32799999999999996,
38,027,0.298,0.251,0.349,
38,029,0.28800000000000003,0.235,0.341,
38,031,0.259,0.215,0.305,
38,033,0.293,0.253,0.349,
38,035,0.26899999999999996,0.231,0.308,
38,037,0.307,0.256,0.358,
38,039,0.263,0.22,0.31,
38,041,0.27699999999999997,0.23399999999999999,0.325,
38,043,0.281,0.23800000000000002,0.32799999999999996,
38,045,0.26899999999999996,0.22699999999999998,0.319,
38,047,0.298,0.253,0.35100000000000003,
38,049,0.285,0.24,0.336,
38,051,0.306,0.257,0.358,
38,053,0.29,0.249,0.336,
38,055,0.264,0.22,0.304,
38,057,0.289,0.24100000000000002,0.33799999999999997,
38,059,0.254,0.215,0.295,
38,061,0.331,0.287,0.38,
38,063,0.26899999999999996,0.225,0.316,
38,065,0.256,0.214,0.303,
38,067,0.281,0.237,0.32799999999999996,
38,069,0.276,0.231,0.326,
38,071,0.281,0.239,0.32799999999999996,
38,073,0.278,0.233,0.32899999999999996,
38,075,0.267,0.222,0.317,
38,077,0.276,0.235,0.322,
38,079,0.41100000000000003,0.358,0.466,
38,081,0.271,0.22899999999999998,0.318,
38,083,0.28800000000000003,0.243,0.336,
38,085,0.47700000000000004,0.42100000000000004,0.534,
38,087,0.282,0.235,0.33399999999999996,
38,089,0.278,0.23800000000000002,0.322,
38,091,0.27899999999999997,0.233,0.32899999999999996,
38,093,0.289,0.245,0.33399999999999996,
38,095,0.311,0.263,0.366,
38,097,0.261,0.21899999999999997,0.306,
38,099,0.28600000000000003,0.242,0.332,
38,101,0.266,0.23,0.309,
38,103,0.28600000000000003,0.245,0.335,
38,105,0.285,0.245,0.327,
39,000,0.2945,,,
39,001,0.332,0.285,0.38299999999999995,
39,003,0.29600000000000004,0.255,0.33899999999999997,
39,005,0.305,0.255,0.354,
39,007,0.331,0.285,0.376,
39,009,0.29600000000000004,0.251,0.341,
39,011,0.258,0.218,0.301,
39,013,0.305,0.265,0.35,
39,015,0.327,0.27899999999999997,0.375,
39,017,0.264,0.228,0.304,
39,019,0.322,0.276,0.37,
39,021,0.284,0.23800000000000002,0.33299999999999996,
39,023,0.318,0.273,0.366,
39,025,0.275,0.23399999999999999,0.319,
39,027,0.304,0.257,0.35200000000000004,
39,029,0.3,0.255,0.349,
39,031,0.318,0.268,0.37,
39,033,0.313,0.26899999999999996,0.364,
39,035,0.284,0.25,0.318,
39,037,0.301,0.257,0.34600000000000003,
39,039,0.284,0.242,0.32799999999999996,
39,041,0.19,0.16,0.223,
39,043,0.267,0.22699999999999998,0.308,
39,045,0.262,0.221,0.307,
39,047,0.317,0.271,0.36700000000000005,
39,049,0.26,0.22699999999999998,0.294,
39,051,0.276,0.23399999999999999,0.321,
39,053,0.337,0.287,0.386,
39,055,0.22899999999999998,0.19,0.272,
39,057,0.243,0.205,0.28300000000000003,
39,059,0.319,0.27399999999999997,0.368,
39,061,0.259,0.225,0.29600000000000004,
39,063,0.264,0.225,0.308,
39,065,0.318,0.272,0.36700000000000005,
39,067,0.311,0.266,0.35700000000000004,
39,069,0.278,0.235,0.32299999999999995,
39,071,0.319,0.27399999999999997,0.366,
39,073,0.335,0.29100000000000004,0.385,
39,075,0.354,0.301,0.40700000000000003,
39,077,0.3,0.256,0.348,
39,079,0.33,0.282,0.377,
39,081,0.316,0.272,0.361,
39,083,0.276,0.235,0.322,
39,085,0.261,0.221,0.304,
39,087,0.348,0.299,0.396,
39,089,0.27399999999999997,0.233,0.317,
39,091,0.28800000000000003,0.244,0.331,
39,093,0.284,0.245,0.326,
39,095,0.3,0.263,0.33899999999999997,
39,097,0.273,0.231,0.322,
39,099,0.295,0.257,0.34299999999999997,
39,101,0.331,0.28600000000000003,0.377,
39,103,0.239,0.198,0.287,
39,105,0.35,0.304,0.39399999999999996,
39,107,0.266,0.225,0.312,
39,109,0.27399999999999997,0.233,0.318,
39,111,0.325,0.27899999999999997,0.376,
39,113,0.294,0.254,0.33399999999999996,
39,115,0.317,0.273,0.36700000000000005,
39,117,0.297,0.252,0.344,
39,119,0.29600000000000004,0.256,0.341,
39,121,0.309,0.262,0.36,
39,123,0.257,0.218,0.303,
39,125,0.298,0.251,0.348,
39,127,0.305,0.259,0.35100000000000003,
39,129,0.28800000000000003,0.243,0.33399999999999996,
39,131,0.36200000000000004,0.309,0.41700000000000004,
39,133,0.27399999999999997,0.23399999999999999,0.319,
39,135,0.289,0.243,0.337,
39,137,0.259,0.218,0.304,
39,139,0.29600000000000004,0.256,0.341,
39,141,0.299,0.26,0.344,
39,143,0.28600000000000003,0.245,0.33,
39,145,0.36,0.313,0.409,
39,147,0.281,0.239,0.32899999999999996,
39,149,0.294,0.251,0.34299999999999997,
39,151,0.29100000000000004,0.248,0.33399999999999996,
39,153,0.28800000000000003,0.251,0.331,
39,155,0.3,0.261,0.34299999999999997,
39,157,0.284,0.242,0.32899999999999996,
39,159,0.22899999999999998,0.19,0.268,
39,161,0.285,0.24100000000000002,0.331,
39,163,0.322,0.271,0.37,
39,165,0.22399999999999998,0.187,0.265,
39,167,0.293,0.253,0.336,
39,169,0.28600000000000003,0.239,0.33299999999999996,
39,171,0.297,0.254,0.34600000000000003,
39,173,0.27399999999999997,0.23199999999999998,0.317,
39,175,0.27,0.22899999999999998,0.319,
40,000,0.39,,,
40,001,0.46299999999999997,0.41100000000000003,0.511,
40,003,0.364,0.314,0.418,
40,005,0.413,0.36,0.467,
40,007,0.369,0.321,0.424,
40,009,0.409,0.35700000000000004,0.462,
40,011,0.387,0.337,0.43700000000000006,
40,013,0.39,0.34,0.43799999999999994,
40,015,0.433,0.382,0.48200000000000004,
40,017,0.324,0.282,0.368,
40,019,0.386,0.33799999999999997,0.436,
40,021,0.409,0.358,0.45899999999999996,
40,023,0.426,0.376,0.47700000000000004,
40,025,0.34,0.28800000000000003,0.39399999999999996,
40,027,0.34700000000000003,0.304,0.389,
40,029,0.449,0.395,0.502,
40,031,0.391,0.348,0.43700000000000006,
40,033,0.4,0.344,0.452,
40,035,0.42700000000000005,0.377,0.479,
40,037,0.38799999999999996,0.341,0.439,
40,039,0.389,0.33899999999999997,0.442,
40,041,0.419,0.369,0.469,
40,043,0.37,0.322,0.423,
40,045,0.369,0.319,0.42,
40,047,0.353,0.309,0.40299999999999997,
40,049,0.39399999999999996,0.34600000000000003,0.45299999999999996,
40,051,0.355,0.309,0.405,
40,053,0.361,0.308,0.41600000000000004,
40,055,0.39,0.33799999999999997,0.446,
40,057,0.414,0.368,0.46299999999999997,
40,059,0.37200000000000005,0.316,0.428,
40,061,0.415,0.363,0.46799999999999997,
40,063,0.429,0.38,0.483,
40,065,0.386,0.336,0.439,
40,067,0.419,0.36700000000000005,0.47200000000000003,
40,069,0.435,0.382,0.48700000000000004,
40,071,0.39299999999999996,0.344,0.44299999999999995,
40,073,0.345,0.295,0.395,
40,075,0.41,0.35600000000000004,0.461,
40,077,0.445,0.39299999999999996,0.49700000000000005,
40,079,0.42200000000000004,0.371,0.47600000000000003,
40,081,0.39299999999999996,0.345,0.446,
40,083,0.34,0.29600000000000004,0.387,
40,085,0.389,0.33799999999999997,0.445,
40,087,0.35,0.302,0.4,
40,089,0.42100000000000004,0.37200000000000005,0.473,
40,091,0.447,0.396,0.499,
40,093,0.358,0.305,0.41100000000000003,
40,095,0.409,0.358,0.462,
40,097,0.41600000000000004,0.368,0.46299999999999997,
40,099,0.38799999999999996,0.337,0.44299999999999995,
40,101,0.44299999999999995,0.391,0.493,
40,103,0.374,0.326,0.425,
40,105,0.40399999999999997,0.354,0.455,
40,107,0.447,0.392,0.5,
40,109,0.37200000000000005,0.33299999999999996,0.409,
40,111,0.423,0.374,0.474,
40,113,0.384,0.33799999999999997,0.433,
40,115,0.418,0.363,0.47600000000000003,
40,117,0.391,0.33799999999999997,0.44299999999999995,
40,119,0.365,0.315,0.415,
40,121,0.389,0.342,0.439,
40,123,0.35700000000000004,0.31,0.40700000000000003,
40,125,0.39,0.34299999999999997,0.439,
40,127,0.451,0.396,0.502,
40,129,0.376,0.324,0.431,
40,131,0.35600000000000004,0.313,0.406,
40,133,0.447,0.397,0.499,
40,135,0.449,0.397,0.5,
40,137,0.39299999999999996,0.34299999999999997,0.442,
40,139,0.402,0.353,0.451,
40,141,0.405,0.353,0.461,
40,143,0.369,0.331,0.408,
40,145,0.35100000000000003,0.304,0.397,
40,147,0.379,0.32799999999999996,0.425,
40,149,0.374,0.321,0.43,
40,151,0.364,0.314,0.41700000000000004,
40,153,0.361,0.314,0.41200000000000003,
41,000,0.312,,,
41,001,0.304,0.253,0.353,
41,003,0.276,0.23399999999999999,0.318,
41,005,0.252,0.22,0.29100000000000004,
41,007,0.301,0.257,0.35,
41,009,0.28300000000000003,0.24,0.32899999999999996,
41,011,0.33299999999999996,0.287,0.38,
41,013,0.29,0.247,0.34,
41,015,0.312,0.266,0.36200000000000004,
41,017,0.256,0.217,0.297,
41,019,0.32899999999999996,0.28800000000000003,0.374,
41,021,0.325,0.27399999999999997,0.37799999999999995,
41,023,0.32299999999999995,0.275,0.37200000000000005,
41,025,0.34700000000000003,0.298,0.39899999999999997,
41,027,0.27699999999999997,0.24100000000000002,0.315,
41,029,0.28600000000000003,0.248,0.327,
41,031,0.321,0.276,0.37,
41,033,0.33799999999999997,0.28800000000000003,0.387,
41,035,0.337,0.29,0.386,
41,037,0.332,0.28300000000000003,0.384,
41,039,0.29600000000000004,0.256,0.335,
41,041,0.302,0.255,0.349,
41,043,0.312,0.268,0.35600000000000004,
41,045,0.35,0.299,0.401,
41,047,0.318,0.28,0.358,
41,049,0.363,0.31,0.42200000000000004,
41,051,0.28,0.243,0.318,
41,053,0.278,0.23800000000000002,0.322,
41,055,0.322,0.273,0.376,
41,057,0.292,0.248,0.341,
41,059,0.332,0.285,0.381,
41,061,0.312,0.266,0.36200000000000004,
41,063,0.276,0.23,0.33,
41,065,0.319,0.27,0.369,
41,067,0.253,0.21899999999999997,0.289,
41,069,0.324,0.276,0.371,
41,071,0.28,0.239,0.326,
42,000,,,,
42,001,,,,
42,003,,,,
42,005,,,,
42,007,,,,
42,009,,,,
42,011,,,,
42,013,,,,
42,015,,,,
42,017,,,,
42,019,,,,
42,021,,,,
42,023,,,,
42,025,,,,
42,027,,,,
42,029,,,,
42,031,,,,
42,033,,,,
42,035,,,,
42,037,,,,
42,039,,,,
42,041,,,,
42,043,,,,
42,045,,,,
42,047,,,,
42,049,,,,
42,051,,,,
42,053,,,,
42,055,,,,
42,057,,,,
42,059,,,,
42,061,,,,
42,063,,,,
42,065,,,,
42,067,,,,
42,069,,,,
42,071,,,,
42,073,,,,
42,075,,,,
42,077,,,,
42,079,,,,
42,081,,,,
42,083,,,,
42,085,,,,
42,087,,,,
42,089,,,,
42,091,,,,
42,093,,,,
42,095,,,,
42,097,,,,
42,099,,,,
42,101,,,,
42,103,,,,
42,105,,,,
42,107,,,,
42,109,,,,
42,111,,,,
42,113,,,,
42,115,,,,
42,117,,,,
42,119,,,,
42,121,,,,
42,123,,,,
42,125,,,,
42,127,,,,
42,129,,,,
42,131,,,,
42,133,,,,
44,000,0.21600000000000003,,,
44,001,0.21600000000000003,0.17600000000000002,0.26,
44,003,0.255,0.217,0.295,
44,005,0.209,0.17600000000000002,0.244,
44,007,0.28800000000000003,0.254,0.326,
44,009,0.215,0.18,0.254,
45,000,0.3275,,,
45,001,0.33799999999999997,0.292,0.38799999999999996,
45,003,0.28300000000000003,0.249,0.322,
45,005,0.391,0.341,0.446,
45,007,0.326,0.285,0.368,
45,009,0.364,0.316,0.414,
45,011,0.381,0.332,0.434,
45,013,0.24100000000000002,0.20800000000000002,0.27899999999999997,
45,015,0.308,0.271,0.349,
45,017,0.312,0.265,0.35600000000000004,
45,019,0.247,0.212,0.28300000000000003,
45,021,0.348,0.3,0.397,
45,023,0.34299999999999997,0.299,0.38799999999999996,
45,025,0.374,0.32799999999999996,0.42100000000000004,
45,027,0.36200000000000004,0.311,0.41,
45,029,0.33399999999999996,0.29,0.376,
45,031,0.336,0.293,0.384,
45,033,0.401,0.35100000000000003,0.45299999999999996,
45,035,0.273,0.23399999999999999,0.313,
45,037,0.321,0.27899999999999997,0.36700000000000005,
45,039,0.34600000000000003,0.298,0.395,
45,041,0.33399999999999996,0.293,0.377,
45,043,0.278,0.239,0.318,
45,045,0.27899999999999997,0.243,0.322,
45,047,0.319,0.27699999999999997,0.365,
45,049,0.365,0.315,0.41600000000000004,
45,051,0.29100000000000004,0.256,0.32899999999999996,
45,053,0.327,0.284,0.37200000000000005,
45,055,0.299,0.258,0.34299999999999997,
45,057,0.295,0.256,0.336,
45,059,0.36,0.315,0.406,
45,061,0.371,0.321,0.419,
45,063,0.276,0.24,0.316,
45,065,0.32299999999999995,0.275,0.373,
45,067,0.38799999999999996,0.34,0.43700000000000006,
45,069,0.408,0.361,0.457,
45,071,0.307,0.268,0.35200000000000004,
45,073,0.306,0.256,0.355,
45,075,0.359,0.314,0.40399999999999997,
45,077,0.31,0.265,0.361,
45,079,0.297,0.261,0.335,
45,081,0.353,0.305,0.402,
45,083,0.32799999999999996,0.287,0.371,
45,085,0.312,0.27,0.353,
45,087,0.387,0.336,0.439,
45,089,0.382,0.336,0.43,
45,091,0.26,0.225,0.29600000000000004,
46,000,0.289,,,
46,003,0.289,0.243,0.341,
46,005,0.31,0.264,0.361,
46,007,0.42200000000000004,0.37,0.473,
46,009,0.31,0.263,0.361,
46,011,0.255,0.21899999999999997,0.294,
46,013,0.285,0.245,0.32799999999999996,
46,015,0.307,0.26,0.36200000000000004,
46,017,0.456,0.39799999999999996,0.511,
46,019,0.297,0.247,0.348,
46,021,0.271,0.225,0.317,
46,023,0.342,0.289,0.392,
46,025,0.29600000000000004,0.249,0.348,
46,027,0.28300000000000003,0.237,0.33399999999999996,
46,029,0.29,0.249,0.33399999999999996,
46,031,0.445,0.39299999999999996,0.5,
46,033,0.266,0.221,0.315,
46,035,0.289,0.245,0.336,
46,037,0.301,0.253,0.35100000000000003,
46,039,0.27899999999999997,0.23399999999999999,0.32799999999999996,
46,041,0.41600000000000004,0.366,0.466,
46,043,0.294,0.244,0.344,
46,045,0.27399999999999997,0.221,0.32799999999999996,
46,047,0.32299999999999995,0.276,0.37,
46,049,0.316,0.266,0.373,
46,051,0.27699999999999997,0.231,0.32299999999999995,
46,053,0.303,0.257,0.354,
46,055,0.287,0.243,0.335,
46,057,0.271,0.226,0.32,
46,059,0.26,0.228,0.293,
46,061,0.29100000000000004,0.24600000000000002,0.342,
46,063,0.258,0.218,0.304,
46,065,0.262,0.22,0.307,
46,067,0.271,0.226,0.32299999999999995,
46,069,0.304,0.256,0.353,
46,071,0.418,0.369,0.47,
46,073,0.278,0.23,0.326,
46,075,0.297,0.248,0.348,
46,077,0.27399999999999997,0.231,0.325,
46,079,0.26,0.21600000000000003,0.309,
46,081,0.28,0.244,0.321,
46,083,0.233,0.198,0.268,
46,085,0.35700000000000004,0.309,0.409,
46,087,0.261,0.217,0.304,
46,089,0.313,0.262,0.37,
46,091,0.278,0.235,0.327,
46,093,0.28300000000000003,0.24100000000000002,0.326,
46,095,0.449,0.396,0.5,
46,097,0.29,0.245,0.342,
46,099,0.271,0.23399999999999999,0.309,
46,101,0.271,0.22699999999999998,0.321,
46,102,0.523,0.47200000000000003,0.5760000000000001,
46,103,0.294,0.256,0.33399999999999996,
46,105,0.29100000000000004,0.24600000000000002,0.34,
46,107,0.267,0.22399999999999998,0.314,
46,109,0.342,0.292,0.391,
46,111,0.28800000000000003,0.24100000000000002,0.337,
46,115,0.28300000000000003,0.237,0.331,
46,117,0.257,0.214,0.301,
46,119,0.264,0.223,0.308,
46,121,0.5,0.444,0.557,
46,123,0.336,0.28600000000000003,0.38799999999999996,
46,125,0.272,0.226,0.324,
46,127,0.25,0.207,0.3,
46,129,0.297,0.249,0.34700000000000003,
46,135,0.278,0.22899999999999998,0.32899999999999996,
46,137,0.436,0.384,0.489,
47,000,0.376,,,
47,001,0.359,0.307,0.413,
47,003,0.373,0.325,0.423,
47,005,0.395,0.34299999999999997,0.44799999999999995,
47,007,0.419,0.365,0.47700000000000004,
47,009,0.341,0.292,0.392,
47,011,0.354,0.304,0.40299999999999997,
47,013,0.397,0.341,0.45299999999999996,
47,015,0.374,0.322,0.43,
47,017,0.373,0.322,0.42700000000000005,
47,019,0.402,0.345,0.45899999999999996,
47,021,0.324,0.275,0.37799999999999995,
47,023,0.375,0.324,0.428,
47,025,0.385,0.326,0.447,
47,027,0.408,0.35200000000000004,0.46299999999999997,
47,029,0.414,0.361,0.47100000000000003,
47,031,0.36700000000000005,0.315,0.42100000000000004,
47,033,0.374,0.326,0.426,
47,035,0.36,0.308,0.414,
47,037,0.32,0.27899999999999997,0.361,
47,039,0.40700000000000003,0.353,0.466,
47,041,0.39899999999999997,0.34299999999999997,0.45799999999999996,
47,043,0.35200000000000004,0.302,0.40700000000000003,
47,045,0.38799999999999996,0.336,0.441,
47,047,0.332,0.28600000000000003,0.38299999999999995,
47,049,0.39899999999999997,0.34299999999999997,0.456,
47,051,0.358,0.309,0.41,
47,053,0.368,0.317,0.419,
47,055,0.37,0.315,0.425,
47,057,0.377,0.324,0.43200000000000005,
47,059,0.376,0.327,0.433,
47,061,0.408,0.35,0.46399999999999997,
47,063,0.39299999999999996,0.336,0.446,
47,065,0.306,0.265,0.35100000000000003,
47,067,0.467,0.413,0.528,
47,069,0.39799999999999996,0.34700000000000003,0.45,
47,071,0.402,0.345,0.45799999999999996,
47,073,0.385,0.331,0.43799999999999994,
47,075,0.428,0.373,0.484,
47,077,0.38,0.32799999999999996,0.436,
47,079,0.38799999999999996,0.337,0.44299999999999995,
47,081,0.371,0.32,0.42700000000000005,
47,083,0.368,0.319,0.423,
47,085,0.37200000000000005,0.32,0.428,
47,087,0.39799999999999996,0.344,0.455,
47,089,0.34299999999999997,0.28800000000000003,0.39799999999999996,
47,091,0.406,0.35100000000000003,0.462,
47,093,0.317,0.275,0.358,
47,095,0.475,0.41700000000000004,0.53,
47,097,0.41200000000000003,0.359,0.465,
47,099,0.375,0.324,0.428,
47,101,0.37799999999999995,0.327,0.428,
47,103,0.355,0.303,0.409,
47,105,0.33,0.278,0.382,
47,107,0.381,0.32899999999999996,0.435,
47,109,0.39899999999999997,0.34299999999999997,0.45299999999999996,
47,111,0.392,0.33799999999999997,0.445,
47,113,0.392,0.34600000000000003,0.439,
47,115,0.391,0.337,0.44799999999999995,
47,117,0.35200000000000004,0.299,0.40700000000000003,
47,119,0.319,0.273,0.368,
47,121,0.39,0.34,0.446,
47,123,0.387,0.33399999999999996,0.439,
47,125,0.327,0.285,0.37200000000000005,
47,127,0.353,0.302,0.40299999999999997,
47,129,0.384,0.32799999999999996,0.441,
47,131,0.392,0.34,0.447,
47,133,0.38799999999999996,0.33299999999999996,0.449,
47,135,0.40700000000000003,0.349,0.46399999999999997,
47,137,0.41100000000000003,0.353,0.469,
47,139,0.375,0.322,0.428,
47,141,0.344,0.294,0.4,
47,143,0.386,0.33399999999999996,0.441,
47,145,0.36,0.306,0.41700000000000004,
47,147,0.34700000000000003,0.295,0.401,
47,149,0.317,0.272,0.363,
47,151,0.43,0.374,0.49,
47,153,0.40399999999999997,0.35100000000000003,0.46399999999999997,
47,155,0.35700000000000004,0.306,0.41,
47,157,0.358,0.316,0.39799999999999996,
47,159,0.359,0.307,0.414,
47,161,0.35100000000000003,0.302,0.406,
47,163,0.359,0.312,0.41200000000000003,
47,165,0.321,0.272,0.369,
47,167,0.359,0.31,0.414,
47,169,0.369,0.316,0.42200000000000004,
47,171,0.385,0.32899999999999996,0.44299999999999995,
47,173,0.371,0.316,0.429,
47,175,0.38299999999999995,0.32799999999999996,0.436,
47,177,0.38,0.32799999999999996,0.436,
47,179,0.353,0.307,0.405,
47,181,0.391,0.336,0.444,
47,183,0.38,0.326,0.435,
47,185,0.396,0.33799999999999997,0.457,
47,187,0.24600000000000002,0.204,0.292,
47,189,0.308,0.259,0.358,
48,000,0.33799999999999997,,,
48,001,0.35200000000000004,0.302,0.40299999999999997,
48,003,0.345,0.294,0.395,
48,005,0.387,0.342,0.43200000000000005,
48,007,0.318,0.276,0.37,
48,009,0.305,0.272,0.34299999999999997,
48,011,0.28600000000000003,0.242,0.335,
48,013,0.349,0.304,0.4,
48,015,0.32799999999999996,0.281,0.379,
48,017,0.37,0.33399999999999996,0.408,
48,019,0.317,0.27399999999999997,0.366,
48,021,0.325,0.27699999999999997,0.37200000000000005,
48,023,0.344,0.29,0.39899999999999997,
48,025,0.36,0.312,0.41100000000000003,
48,027,0.341,0.303,0.379,
48,029,0.319,0.282,0.359,
48,031,0.271,0.226,0.317,
48,033,0.281,0.248,0.316,
48,035,0.316,0.271,0.36700000000000005,
48,037,0.33,0.282,0.379,
48,039,0.27399999999999997,0.24100000000000002,0.309,
48,041,0.308,0.265,0.354,
48,043,0.27399999999999997,0.23199999999999998,0.324,
48,045,0.366,0.316,0.42,
48,047,0.415,0.371,0.457,
48,049,0.335,0.293,0.376,
48,051,0.311,0.264,0.36200000000000004,
48,053,0.301,0.255,0.35100000000000003,
48,055,0.344,0.297,0.39799999999999996,
48,057,0.32299999999999995,0.27899999999999997,0.369,
48,059,0.308,0.259,0.35700000000000004,
48,061,0.361,0.313,0.41,
48,063,0.366,0.319,0.409,
48,065,0.28300000000000003,0.24,0.32799999999999996,
48,067,0.345,0.294,0.397,
48,069,0.348,0.29,0.413,
48,071,0.303,0.257,0.348,
48,073,0.35700000000000004,0.306,0.408,
48,075,0.33799999999999997,0.29100000000000004,0.386,
48,077,0.3,0.254,0.349,
48,079,0.423,0.37,0.479,
48,081,0.33799999999999997,0.28800000000000003,0.389,
48,083,0.32899999999999996,0.282,0.376,
48,085,0.233,0.2,0.27,
48,087,0.354,0.318,0.396,
48,089,0.318,0.271,0.363,
48,091,0.242,0.20800000000000002,0.27899999999999997,
48,093,0.327,0.27699999999999997,0.376,
48,095,0.34600000000000003,0.313,0.379,
48,097,0.316,0.267,0.368,
48,099,0.318,0.27699999999999997,0.361,
48,101,0.371,0.321,0.426,
48,103,0.36200000000000004,0.311,0.414,
48,105,0.35700000000000004,0.305,0.409,
48,107,0.377,0.331,0.42700000000000005,
48,109,0.39299999999999996,0.337,0.445,
48,111,0.375,0.324,0.42700000000000005,
48,113,0.298,0.264,0.336,
48,115,0.385,0.33299999999999996,0.439,
48,117,0.39299999999999996,0.34,0.447,
48,119,0.327,0.29600000000000004,0.361,
48,121,0.253,0.214,0.292,
48,123,0.35100000000000003,0.302,0.40299999999999997,
48,125,0.34299999999999997,0.294,0.391,
48,127,0.46799999999999997,0.405,0.526,
48,129,0.326,0.281,0.377,
48,131,0.39799999999999996,0.344,0.455,
48,133,0.34,0.29,0.39399999999999996,
48,135,0.341,0.293,0.39399999999999996,
48,137,0.363,0.311,0.419,
48,139,0.299,0.258,0.345,
48,141,0.33399999999999996,0.29,0.37799999999999995,
48,143,0.314,0.267,0.366,
48,145,0.366,0.319,0.418,
48,147,0.33799999999999997,0.289,0.38799999999999996,
48,149,0.294,0.251,0.344,
48,151,0.309,0.266,0.354,
48,153,0.371,0.33799999999999997,0.405,
48,155,0.38,0.32799999999999996,0.434,
48,157,0.23600000000000002,0.201,0.272,
48,159,0.29600000000000004,0.248,0.34299999999999997,
48,161,0.331,0.28300000000000003,0.381,
48,163,0.39399999999999996,0.341,0.45,
48,165,0.365,0.316,0.418,
48,167,0.287,0.24600000000000002,0.331,
48,169,0.38,0.342,0.414,
48,171,0.282,0.239,0.331,
48,173,0.275,0.239,0.31,
48,175,0.327,0.278,0.377,
48,177,0.368,0.322,0.419,
48,179,0.35200000000000004,0.299,0.40399999999999997,
48,181,0.312,0.268,0.35700000000000004,
48,183,0.335,0.289,0.385,
48,185,0.33799999999999997,0.293,0.387,
48,187,0.301,0.262,0.344,
48,189,0.375,0.326,0.429,
48,191,0.361,0.314,0.413,
48,193,0.32799999999999996,0.278,0.379,
48,195,0.336,0.284,0.39,
48,197,0.342,0.295,0.391,
48,199,0.318,0.273,0.37,
48,201,0.315,0.27899999999999997,0.354,
48,203,0.33,0.285,0.381,
48,205,0.304,0.259,0.354,
48,207,0.34700000000000003,0.298,0.39899999999999997,
48,209,0.28,0.24,0.325,
48,211,0.28600000000000003,0.243,0.33299999999999996,
48,213,0.335,0.28800000000000003,0.39,
48,215,0.39299999999999996,0.34299999999999997,0.445,
48,217,0.335,0.289,0.38299999999999995,
48,219,0.341,0.292,0.39399999999999996,
48,221,0.282,0.23800000000000002,0.331,
48,223,0.33,0.284,0.37799999999999995,
48,225,0.366,0.318,0.41700000000000004,
48,227,0.345,0.29600000000000004,0.39399999999999996,
48,229,0.413,0.375,0.451,
48,231,0.327,0.278,0.374,
48,233,0.322,0.27699999999999997,0.368,
48,235,0.3,0.263,0.34,
48,237,0.35,0.3,0.402,
48,239,0.33899999999999997,0.293,0.387,
48,241,0.36200000000000004,0.309,0.418,
48,243,0.34299999999999997,0.295,0.392,
48,245,0.354,0.308,0.402,
48,247,0.44799999999999995,0.401,0.493,
48,249,0.391,0.33399999999999996,0.446,
48,251,0.308,0.261,0.354,
48,253,0.354,0.306,0.40700000000000003,
48,255,0.37,0.318,0.42100000000000004,
48,257,0.311,0.267,0.359,
48,259,0.243,0.205,0.285,
48,261,0.391,0.337,0.44799999999999995,
48,263,0.28,0.23600000000000002,0.32899999999999996,
48,265,0.305,0.257,0.353,
48,267,0.335,0.28600000000000003,0.38799999999999996,
48,269,0.354,0.3,0.41,
48,271,0.33299999999999996,0.285,0.386,
48,273,0.364,0.314,0.414,
48,275,0.34600000000000003,0.311,0.38,
48,277,0.34600000000000003,0.29600000000000004,0.4,
48,279,0.37,0.321,0.423,
48,281,0.318,0.273,0.36700000000000005,
48,283,0.409,0.35100000000000003,0.465,
48,285,0.324,0.27899999999999997,0.377,
48,287,0.348,0.299,0.4,
48,289,0.33399999999999996,0.285,0.38299999999999995,
48,291,0.374,0.32299999999999995,0.425,
48,293,0.354,0.308,0.40299999999999997,
48,295,0.33299999999999996,0.28600000000000003,0.386,
48,297,0.371,0.32299999999999995,0.43200000000000005,
48,299,0.302,0.255,0.35200000000000004,
48,301,,,,
48,303,0.315,0.27,0.361,
48,305,0.353,0.304,0.40700000000000003,
48,307,0.33899999999999997,0.29,0.391,
48,309,0.32,0.276,0.36700000000000005,
48,311,0.361,0.311,0.413,
48,313,0.354,0.306,0.402,
48,315,0.355,0.308,0.408,
48,317,0.326,0.295,0.35700000000000004,
48,319,0.29100000000000004,0.256,0.326,
48,321,0.355,0.306,0.40399999999999997,
48,323,0.406,0.34700000000000003,0.467,
48,325,0.33,0.28300000000000003,0.37799999999999995,
48,327,0.33899999999999997,0.29100000000000004,0.391,
48,329,0.313,0.26899999999999996,0.36,
48,331,0.33299999999999996,0.28600000000000003,0.382,
48,333,0.298,0.249,0.348,
48,335,0.35600000000000004,0.308,0.40399999999999997,
48,337,0.325,0.275,0.373,
48,339,0.27,0.22899999999999998,0.316,
48,341,0.374,0.342,0.409,
48,343,0.345,0.299,0.397,
48,345,0.318,0.28600000000000003,0.353,
48,347,0.34700000000000003,0.298,0.39899999999999997,
48,349,0.359,0.309,0.408,
48,351,0.401,0.34700000000000003,0.45399999999999996,
48,353,0.374,0.321,0.43,
48,355,0.345,0.304,0.39,
48,357,0.35600000000000004,0.324,0.392,
48,359,0.322,0.271,0.374,
48,361,0.321,0.275,0.37,
48,363,0.336,0.28800000000000003,0.386,
48,365,0.32899999999999996,0.282,0.376,
48,367,0.278,0.23399999999999999,0.325,
48,369,0.348,0.299,0.397,
48,371,0.376,0.32299999999999995,0.429,
48,373,0.36200000000000004,0.319,0.414,
48,375,0.38299999999999995,0.332,0.434,
48,377,0.40700000000000003,0.35,0.46299999999999997,
48,379,0.31,0.261,0.364,
48,381,0.29100000000000004,0.247,0.336,
48,383,0.337,0.305,0.371,
48,385,0.35600000000000004,0.304,0.40700000000000003,
48,387,0.35700000000000004,0.31,0.409,
48,389,0.4,0.34299999999999997,0.452,
48,391,0.361,0.314,0.414,
48,393,0.276,0.235,0.322,
48,395,0.34,0.29600000000000004,0.389,
48,397,0.254,0.212,0.29600000000000004,
48,399,0.327,0.27899999999999997,0.373,
48,401,0.344,0.295,0.397,
48,403,0.33899999999999997,0.28300000000000003,0.391,
48,405,0.41,0.35700000000000004,0.46399999999999997,
48,407,0.359,0.311,0.41100000000000003,
48,409,0.353,0.308,0.40299999999999997,
48,411,0.344,0.31,0.377,
48,413,0.32,0.28600000000000003,0.35600000000000004,
48,415,0.33299999999999996,0.28600000000000003,0.381,
48,417,0.28600000000000003,0.23800000000000002,0.332,
48,419,0.371,0.324,0.42100000000000004,
48,421,0.311,0.28,0.344,
48,423,0.315,0.27,0.361,
48,425,0.292,0.248,0.342,
48,427,0.45299999999999996,0.392,0.515,
48,429,0.337,0.292,0.385,
48,431,0.271,0.228,0.318,
48,433,0.336,0.306,0.369,
48,435,0.355,0.306,0.40700000000000003,
48,437,0.389,0.336,0.444,
48,439,0.301,0.266,0.33799999999999997,
48,441,0.305,0.26,0.35,
48,443,0.27,0.22699999999999998,0.313,
48,445,0.387,0.337,0.442,
48,447,0.32299999999999995,0.28800000000000003,0.36,
48,449,0.37,0.32,0.42,
48,451,0.322,0.275,0.368,
48,453,0.23800000000000002,0.20600000000000002,0.27,
48,455,0.34299999999999997,0.29600000000000004,0.39,
48,457,0.374,0.322,0.428,
48,459,0.33799999999999997,0.28800000000000003,0.391,
48,461,0.381,0.34600000000000003,0.415,
48,463,0.358,0.307,0.41100000000000003,
48,465,0.366,0.312,0.42200000000000004,
48,467,0.326,0.278,0.377,
48,469,0.33399999999999996,0.28800000000000003,0.38299999999999995,
48,471,0.349,0.301,0.395,
48,473,0.322,0.27699999999999997,0.371,
48,475,0.35100000000000003,0.304,0.401,
48,477,0.298,0.256,0.349,
48,479,0.38799999999999996,0.332,0.45,
48,481,0.34,0.29600000000000004,0.39299999999999996,
48,483,0.34,0.309,0.37200000000000005,
48,485,0.326,0.284,0.373,
48,487,0.38,0.332,0.433,
48,489,0.428,0.368,0.486,
48,491,0.253,0.221,0.292,
48,493,0.299,0.258,0.341,
48,495,0.34600000000000003,0.29600000000000004,0.396,
48,497,0.306,0.263,0.35600000000000004,
48,499,0.316,0.27,0.366,
48,501,0.341,0.292,0.395,
48,503,0.313,0.267,0.365,
48,505,0.447,0.387,0.512,
48,507,0.46399999999999997,0.42100000000000004,0.509,
49,000,0.307,,,
49,001,0.293,0.24600000000000002,0.34700000000000003,
49,003,0.294,0.248,0.342,
49,005,0.28600000000000003,0.245,0.32899999999999996,
49,007,0.344,0.298,0.39299999999999996,
49,009,0.319,0.26899999999999996,0.36700000000000005,
49,011,0.273,0.23600000000000002,0.309,
49,013,0.307,0.267,0.354,
49,015,0.315,0.268,0.361,
49,017,0.292,0.244,0.344,
49,019,0.304,0.26,0.35200000000000004,
49,021,0.313,0.27,0.35700000000000004,
49,023,0.298,0.257,0.342,
49,025,0.293,0.249,0.34299999999999997,
49,027,0.33,0.284,0.38,
49,029,0.249,0.209,0.29600000000000004,
49,031,0.358,0.304,0.415,
49,033,0.308,0.26,0.358,
49,035,0.28300000000000003,0.254,0.317,
49,037,0.39899999999999997,0.35200000000000004,0.446,
49,039,0.32899999999999996,0.28600000000000003,0.373,
49,041,0.309,0.26,0.355,
49,043,0.22399999999999998,0.188,0.262,
49,045,0.317,0.278,0.35600000000000004,
49,047,0.34600000000000003,0.303,0.391,
49,049,0.265,0.233,0.3,
49,051,0.24,0.201,0.281,
49,053,0.307,0.268,0.35200000000000004,
49,055,0.315,0.264,0.371,
49,057,0.321,0.28600000000000003,0.35700000000000004,
50,000,0.2605,,,
50,001,0.22,0.185,0.256,
50,003,0.263,0.223,0.306,
50,005,0.27,0.23,0.313,
50,007,0.215,0.185,0.24600000000000002,
50,009,0.306,0.256,0.36200000000000004,
50,011,0.262,0.222,0.303,
50,013,0.22899999999999998,0.19,0.272,
50,015,0.264,0.221,0.308,
50,017,0.24,0.2,0.282,
50,019,0.27699999999999997,0.23600000000000002,0.321,
50,021,0.278,0.23800000000000002,0.322,
50,023,0.24,0.204,0.281,
50,025,0.259,0.221,0.302,
50,027,0.23199999999999998,0.196,0.27,
51,000,0.322,,,
51,001,0.355,0.308,0.405,
51,003,0.251,0.213,0.29600000000000004,
51,005,0.34,0.289,0.39399999999999996,
51,007,0.35100000000000003,0.299,0.402,
51,009,0.32799999999999996,0.28,0.379,
51,011,0.33,0.285,0.37799999999999995,
51,013,0.21,0.179,0.244,
51,015,0.319,0.271,0.368,
51,017,0.375,0.321,0.429,
51,019,0.297,0.251,0.34600000000000003,
51,021,0.322,0.27399999999999997,0.37200000000000005,
51,023,0.29100000000000004,0.242,0.342,
51,025,0.379,0.32899999999999996,0.43200000000000005,
51,027,0.402,0.35100000000000003,0.45899999999999996,
51,029,0.365,0.319,0.41700000000000004,
51,031,0.317,0.26899999999999996,0.366,
51,033,0.318,0.273,0.36700000000000005,
51,035,0.349,0.298,0.39899999999999997,
51,036,0.35600000000000004,0.307,0.405,
51,037,0.381,0.332,0.43700000000000006,
51,041,0.271,0.235,0.312,
51,043,0.278,0.237,0.324,
51,045,0.324,0.273,0.377,
51,047,0.301,0.259,0.349,
51,049,0.332,0.284,0.382,
51,051,0.387,0.32899999999999996,0.442,
51,053,0.314,0.26899999999999996,0.36200000000000004,
51,057,0.35200000000000004,0.306,0.40399999999999997,
51,059,0.222,0.191,0.254,
51,061,0.276,0.23600000000000002,0.32299999999999995,
51,063,0.304,0.257,0.353,
51,065,0.285,0.245,0.33299999999999996,
51,067,0.318,0.272,0.369,
51,069,0.28,0.23600000000000002,0.326,
51,071,0.326,0.27399999999999997,0.376,
51,073,0.295,0.252,0.342,
51,075,0.252,0.20800000000000002,0.294,
51,077,0.381,0.331,0.435,
51,079,0.306,0.256,0.354,
51,081,0.371,0.318,0.425,
51,083,0.366,0.318,0.42,
51,085,0.271,0.22899999999999998,0.314,
51,087,0.284,0.24600000000000002,0.326,
51,089,0.36700000000000005,0.319,0.419,
51,091,0.292,0.243,0.34700000000000003,
51,093,0.298,0.254,0.34299999999999997,
51,095,0.259,0.21899999999999997,0.301,
51,097,0.345,0.298,0.395,
51,099,0.292,0.24600000000000002,0.34,
51,101,0.3,0.256,0.34700000000000003,
51,103,0.314,0.266,0.364,
51,105,0.39899999999999997,0.34600000000000003,0.457,
51,107,0.22699999999999998,0.195,0.262,
51,109,0.318,0.268,0.371,
51,111,0.365,0.318,0.41200000000000003,
51,113,0.304,0.258,0.353,
51,115,0.308,0.26,0.359,
51,117,0.341,0.295,0.387,
51,119,0.314,0.267,0.366,
51,121,0.292,0.249,0.335,
51,125,0.315,0.268,0.366,
51,127,0.268,0.22399999999999998,0.312,
51,131,0.335,0.28800000000000003,0.387,
51,133,0.302,0.256,0.353,
51,135,0.36200000000000004,0.311,0.41200000000000003,
51,137,0.307,0.263,0.355,
51,139,0.341,0.292,0.39399999999999996,
51,141,0.34299999999999997,0.292,0.397,
51,143,0.363,0.317,0.41,
51,145,0.28300000000000003,0.237,0.33299999999999996,
51,147,0.361,0.313,0.41100000000000003,
51,149,0.318,0.27399999999999997,0.363,
51,153,0.28300000000000003,0.244,0.32299999999999995,
51,155,0.326,0.27899999999999997,0.379,
51,157,0.298,0.251,0.35,
51,159,0.358,0.308,0.408,
51,161,0.265,0.22399999999999998,0.309,
51,163,0.306,0.257,0.35700000000000004,
51,165,0.319,0.268,0.371,
51,167,0.377,0.32299999999999995,0.433,
51,169,0.369,0.319,0.426,
51,171,0.33299999999999996,0.284,0.384,
51,173,0.35100000000000003,0.301,0.40299999999999997,
51,175,0.322,0.275,0.373,
51,177,0.287,0.243,0.32899999999999996,
51,179,0.273,0.233,0.314,
51,181,0.324,0.275,0.373,
51,183,0.34700000000000003,0.3,0.39799999999999996,
51,185,0.377,0.324,0.434,
51,187,0.32,0.271,0.37200000000000005,
51,191,0.311,0.262,0.36,
51,193,0.364,0.315,0.415,
51,195,0.37,0.318,0.428,
51,197,0.33899999999999997,0.287,0.39399999999999996,
51,199,0.249,0.20800000000000002,0.294,
51,510,0.248,0.21,0.289,
51,520,0.354,0.304,0.406,
51,530,0.35200000000000004,0.303,0.40700000000000003,
51,540,0.292,0.248,0.33899999999999997,
51,550,0.28800000000000003,0.248,0.33,
51,570,0.293,0.249,0.33899999999999997,
51,580,0.38299999999999995,0.33,0.445,
51,590,0.38799999999999996,0.33799999999999997,0.44,
51,595,0.391,0.341,0.44799999999999995,
51,600,0.243,0.20600000000000002,0.28600000000000003,
51,610,0.204,0.171,0.242,
51,620,0.368,0.313,0.42100000000000004,
51,630,0.312,0.266,0.364,
51,640,0.38799999999999996,0.337,0.439,
51,650,0.34700000000000003,0.305,0.39399999999999996,
51,660,0.35600000000000004,0.306,0.409,
51,670,0.406,0.354,0.45799999999999996,
51,678,0.295,0.249,0.34600000000000003,
51,680,0.321,0.27699999999999997,0.369,
51,683,0.29600000000000004,0.251,0.344,
51,685,0.337,0.28600000000000003,0.385,
51,690,0.387,0.337,0.44299999999999995,
51,700,0.322,0.27899999999999997,0.36700000000000005,
51,710,0.33299999999999996,0.29100000000000004,0.377,
51,720,0.373,0.322,0.429,
51,730,0.38799999999999996,0.33399999999999996,0.441,
51,735,0.258,0.214,0.307,
51,740,0.35700000000000004,0.313,0.409,
51,750,0.369,0.321,0.42,
51,760,0.332,0.287,0.377,
51,770,0.33399999999999996,0.29100000000000004,0.381,
51,775,0.302,0.255,0.35100000000000003,
51,790,0.307,0.259,0.35700000000000004,
51,800,0.302,0.26,0.344,
51,810,0.276,0.239,0.317,
51,820,0.32899999999999996,0.281,0.381,
51,830,0.298,0.253,0.345,
51,840,0.35,0.298,0.406,
53,000,0.293,,,
53,001,0.365,0.321,0.41,
53,003,0.321,0.28,0.363,
53,005,0.281,0.245,0.317,
53,007,0.284,0.244,0.32299999999999995,
53,009,0.28800000000000003,0.249,0.327,
53,011,0.26899999999999996,0.23800000000000002,0.301,
53,013,0.289,0.244,0.332,
53,015,0.318,0.282,0.355,
53,017,0.326,0.28,0.374,
53,019,0.34700000000000003,0.301,0.396,
53,021,0.319,0.27699999999999997,0.36200000000000004,
53,023,0.271,0.23,0.312,
53,025,0.33299999999999996,0.293,0.375,
53,027,0.33,0.28600000000000003,0.371,
53,029,0.257,0.221,0.297,
53,031,0.273,0.23399999999999999,0.317,
53,033,0.20800000000000002,0.18600000000000003,0.23199999999999998,
53,035,0.251,0.218,0.28300000000000003,
53,037,0.28600000000000003,0.249,0.327,
53,039,0.278,0.239,0.321,
53,041,0.309,0.268,0.35200000000000004,
53,043,0.302,0.259,0.35,
53,045,0.307,0.267,0.35200000000000004,
53,047,0.337,0.294,0.379,
53,049,0.306,0.264,0.35100000000000003,
53,051,0.314,0.272,0.36,
53,053,0.304,0.273,0.336,
53,055,0.235,0.198,0.275,
53,057,0.282,0.24600000000000002,0.319,
53,059,0.28800000000000003,0.247,0.331,
53,061,0.253,0.226,0.282,
53,063,0.27899999999999997,0.245,0.312,
53,065,0.316,0.275,0.35700000000000004,
53,067,0.278,0.247,0.313,
53,069,0.318,0.27399999999999997,0.365,
53,071,0.293,0.254,0.337,
53,073,0.28300000000000003,0.248,0.32299999999999995,
53,075,0.31,0.27,0.34700000000000003,
53,077,0.331,0.294,0.371,
54,000,0.381,,,
54,001,0.395,0.342,0.452,
54,003,0.342,0.297,0.39,
54,005,0.39299999999999996,0.336,0.451,
54,007,0.41,0.35600000000000004,0.466,
54,009,0.33799999999999997,0.29,0.38799999999999996,
54,011,0.376,0.32299999999999995,0.429,
54,013,0.439,0.381,0.494,
54,015,0.419,0.364,0.47700000000000004,
54,017,0.376,0.319,0.43200000000000005,
54,019,0.401,0.345,0.45799999999999996,
54,021,0.391,0.33799999999999997,0.446,
54,023,0.368,0.314,0.424,
54,025,0.361,0.308,0.415,
54,027,0.37,0.317,0.425,
54,029,0.363,0.309,0.41600000000000004,
54,031,0.39,0.33299999999999996,0.442,
54,033,0.345,0.294,0.396,
54,035,0.381,0.325,0.43700000000000006,
54,037,0.306,0.263,0.353,
54,039,0.369,0.319,0.42,
54,041,0.38,0.325,0.439,
54,043,0.413,0.36200000000000004,0.46799999999999997,
54,045,0.423,0.366,0.479,
54,047,0.466,0.41,0.523,
54,049,0.35,0.302,0.401,
54,051,0.36700000000000005,0.312,0.423,
54,053,0.39,0.33299999999999996,0.446,
54,055,0.4,0.34700000000000003,0.451,
54,057,0.33799999999999997,0.287,0.392,
54,059,0.469,0.413,0.531,
54,061,0.297,0.254,0.341,
54,063,0.386,0.332,0.441,
54,065,0.36,0.308,0.415,
54,067,0.38299999999999995,0.32799999999999996,0.439,
54,069,0.34700000000000003,0.295,0.401,
54,071,0.365,0.309,0.42,
54,073,0.361,0.308,0.41700000000000004,
54,075,0.395,0.344,0.44799999999999995,
54,077,0.37799999999999995,0.32299999999999995,0.436,
54,079,0.322,0.273,0.37200000000000005,
54,081,0.40299999999999997,0.353,0.456,
54,083,0.376,0.322,0.43200000000000005,
54,085,0.392,0.33799999999999997,0.449,
54,087,0.415,0.354,0.47200000000000003,
54,089,0.402,0.34600000000000003,0.46299999999999997,
54,091,0.373,0.322,0.43,
54,093,0.35700000000000004,0.305,0.41200000000000003,
54,095,0.37,0.32,0.425,
54,097,0.384,0.331,0.43799999999999994,
54,099,0.396,0.342,0.45299999999999996,
54,101,0.419,0.36,0.479,
54,103,0.382,0.332,0.439,
54,105,0.38299999999999995,0.327,0.44,
54,107,0.36,0.306,0.41,
54,109,0.43799999999999994,0.377,0.5,
55,000,0.29100000000000004,,,
55,001,0.326,0.27899999999999997,0.377,
55,003,0.313,0.271,0.358,
55,005,0.289,0.248,0.33299999999999996,
55,007,0.28300000000000003,0.23800000000000002,0.331,
55,009,0.272,0.235,0.31,
55,011,0.29100000000000004,0.24600000000000002,0.337,
55,013,0.307,0.262,0.35200000000000004,
55,015,0.258,0.214,0.301,
55,017,0.307,0.262,0.355,
55,019,0.321,0.273,0.374,
55,021,0.276,0.23,0.321,
55,023,0.302,0.259,0.349,
55,025,0.239,0.204,0.27399999999999997,
55,027,0.29600000000000004,0.252,0.34,
55,029,0.259,0.21899999999999997,0.302,
55,031,0.28800000000000003,0.242,0.33799999999999997,
55,033,0.293,0.248,0.34,
55,035,0.276,0.233,0.318,
55,037,0.29100000000000004,0.247,0.342,
55,039,0.29600000000000004,0.257,0.33799999999999997,
55,041,0.35200000000000004,0.319,0.396,
55,043,0.3,0.254,0.35200000000000004,
55,045,0.278,0.235,0.322,
55,047,0.316,0.271,0.371,
55,049,0.26899999999999996,0.226,0.315,
55,051,0.281,0.237,0.32799999999999996,
55,053,0.318,0.273,0.366,
55,055,0.26899999999999996,0.228,0.313,
55,057,0.324,0.27899999999999997,0.376,
55,059,0.29100000000000004,0.25,0.33,
55,061,0.284,0.23800000000000002,0.33399999999999996,
55,063,0.287,0.24600000000000002,0.33,
55,065,0.309,0.263,0.361,
55,067,0.312,0.266,0.359,
55,069,0.314,0.27,0.361,
55,071,0.27,0.23,0.312,
55,073,0.27899999999999997,0.23800000000000002,0.319,
55,075,0.307,0.262,0.354,
55,077,0.318,0.265,0.377,
55,078,0.391,0.34299999999999997,0.441,
55,079,0.301,0.27,0.33299999999999996,
55,081,0.318,0.26899999999999996,0.366,
55,083,0.307,0.263,0.355,
55,085,0.28300000000000003,0.242,0.326,
55,087,0.257,0.221,0.299,
55,089,0.23,0.193,0.268,
55,091,0.27399999999999997,0.23,0.321,
55,093,0.263,0.222,0.307,
55,095,0.284,0.242,0.32799999999999996,
55,097,0.276,0.235,0.32,
55,099,0.28800000000000003,0.24600000000000002,0.33299999999999996,
55,101,0.289,0.252,0.326,
55,103,0.312,0.265,0.364,
55,105,0.294,0.253,0.33899999999999997,
55,107,0.319,0.275,0.368,
55,109,0.254,0.214,0.297,
55,111,0.297,0.254,0.34600000000000003,
55,113,0.32,0.27399999999999997,0.365,
55,115,0.29100000000000004,0.253,0.33299999999999996,
55,117,0.275,0.237,0.317,
55,119,0.312,0.268,0.36,
55,121,0.287,0.24600000000000002,0.335,
55,123,0.298,0.248,0.35100000000000003,
55,125,0.28,0.242,0.32299999999999995,
55,127,0.278,0.237,0.325,
55,129,0.292,0.247,0.341,
55,131,0.24100000000000002,0.204,0.28,
55,133,0.24100000000000002,0.205,0.27899999999999997,
55,135,0.294,0.248,0.34600000000000003,
55,137,0.298,0.256,0.34299999999999997,
55,139,0.276,0.23800000000000002,0.317,
55,141,0.289,0.248,0.332,
56,000,0.298,,,
56,001,0.27,0.23199999999999998,0.313,
56,003,0.317,0.27,0.36700000000000005,
56,005,0.308,0.262,0.355,
56,007,0.313,0.268,0.36200000000000004,
56,009,0.297,0.252,0.34600000000000003,
56,011,0.282,0.23800000000000002,0.32899999999999996,
56,013,0.336,0.295,0.37799999999999995,
56,015,0.292,0.248,0.34,
56,017,0.298,0.253,0.35,
56,019,0.306,0.256,0.358,
56,021,0.28300000000000003,0.25,0.32,
56,023,0.267,0.221,0.315,
56,025,0.31,0.271,0.355,
56,027,0.318,0.27,0.366,
56,029,0.26899999999999996,0.228,0.308,
56,031,0.304,0.258,0.353,
56,033,0.276,0.23199999999999998,0.321,
56,035,0.27699999999999997,0.23199999999999998,0.324,
56,037,0.306,0.261,0.35200000000000004,
56,039,0.209,0.17300000000000001,0.249,
56,041,0.29600000000000004,0.254,0.342,
56,043,0.314,0.267,0.361,
56,045,0.313,0.267,0.358,
