GEOID,statecode,countycode,NAME,B19013C_001E,B19013C_001M,B19013D_001E,B19013D_001M,B19013B_001E,B19013B_001M,B19013I_001E,B19013I_001M,B19013H_001E,B19013H_001M
00000,00,000,United States,62420,558,116503,503,55157,255,71415,252,86872,139
01000,01,000,Alabama,62769,6785,89784,4792,44035,822,58702,2832,73987,552
02000,02,000,Alaska,60737,1774,93199,6453,73726,3012,79360,4223,101360,1707
04000,04,000,Arizona,51388,1504,104817,2387,63021,1629,71214,890,85455,503
05000,05,000,Arkansas,57488,3714,88767,4091,40164,879,59588,1826,65541,699
06000,06,000,California,83494,1923,129046,849,69282,1245,81624,364,111251,491
08000,08,000,Colorado,69080,3844,112228,3920,68608,2329,76704,1256,102244,715
09000,09,000,Connecticut,66387,12147,131092,4781,65521,2462,63457,1443,107520,908
10000,10,000,Delaware,62648,11561,134255,7034,65718,2271,68056,5306,91928,1465
11000,11,000,District of Columbia,66485,2251,126268,11414,60764,3128,117634,6580,170201,3274
12000,12,000,Florida,67552,4517,96990,1939,56881,594,70097,523,80830,374
13000,13,000,Georgia,62516,2678,110971,2542,60205,555,71161,1316,88639,588
15000,15,000,Hawaii,73854,22903,107564,1904,81548,7501,88708,3662,98872,2416
16000,16,000,Idaho,57439,5703,83421,7532,70436,11685,69300,1855,79586,738
17000,17,000,Illinois,76593,3753,114625,2414,50704,844,77559,961,91123,395
18000,18,000,Indiana,61576,4143,84542,3251,47487,1175,65467,1495,75784,371
19000,19,000,Iowa,56086,5934,86979,4142,44055,1992,65318,2379,77292,410
20000,20,000,Kansas,66688,4313,89660,4524,49021,1706,63926,1734,77760,599
21000,21,000,Kentucky,41983,7898,84810,3454,47105,1809,57597,1887,66015,474
22000,22,000,Louisiana,64241,2982,73994,5623,39169,780,62343,1899,74021,575
23000,23,000,Maine,65051,6947,72099,10711,55930,6251,79444,7449,75325,996
24000,24,000,Maryland,78283,6628,133197,3350,83654,1049,92723,1895,116071,798
25000,25,000,Massachusetts,73454,8917,131900,2898,73413,1961,66137,1297,112361,711
26000,26,000,Michigan,57731,2424,108469,1642,45398,700,67116,1241,77943,298
27000,27,000,Minnesota,53768,3252,104796,1905,56045,1799,74040,1541,92471,441
28000,28,000,Mississippi,48901,6135,70833,8647,39434,847,53342,3169,70133,839
29000,29,000,Missouri,60741,3462,95651,3831,47941,900,63809,2132,74709,354
30000,30,000,Montana,44051,3471,62841,8311,52391,12117,61974,4305,74523,795
31000,31,000,Nebraska,52761,5489,87669,5376,48119,2435,67528,2406,79885,659
32000,32,000,Nevada,64268,6450,87737,2096,52965,1938,71012,1017,85954,870
33000,33,000,New Hampshire,102250,58282,112719,11352,78475,11845,88430,7776,99624,1178
34000,34,000,New Jersey,70504,6675,157130,1906,71115,1142,76364,1050,115459,643
35000,35,000,New Mexico,46669,1368,88766,5614,58288,6769,58248,1221,73835,1165
36000,36,000,New York,63956,3172,97126,1461,62083,693,65593,692,97182,449
37000,37,000,North Carolina,48615,2206,120193,3525,52390,536,62341,826,80642,503
38000,38,000,North Dakota,46368,5362,69063,13947,48289,4815,65018,7848,80489,1201
39000,39,000,Ohio,46517,4299,97504,3204,44124,611,60264,1248,76756,321
40000,40,000,Oklahoma,57946,1036,75014,3916,45363,1200,57612,1064,69573,572
41000,41,000,Oregon,65641,4911,111619,3623,62538,5832,74085,1505,84366,599
42000,42,000,Pennsylvania,60000,4900,103069,2314,49610,782,61416,1196,83382,331
44000,44,000,Rhode Island,80130,16047,104570,10613,66250,4379,58477,2775,96227,1288
45000,45,000,South Carolina,52486,3166,96210,7263,46781,733,61809,1764,79827,618
46000,46,000,South Dakota,37390,2883,72130,9528,59174,5598,61173,5546,78607,1024
47000,47,000,Tennessee,62377,12506,103164,4096,50672,831,63799,1871,74364,483
48000,48,000,Texas,73411,2407,117028,1503,60084,505,65194,396,93968,397
49000,49,000,Utah,66397,3523,102181,4387,65684,5040,79997,1699,98954,792
50000,50,000,Vermont,62250,30058,80353,9495,54797,14399,90614,12071,81516,1408
51000,51,000,Virginia,82067,9448,135924,2235,64912,856,92028,1354,99746,525
53000,53,000,Washington,70989,2686,140340,2058,72813,2821,79513,1088,99656,511
54000,54,000,West Virginia,36667,13852,75978,18298,42737,2793,66607,7974,60359,727
55000,55,000,Wisconsin,59670,3716,90216,2675,43296,1085,64859,1459,81064,432
56000,56,000,Wyoming,52436,9841,82344,19454,53547,16327,63667,4272,77524,1501
01001,01,001,"Autauga County, Alabama",,,63073,40628,52224,4612,98876,13616,79842,5432
01003,01,003,"Baldwin County, Alabama",67531,38168,103661,22807,39073,9626,81744,13854,83258,2832
01005,01,005,"Barbour County, Alabama",,,67228,54798,28627,2863,43583,13490,67201,9236
01007,01,007,"Bibb County, Alabama",,,,,28363,6079,,,62067,7869
01009,01,009,"Blount County, Alabama",64028,34211,,,63024,51421,50417,9702,66154,3770
01011,01,011,"Bullock County, Alabama",,,,,25201,3463,,,54875,10601
01013,01,013,"Butler County, Alabama",,,,,34830,7474,21299,1011,53547,5996
01015,01,015,"Calhoun County, Alabama",34196,31853,69231,31068,41658,3503,47828,14417,59848,2612
01017,01,017,"Chambers County, Alabama",120950,34015,,,36828,7114,61667,15299,54794,9881
01019,01,019,"Cherokee County, Alabama",,,16250,6103,72725,26769,64219,23456,53461,4020
01021,01,021,"Chilton County, Alabama",93554,680,,,41389,20249,63242,17082,68679,5025
01023,01,023,"Choctaw County, Alabama",,,,,29692,4463,75870,61304,61598,8275
01025,01,025,"Clarke County, Alabama",,,,,32557,6766,,,62817,5209
01027,01,027,"Clay County, Alabama",,,,,38137,13410,73750,55731,58438,8618
01029,01,029,"Cleburne County, Alabama",,,,,24387,23628,,,59901,7464
01031,01,031,"Coffee County, Alabama",88750,78921,59943,44473,42582,6933,78382,19255,75223,5509
01033,01,033,"Colbert County, Alabama",,,156286,45889,35680,4073,53158,12825,66794,4673
01035,01,035,"Conecuh County, Alabama",,,,,34724,6556,,,54274,4488
01037,01,037,"Coosa County, Alabama",,,,,42516,12902,,,66489,11569
01039,01,039,"Covington County, Alabama",30938,2563,,,32450,7223,49107,10465,57407,5107
01041,01,041,"Crenshaw County, Alabama",,,,,27652,8530,53179,42269,57453,7205
01043,01,043,"Cullman County, Alabama",54325,6781,68348,5528,57083,22764,64688,21983,63026,4034
01045,01,045,"Dale County, Alabama",,,28750,15031,32268,6030,70375,20261,61307,5073
01047,01,047,"Dallas County, Alabama",,,,,28879,3222,,,55619,7163
01049,01,049,"DeKalb County, Alabama",52005,3001,,,25885,22775,47039,9838,51916,2705
01051,01,051,"Elmore County, Alabama",79792,20221,82898,14696,46850,6653,63487,16421,86470,3080
01053,01,053,"Escambia County, Alabama",65327,26812,,,36172,5596,,,54184,4732
01055,01,055,"Etowah County, Alabama",,,128578,26596,38213,4834,50944,10658,59960,2769
01057,01,057,"Fayette County, Alabama",,,,,26202,17904,,,52635,5922
01059,01,059,"Franklin County, Alabama",58710,24168,,,,,45568,14046,55196,5749
01061,01,061,"Geneva County, Alabama",,,,,31850,10197,41550,21258,59183,5611
01063,01,063,"Greene County, Alabama",,,,,26584,3144,,,57969,11431
01065,01,065,"Hale County, Alabama",,,,,27018,4872,,,66351,7191
01067,01,067,"Henry County, Alabama",,,,,28140,7045,,,69438,4723
01069,01,069,"Houston County, Alabama",52422,19009,108125,22603,38349,2571,56927,14478,68787,2154
01071,01,071,"Jackson County, Alabama",66250,49600,39609,32990,42292,12565,38233,12122,53162,2204
01073,01,073,"Jefferson County, Alabama",55250,18993,88783,9340,46958,1623,53707,3640,87981,2870
01075,01,075,"Lamar County, Alabama",,,,,26103,10334,,,55527,5350
01077,01,077,"Lauderdale County, Alabama",54474,13088,70500,35152,37633,7957,56689,4080,68016,4631
01079,01,079,"Lawrence County, Alabama",90795,17567,123542,12615,39933,5767,53981,15942,68879,5977
01081,01,081,"Lee County, Alabama",82227,14615,89988,18354,43331,3514,46964,10852,76091,3769
01083,01,083,"Limestone County, Alabama",56431,4595,80353,58773,63015,14902,65190,44851,87662,3450
01085,01,085,"Lowndes County, Alabama",,,,,29128,3726,,,60263,15243
01087,01,087,"Macon County, Alabama",,,"2,500",,40387,4363,,,82563,20678
01089,01,089,"Madison County, Alabama",101574,28912,109673,12436,58900,3191,61468,3923,99758,2742
01091,01,091,"Marengo County, Alabama",,,,,28679,5246,,,75598,12053
01093,01,093,"Marion County, Alabama",11513,920,,,30527,4257,42344,30142,51734,4694
01095,01,095,"Marshall County, Alabama",44318,27908,86250,68298,38125,12291,54537,8175,65820,4148
01097,01,097,"Mobile County, Alabama",56724,26234,63929,9719,41966,2065,59138,7264,73180,2004
01099,01,099,"Monroe County, Alabama",,,57969,20182,31021,3273,,,54401,6905
01101,01,101,"Montgomery County, Alabama",,,115242,17985,48954,2283,47050,19246,80476,3180
01103,01,103,"Morgan County, Alabama",,,,,41250,9930,70434,8784,73444,3672
01105,01,105,"Perry County, Alabama",,,,,34891,3826,,,53988,15156
01107,01,107,"Pickens County, Alabama",,,,,35833,3722,,,63059,6351
01109,01,109,"Pike County, Alabama",111125,16988,"2,500",,36195,2248,40375,14672,62815,5552
01111,01,111,"Randolph County, Alabama",,,,,37077,14516,,,61800,7118
01113,01,113,"Russell County, Alabama",,,"250,000+",,40032,8606,50288,26285,60720,3824
01115,01,115,"St. Clair County, Alabama",212820,139149,81080,15951,68942,10589,82011,38211,77237,4960
01117,01,117,"Shelby County, Alabama",150208,43197,119000,30672,75730,2604,68882,12078,105827,2913
01119,01,119,"Sumter County, Alabama",,,,,25995,6135,,,84375,32990
01121,01,121,"Talladega County, Alabama",,,63250,52145,43409,5218,82860,38663,62174,3492
01123,01,123,"Tallapoosa County, Alabama",,,86272,808,39645,5564,45667,45533,64976,3838
01125,01,125,"Tuscaloosa County, Alabama",55515,30928,73542,47541,49433,2890,67432,22028,79088,4644
01127,01,127,"Walker County, Alabama",,,90714,73548,31991,6524,38510,11067,57728,3476
01129,01,129,"Washington County, Alabama",151241,17696,,,26188,7784,,,72222,18962
01131,01,131,"Wilcox County, Alabama",,,,,31458,13520,,,68150,6984
01133,01,133,"Winston County, Alabama",61500,17568,,,,,64464,23220,56823,6662
02013,02,013,"Aleutians East Borough, Alaska",54514,3859,83800,17073,,,89063,71515,87083,18060
02016,02,016,"Aleutians West Census Area, Alaska",57083,38603,108750,41483,,,125313,34084,154773,12109
02020,02,020,"Anchorage Municipality, Alaska",63119,7604,98684,9051,74593,4549,80991,5352,112972,3642
02050,02,050,"Bethel Census Area, Alaska",59155,4935,68375,50424,115455,31271,120833,72654,160000,20690
02060,02,060,"Bristol Bay Borough, Alaska",80000,22706,,,,,,,116250,27331
02063,02,063,"Chugach Census Area, Alaska",65313,22619,,,,,,,92875,10122
02066,02,066,"Copper River Census Area, Alaska",62109,18997,,,,,111364,6895,89598,14757
02068,02,068,"Denali Borough, Alaska",,,,,,,,,82188,20686
02070,02,070,"Dillingham Census Area, Alaska",63438,7794,,,,,84250,39766,130000,53980
02090,02,090,"Fairbanks North Star Borough, Alaska",61977,11316,76066,4081,63014,7984,79559,12122,93875,5566
02100,02,100,"Haines Borough, Alaska",58056,41446,114965,31420,,,,,79464,18877
02105,02,105,"HoonahAngoon Census Area, Alaska",41875,7401,,,,,53417,27774,88854,8015
02110,02,110,"Juneau City and Borough, Alaska",62244,11973,101553,24162,,,57823,30650,112687,4297
02122,02,122,"Kenai Peninsula Borough, Alaska",60878,14516,66553,14611,56172,31925,58073,6209,86175,2325
02130,02,130,"Ketchikan Gateway Borough, Alaska",49375,9340,148333,16610,100875,73050,,,95779,7076
02150,02,150,"Kodiak Island Borough, Alaska",81250,32708,75078,18022,,,110814,26832,88880,11667
02158,02,158,"Kusilvak Census Area, Alaska",47938,4347,78750,3676,,,,,69394,25352
02164,02,164,"Lake and Peninsula Borough, Alaska",52188,8834,,,,,,,87500,17358
02170,02,170,"MatanuskaSusitna Borough, Alaska",73214,11181,85833,23232,123136,28790,78833,7811,95107,2603
02180,02,180,"Nome Census Area, Alaska",60663,3459,68750,68192,111563,76391,157778,33055,138750,29238
02185,02,185,"North Slope Borough, Alaska",73505,8190,207679,60568,,,,,204375,45968
02188,02,188,"Northwest Arctic Borough, Alaska",68438,4306,,,,,,,145833,29246
02195,02,195,"Petersburg Borough, Alaska",60313,44325,66786,11379,38250,26266,83911,986,82639,13191
02198,02,198,"Prince of WalesHyder Census Area, Alaska",60536,8094,,,,,54821,17803,63938,6714
02220,02,220,"Sitka City and Borough, Alaska",57813,20230,83167,15712,,,,,104226,3970
02230,02,230,"Skagway Municipality, Alaska",39167,27777,193750,75037,,,163438,63695,70000,20280
02240,02,240,"Southeast Fairbanks Census Area, Alaska",33214,14791,,,,,71815,12890,84102,11152
02275,02,275,"Wrangell City and Borough, Alaska",51806,16438,"250,000+",,,,,,69179,5984
02282,02,282,"Yakutat City and Borough, Alaska",60865,9977,135787,17870,,,,,87500,28693
02290,02,290,"YukonKoyukuk Census Area, Alaska",47461,10408,,,,,51111,42144,70536,15258
04001,04,001,"Apache County, Arizona",33701,2076,55809,25853,,,70521,36433,66250,11446
04003,04,003,"Cochise County, Arizona",46648,16193,42083,34595,69028,29563,51367,3936,62365,3067
04005,04,005,"Coconino County, Arizona",52963,5944,100605,38498,38955,8435,58820,4101,83276,2727
04007,04,007,"Gila County, Arizona",47667,12966,138211,38915,,,60022,9483,65292,3384
04009,04,009,"Graham County, Arizona",34485,26847,95934,1073,,,58182,9215,75971,6646
04011,04,011,"Greenlee County, Arizona",48850,27147,,,,,74219,18631,76146,11647
04012,04,012,"La Paz County, Arizona",56968,6362,101333,50865,26525,16583,54063,9004,48422,4501
04013,04,013,"Maricopa County, Arizona",70617,6927,112050,3784,63291,1788,77294,1046,96334,789
04015,04,015,"Mohave County, Arizona",50588,12996,78854,35069,55234,28169,60498,3516,57125,1668
04017,04,017,"Navajo County, Arizona",34957,1912,120156,65684,48750,43736,55605,7343,67212,2608
04019,04,019,"Pima County, Arizona",54761,4030,72961,8557,56618,6551,63004,1936,75442,1372
04021,04,021,"Pinal County, Arizona",59289,11297,100708,6901,77850,8606,78302,2889,80823,1870
04023,04,023,"Santa Cruz County, Arizona",90795,46350,45556,21338,,,47465,2631,70517,9365
04025,04,025,"Yavapai County, Arizona",74318,12647,65150,27556,30609,23159,66777,4599,70319,2178
04027,04,027,"Yuma County, Arizona",47471,18733,105674,11518,51842,15873,61974,2789,65592,2840
05001,05,001,"Arkansas County, Arkansas",41367,553,,,29069,8238,47891,19524,64983,6068
05003,05,003,"Ashley County, Arkansas",,,,,26849,4488,47500,5096,49690,4863
05005,05,005,"Baxter County, Arkansas",26335,557,,,105641,79254,48534,18126,48963,3987
05007,05,007,"Benton County, Arkansas",80754,4851,132214,11554,84151,15878,74428,3769,96526,2321
05009,05,009,"Boone County, Arkansas",,,,,,,46875,28454,55940,4059
05011,05,011,"Bradley County, Arkansas",,,,,23944,5563,77286,17179,58173,15095
05013,05,013,"Calhoun County, Arkansas",,,,,23750,17273,,,71776,10731
05015,05,015,"Carroll County, Arkansas",,,,,,,51071,6009,54984,7282
05017,05,017,"Chicot County, Arkansas",,,,,29176,3902,72396,7511,54500,18696
05019,05,019,"Clark County, Arkansas",,,,,40234,13247,36136,24559,60733,5950
05021,05,021,"Clay County, Arkansas",11310,308,,,,,,,52870,4033
05023,05,023,"Cleburne County, Arkansas",56019,549,,,,,,,57214,3950
05025,05,025,"Cleveland County, Arkansas",,,,,20168,3028,,,65000,12269
05027,05,027,"Columbia County, Arkansas",,,,,35561,6744,48669,26930,61990,6199
05029,05,029,"Conway County, Arkansas",,,,,27903,9296,97569,57352,60646,6135
05031,05,031,"Craighead County, Arkansas",73411,906,61838,15817,32542,6897,56004,6800,65809,3717
05033,05,033,"Crawford County, Arkansas",,,69514,31266,55855,31103,62582,10127,64281,3855
05035,05,035,"Crittenden County, Arkansas",,,60913,33545,40889,2118,64654,6306,72080,5760
05037,05,037,"Cross County, Arkansas",,,,,32708,7672,75912,42929,57956,8208
05039,05,039,"Dallas County, Arkansas",,,,,32237,14857,,,58478,15847
05041,05,041,"Desha County, Arkansas",,,,,30000,7854,50441,21615,47390,8851
05043,05,043,"Drew County, Arkansas",,,,,22560,2991,62791,55632,52998,7630
05045,05,045,"Faulkner County, Arkansas",59063,30888,86157,8870,51333,4594,51027,14345,70651,2542
05047,05,047,"Franklin County, Arkansas",20278,15625,,,,,59118,38925,56042,8229
05049,05,049,"Fulton County, Arkansas",,,,,,,73453,6397,42517,4231
05051,05,051,"Garland County, Arkansas",64135,30810,82981,50344,33969,3653,49334,6305,60699,2688
05053,05,053,"Grant County, Arkansas",,,,,19100,18920,96250,45667,72212,6860
05055,05,055,"Greene County, Arkansas",,,118600,49701,,,50761,25449,60089,3984
05057,05,057,"Hempstead County, Arkansas",,,,,30089,9205,69026,4914,56724,8208
05059,05,059,"Hot Spring County, Arkansas",53250,29748,,,45714,14889,,,57912,6568
05061,05,061,"Howard County, Arkansas",,,,,32284,13085,40174,16208,50049,7642
05063,05,063,"Independence County, Arkansas",105931,3272,57875,23854,18417,5099,36648,29555,58853,4622
05065,05,065,"Izard County, Arkansas",27031,21498,,,,,38036,10843,49881,5200
05067,05,067,"Jackson County, Arkansas",,,,,32629,18022,45580,23899,51796,6802
05069,05,069,"Jefferson County, Arkansas",59018,26062,,,44515,2982,59971,13501,58352,5515
05071,05,071,"Johnson County, Arkansas",,,,,31196,29761,51538,20536,45436,4103
05073,05,073,"Lafayette County, Arkansas",,,,,35214,8502,32292,11496,51179,9531
05075,05,075,"Lawrence County, Arkansas",,,,,60417,59052,53833,25854,45915,3889
05077,05,077,"Lee County, Arkansas",,,,,20762,4160,55417,14312,53768,4716
05079,05,079,"Lincoln County, Arkansas",,,,,33620,6252,60096,37340,62313,9923
05081,05,081,"Little River County, Arkansas",19375,3119,,,46250,8306,91250,49133,55129,7504
05083,05,083,"Logan County, Arkansas",86250,64122,51772,1988,47765,36508,46444,3791,60173,4426
05085,05,085,"Lonoke County, Arkansas",103920,35415,75625,64534,40319,11685,61883,8355,76465,3305
05087,05,087,"Madison County, Arkansas",43284,1399,,,,,86075,56322,60010,4973
05089,05,089,"Marion County, Arkansas",39350,8952,39526,2373,,,66855,36058,48797,2758
05091,05,091,"Miller County, Arkansas",56689,34052,,,31235,2548,72639,33108,55263,5235
05093,05,093,"Mississippi County, Arkansas",138553,401,19107,2816,35039,5964,78750,37842,68056,7541
05095,05,095,"Monroe County, Arkansas",,,,,28814,1740,124688,62444,50846,7593
05097,05,097,"Montgomery County, Arkansas",,,,,,,,,49447,5785
05099,05,099,"Nevada County, Arkansas",,,,,53992,9667,47898,21135,55326,6296
05101,05,101,"Newton County, Arkansas",,,,,,,31182,4496,49837,7369
05103,05,103,"Ouachita County, Arkansas",,,,,36167,10322,67109,30079,56419,5925
05105,05,105,"Perry County, Arkansas",,,,,143098,115598,105556,35448,55573,8316
05107,05,107,"Phillips County, Arkansas",,,,,29353,6567,,,59459,8958
05109,05,109,"Pike County, Arkansas",,,,,33112,25365,58889,12761,52500,10788
05111,05,111,"Poinsett County, Arkansas",,,"2,500",,38438,18952,40893,13664,50254,7208
05113,05,113,"Polk County, Arkansas",,,,,,,43618,19007,49924,6162
05115,05,115,"Pope County, Arkansas",38221,9290,,,61696,20018,60061,10299,58055,4012
05117,05,117,"Prairie County, Arkansas",,,,,30682,14233,84821,27711,59094,9705
05119,05,119,"Pulaski County, Arkansas",67639,16360,83339,22354,44762,2216,47018,3894,82182,2287
05121,05,121,"Randolph County, Arkansas",53250,27765,,,55806,4559,,,50071,7316
05123,05,123,"St. Francis County, Arkansas",,,,,30019,7954,50601,19462,61070,5926
05125,05,125,"Saline County, Arkansas",66667,55550,62629,9701,71946,12858,67333,16049,80477,3693
05127,05,127,"Scott County, Arkansas",,,,,,,59504,12837,41186,10989
05129,05,129,"Searcy County, Arkansas",,,,,,,,,44294,5913
05131,05,131,"Sebastian County, Arkansas",38929,18379,66821,20799,42571,10878,55934,6289,59704,2722
05133,05,133,"Sevier County, Arkansas",,,,,39219,19887,62823,15413,45692,13607
05135,05,135,"Sharp County, Arkansas",,,103594,47512,,,,,44875,5586
05137,05,137,"Stone County, Arkansas",43750,17636,,,,,28939,6566,45090,10888
05139,05,139,"Union County, Arkansas",58984,19974,65346,52338,34632,3477,61495,14923,68514,5890
05141,05,141,"Van Buren County, Arkansas",53642,405,,,,,130420,55151,49126,7552
05143,05,143,"Washington County, Arkansas",69079,9466,67423,14625,44345,10023,63125,4683,75390,2796
05145,05,145,"White County, Arkansas",19038,844,64390,21406,34336,5518,50260,27411,58942,2378
05147,05,147,"Woodruff County, Arkansas",,,,,23533,14119,,,51881,3283
05149,05,149,"Yell County, Arkansas",,,,,,,60625,14006,55296,9468
06001,06,001,"Alameda County, California",102086,8119,171583,3472,69961,4779,97143,2200,148857,2937
06003,06,003,"Alpine County, California",67417,5438,,,,,166000,35418,109375,19021
06005,06,005,"Amador County, California",78841,1222,109904,39799,148068,27534,86125,17767,88319,4278
06007,06,007,"Butte County, California",68929,15225,59962,13095,33938,6924,56216,4894,72388,3040
06009,06,009,"Calaveras County, California",,,,,88905,31455,69337,8720,79626,7373
06011,06,011,"Colusa County, California",115972,69618,,,,,81424,9107,74508,5005
06013,06,013,"Contra Costa County, California",103730,16529,163191,5501,85322,5529,101446,3920,141972,2849
06015,06,015,"Del Norte County, California",58618,28207,128462,85132,,,74939,20207,66071,4896
06017,06,017,"El Dorado County, California",91838,19617,149853,31020,,,77490,12011,110269,3448
06019,06,019,"Fresno County, California",70242,6517,95040,5428,53077,4211,63204,1800,88515,2595
06021,06,021,"Glenn County, California",,,67159,18178,,,64375,8618,67566,11435
06023,06,023,"Humboldt County, California",54440,10553,60192,30932,54500,31566,54950,10153,62560,2455
06025,06,025,"Imperial County, California",69167,25012,110673,17134,60871,26622,56438,2915,67000,13097
06027,06,027,"Inyo County, California",39722,10727,,,,,68675,8073,82911,10262
06029,06,029,"Kern County, California",63377,6619,109750,11477,51222,5811,62405,1756,83006,2076
06031,06,031,"Kings County, California",66048,12206,98239,9324,49199,19022,62046,2302,89184,6016
06033,06,033,"Lake County, California",46875,40468,,,,,58146,5959,62108,3480
06035,06,035,"Lassen County, California",51302,14517,95341,45138,,,59729,8098,69042,4687
06037,06,037,"Los Angeles County, California",85506,3304,103742,1232,62999,1915,77687,650,111891,1043
06039,06,039,"Madera County, California",71875,3197,99821,27100,84155,24029,64513,2773,89480,4514
06041,06,041,"Marin County, California",89643,42116,161250,25163,94299,30598,95638,10411,164301,5924
06043,06,043,"Mariposa County, California",54211,39059,47031,43914,,,97214,27082,67275,6271
06045,06,045,"Mendocino County, California",65469,14364,60369,17648,69567,42339,63710,7931,70572,2938
06047,06,047,"Merced County, California",82854,7034,78790,8039,47313,7427,63347,2292,70712,5713
06049,06,049,"Modoc County, California",,,,,,,44842,31098,60288,6227
06051,06,051,"Mono County, California",,,,,,,73750,34928,110000,16012
06053,06,053,"Monterey County, California",87847,17040,108454,7799,77108,9683,83158,3143,120085,3261
06055,06,055,"Napa County, California",97679,45584,143032,18680,141821,43672,89378,7720,120338,7928
06057,06,057,"Nevada County, California",93413,47391,114893,62515,,,83676,12554,90265,4664
06059,06,059,"Orange County, California",84558,5866,122396,2251,102316,7503,95732,1374,127673,1819
06061,06,061,"Placer County, California",100714,42995,150658,9810,127337,27590,99626,5555,116538,3242
06063,06,063,"Plumas County, California",175114,121645,,,69375,48609,49080,24892,65385,6904
06065,06,065,"Riverside County, California",94268,4384,115966,3827,89383,4912,86233,1372,97795,1491
06067,06,067,"Sacramento County, California",88544,11262,102463,2874,67408,4734,83397,2200,97821,1673
06069,06,069,"San Benito County, California",142644,51363,188341,29438,68403,57903,110735,7057,124691,9306
06071,06,071,"San Bernardino County, California",83281,6521,105609,3608,62550,4552,83561,1108,91158,1643
06073,06,073,"San Diego County, California",83536,5517,130874,2485,68968,4661,86286,1219,117251,1408
06075,06,075,"San Francisco County, California",62488,7807,124172,4191,54384,8657,102392,5462,178859,5349
06077,06,077,"San Joaquin County, California",77554,7513,115397,5219,77414,6852,81719,2200,99314,2615
06079,06,079,"San Luis Obispo County, California",90926,19591,94477,12344,86318,17048,86942,4898,100570,3412
06081,06,081,"San Mateo County, California",107969,30376,186492,5286,88862,15816,106007,4788,176325,4691
06083,06,083,"Santa Barbara County, California",63358,15406,112924,12183,96429,20598,81321,2729,111873,3486
06085,06,085,"Santa Clara County, California",98907,7990,207241,3063,96561,6383,103976,2350,170650,3477
06087,06,087,"Santa Cruz County, California",105050,16436,121172,15354,143984,118821,92157,3206,121058,3490
06089,06,089,"Shasta County, California",57768,32851,69611,17069,91702,2893,67118,8922,73658,2394
06091,06,091,"Sierra County, California",,,,,,,100905,8695,54598,20020
06093,06,093,"Siskiyou County, California",56477,9760,66875,18819,45417,33012,52398,11577,61331,2952
06095,06,095,"Solano County, California",119722,42301,122224,4837,77441,5158,87090,3096,108309,2531
06097,06,097,"Sonoma County, California",92070,8204,113438,13008,100123,22647,90720,3278,110574,3052
06099,06,099,"Stanislaus County, California",84500,10043,89002,7291,66909,11159,73793,2292,88409,2881
06101,06,101,"Sutter County, California",75294,21577,99708,9718,49035,13982,70603,7496,83780,8614
06103,06,103,"Tehama County, California",71618,15147,71728,70402,41667,34040,62736,11489,64905,4870
06105,06,105,"Trinity County, California",88958,69537,,,,,40901,31899,59327,9808
06107,06,107,"Tulare County, California",75625,9986,76940,13924,61423,13938,63708,1926,85274,3248
06109,06,109,"Tuolumne County, California",66083,26748,,,41446,25078,74207,9844,78177,6596
06111,06,111,"Ventura County, California",89878,11819,147346,8266,106106,17236,91677,2747,119276,2748
06113,06,113,"Yolo County, California",69006,10767,82666,7007,44346,9053,75425,5214,104821,4850
06115,06,115,"Yuba County, California",77873,16658,69561,3458,75000,27684,81858,6459,75553,5540
08001,08,001,"Adams County, Colorado",81000,14827,109835,11250,80401,8564,83154,4161,104120,2089
08003,08,003,"Alamosa County, Colorado",32553,4743,55799,5399,101357,527,50060,6002,64545,4899
08005,08,005,"Arapahoe County, Colorado",81429,19322,111032,4255,67566,5444,88251,3132,111039,1910
08007,08,007,"Archuleta County, Colorado",,,,,,,52122,13390,84621,6724
08009,08,009,"Baca County, Colorado",,,,,,,29516,15841,48750,5950
08011,08,011,"Bent County, Colorado",,,,,,,42000,22166,53872,6942
08013,08,013,"Boulder County, Colorado",110601,4984,119633,14792,65833,25266,77522,6297,108462,2290
08014,08,014,"Broomfield County, Colorado",58882,4311,148229,25716,183125,33747,103887,11930,124910,4598
08015,08,015,"Chaffee County, Colorado",53523,13463,94853,65651,,,81136,24649,86592,9133
08017,08,017,"Cheyenne County, Colorado",,,,,,,,,74784,18417
08019,08,019,"Clear Creek County, Colorado",58920,7865,"250,000+",,,,87719,57826,95273,19431
08021,08,021,"Conejos County, Colorado",79583,18855,8920,821,,,42750,8695,58617,5622
08023,08,023,"Costilla County, Colorado",53438,37152,65682,47173,,,37772,8462,35964,16487
08025,08,025,"Crowley County, Colorado",35446,8571,"250,000+",,,,72986,41394,47720,5572
08027,08,027,"Custer County, Colorado",,,,,,,,,74203,7975
08029,08,029,"Delta County, Colorado",70288,53724,72500,65934,,,55517,28699,58133,3956
08031,08,031,"Denver County, Colorado",68523,11377,110565,9473,61920,3726,74100,3150,109853,2168
08033,08,033,"Dolores County, Colorado",,,,,,,118526,295,57545,11832
08035,08,035,"Douglas County, Colorado",68542,50780,166696,12678,96720,18075,128041,10491,151466,2363
08037,08,037,"Eagle County, Colorado",,,181699,48066,89038,56534,64869,4364,112466,6986
08039,08,039,"Elbert County, Colorado",,,203125,18491,,,146908,56365,130421,13236
08041,08,041,"El Paso County, Colorado",68329,9924,93507,7143,74614,4154,75632,3358,96042,1588
08043,08,043,"Fremont County, Colorado",,,61595,20898,55104,51896,57500,36451,63316,4735
08045,08,045,"Garfield County, Colorado",,,,,,,77352,9173,97500,4181
08047,08,047,"Gilpin County, Colorado",,,,,,,106141,86306,95120,18983
08049,08,049,"Grand County, Colorado",56000,51701,89543,2421,,,86696,36396,90359,11120
08051,08,051,"Gunnison County, Colorado",198490,57889,,,,,60098,27989,88720,9442
08053,08,053,"Hinsdale County, Colorado",,,,,,,,,80000,27918
08055,08,055,"Huerfano County, Colorado",26806,25473,,,,,41923,14243,54747,6076
08057,08,057,"Jackson County, Colorado",,,,,,,,,58060,28885
08059,08,059,"Jefferson County, Colorado",84167,41114,103179,18501,64688,15668,85319,3877,115581,1955
08061,08,061,"Kiowa County, Colorado",,,,,,,60694,1742,53819,12082
08063,08,063,"Kit Carson County, Colorado",31129,420,,,,,59195,10370,72923,8387
08065,08,065,"Lake County, Colorado",,,,,,,95375,55043,100275,12457
08067,08,067,"La Plata County, Colorado",95560,27461,,,,,58160,16021,87977,3038
08069,08,069,"Larimer County, Colorado",89286,40012,86025,17990,87833,57969,78612,4644,96361,2430
08071,08,071,"Las Animas County, Colorado",50912,16333,,,,,38735,9007,59809,6965
08073,08,073,"Lincoln County, Colorado",,,,,,,63796,24040,65327,9798
08075,08,075,"Logan County, Colorado",,,,,63455,46505,44688,19959,51472,5769
08077,08,077,"Mesa County, Colorado",82784,39089,57566,41147,68542,53269,68017,8881,74550,2149
08079,08,079,"Mineral County, Colorado",,,,,,,159167,145744,54828,13529
08081,08,081,"Moffat County, Colorado",19438,9966,,,,,52195,9456,78750,6084
08083,08,083,"Montezuma County, Colorado",50417,18407,,,,,69150,18527,68156,4931
08085,08,085,"Montrose County, Colorado",42127,24016,,,,,73942,7270,71128,3599
08087,08,087,"Morgan County, Colorado",97434,7002,86875,43093,,,75805,7713,74158,2378
08089,08,089,"Otero County, Colorado",30345,7047,62548,37744,,,51031,8200,59094,9391
08091,08,091,"Ouray County, Colorado",,,,,,,36071,31806,94152,11293
08093,08,093,"Park County, Colorado",,,,,72784,24502,136364,61163,102952,19071
08095,08,095,"Phillips County, Colorado",,,,,,,47074,8158,76607,13831
08097,08,097,"Pitkin County, Colorado",,,,,,,73217,7392,110325,6735
08099,08,099,"Prowers County, Colorado",,,105588,88345,,,44000,17338,60279,13861
08101,08,101,"Pueblo County, Colorado",62730,14151,88523,22243,62220,15815,59815,3211,68284,2651
08103,08,103,"Rio Blanco County, Colorado",55909,12707,,,,,79556,30475,64679,5356
08105,08,105,"Rio Grande County, Colorado",102004,32275,,,103333,68193,62938,8839,70460,14418
08107,08,107,"Routt County, Colorado",77813,31494,,,,,55694,15226,115563,8745
08109,08,109,"Saguache County, Colorado",,,,,,,52955,20049,47067,11354
08111,08,111,"San Juan County, Colorado",,,,,,,,,77963,27474
08113,08,113,"San Miguel County, Colorado",,,,,,,,,84919,16641
08115,08,115,"Sedgwick County, Colorado",,,"2,500",,,,42308,17272,53947,6354
08117,08,117,"Summit County, Colorado",209286,86364,,,,,71458,31785,116421,14211
08119,08,119,"Teller County, Colorado",,,,,,,54805,21579,89837,6173
08121,08,121,"Washington County, Colorado",,,,,,,68594,18892,66585,4988
08123,08,123,"Weld County, Colorado",57388,24939,97685,17949,87895,8034,74488,3895,104163,2070
08125,08,125,"Yuma County, Colorado",,,,,,,,,62293,8169
09110,09,110,"Capitol Planning Region, Connecticut",67351,33463,130245,8973,65780,5041,56030,1615,105857,1815
09120,09,120,"Greater Bridgeport Planning Region, Connecticut",48158,6911,137411,22234,65765,5472,59224,2988,112200,5291
09130,09,130,"Lower Connecticut River Valley Planning Region, Connecticut",79839,49247,97432,23837,63187,9157,84450,9535,108630,2667
09140,09,140,"Naugatuck Valley Planning Region, Connecticut",91781,24621,120992,12896,61578,8801,59443,5836,97757,2568
09150,09,150,"Northeastern Connecticut Planning Region, Connecticut",44104,20051,109435,45213,60418,10989,86156,16410,91463,4355
09160,09,160,"Northwest Hills Planning Region, Connecticut",83500,50759,94801,19293,80833,27427,78509,12438,96292,4022
09170,09,170,"South Central Connecticut Planning Region, Connecticut",58194,34179,104546,7139,61314,2927,62589,3302,102655,2073
09180,09,180,"Southeastern Connecticut Planning Region, Connecticut",70859,20603,98159,12512,58690,5147,52160,5746,92031,2464
09190,09,190,"Western Connecticut Planning Region, Connecticut",93375,29873,179667,12073,79454,5534,84934,4585,151260,3782
10001,10,001,"Kent County, Delaware",58049,31693,65372,33913,65880,5280,82321,15448,78323,3880
10003,10,003,"New Castle County, Delaware",78750,27980,136563,7919,67733,4396,69525,6965,101363,2087
10005,10,005,"Sussex County, Delaware",57098,16814,127500,38497,52175,6643,55971,8239,85823,2322
11001,11,001,"District of Columbia, District of Columbia",66485,2251,126268,11414,60764,3128,117634,6580,170201,3274
12001,12,001,"Alachua County, Florida",,,80182,13504,43649,6533,53410,6069,72709,2849
12003,12,003,"Baker County, Florida",,,89286,30502,89545,81739,121842,36376,77323,11942
12005,12,005,"Bay County, Florida",71250,28533,70795,20738,48865,3289,66215,9238,78303,2351
12007,12,007,"Bradford County, Florida",,,177950,11837,45645,25974,79703,43770,62317,8221
12009,12,009,"Brevard County, Florida",72875,12466,104215,10048,55402,3732,76710,4531,80528,1478
12011,12,011,"Broward County, Florida",78615,14733,101572,4416,62857,1876,77476,1768,86292,1497
12013,12,013,"Calhoun County, Florida",16172,320,,,,,80037,16295,51539,4485
12015,12,015,"Charlotte County, Florida",,,81532,14794,42224,10238,65560,8695,71099,1522
12017,12,017,"Citrus County, Florida",,,60921,47631,45221,20872,50689,9484,57076,1816
12019,12,019,"Clay County, Florida",148250,100757,98174,11685,85967,10191,79606,10527,89326,2963
12021,12,021,"Collier County, Florida",80980,11723,100455,18093,70425,8432,70464,5292,99570,2422
12023,12,023,"Columbia County, Florida",79722,55876,43432,10005,54444,10473,63878,16620,60401,3616
12027,12,027,"DeSoto County, Florida",,,,,28974,13587,60187,8465,53883,4003
12029,12,029,"Dixie County, Florida",,,,,,,,,49156,5233
12031,12,031,"Duval County, Florida",70523,30890,97147,7093,51724,2574,66638,3881,82007,1592
12033,12,033,"Escambia County, Florida",106563,38247,66102,4805,45743,2766,67161,4931,75942,2223
12035,12,035,"Flagler County, Florida",,,112976,39194,72857,8828,71680,8769,78488,3422
12037,12,037,"Franklin County, Florida",,,,,19554,6094,86563,49297,64764,10642
12039,12,039,"Gadsden County, Florida",,,,,36682,3340,60354,18727,67321,9982
12041,12,041,"Gilchrist County, Florida",66000,44237,,,71667,32363,71667,53300,62348,9236
12043,12,043,"Glades County, Florida",,,,,42040,40552,61452,49024,45287,8676
12045,12,045,"Gulf County, Florida",,,,,38785,30182,,,62036,5835
12047,12,047,"Hamilton County, Florida",,,,,29335,4496,57097,8543,52932,4817
12049,12,049,"Hardee County, Florida",84650,40186,71645,24474,,,65909,17949,56045,8201
12051,12,051,"Hendry County, Florida",36858,34274,83192,68941,41797,10485,51740,7342,71675,13269
12053,12,053,"Hernando County, Florida",66000,35508,86563,18363,61690,10717,65752,7348,65815,1760
12055,12,055,"Highlands County, Florida",41750,25765,76875,46528,48503,6801,49716,5754,57379,3307
12057,12,057,"Hillsborough County, Florida",51947,9486,111002,4945,58213,1997,68246,1798,93666,1748
12059,12,059,"Holmes County, Florida",13536,1151,160750,143276,,,58672,12471,49046,2222
12061,12,061,"Indian River County, Florida",,,62783,20542,51163,14951,63842,9723,75685,2241
12063,12,063,"Jackson County, Florida",44444,31906,,,36311,5162,41740,4280,55232,3879
12065,12,065,"Jefferson County, Florida",,,,,40393,21153,87765,29704,74828,14879
12067,12,067,"Lafayette County, Florida",,,,,,,47134,21261,62946,7116
12069,12,069,"Lake County, Florida",71607,22509,105833,31430,60872,7367,72974,5572,73845,1697
12071,12,071,"Lee County, Florida",44861,28276,88866,16227,58616,3910,63337,2289,81548,1838
12073,12,073,"Leon County, Florida",71250,60428,85885,12580,46436,3866,71994,14556,79759,3012
12075,12,075,"Levy County, Florida",,,54313,1273,50353,21583,61007,13217,58896,5197
12077,12,077,"Liberty County, Florida",58875,16449,48438,24854,20000,19926,71786,31337,61096,6824
12079,12,079,"Madison County, Florida",,,,,30463,5376,63617,15056,54957,4977
12081,12,081,"Manatee County, Florida",83681,21680,99435,25995,55898,6678,72918,8548,80758,2090
12083,12,083,"Marion County, Florida",68313,22555,67422,8360,54239,6660,56308,4894,62819,1725
12085,12,085,"Martin County, Florida",39643,30354,84873,55923,36934,10254,56986,8404,86230,2862
12086,12,086,"MiamiDade County, Florida",66563,20211,100720,8632,54274,1939,69887,869,105541,2945
12087,12,087,"Monroe County, Florida",127917,55158,,,66552,30549,74228,10742,95990,7532
12089,12,089,"Nassau County, Florida",113387,15031,81587,6281,52760,19516,89568,10887,92235,4713
12091,12,091,"Okaloosa County, Florida",60750,30504,65894,5731,58885,5618,70978,4563,89599,3303
12093,12,093,"Okeechobee County, Florida",,,143333,121442,24056,14372,58930,4703,58103,5337
12095,12,095,"Orange County, Florida",71489,15800,104389,7050,60565,1680,70313,2135,99024,2121
12097,12,097,"Osceola County, Florida",170433,89403,82940,9227,65837,2922,68021,4321,83281,3233
12099,12,099,"Palm Beach County, Florida",60147,22941,95922,9145,65775,2167,76091,1961,92664,1641
12101,12,101,"Pasco County, Florida",66294,19078,123958,21430,71367,8108,74366,3483,68109,1835
12103,12,103,"Pinellas County, Florida",65417,14256,89661,7800,52147,2671,67043,3383,75612,1290
12105,12,105,"Polk County, Florida",54000,15506,70000,16798,54889,3675,62595,2337,70999,1395
12107,12,107,"Putnam County, Florida",53854,251,,,31228,8485,45608,8558,50077,2736
12109,12,109,"St. Johns County, Florida",167533,109101,148607,15446,90231,14896,97701,20231,109835,3639
12111,12,111,"St. Lucie County, Florida",58397,23360,86085,11783,62247,4764,66806,5913,76616,3726
12113,12,113,"Santa Rosa County, Florida",,,96729,5106,84889,22569,92565,6677,92309,3147
12115,12,115,"Sarasota County, Florida",79896,30851,76822,13715,59104,9213,78457,7970,85509,1518
12117,12,117,"Seminole County, Florida",89205,27765,110398,10455,63637,6008,71966,2710,94233,2387
12119,12,119,"Sumter County, Florida","250,000+",,60096,20587,47132,18846,78412,11535,77506,3160
12121,12,121,"Suwannee County, Florida",,,,,45402,8521,55985,21501,58208,4360
12123,12,123,"Taylor County, Florida",,,60705,45573,31855,8231,52098,37704,53000,6792
12125,12,125,"Union County, Florida",,,,,,,,,66685,11105
12127,12,127,"Volusia County, Florida",62634,38044,73964,8959,55868,2868,70287,3715,72065,1591
12129,12,129,"Wakulla County, Florida",,,,,66438,18529,96818,15500,82981,5574
12131,12,131,"Walton County, Florida",108125,71686,148795,134662,48155,32118,80071,14374,83331,3541
12133,12,133,"Washington County, Florida",,,140938,115784,31719,5760,54917,24313,60878,5680
13001,13,001,"Appling County, Georgia",72708,35990,,,27772,6138,,,52073,6716
13003,13,003,"Atkinson County, Georgia",,,,,26375,22871,33586,2449,52640,7612
13005,13,005,"Bacon County, Georgia",,,,,39931,16057,25764,9738,50417,10093
13007,13,007,"Baker County, Georgia",,,,,27321,14341,,,60278,19152
13009,13,009,"Baldwin County, Georgia",,,47371,47257,40776,3625,39196,36287,68565,8873
13011,13,011,"Banks County, Georgia",,,42606,6755,47969,39379,71875,58777,81899,7605
13013,13,013,"Barrow County, Georgia",116429,81612,91912,13118,74637,10062,75294,12056,82649,5212
13015,13,015,"Bartow County, Georgia",68075,39036,82313,46656,59014,8117,78110,6702,86718,3897
13017,13,017,"Ben Hill County, Georgia",,,,,32174,7024,,,57500,9694
13019,13,019,"Berrien County, Georgia",,,,,34338,11444,83125,28315,54114,8333
13021,13,021,"Bibb County, Georgia",,,61655,34775,37905,2384,60260,15358,72602,5593
13023,13,023,"Bleckley County, Georgia",,,85625,65742,24453,8365,83393,56162,87558,13988
13025,13,025,"Brantley County, Georgia",,,,,,,64063,60738,59866,9461
13027,13,027,"Brooks County, Georgia",,,,,22044,6251,,,61617,12129
13029,13,029,"Bryan County, Georgia",,,,,90450,23229,105347,32552,110563,8483
13031,13,031,"Bulloch County, Georgia",37946,24251,,,45860,4999,37679,8939,67068,4842
13033,13,033,"Burke County, Georgia",,,,,35394,6062,90849,2262,79825,19645
13035,13,035,"Butts County, Georgia",,,,,43832,15178,81008,47609,80611,11716
13037,13,037,"Calhoun County, Georgia",,,,,31280,9097,,,77094,5773
13039,13,039,"Camden County, Georgia","250,000+",,100208,22780,61250,15726,69798,15130,79773,7633
13043,13,043,"Candler County, Georgia",,,,,47934,14964,52023,16932,52944,9718
13045,13,045,"Carroll County, Georgia",,,91667,45665,59422,10503,56535,6787,78093,2813
13047,13,047,"Catoosa County, Georgia",,,51161,18674,78333,36765,55781,13159,76303,3800
13049,13,049,"Charlton County, Georgia",,,,,49927,31971,,,61250,13618
13051,13,051,"Chatham County, Georgia",66579,26237,75407,7573,52083,2349,73036,9569,86863,2175
13053,13,053,"Chattahoochee County, Georgia",,,63750,22029,62136,32314,84353,23759,55375,15180
13055,13,055,"Chattooga County, Georgia",36461,885,,,31803,12562,36708,2932,52370,3102
13057,13,057,"Cherokee County, Georgia",62321,10505,115681,14187,102822,10967,74273,8878,112653,3050
13059,13,059,"Clarke County, Georgia",,,57159,20188,41607,3590,54400,10996,59948,3804
13061,13,061,"Clay County, Georgia",,,,,45446,10655,,,86756,5239
13063,13,063,"Clayton County, Georgia",,,72912,10388,58057,2431,62931,6054,59673,8028
13065,13,065,"Clinch County, Georgia",,,,,,,6307,209,62402,16874
13067,13,067,"Cobb County, Georgia",70901,24548,130295,9274,84793,3561,81875,4320,117354,2523
13069,13,069,"Coffee County, Georgia",,,57396,56408,33990,2999,37527,3912,57998,4907
13071,13,071,"Colquitt County, Georgia",67450,28069,"250,000+",,38203,7814,45304,3549,63697,5400
13073,13,073,"Columbia County, Georgia",,,96336,28678,86521,4193,83094,9897,99891,3767
13075,13,075,"Cook County, Georgia",,,,,35530,11297,59261,41760,60012,8061
13077,13,077,"Coweta County, Georgia",173313,82412,90096,30540,68977,5595,83261,24495,102107,3761
13079,13,079,"Crawford County, Georgia",,,,,41786,25834,74565,61774,70980,8372
13081,13,081,"Crisp County, Georgia",,,,,31505,2374,44742,18378,73576,11634
13083,13,083,"Dade County, Georgia",,,33188,12675,,,,,65631,5992
13085,13,085,"Dawson County, Georgia",,,,,"250,000+",,75052,15217,94757,8621
13087,13,087,"Decatur County, Georgia",63234,6364,163242,120207,34615,3193,63924,12267,65696,9535
13089,13,089,"DeKalb County, Georgia",45875,10954,102361,6702,63329,1892,63408,3565,129400,4278
13091,13,091,"Dodge County, Georgia",,,,,44457,12354,36119,7777,54010,6225
13093,13,093,"Dooly County, Georgia",,,,,44063,13468,78285,17488,87198,21254
13095,13,095,"Dougherty County, Georgia",38041,36095,79000,45934,44427,3253,48520,21017,66482,4647
13097,13,097,"Douglas County, Georgia",60395,45594,91757,45751,82072,5757,86261,6933,83740,4145
13099,13,099,"Early County, Georgia",,,,,44748,8888,58333,19114,64659,9486
13101,13,101,"Echols County, Georgia",,,,,28417,28410,76607,43354,63065,10728
13103,13,103,"Effingham County, Georgia",,,109630,6397,72727,11400,96375,30400,92160,5454
13105,13,105,"Elbert County, Georgia",,,86157,29092,43176,8445,94669,93495,59909,7043
13107,13,107,"Emanuel County, Georgia",,,,,45287,8061,47882,19936,54924,6714
13109,13,109,"Evans County, Georgia",,,,,39135,17541,49000,13845,58839,7207
13111,13,111,"Fannin County, Georgia",,,,,,,64479,51063,56879,5069
13113,13,113,"Fayette County, Georgia",99853,12850,128929,20579,109391,8584,91208,16112,113243,3783
13115,13,115,"Floyd County, Georgia",76207,34424,65446,22756,35270,4846,66604,17403,72696,2760
13117,13,117,"Forsyth County, Georgia",122321,93494,199768,5292,111367,24059,113177,5289,136589,3777
13119,13,119,"Franklin County, Georgia",,,,,39261,10293,54211,27647,53323,4305
13121,13,121,"Fulton County, Georgia",57978,22245,141463,6043,62851,1924,86348,5877,139048,2943
13123,13,123,"Gilmer County, Georgia",36339,14527,,,,,92923,29675,73596,5564
13125,13,125,"Glascock County, Georgia",,,,,44250,21062,,,54901,6343
13127,13,127,"Glynn County, Georgia",,,150051,134318,41311,6935,42170,17187,80594,4713
13129,13,129,"Gordon County, Georgia",36272,8019,55301,42538,32174,6595,57716,16555,67987,4677
13131,13,131,"Grady County, Georgia",,,,,41604,7590,54761,20270,69302,7571
13133,13,133,"Greene County, Georgia",,,,,44129,7583,,,106480,8896
13135,13,135,"Gwinnett County, Georgia",73480,25482,89313,3938,83899,4302,67521,3280,106601,3704
13137,13,137,"Habersham County, Georgia",146168,912,86094,59175,56210,33006,73607,14082,67460,4325
13139,13,139,"Hall County, Georgia",78182,23257,76265,9962,68074,6135,73737,2370,87933,3816
13141,13,141,"Hancock County, Georgia",,,,,31439,6411,,,62426,10292
13143,13,143,"Haralson County, Georgia",,,"2,500",,85298,64795,120734,79714,71564,7640
13145,13,145,"Harris County, Georgia",,,,,69782,16637,102768,43524,103490,5609
13147,13,147,"Hart County, Georgia",,,247908,61295,48201,5679,58604,12825,64781,11286
13149,13,149,"Heard County, Georgia",,,93839,650,77662,75338,,,64605,15362
13151,13,151,"Henry County, Georgia",51184,11140,94208,31714,83255,3709,85287,8900,83140,3329
13153,13,153,"Houston County, Georgia",103182,6507,91450,40609,62108,6104,71017,10651,91320,2805
13155,13,155,"Irwin County, Georgia",,,,,31313,13695,86875,29753,53438,15508
13157,13,157,"Jackson County, Georgia",74776,62655,109207,28528,61978,9058,94412,19500,90489,3782
13159,13,159,"Jasper County, Georgia",,,,,41884,12132,58357,19556,68777,7517
13161,13,161,"Jeff Davis County, Georgia",73837,654,,,32670,21858,61223,41426,40565,5965
13163,13,163,"Jefferson County, Georgia",,,,,39443,4881,,,73398,6967
13165,13,165,"Jenkins County, Georgia",,,,,22827,16840,46107,3761,53493,8636
13167,13,167,"Johnson County, Georgia",,,,,34497,3237,,,62893,4015
13169,13,169,"Jones County, Georgia",,,,,66617,9272,85638,22115,79524,7730
13171,13,171,"Lamar County, Georgia",,,,,50078,20082,,,81568,8435
13173,13,173,"Lanier County, Georgia",,,98304,90882,42306,8032,77557,37431,57905,13852
13175,13,175,"Laurens County, Georgia",105000,60496,,,31422,4705,86200,24449,66823,4053
13177,13,177,"Lee County, Georgia",,,121772,14984,77926,18503,108889,27262,88926,5907
13179,13,179,"Liberty County, Georgia",50985,10518,52910,13557,57934,6043,56599,5606,69596,7216
13181,13,181,"Lincoln County, Georgia",,,,,41159,14634,,,66020,6959
13183,13,183,"Long County, Georgia",,,,,65677,12397,40313,15334,78797,5955
13185,13,185,"Lowndes County, Georgia",,,71181,40441,38143,3921,55088,18578,74138,4854
13187,13,187,"Lumpkin County, Georgia",24605,22624,83750,26656,75821,64840,86000,32840,78284,6919
13189,13,189,"McDuffie County, Georgia",,,,,35582,10173,98333,53982,71842,10514
13191,13,191,"McIntosh County, Georgia",,,,,29327,5572,,,58524,7901
13193,13,193,"Macon County, Georgia",,,87955,60846,30521,7157,,,64974,6972
13195,13,195,"Madison County, Georgia",,,32656,17769,78750,26986,49423,9178,65300,6620
13197,13,197,"Marion County, Georgia",,,,,36167,8937,,,65806,10414
13199,13,199,"Meriwether County, Georgia",,,117981,57221,51847,2731,,,65064,5022
13201,13,201,"Miller County, Georgia",,,,,23719,9428,85645,6042,59180,6656
13205,13,205,"Mitchell County, Georgia",,,,,40489,9849,,,73060,8972
13207,13,207,"Monroe County, Georgia",,,,,73681,24508,74750,65239,87867,11207
13209,13,209,"Montgomery County, Georgia",,,,,30852,6073,52647,25283,66667,11415
13211,13,211,"Morgan County, Georgia",,,133426,7319,46464,13889,58155,13416,85781,10544
13213,13,213,"Murray County, Georgia",71146,44818,,,93071,22192,81849,5414,66449,6818
13215,13,215,"Muscogee County, Georgia",79342,25142,91273,15065,46108,2324,67844,5340,75503,3611
13217,13,217,"Newton County, Georgia",,,,,75892,3707,66984,34147,81837,3159
13219,13,219,"Oconee County, Georgia",117292,80633,155391,39437,,,186000,66556,122242,10160
13221,13,221,"Oglethorpe County, Georgia",,,,,72692,46405,95333,43064,73208,7265
13223,13,223,"Paulding County, Georgia",62831,52191,90888,43143,92327,11344,96559,3566,103933,4815
13225,13,225,"Peach County, Georgia",,,143000,69407,60456,10182,84741,46441,76450,10584
13227,13,227,"Pickens County, Georgia",,,,,108500,41965,123250,44693,78366,5191
13229,13,229,"Pierce County, Georgia",,,,,33462,3041,87670,58008,64511,9828
13231,13,231,"Pike County, Georgia",,,65735,32643,36375,17853,67206,34291,90620,4836
13233,13,233,"Polk County, Georgia",,,,,40870,20520,56883,10663,62469,7922
13235,13,235,"Pulaski County, Georgia",,,,,34409,8329,66081,27206,61827,13086
13237,13,237,"Putnam County, Georgia",,,,,34840,20045,,,79594,11065
13239,13,239,"Quitman County, Georgia",,,,,35028,13802,,,55074,18405
13241,13,241,"Rabun County, Georgia",,,,,46042,33136,57583,32318,72229,7331
13243,13,243,"Randolph County, Georgia",,,,,22055,7194,,,47444,9502
13245,13,245,"Richmond County, Georgia",,,65366,7783,47520,2821,63560,8803,70206,3706
13247,13,247,"Rockdale County, Georgia",,,64650,36517,82858,7540,53625,11302,75026,6101
13249,13,249,"Schley County, Georgia",,,,,32700,16915,,,59219,6883
13251,13,251,"Screven County, Georgia",,,,,35940,5151,,,65887,7235
13253,13,253,"Seminole County, Georgia",,,,,30954,19142,,,54095,10434
13255,13,255,"Spalding County, Georgia",28625,7042,,,42062,5357,55399,11368,75752,2831
13257,13,257,"Stephens County, Georgia",,,,,44522,24602,57788,45484,56310,5647
13259,13,259,"Stewart County, Georgia",,,,,24722,12947,,,62986,21652
13261,13,261,"Sumter County, Georgia",26652,8503,29694,1945,39335,2981,41458,24500,59323,10027
13263,13,263,"Talbot County, Georgia",,,,,37207,4262,,,50833,19432
13265,13,265,"Taliaferro County, Georgia",,,,,47670,4701,61250,13755,65400,7379
13267,13,267,"Tattnall County, Georgia",,,59946,7927,36625,12404,32426,15914,59814,8251
13269,13,269,"Taylor County, Georgia",,,,,21395,18267,,,54560,10897
13271,13,271,"Telfair County, Georgia",,,,,31250,10513,62904,43351,52568,6098
13273,13,273,"Terrell County, Georgia",,,,,33247,5765,97703,87059,83500,17458
13275,13,275,"Thomas County, Georgia",66923,44552,101531,19899,41690,5139,49611,8818,72510,5878
13277,13,277,"Tift County, Georgia",103229,27273,,,33507,4349,68906,9758,66022,4869
13279,13,279,"Toombs County, Georgia",,,76118,28387,31715,5550,48551,8613,60327,7064
13281,13,281,"Towns County, Georgia",115156,39145,,,,,40735,26046,60492,5929
13283,13,283,"Treutlen County, Georgia",,,,,33140,11758,,,71113,12513
13285,13,285,"Troup County, Georgia",95179,82560,102100,13138,39643,3501,57206,24081,75296,4548
13287,13,287,"Turner County, Georgia",35809,13426,,,29722,7558,,,57194,8165
13289,13,289,"Twiggs County, Georgia",,,,,45719,19477,,,62639,5295
13291,13,291,"Union County, Georgia",34605,30581,,,,,88661,19626,64757,5138
13293,13,293,"Upson County, Georgia",,,,,35691,6352,,,65728,5102
13295,13,295,"Walker County, Georgia",31689,27247,36921,12604,41222,16660,59565,25928,60625,3627
13297,13,297,"Walton County, Georgia",,,71094,17913,74784,24975,62000,9393,88378,5364
13299,13,299,"Ware County, Georgia",,,62303,40810,41363,10491,,,50796,6790
13301,13,301,"Warren County, Georgia",,,,,40262,10230,61250,5661,57022,9863
13303,13,303,"Washington County, Georgia",,,,,33714,2248,81354,25168,72521,8478
13305,13,305,"Wayne County, Georgia",,,,,32232,12200,18833,5546,61602,3772
13307,13,307,"Webster County, Georgia",,,,,33750,12485,,,56563,20158
13309,13,309,"Wheeler County, Georgia",,,,,26000,10306,82188,48626,42220,13800
13311,13,311,"White County, Georgia",,,93750,51024,46250,461,45455,11414,71250,5269
13313,13,313,"Whitfield County, Georgia",83000,37924,100694,40126,40665,13176,75063,9345,64973,5705
13315,13,315,"Wilcox County, Georgia",,,,,35625,12304,64375,37094,63648,5555
13317,13,317,"Wilkes County, Georgia",,,,,41250,16723,,,62143,13281
13319,13,319,"Wilkinson County, Georgia",,,,,31073,3709,53258,12162,55888,6474
13321,13,321,"Worth County, Georgia",,,"250,000+",,44784,6804,43199,18486,64601,5806
15001,15,001,"Hawaii County, Hawaii",87072,17091,87644,6749,,,64641,8428,78571,4107
15003,15,003,"Honolulu County, Hawaii",79036,19078,110294,2503,80890,7264,95310,5498,109489,2439
15005,15,005,"Kalawao County, Hawaii",,,,,,,,,29375,23620
15007,15,007,"Kauai County, Hawaii",55865,51072,98892,10817,113021,64252,82886,19960,94913,9147
15009,15,009,"Maui County, Hawaii",,,106282,9682,165748,48458,92500,13914,93823,5006
16001,16,001,"Ada County, Idaho",66567,12170,98766,6973,59595,26485,80124,4963,92480,1556
16003,16,003,"Adams County, Idaho",,,,,,,57969,50664,62192,4659
16005,16,005,"Bannock County, Idaho",45966,10206,63720,25207,82298,18240,58724,5581,68710,3675
16007,16,007,"Bear Lake County, Idaho",,,,,,,54784,46016,76302,8719
16009,16,009,"Benewah County, Idaho",41042,16069,,,,,57813,56183,61875,5848
16011,16,011,"Bingham County, Idaho",41894,9143,,,,,71884,14635,81835,5805
16013,16,013,"Blaine County, Idaho",191218,143,,,88882,3136,69915,22309,95352,8575
16015,16,015,"Boise County, Idaho",39167,11622,,,,,99375,95451,78486,3952
16017,16,017,"Bonner County, Idaho",64514,28757,105875,58138,46542,495,75436,11628,67075,3642
16019,16,019,"Bonneville County, Idaho",61216,9343,98000,13777,75763,30463,64429,7060,81409,3053
16021,16,021,"Boundary County, Idaho",,,"250,000+",,,,61719,56056,64560,10544
16023,16,023,"Butte County, Idaho",,,,,,,42500,22979,58462,12036
16025,16,025,"Camas County, Idaho",,,,,,,,,55875,9386
16027,16,027,"Canyon County, Idaho",60461,20450,97778,27217,73250,9836,68475,3009,79934,2685
16029,16,029,"Caribou County, Idaho",,,,,,,108156,60195,68493,9528
16031,16,031,"Cassia County, Idaho",81250,36234,,,,,49201,3308,76048,4494
16033,16,033,"Clark County, Idaho",,,,,,,32321,23069,63824,5436
16035,16,035,"Clearwater County, Idaho",,,,,,,,,61383,5920
16037,16,037,"Custer County, Idaho",,,,,,,,,68279,19348
16039,16,039,"Elmore County, Idaho",52563,40262,83813,17902,49116,19472,61895,7089,65482,5655
16041,16,041,"Franklin County, Idaho",,,,,,,101333,42505,71100,10144
16043,16,043,"Fremont County, Idaho",81442,14695,,,,,53650,22045,76250,4745
16045,16,045,"Gem County, Idaho",80179,78920,,,,,83281,30009,62291,5427
16047,16,047,"Gooding County, Idaho",59609,10027,,,,,76750,13465,61444,6299
16049,16,049,"Idaho County, Idaho",,,83011,47750,,,84423,58346,66075,5602
16051,16,051,"Jefferson County, Idaho",,,65583,10210,,,69412,33599,87495,3843
16053,16,053,"Jerome County, Idaho",61250,43097,,,,,66875,9355,76324,7674
16055,16,055,"Kootenai County, Idaho",60333,31497,37043,9504,,,100345,11909,82243,2488
16057,16,057,"Latah County, Idaho",,,71161,44724,28295,2096,39800,28245,65069,3147
16059,16,059,"Lemhi County, Idaho",,,,,,,66213,41035,53115,5069
16061,16,061,"Lewis County, Idaho",23958,13068,,,,,31964,16954,52870,5021
16063,16,063,"Lincoln County, Idaho",85104,35984,,,,,78295,10744,70031,8446
16065,16,065,"Madison County, Idaho",70625,11295,50716,15884,80822,10227,53804,17397,60122,6701
16067,16,067,"Minidoka County, Idaho",50800,1456,97734,13916,,,71250,18642,71906,6490
16069,16,069,"Nez Perce County, Idaho",64125,14508,62250,10468,,,103956,7028,72967,5096
16071,16,071,"Oneida County, Idaho",,,,,,,80978,25407,76875,10264
16073,16,073,"Owyhee County, Idaho",,,,,,,61642,14998,68571,10195
16075,16,075,"Payette County, Idaho",140179,46430,113155,10100,,,66171,4494,70449,6711
16077,16,077,"Power County, Idaho",53411,1531,,,,,50500,13117,68986,8768
16079,16,079,"Shoshone County, Idaho",41250,31709,,,,,30000,24748,56905,5696
16081,16,081,"Teton County, Idaho",,,,,,,96765,17723,104886,23987
16083,16,083,"Twin Falls County, Idaho",55333,47231,67870,31853,59741,31372,63879,8982,68956,3824
16085,16,085,"Valley County, Idaho",,,,,,,,,78856,11530
16087,16,087,"Washington County, Idaho",163261,136422,,,,,37083,19227,55852,5359
17001,17,001,"Adams County, Illinois",,,82566,71207,34808,14569,,,66702,3311
17003,17,003,"Alexander County, Illinois",,,,,44848,4689,,,51758,12644
17005,17,005,"Bond County, Illinois",,,,,118981,48604,29130,9468,66341,3681
17007,17,007,"Boone County, Illinois",,,,,110180,22064,76500,29549,86013,6823
17009,17,009,"Brown County, Illinois",,,,,,,,,68611,7530
17011,17,011,"Bureau County, Illinois",,,83000,61897,69279,33736,75781,15356,69459,2472
17013,17,013,"Calhoun County, Illinois",,,,,,,73125,39416,92578,10346
17015,17,015,"Carroll County, Illinois",,,,,,,29159,19988,61207,2958
17017,17,017,"Cass County, Illinois",,,72880,26981,80438,8789,73711,2901,64063,5968
17019,17,019,"Champaign County, Illinois",57054,33549,32017,3003,42172,4466,42457,8544,76895,2600
17021,17,021,"Christian County, Illinois",,,,,,,,,62373,2833
17023,17,023,"Clark County, Illinois",,,,,,,87537,52164,73869,5115
17025,17,025,"Clay County, Illinois",71477,33030,,,,,,,58000,11009
17027,17,027,"Clinton County, Illinois",115179,85387,160750,105404,84338,40611,74754,30477,86745,4853
17029,17,029,"Coles County, Illinois",,,26765,14433,34407,13297,,,58349,2597
17031,17,031,"Cook County, Illinois",77643,4200,104713,4296,51523,1017,75467,1217,104360,898
17033,17,033,"Crawford County, Illinois",11296,100,198125,172168,,,56453,5205,72353,4495
17035,17,035,"Cumberland County, Illinois",,,,,,,,,74133,7148
17037,17,037,"DeKalb County, Illinois",,,25217,13551,22944,5869,71991,12305,76777,3155
17039,17,039,"De Witt County, Illinois",,,,,"250,000+",,127321,24719,70829,6511
17041,17,041,"Douglas County, Illinois",46500,41691,,,,,96406,50694,76665,2163
17043,17,043,"DuPage County, Illinois",85950,8259,140175,3919,71687,4653,87315,2918,118379,2334
17045,17,045,"Edgar County, Illinois",,,,,,,48906,19553,60732,7106
17047,17,047,"Edwards County, Illinois",,,,,,,,,61023,3623
17049,17,049,"Effingham County, Illinois",,,75811,56438,,,96750,4066,79787,3711
17051,17,051,"Fayette County, Illinois",,,,,,,,,59876,4371
17053,17,053,"Ford County, Illinois",,,,,,,84531,39311,61385,5887
17055,17,055,"Franklin County, Illinois",,,114750,35009,11369,5664,26645,17927,57708,3779
17057,17,057,"Fulton County, Illinois",118750,4160,43906,579,,,,,60943,2242
17059,17,059,"Gallatin County, Illinois",,,,,,,,,58516,6294
17061,17,061,"Greene County, Illinois",73125,58262,153295,118303,,,,,62305,2468
17063,17,063,"Grundy County, Illinois",,,"250,000+",,78451,13529,99336,16873,92513,7868
17065,17,065,"Hamilton County, Illinois",,,,,,,,,66056,5305
17067,17,067,"Hancock County, Illinois",,,167750,141305,,,49792,39396,66829,3389
17069,17,069,"Hardin County, Illinois",,,,,,,,,55078,13114
17071,17,071,"Henderson County, Illinois",66563,11241,,,,,,,62786,6287
17073,17,073,"Henry County, Illinois",,,135893,98359,59934,21522,72426,22323,72703,2428
17075,17,075,"Iroquois County, Illinois",128869,9791,9069,722,98958,95899,66010,9711,66698,2888
17077,17,077,"Jackson County, Illinois",59107,11582,,,34138,9595,42008,23848,54778,3363
17079,17,079,"Jasper County, Illinois",,,,,,,83382,44031,74472,7474
17081,17,081,"Jefferson County, Illinois",38900,410,76477,26134,30375,15663,52363,12395,65339,3775
17083,17,083,"Jersey County, Illinois",,,,,,,"2,500",,82139,7217
17085,17,085,"Jo Daviess County, Illinois",,,83182,43197,67105,2345,46816,20804,75135,4257
17087,17,087,"Johnson County, Illinois",,,,,87835,28959,,,61473,5876
17089,17,089,"Kane County, Illinois",82645,7601,128528,12164,70113,8744,88536,3420,112444,2706
17091,17,091,"Kankakee County, Illinois",107604,28763,,,41243,7937,67398,7307,79381,2640
17093,17,093,"Kendall County, Illinois",,,162256,15455,96528,30493,98084,6250,115752,3419
17095,17,095,"Knox County, Illinois",,,,,37206,7817,49286,20041,60925,2928
17097,17,097,"Lake County, Illinois",80417,16411,158871,6736,62539,7514,82048,2413,122774,1979
17099,17,099,"LaSalle County, Illinois",56544,10291,83750,41702,53750,10452,64330,11643,74540,2861
17101,17,101,"Lawrence County, Illinois",,,,,"2,500",,68611,25783,58723,5430
17103,17,103,"Lee County, Illinois",23750,758,,,46702,41118,68601,11301,70625,3701
17105,17,105,"Livingston County, Illinois",,,168036,56147,136897,108013,67464,8213,73762,4520
17107,17,107,"Logan County, Illinois",,,,,,,53859,14656,67640,3500
17109,17,109,"McDonough County, Illinois",45938,45135,100366,42111,37917,19949,59886,30995,53128,3125
17111,17,111,"McHenry County, Illinois",84844,31272,112557,17643,76349,27569,96244,5129,107164,2446
17113,17,113,"McLean County, Illinois",,,125466,30577,31971,8065,62934,8009,84016,3174
17115,17,115,"Macon County, Illinois",,,58458,38061,36575,3387,49786,24188,71262,2671
17117,17,117,"Macoupin County, Illinois",181094,35015,123021,69098,,,76750,61098,70321,4829
17119,17,119,"Madison County, Illinois",,,68310,18839,48238,4656,52742,7678,80012,1733
17121,17,121,"Marion County, Illinois",,,43393,12539,24375,16190,92708,31586,62946,2413
17123,17,123,"Marshall County, Illinois",,,,,,,,,72218,4081
17125,17,125,"Mason County, Illinois",,,,,145804,63077,146250,36300,64683,5297
17127,17,127,"Massac County, Illinois",,,,,54016,10094,,,67096,5436
17129,17,129,"Menard County, Illinois",,,,,,,168550,133480,82793,4016
17131,17,131,"Mercer County, Illinois",,,,,,,53750,27835,74508,8079
17133,17,133,"Monroe County, Illinois",,,90694,87654,"2,500",,87837,32629,104099,5625
17135,17,135,"Montgomery County, Illinois",,,108095,29010,,,34257,15097,63974,4828
17137,17,137,"Morgan County, Illinois",,,,,28304,20233,42708,16643,67868,3656
17139,17,139,"Moultrie County, Illinois",,,,,,,123258,105254,71836,7253
17141,17,141,"Ogle County, Illinois",64551,9183,,,44107,25210,73400,14644,82999,3463
17143,17,143,"Peoria County, Illinois",26377,18079,97455,20043,37081,3942,59327,8504,72886,1955
17145,17,145,"Perry County, Illinois",,,,,42411,14416,34409,2823,66070,6435
17147,17,147,"Piatt County, Illinois",,,,,75600,68144,98539,5511,93725,8527
17149,17,149,"Pike County, Illinois",,,,,,,,,59883,3199
17151,17,151,"Pope County, Illinois","2,500",,,,,,65972,35839,60050,8755
17153,17,153,"Pulaski County, Illinois",,,,,31766,6151,,,55820,8605
17155,17,155,"Putnam County, Illinois",,,,,,,69708,6216,76213,5549
17157,17,157,"Randolph County, Illinois",48125,15711,99087,80251,35459,8036,52604,18639,70014,3882
17159,17,159,"Richland County, Illinois",,,,,53654,790,,,63627,5981
17161,17,161,"Rock Island County, Illinois",95595,56954,93320,41678,40348,3887,64701,4962,71614,2627
17163,17,163,"St. Clair County, Illinois",95743,28357,82188,20035,46611,2145,65972,11154,85043,2625
17165,17,165,"Saline County, Illinois",24615,15054,53906,39738,,,39720,19878,53973,3637
17167,17,167,"Sangamon County, Illinois",,,120370,12395,33276,8545,68250,18363,81549,1990
17169,17,169,"Schuyler County, Illinois",,,,,,,27813,10205,66616,6525
17171,17,171,"Scott County, Illinois",,,,,,,,,67017,8204
17173,17,173,"Shelby County, Illinois",21944,2498,,,,,157619,70627,72289,5115
17175,17,175,"Stark County, Illinois",,,,,,,83125,23117,63654,7678
17177,17,177,"Stephenson County, Illinois",36818,2366,93466,10489,24981,9600,53871,13036,68327,3693
17179,17,179,"Tazewell County, Illinois",,,100202,36236,46389,41221,73024,9006,78877,1720
17181,17,181,"Union County, Illinois",,,200703,135920,,,50423,15314,55620,5501
17183,17,183,"Vermilion County, Illinois",11375,260,57632,27661,31798,2090,49651,21948,62446,3155
17185,17,185,"Wabash County, Illinois",,,,,,,8750,1749,59089,5822
17187,17,187,"Warren County, Illinois",,,71515,2119,,,65966,30654,64478,7020
17189,17,189,"Washington County, Illinois",,,,,81382,518,136442,23815,77447,6533
17191,17,191,"Wayne County, Illinois",,,,,,,55455,34183,55379,4460
17193,17,193,"White County, Illinois",,,33056,9577,,,35357,13987,55208,3942
17195,17,195,"Whiteside County, Illinois",52184,14272,56250,5601,55662,9848,54974,11007,69782,2668
17197,17,197,"Will County, Illinois",102130,19545,164167,11630,79777,3590,92350,3549,116731,1926
17199,17,199,"Williamson County, Illinois",,,89192,18472,27685,10021,81827,31747,66933,3396
17201,17,201,"Winnebago County, Illinois",68096,19369,89313,9894,35615,1666,61542,2284,71989,1659
17203,17,203,"Woodford County, Illinois",103393,98943,,,,,81520,3387,91238,4759
18001,18,001,"Adams County, Indiana",,,,,,,63452,29700,66453,4342
18003,18,003,"Allen County, Indiana",45671,10536,71229,8870,41481,3666,59875,3240,76695,1410
18005,18,005,"Bartholomew County, Indiana",,,116143,6791,87164,2780,71766,11337,76627,3644
18007,18,007,"Benton County, Indiana",163359,609,,,,,45500,19410,66329,2716
18009,18,009,"Blackford County, Indiana",,,,,"2,500",,,,51579,6656
18011,18,011,"Boone County, Indiana",,,163679,14774,116770,109309,105667,39132,109508,4561
18013,18,013,"Brown County, Indiana",,,,,,,"250,000+",,80291,9429
18015,18,015,"Carroll County, Indiana",,,,,,,70481,22649,66401,5325
18017,18,017,"Cass County, Indiana",,,48157,19362,68060,2158,55053,11913,58771,4723
18019,18,019,"Clark County, Indiana",51422,14398,44956,13232,55424,12513,79279,18017,76451,2063
18021,18,021,"Clay County, Indiana",,,,,,,,,68701,6291
18023,18,023,"Clinton County, Indiana",,,,,,,62239,10259,65417,3613
18025,18,025,"Crawford County, Indiana",,,,,,,38707,34006,49661,6226
18027,18,027,"Daviess County, Indiana",,,,,77368,17202,50134,24049,70358,5853
18029,18,029,"Dearborn County, Indiana",,,100764,15266,,,100968,69415,85297,3571
18031,18,031,"Decatur County, Indiana",,,,,,,,,70097,7488
18033,18,033,"DeKalb County, Indiana",,,65962,23161,,,91050,27134,73782,5088
18035,18,035,"Delaware County, Indiana",,,68333,27446,34840,9544,46094,9494,60038,1479
18037,18,037,"Dubois County, Indiana",,,73086,17128,71296,25971,54297,45331,77189,4533
18039,18,039,"Elkhart County, Indiana",86855,32700,78636,20506,31303,5164,55358,5718,74707,2128
18041,18,041,"Fayette County, Indiana",,,,,,,58021,49705,59927,3888
18043,18,043,"Floyd County, Indiana",105068,93429,205038,128119,39250,19822,68781,21568,81401,3219
18045,18,045,"Fountain County, Indiana",60000,16870,,,,,40417,31797,63062,5970
18047,18,047,"Franklin County, Indiana",,,,,,,75208,28645,78763,10820
18049,18,049,"Fulton County, Indiana",,,,,,,77755,31243,61097,6099
18051,18,051,"Gibson County, Indiana",,,76125,29717,64688,34854,45625,32353,70376,4639
18053,18,053,"Grant County, Indiana",90225,69970,120758,77392,35197,15238,48667,6179,54885,2905
18055,18,055,"Greene County, Indiana",,,,,34261,14738,,,62072,5176
18057,18,057,"Hamilton County, Indiana",133884,12249,152715,13190,96423,8743,111462,17392,121244,2910
18059,18,059,"Hancock County, Indiana",,,91090,32291,104948,43350,81250,18219,93530,2728
18061,18,061,"Harrison County, Indiana",,,,,112813,108015,42152,34132,75597,6907
18063,18,063,"Hendricks County, Indiana",63333,7477,115809,19424,81782,10658,80921,22764,104144,3212
18065,18,065,"Henry County, Indiana",,,,,,,61815,37043,63429,2873
18067,18,067,"Howard County, Indiana",,,46635,11455,35019,11114,59910,14413,67638,4349
18069,18,069,"Huntington County, Indiana",,,55139,23580,33708,518,118705,50424,66886,3912
18071,18,071,"Jackson County, Indiana",46863,26726,97154,51124,,,49345,20614,72959,3935
18073,18,073,"Jasper County, Indiana",,,,,,,55972,38893,79860,4761
18075,18,075,"Jay County, Indiana",33000,1927,,,88750,77542,39375,33715,56349,3857
18077,18,077,"Jefferson County, Indiana",,,80852,41120,45625,27460,22438,14189,66679,6640
18079,18,079,"Jennings County, Indiana",,,,,,,103088,79393,69244,3396
18081,18,081,"Johnson County, Indiana",118889,82386,136042,43985,54341,12151,64089,13020,91525,2147
18083,18,083,"Knox County, Indiana",,,"250,000+",,56250,2242,63841,18503,61355,4406
18085,18,085,"Kosciusko County, Indiana",,,94292,33268,38750,12732,69522,29798,75436,2983
18087,18,087,"LaGrange County, Indiana",54688,34285,,,,,86500,23135,85140,3984
18089,18,089,"Lake County, Indiana",74463,10124,101863,12474,44837,2113,71521,3689,84935,2091
18091,18,091,"LaPorte County, Indiana",52016,40727,101905,65408,40670,4115,61154,15951,75708,2796
18093,18,093,"Lawrence County, Indiana",103529,31942,,,,,87196,33708,66129,3522
18095,18,095,"Madison County, Indiana",43550,10387,54461,10547,35000,6446,70203,6049,65728,2240
18097,18,097,"Marion County, Indiana",59097,13208,78377,5355,48557,1910,62061,2419,77490,1343
18099,18,099,"Marshall County, Indiana",,,,,"2,500",,66176,29416,72408,3756
18101,18,101,"Martin County, Indiana",,,,,,,"2,500",,70665,8272
18103,18,103,"Miami County, Indiana",,,,,48864,18687,75833,18788,61744,3634
18105,18,105,"Monroe County, Indiana",,,31697,10452,49188,22286,78279,12774,68637,2844
18107,18,107,"Montgomery County, Indiana",,,103466,37551,39750,27639,55893,18529,73150,5110
18109,18,109,"Morgan County, Indiana",,,122031,66736,25913,25691,54542,28127,80542,3653
18111,18,111,"Newton County, Indiana",,,,,,,54028,21584,76022,7613
18113,18,113,"Noble County, Indiana",,,,,,,79828,15321,71906,2659
18115,18,115,"Ohio County, Indiana",,,,,,,,,69024,6346
18117,18,117,"Orange County, Indiana",,,,,133268,42282,,,65984,4428
18119,18,119,"Owen County, Indiana",,,,,,,,,62464,5179
18121,18,121,"Parke County, Indiana",,,,,,,,,69289,3867
18123,18,123,"Perry County, Indiana",,,124155,15380,,,,,60873,7474
18125,18,125,"Pike County, Indiana",53750,31198,,,,,,,71933,4381
18127,18,127,"Porter County, Indiana",66750,64031,98777,21984,69872,14717,80456,10623,90024,2623
18129,18,129,"Posey County, Indiana",,,,,,,,,78003,4786
18131,18,131,"Pulaski County, Indiana",,,,,,,85880,32598,63114,3819
18133,18,133,"Putnam County, Indiana",29167,25367,216500,134656,,,,,80518,3823
18135,18,135,"Randolph County, Indiana",,,,,,,,,61305,4628
18137,18,137,"Ripley County, Indiana",,,43375,13895,,,,,71256,4101
18139,18,139,"Rush County, Indiana",,,,,,,33194,19222,66987,6021
18141,18,141,"St. Joseph County, Indiana",72361,11944,92500,20179,41180,3794,58425,8903,72308,1649
18143,18,143,"Scott County, Indiana",,,,,,,72878,32643,56183,5732
18145,18,145,"Shelby County, Indiana",,,62969,21273,,,56355,15418,74016,4920
18147,18,147,"Spencer County, Indiana",,,,,,,67250,39940,75960,7151
18149,18,149,"Starke County, Indiana",11322,204,155673,21862,39279,15917,46217,18421,65212,4806
18151,18,151,"Steuben County, Indiana",,,118513,478,,,82375,45016,74085,3870
18153,18,153,"Sullivan County, Indiana",,,,,,,50000,26067,56651,4698
18155,18,155,"Switzerland County, Indiana",,,,,,,,,65977,5885
18157,18,157,"Tippecanoe County, Indiana",,,35765,9097,43472,3364,60283,8319,65373,2452
18159,18,159,"Tipton County, Indiana",,,,,,,,,78257,6705
18161,18,161,"Union County, Indiana",,,,,,,,,77656,6342
18163,18,163,"Vanderburgh County, Indiana",33723,6654,72985,19465,37456,3857,54444,12560,64541,1676
18165,18,165,"Vermillion County, Indiana",54167,27491,,,,,95769,12505,60480,3899
18167,18,167,"Vigo County, Indiana",58431,4165,67292,27171,36355,10652,49622,16005,54690,2345
18169,18,169,"Wabash County, Indiana",,,45000,20513,,,69784,6099,66842,4219
18171,18,171,"Warren County, Indiana",,,,,,,,,83367,6453
18173,18,173,"Warrick County, Indiana",38900,4316,172222,103536,108125,53062,,,90348,4763
18175,18,175,"Washington County, Indiana",,,28173,2049,,,88071,35222,64124,5862
18177,18,177,"Wayne County, Indiana",48846,623,,,35698,11938,43833,13567,58213,3067
18179,18,179,"Wells County, Indiana",,,,,,,73644,11865,71194,5129
18181,18,181,"White County, Indiana",,,,,113488,525,52596,16734,67487,3135
18183,18,183,"Whitley County, Indiana",,,81750,22516,,,68725,5627,78765,3846
19001,19,001,"Adair County, Iowa",,,,,,,65179,32642,68733,5294
19003,19,003,"Adams County, Iowa",,,,,,,,,71935,9338
19005,19,005,"Allamakee County, Iowa",46094,5973,,,18229,12429,49901,20072,72445,4267
19007,19,007,"Appanoose County, Iowa",,,,,,,,,55688,4026
19009,19,009,"Audubon County, Iowa",,,,,,,180050,170525,58824,4986
19011,19,011,"Benton County, Iowa",78542,18259,,,79375,68166,,,87931,3452
19013,19,013,"Black Hawk County, Iowa",52656,51330,70250,10273,38778,4711,46952,13470,70969,1852
19015,19,015,"Boone County, Iowa",,,134565,107426,,,81250,14078,83977,5870
19017,19,017,"Bremer County, Iowa",,,,,,,72647,53561,86803,2561
19019,19,019,"Buchanan County, Iowa",,,,,78229,32016,,,79281,3800
19021,19,021,"Buena Vista County, Iowa",,,57115,17302,75039,12237,62969,24259,77675,7033
19023,19,023,"Butler County, Iowa",,,,,45417,5238,77083,38278,74384,2999
19025,19,025,"Calhoun County, Iowa",,,,,,,56771,5741,66289,5951
19027,19,027,"Carroll County, Iowa",,,,,,,80060,18252,72842,2530
19029,19,029,"Cass County, Iowa",,,,,,,,,64347,4563
19031,19,031,"Cedar County, Iowa",,,,,,,51250,38840,81266,2630
19033,19,033,"Cerro Gordo County, Iowa",,,52984,19720,42277,36260,64598,17907,68996,2443
19035,19,035,"Cherokee County, Iowa",,,,,,,123625,80388,71457,3844
19037,19,037,"Chickasaw County, Iowa",,,,,,,45000,40368,77756,4181
19039,19,039,"Clarke County, Iowa",,,,,,,64274,35167,74188,17244
19041,19,041,"Clay County, Iowa",43889,662,,,,,55417,51012,65799,5347
19043,19,043,"Clayton County, Iowa",,,,,,,36250,18095,68189,3942
19045,19,045,"Clinton County, Iowa",23958,19622,,,21605,6959,130870,98226,68715,3845
19047,19,047,"Crawford County, Iowa",,,"2,500",,,,75093,17388,66332,1937
19049,19,049,"Dallas County, Iowa",55865,11399,130956,58825,91972,4119,86719,22776,104491,3145
19051,19,051,"Davis County, Iowa",,,,,,,84076,9547,77000,9127
19053,19,053,"Decatur County, Iowa",,,71250,46716,,,120370,82180,58641,5598
19055,19,055,"Delaware County, Iowa",85731,2842,,,,,86415,8739,75128,6820
19057,19,057,"Des Moines County, Iowa",,,88734,994,39516,31487,82039,40717,62869,3242
19059,19,059,"Dickinson County, Iowa",,,91875,78924,,,105584,14733,75000,5228
19061,19,061,"Dubuque County, Iowa",,,78750,53640,32083,24167,76480,20909,79911,2904
19063,19,063,"Emmet County, Iowa",,,,,,,,,65992,7268
19065,19,065,"Fayette County, Iowa",46250,44779,,,,,,,61353,3893
19067,19,067,"Floyd County, Iowa",,,170982,60887,,,108443,31047,66670,5012
19069,19,069,"Franklin County, Iowa",79583,69093,,,,,46359,5758,63958,5400
19071,19,071,"Fremont County, Iowa",,,,,,,27917,21652,75407,6727
19073,19,073,"Greene County, Iowa",,,,,,,59271,30172,63942,4612
19075,19,075,"Grundy County, Iowa",,,,,,,30096,7581,88040,4878
19077,19,077,"Guthrie County, Iowa",125781,6768,,,,,90568,61217,78363,5357
19079,19,079,"Hamilton County, Iowa",,,106187,15114,,,56519,25249,73477,7045
19081,19,081,"Hancock County, Iowa",,,,,,,58198,11521,71403,3352
19083,19,083,"Hardin County, Iowa",40833,3238,92969,14888,,,52500,18684,66235,5904
19085,19,085,"Harrison County, Iowa",,,,,,,130625,25588,79288,3721
19087,19,087,"Henry County, Iowa",,,70769,20528,,,79766,33286,67921,5388
19089,19,089,"Howard County, Iowa",,,,,,,53068,35071,68173,8346
19091,19,091,"Humboldt County, Iowa",,,,,,,,,74335,4478
19093,19,093,"Ida County, Iowa",,,,,,,77500,46438,63698,7068
19095,19,095,"Iowa County, Iowa",,,,,,,39336,5743,72124,4831
19097,19,097,"Jackson County, Iowa",,,,,,,,,73866,6220
19099,19,099,"Jasper County, Iowa",,,96298,4392,,,47636,8969,72121,3071
19101,19,101,"Jefferson County, Iowa",,,8382,4949,51932,39800,73305,7774,65810,8815
19103,19,103,"Johnson County, Iowa",50000,38817,65754,6433,36000,6602,56449,10336,83515,2608
19105,19,105,"Jones County, Iowa",,,196089,403,70114,62313,60938,54935,74127,3985
19107,19,107,"Keokuk County, Iowa",,,,,,,51875,19519,62851,4516
19109,19,109,"Kossuth County, Iowa",,,,,37875,37602,39722,33421,69777,5897
19111,19,111,"Lee County, Iowa",,,,,36111,35716,35037,18568,63678,3591
19113,19,113,"Linn County, Iowa",38182,8788,87733,11437,47011,4111,66696,21402,80764,2536
19115,19,115,"Louisa County, Iowa",,,61200,5144,53182,49764,96029,20802,78750,7459
19117,19,117,"Lucas County, Iowa",,,,,,,,,61832,2578
19119,19,119,"Lyon County, Iowa",,,,,,,85208,28621,77181,7575
19121,19,121,"Madison County, Iowa",,,,,,,66979,7371,92222,6499
19123,19,123,"Mahaska County, Iowa",,,,,46168,13779,62813,47677,72270,4113
19125,19,125,"Marion County, Iowa",,,97250,91232,70815,1756,61976,47706,79222,3181
19127,19,127,"Marshall County, Iowa",,,86389,25895,,,85257,6744,69351,3693
19129,19,129,"Mills County, Iowa",,,,,,,,,91359,6010
19131,19,131,"Mitchell County, Iowa",,,131250,65511,,,33750,29096,73286,6269
19133,19,133,"Monona County, Iowa",,,,,,,85667,18611,66364,7364
19135,19,135,"Monroe County, Iowa",,,,,"2,500",,,,71441,8593
19137,19,137,"Montgomery County, Iowa",,,,,,,,,65070,5406
19139,19,139,"Muscatine County, Iowa",101293,658,147692,49150,26832,12521,72781,17249,70520,2783
19141,19,141,"O'Brien County, Iowa",,,29022,1010,13953,6532,50120,4475,75338,8438
19143,19,143,"Osceola County, Iowa",,,,,,,53790,3583,76098,6561
19145,19,145,"Page County, Iowa",,,,,,,,,59728,5624
19147,19,147,"Palo Alto County, Iowa",,,,,,,31250,6642,71679,7838
19149,19,149,"Plymouth County, Iowa",121250,103808,,,,,76579,25294,84108,3074
19151,19,151,"Pocahontas County, Iowa",,,,,,,41146,1179,66126,4538
19153,19,153,"Polk County, Iowa",86146,36780,96762,8616,45958,2408,66573,6362,89085,1564
19155,19,155,"Pottawattamie County, Iowa",53295,36968,94875,29252,44667,24887,64192,17073,74204,1702
19157,19,157,"Poweshiek County, Iowa",,,,,,,61629,48261,68810,5586
19159,19,159,"Ringgold County, Iowa",,,,,,,73125,14738,73906,6820
19161,19,161,"Sac County, Iowa",,,,,,,55938,16827,77121,5605
19163,19,163,"Scott County, Iowa",52500,18275,120601,26373,44621,8226,63025,15717,81531,2543
19165,19,165,"Shelby County, Iowa",,,,,,,32321,12969,73094,8784
19167,19,167,"Sioux County, Iowa",115727,43157,,,,,75714,10344,92169,5292
19169,19,169,"Story County, Iowa",61563,16378,49283,4798,50433,22932,46607,20050,74132,2403
19171,19,171,"Tama County, Iowa",50938,13215,77500,21429,,,52143,15892,72473,3327
19173,19,173,"Taylor County, Iowa",,,,,,,65000,46619,67945,4989
19175,19,175,"Union County, Iowa",,,,,61115,16118,67645,2169,54877,5978
19177,19,177,"Van Buren County, Iowa",,,,,,,,,63816,6064
19179,19,179,"Wapello County, Iowa",172500,172113,121071,32557,42613,23089,72799,14017,64482,4425
19181,19,181,"Warren County, Iowa",58750,686,112936,17165,,,116521,4675,94166,3581
19183,19,183,"Washington County, Iowa",,,,,115156,85693,49732,14621,76250,3234
19185,19,185,"Wayne County, Iowa",,,,,,,,,64722,6036
19187,19,187,"Webster County, Iowa",92656,14959,98207,65984,,,35288,26807,70655,3025
19189,19,189,"Winnebago County, Iowa",,,54922,15971,,,40385,10981,69613,7805
19191,19,191,"Winneshiek County, Iowa",,,,,,,,,78247,5719
19193,19,193,"Woodbury County, Iowa",50686,17017,100278,11306,77500,27919,68412,3682,74815,2855
19195,19,195,"Worth County, Iowa",,,,,,,42750,32506,78574,5660
19197,19,197,"Wright County, Iowa",92813,59489,,,,,62703,37928,67156,5101
20001,20,001,"Allen County, Kansas",31250,21894,,,,,48491,14913,61696,4333
20003,20,003,"Anderson County, Kansas",,,,,,,20492,15908,71851,7538
20005,20,005,"Atchison County, Kansas",,,157750,84640,34205,18298,48611,22228,66433,8209
20007,20,007,"Barber County, Kansas",147976,138769,,,,,36460,448,67679,10111
20009,20,009,"Barton County, Kansas",76127,690,,,38578,38092,48489,3633,61831,4096
20011,20,011,"Bourbon County, Kansas",,,,,33750,12498,38654,27573,59529,7084
20013,20,013,"Brown County, Kansas",52188,17536,,,,,71563,51054,67716,6161
20015,20,015,"Butler County, Kansas",73047,14072,155179,135622,75625,35638,71920,6766,81705,3588
20017,20,017,"Chase County, Kansas",,,,,,,,,57005,4850
20019,20,019,"Chautauqua County, Kansas",73750,10659,,,,,,,56094,4220
20021,20,021,"Cherokee County, Kansas",43947,27025,79844,61981,"2,500",,36989,36071,60199,5029
20023,20,023,"Cheyenne County, Kansas",,,,,,,54722,17768,55393,4430
20025,20,025,"Clark County, Kansas",,,,,,,,,63804,8428
20027,20,027,"Clay County, Kansas",,,81146,8350,,,82083,29100,65610,6450
20029,20,029,"Cloud County, Kansas",43083,27359,,,,,44510,24108,59320,4905
20031,20,031,"Coffey County, Kansas",36471,491,,,,,,,71011,8510
20033,20,033,"Comanche County, Kansas",,,,,,,,,55586,6986
20035,20,035,"Cowley County, Kansas",58100,9744,115795,107237,,,42857,20985,58971,3374
20037,20,037,"Crawford County, Kansas",,,,,75875,69771,44583,9268,54110,2318
20039,20,039,"Decatur County, Kansas",,,,,,,37500,21066,53961,4569
20041,20,041,"Dickinson County, Kansas",36167,8672,,,,,122759,35867,68424,5039
20043,20,043,"Doniphan County, Kansas",73750,72027,,,123015,95276,44306,34012,74155,6311
20045,20,045,"Douglas County, Kansas",57361,27529,52482,11586,38986,13092,65678,9388,75201,4450
20047,20,047,"Edwards County, Kansas",,,,,,,30987,10241,63958,8613
20049,20,049,"Elk County, Kansas",,,,,,,79038,35115,64531,8584
20051,20,051,"Ellis County, Kansas",18068,7004,164878,145623,20798,14516,34200,11821,65281,4428
20053,20,053,"Ellsworth County, Kansas",,,,,,,58571,35973,65111,4739
20055,20,055,"Finney County, Kansas",,,153076,34265,67727,64690,66796,9057,77274,9560
20057,20,057,"Ford County, Kansas",75294,74797,66290,42000,118839,83590,75498,10403,68864,7569
20059,20,059,"Franklin County, Kansas",78375,12954,,,155754,57417,53179,20382,78513,6987
20061,20,061,"Geary County, Kansas",41680,29669,48350,14194,44794,10454,46555,5632,68017,6655
20063,20,063,"Gove County, Kansas",,,,,,,56042,8961,68047,8125
20065,20,065,"Graham County, Kansas",,,,,35370,24474,18906,490,54044,3136
20067,20,067,"Grant County, Kansas",,,,,,,62483,4004,96927,25801
20069,20,069,"Gray County, Kansas",,,,,,,46831,36868,80833,4771
20071,20,071,"Greeley County, Kansas",,,,,,,52188,35077,83125,8362
20073,20,073,"Greenwood County, Kansas",57188,20425,,,,,80000,39420,60138,5898
20075,20,075,"Hamilton County, Kansas",,,,,,,70200,41644,78182,22964
20077,20,077,"Harper County, Kansas",,,,,,,36429,24696,55043,6313
20079,20,079,"Harvey County, Kansas",84003,528,86829,9863,46848,8525,65526,26398,75542,3750
20081,20,081,"Haskell County, Kansas",,,,,,,62589,19616,67325,15387
20083,20,083,"Hodgeman County, Kansas",,,,,,,50417,42030,60125,6631
20085,20,085,"Jackson County, Kansas",56250,19924,53651,276,,,92557,41850,76768,4916
20087,20,087,"Jefferson County, Kansas",,,231131,863,,,111731,27544,80985,5967
20089,20,089,"Jewell County, Kansas",,,,,,,27813,8491,54345,8068
20091,20,091,"Johnson County, Kansas",68605,5339,130490,9148,73779,3083,88899,4358,113254,1845
20093,20,093,"Kearny County, Kansas",,,,,,,92054,41554,87969,28893
20095,20,095,"Kingman County, Kansas",46389,18733,,,,,,,62071,5891
20097,20,097,"Kiowa County, Kansas",,,31875,12725,,,,,75884,5641
20099,20,099,"Labette County, Kansas",61458,35232,,,30789,12511,,,56868,3453
20101,20,101,"Lane County, Kansas",,,,,,,,,58393,13748
20103,20,103,"Leavenworth County, Kansas",126875,75601,56306,9868,78844,22933,60529,18671,94689,5678
20105,20,105,"Lincoln County, Kansas",,,,,,,,,56820,3882
20107,20,107,"Linn County, Kansas",,,,,,,,,59293,3354
20109,20,109,"Logan County, Kansas",,,,,,,93598,38697,73462,8076
20111,20,111,"Lyon County, Kansas",,,,,46324,38246,64375,8957,59717,3735
20113,20,113,"McPherson County, Kansas",,,,,,,47337,24525,80740,4360
20115,20,115,"Marion County, Kansas",22059,2909,,,,,43000,30206,65166,4886
20117,20,117,"Marshall County, Kansas",,,40536,11868,,,,,70577,4855
20119,20,119,"Meade County, Kansas",,,,,,,101563,13873,67989,7408
20121,20,121,"Miami County, Kansas",,,,,45208,35347,85625,80618,90310,4943
20123,20,123,"Mitchell County, Kansas",,,,,,,68162,34953,64127,9203
20125,20,125,"Montgomery County, Kansas",58750,26009,,,51667,24396,62011,14703,54568,3413
20127,20,127,"Morris County, Kansas",,,,,,,58284,18223,58565,7302
20129,20,129,"Morton County, Kansas",,,,,,,54688,31359,67730,8568
20131,20,131,"Nemaha County, Kansas",48750,48011,,,28846,291,87153,76691,77747,5690
20133,20,133,"Neosho County, Kansas",,,,,,,51771,42577,58853,6277
20135,20,135,"Ness County, Kansas",74688,12671,,,,,63080,2081,72375,16948
20137,20,137,"Norton County, Kansas",,,,,,,46302,16945,54863,8450
20139,20,139,"Osage County, Kansas",,,,,,,110750,48237,73979,4153
20141,20,141,"Osborne County, Kansas",,,,,,,45625,15289,63068,6878
20143,20,143,"Ottawa County, Kansas",,,,,,,59038,56517,75850,9949
20145,20,145,"Pawnee County, Kansas",61250,57823,,,42986,2235,75227,63678,64913,8278
20147,20,147,"Phillips County, Kansas",,,,,,,53882,25504,63304,6354
20149,20,149,"Pottawatomie County, Kansas",,,88958,75670,120192,115490,87083,37723,91667,5535
20151,20,151,"Pratt County, Kansas",,,,,97167,20672,56250,33425,65590,6616
20153,20,153,"Rawlins County, Kansas",,,,,,,93750,11281,65089,13737
20155,20,155,"Reno County, Kansas",,,,,41563,20167,74003,9408,59708,2393
20157,20,157,"Republic County, Kansas",,,,,,,33889,27788,56433,3613
20159,20,159,"Rice County, Kansas",,,,,,,71030,13396,63281,4839
20161,20,161,"Riley County, Kansas",113427,41592,32519,15413,54417,17979,61403,9016,62080,3399
20163,20,163,"Rooks County, Kansas","2,500",,,,,,95865,77727,62284,1891
20165,20,165,"Rush County, Kansas",,,,,,,20250,7720,59625,3722
20167,20,167,"Russell County, Kansas",,,,,,,,,66379,11125
20169,20,169,"Saline County, Kansas",62417,34900,49766,41355,87917,42885,46319,15510,68840,3276
20171,20,171,"Scott County, Kansas",,,,,,,70563,40674,65750,18334
20173,20,173,"Sedgwick County, Kansas",56951,9256,75789,6884,40100,2600,59268,2925,75095,1549
20175,20,175,"Seward County, Kansas",,,135813,89769,48205,12334,75156,10718,52221,11667
20177,20,177,"Shawnee County, Kansas",,,75795,23010,44810,5692,53408,4447,74398,3025
20179,20,179,"Sheridan County, Kansas",,,,,,,74219,29147,74167,11684
20181,20,181,"Sherman County, Kansas",,,,,,,59310,16140,61771,15561
20183,20,183,"Smith County, Kansas",,,,,,,38125,32922,59375,5214
20185,20,185,"Stafford County, Kansas",,,,,,,62361,37970,64286,10429
20187,20,187,"Stanton County, Kansas",100804,60923,,,,,54808,29908,74900,9957
20189,20,189,"Stevens County, Kansas",,,,,,,52458,26528,68021,18034
20191,20,191,"Sumner County, Kansas",68393,7038,"250,000+",,,,55170,23893,64846,5738
20193,20,193,"Thomas County, Kansas",,,,,,,,,71775,10450
20195,20,195,"Trego County, Kansas",,,,,,,141202,456,77109,18197
20197,20,197,"Wabaunsee County, Kansas",,,,,,,101528,43548,76612,7177
20199,20,199,"Wallace County, Kansas",,,,,,,,,60000,11495
20201,20,201,"Washington County, Kansas",,,,,,,48250,6223,65446,3663
20203,20,203,"Wichita County, Kansas",,,,,,,,,91500,15005
20205,20,205,"Wilson County, Kansas",,,,,,,,,60972,6331
20207,20,207,"Woodson County, Kansas",,,,,,,,,52938,8032
20209,20,209,"Wyandotte County, Kansas",89306,13249,68025,12025,47166,4776,65588,3672,73438,2036
21001,21,001,"Adair County, Kentucky",,,,,61157,424,96429,76078,52683,6673
21003,21,003,"Allen County, Kentucky",,,,,,,,,62222,5850
21005,21,005,"Anderson County, Kentucky",,,,,40341,20097,,,76580,5431
21007,21,007,"Ballard County, Kentucky",,,,,,,73221,18301,68462,8623
21009,21,009,"Barren County, Kentucky",36657,5660,76250,31161,33806,11657,35091,14948,53333,3586
21011,21,011,"Bath County, Kentucky",,,,,,,14000,453,57715,10009
21013,21,013,"Bell County, Kentucky",,,,,,,,,33042,5164
21015,21,015,"Boone County, Kentucky",,,93964,11275,81590,5658,80781,15484,101156,2825
21017,21,017,"Bourbon County, Kentucky",,,,,,,68861,20093,61981,7849
21019,21,019,"Boyd County, Kentucky",,,8942,557,27823,5093,49744,28644,62278,3098
21021,21,021,"Boyle County, Kentucky",,,,,35794,3040,110024,55009,63669,3418
21023,21,023,"Bracken County, Kentucky",,,,,,,35719,13158,66736,9004
21025,21,025,"Breathitt County, Kentucky",,,,,,,,,35330,4100
21027,21,027,"Breckinridge County, Kentucky",,,,,42625,23812,"250,000+",,56523,4846
21029,21,029,"Bullitt County, Kentucky",,,,,41862,38460,108164,78182,80712,2347
21031,21,031,"Butler County, Kentucky",,,,,,,53750,21869,57768,5932
21033,21,033,"Caldwell County, Kentucky",,,,,,,,,57778,12329
21035,21,035,"Calloway County, Kentucky",,,90795,44570,50881,14748,36991,21351,53532,4170
21037,21,037,"Campbell County, Kentucky",,,95917,26178,42162,17026,86875,19565,78208,2735
21039,21,039,"Carlisle County, Kentucky",,,,,65682,54390,42500,13573,64773,8582
21041,21,041,"Carroll County, Kentucky",,,,,133038,34425,35338,9775,56250,15962
21043,21,043,"Carter County, Kentucky",,,,,,,,,50070,3685
21045,21,045,"Casey County, Kentucky",,,,,,,,,46217,4741
21047,21,047,"Christian County, Kentucky",37031,27223,67889,18853,41348,6960,51964,15129,58558,3212
21049,21,049,"Clark County, Kentucky","2,500",,51336,220,,,51810,15280,65560,5945
21051,21,051,"Clay County, Kentucky",,,,,,,,,42776,6088
21053,21,053,"Clinton County, Kentucky",,,36674,746,,,36741,3958,45252,4697
21055,21,055,"Crittenden County, Kentucky",,,,,,,,,46546,4995
21057,21,057,"Cumberland County, Kentucky",,,,,19250,12435,83320,18204,42794,11935
21059,21,059,"Daviess County, Kentucky",127618,6414,147975,82819,53712,24120,65422,27236,68812,2522
21061,21,061,"Edmonson County, Kentucky",,,,,,,90417,37401,54981,5432
21063,21,063,"Elliott County, Kentucky",,,,,,,,,47112,10396
21065,21,065,"Estill County, Kentucky",,,,,,,,,45081,5300
21067,21,067,"Fayette County, Kentucky",59056,17820,82206,13873,45928,3358,58730,4312,77224,2289
21069,21,069,"Fleming County, Kentucky",,,,,31000,18487,,,49795,4869
21071,21,071,"Floyd County, Kentucky",,,36077,8566,,,"250,000+",,41640,5965
21073,21,073,"Franklin County, Kentucky",28438,11740,197620,119157,42500,12478,55000,10708,69586,6167
21075,21,075,"Fulton County, Kentucky",,,,,35657,1909,,,40000,6187
21077,21,077,"Gallatin County, Kentucky",,,,,53611,20067,42917,38945,64783,6974
21079,21,079,"Garrard County, Kentucky",,,,,67344,60090,71108,1113,62013,7574
21081,21,081,"Grant County, Kentucky",,,,,,,,,69418,4882
21083,21,083,"Graves County, Kentucky",,,,,31772,13783,45193,22397,53197,4039
21085,21,085,"Grayson County, Kentucky",,,,,,,,,50821,2455
21087,21,087,"Green County, Kentucky",,,,,,,,,45616,8873
21089,21,089,"Greenup County, Kentucky",29250,11825,128088,65416,67708,39803,67222,26760,60740,1992
21091,21,091,"Hancock County, Kentucky",,,,,,,,,66005,5842
21093,21,093,"Hardin County, Kentucky",49063,47581,52154,11580,55253,6861,57981,26477,71129,3411
21095,21,095,"Harlan County, Kentucky",,,,,,,,,42997,4791
21097,21,097,"Harrison County, Kentucky",,,,,16326,14334,,,68539,5986
21099,21,099,"Hart County, Kentucky",,,,,54167,36897,90526,29706,51941,3933
21101,21,101,"Henderson County, Kentucky",,,42009,5601,35068,9739,41667,33489,61610,2947
21103,21,103,"Henry County, Kentucky",,,130625,102421,50250,29927,,,63658,4269
21105,21,105,"Hickman County, Kentucky",,,,,34583,11789,,,67227,10043
21107,21,107,"Hopkins County, Kentucky",57917,2368,,,37500,32982,98750,84822,57947,4489
21109,21,109,"Jackson County, Kentucky",,,,,,,,,39839,11209
21111,21,111,"Jefferson County, Kentucky",34600,26783,90662,7981,48082,2563,57902,3370,79512,1211
21113,21,113,"Jessamine County, Kentucky",,,,,57780,31826,46036,30826,76431,4740
21115,21,115,"Johnson County, Kentucky",,,152273,70682,,,,,46039,4453
21117,21,117,"Kenton County, Kentucky",78036,19215,146815,17194,50447,8973,54543,14455,83403,2828
21119,21,119,"Knott County, Kentucky",,,,,,,,,42416,7692
21121,21,121,"Knox County, Kentucky",,,,,11922,6962,50757,23203,33358,6534
21123,21,123,"Larue County, Kentucky",,,,,64821,47818,66429,37791,66967,7985
21125,21,125,"Laurel County, Kentucky",,,,,130500,23616,,,58011,8248
21127,21,127,"Lawrence County, Kentucky",,,,,,,,,47247,6040
21129,21,129,"Lee County, Kentucky",,,,,,,103438,57510,36638,4557
21131,21,131,"Leslie County, Kentucky",,,,,,,,,36568,6670
21133,21,133,"Letcher County, Kentucky",53750,32173,110313,54133,,,,,42566,3366
21135,21,135,"Lewis County, Kentucky",,,,,,,,,46900,5189
21137,21,137,"Lincoln County, Kentucky",,,,,35690,13208,39280,9592,53125,3874
21139,21,139,"Livingston County, Kentucky",,,,,,,,,59922,9790
21141,21,141,"Logan County, Kentucky",,,,,62516,27903,52156,24574,61192,5079
21143,21,143,"Lyon County, Kentucky",,,,,100388,68126,,,62434,6266
21145,21,145,"McCracken County, Kentucky",,,146471,55241,40333,19765,58684,32416,68228,3999
21147,21,147,"McCreary County, Kentucky",,,,,,,,,33207,7609
21149,21,149,"McLean County, Kentucky",,,,,,,,,66650,10670
21151,21,151,"Madison County, Kentucky",,,58365,29817,67606,11128,65949,9630,63011,3339
21153,21,153,"Magoffin County, Kentucky",,,,,,,,,33493,6468
21155,21,155,"Marion County, Kentucky",,,,,45123,25277,41563,34896,63117,8217
21157,21,157,"Marshall County, Kentucky",,,,,,,90369,61148,66132,6781
21159,21,159,"Martin County, Kentucky",,,,,,,,,36229,10475
21161,21,161,"Mason County, Kentucky",,,,,55609,22683,40087,37372,52451,4489
21163,21,163,"Meade County, Kentucky",40357,15818,,,105270,33136,73071,17066,74626,5419
21165,21,165,"Menifee County, Kentucky",,,,,,,,,44931,9468
21167,21,167,"Mercer County, Kentucky",,,,,49545,19029,,,68020,6020
21169,21,169,"Metcalfe County, Kentucky",,,,,88212,18711,,,50246,7724
21171,21,171,"Monroe County, Kentucky",,,,,,,48021,30160,51746,4593
21173,21,173,"Montgomery County, Kentucky",,,,,19911,6749,47386,27326,57132,4250
21175,21,175,"Morgan County, Kentucky",,,,,,,43694,261,47982,3534
21177,21,177,"Muhlenberg County, Kentucky",,,"250,000+",,33967,1062,51227,19296,51398,2395
21179,21,179,"Nelson County, Kentucky",,,54090,12210,41094,24821,65329,47717,71017,3317
21181,21,181,"Nicholas County, Kentucky",,,,,53295,18614,,,59688,9681
21183,21,183,"Ohio County, Kentucky",,,,,106406,20460,,,57825,3721
21185,21,185,"Oldham County, Kentucky",156193,836,166094,31545,86786,31861,126642,37855,122140,5182
21187,21,187,"Owen County, Kentucky",,,,,102917,85163,26285,721,61143,3845
21189,21,189,"Owsley County, Kentucky",,,,,,,,,22115,9331
21191,21,191,"Pendleton County, Kentucky",,,,,,,,,67799,10380
21193,21,193,"Perry County, Kentucky",,,,,,,,,42462,6875
21195,21,195,"Pike County, Kentucky",,,,,36176,14493,42321,41365,45104,3052
21197,21,197,"Powell County, Kentucky",,,,,23289,12246,,,41546,6047
21199,21,199,"Pulaski County, Kentucky",,,,,55391,40810,34556,21092,52646,1992
21201,21,201,"Robertson County, Kentucky",,,,,,,,,51607,10268
21203,21,203,"Rockcastle County, Kentucky",,,,,,,,,49230,5074
21205,21,205,"Rowan County, Kentucky",,,58625,26566,70728,20091,,,54489,8060
21207,21,207,"Russell County, Kentucky",,,,,,,,,46558,8026
21209,21,209,"Scott County, Kentucky",,,111705,57965,54927,7949,61250,52791,88884,5028
21211,21,211,"Shelby County, Kentucky",,,,,52588,4205,77940,22466,87707,6760
21213,21,213,"Simpson County, Kentucky",,,,,53113,35668,48180,5828,62708,6509
21215,21,215,"Spencer County, Kentucky",,,"250,000+",,171164,468,,,97864,10548
21217,21,217,"Taylor County, Kentucky",,,65625,29240,63370,39998,48956,39406,60661,6259
21219,21,219,"Todd County, Kentucky",,,,,47614,21203,58611,54049,64570,7164
21221,21,221,"Trigg County, Kentucky",,,,,41302,13788,,,61622,4231
21223,21,223,"Trimble County, Kentucky",,,,,115987,78374,,,65531,11169
21225,21,225,"Union County, Kentucky",,,,,36700,4367,,,62058,5988
21227,21,227,"Warren County, Kentucky",41517,1237,59479,21064,40747,7181,47773,2538,71514,4852
21229,21,229,"Washington County, Kentucky",,,,,40652,21617,,,62917,7992
21231,21,231,"Wayne County, Kentucky",26346,1467,,,20772,12825,,,47261,4609
21233,21,233,"Webster County, Kentucky",,,,,59909,19968,70188,44875,59219,6059
21235,21,235,"Whitley County, Kentucky",,,,,"2,500",,,,45206,3847
21237,21,237,"Wolfe County, Kentucky",,,,,,,,,35047,9090
21239,21,239,"Woodford County, Kentucky",,,,,41964,8508,,,89409,7038
22001,22,001,"Acadia Parish, Louisiana",,,88304,39291,27859,6581,43093,8110,51057,2990
22003,22,003,"Allen Parish, Louisiana",43317,28531,58890,259,25172,8810,,,53349,7077
22005,22,005,"Ascension Parish, Louisiana",82292,74657,112440,30433,63909,7236,81667,13074,103096,5136
22007,22,007,"Assumption Parish, Louisiana",63897,32788,,,29883,9035,,,67336,10793
22009,22,009,"Avoyelles Parish, Louisiana",26071,7277,,,22431,5492,43148,24506,50799,5134
22011,22,011,"Beauregard Parish, Louisiana",,,111375,37461,55630,6963,98232,10401,66866,7581
22013,22,013,"Bienville Parish, Louisiana",,,63542,560,21675,1672,81537,64091,44054,10036
22015,22,015,"Bossier Parish, Louisiana",64917,51409,103259,87157,41748,3418,67877,13820,80113,2834
22017,22,017,"Caddo Parish, Louisiana",49375,46234,69643,29208,36992,2068,56513,21301,69399,4023
22019,22,019,"Calcasieu Parish, Louisiana",66452,33976,79243,8317,41302,2956,81667,24377,74665,3284
22021,22,021,"Caldwell Parish, Louisiana",,,,,29393,20391,30438,10734,47440,11835
22023,22,023,"Cameron Parish, Louisiana",,,,,,,,,73934,4605
22025,22,025,"Catahoula Parish, Louisiana",,,,,28629,3460,,,53125,11519
22027,22,027,"Claiborne Parish, Louisiana",,,,,22350,3304,,,45809,5329
22029,22,029,"Concordia Parish, Louisiana",,,,,24149,4733,80709,35072,55758,5345
22031,22,031,"De Soto Parish, Louisiana",,,,,27500,6036,,,63514,5835
22033,22,033,"East Baton Rouge Parish, Louisiana",73333,16931,67224,14476,46536,2170,56005,3892,85672,3576
22035,22,035,"East Carroll Parish, Louisiana",,,,,24948,6758,,,41731,37693
22037,22,037,"East Feliciana Parish, Louisiana",35125,28635,,,37500,14294,88529,470,86458,14712
22039,22,039,"Evangeline Parish, Louisiana",,,,,23291,3571,,,52648,5516
22041,22,041,"Franklin Parish, Louisiana",,,,,30366,4918,,,56492,3712
22043,22,043,"Grant Parish, Louisiana",56289,27182,,,42292,19335,,,71505,5837
22045,22,045,"Iberia Parish, Louisiana",83917,17998,60170,8829,37554,4734,61397,12746,64394,4980
22047,22,047,"Iberville Parish, Louisiana",,,,,42015,7264,56567,52423,68537,11930
22049,22,049,"Jackson Parish, Louisiana",14088,6715,,,37432,4117,,,51588,7653
22051,22,051,"Jefferson Parish, Louisiana",55771,16489,73260,10048,47985,3896,58799,2888,76341,3060
22053,22,053,"Jefferson Davis Parish, Louisiana",66344,944,,,40320,17157,124971,35377,57584,8628
22055,22,055,"Lafayette Parish, Louisiana",,,105481,11900,40779,3570,55750,7975,81510,3937
22057,22,057,"Lafourche Parish, Louisiana",54655,13802,50686,21450,25430,9916,79570,14255,70040,3926
22059,22,059,"LaSalle Parish, Louisiana",,,,,87808,38620,88462,6719,60511,15971
22061,22,061,"Lincoln Parish, Louisiana",,,,,21647,3968,50395,44312,60066,5350
22063,22,063,"Livingston Parish, Louisiana",76563,54199,66136,40389,70325,9390,54508,6983,83501,4111
22065,22,065,"Madison Parish, Louisiana","250,000+",,,,30773,3286,,,52446,18833
22067,22,067,"Morehouse Parish, Louisiana",,,,,32313,6648,,,53500,5394
22069,22,069,"Natchitoches Parish, Louisiana",60500,36456,123750,43754,26462,1756,46764,5079,62595,6192
22071,22,071,"Orleans Parish, Louisiana",66090,11174,69950,8870,37330,2149,70221,6473,94061,2846
22073,22,073,"Ouachita Parish, Louisiana",,,70625,25164,34942,2786,68012,12181,70957,2909
22075,22,075,"Plaquemines Parish, Louisiana",,,61944,56349,59667,28408,107236,21272,90192,6975
22077,22,077,"Pointe Coupee Parish, Louisiana",,,,,51803,16908,131389,91558,71123,7320
22079,22,079,"Rapides Parish, Louisiana",53438,7132,80353,42069,34861,2338,53494,12313,68067,4446
22081,22,081,"Red River Parish, Louisiana",,,,,28866,5962,,,65887,11154
22083,22,083,"Richland Parish, Louisiana",,,,,23893,4606,100956,85548,67632,9549
22085,22,085,"Sabine Parish, Louisiana",63103,10137,,,18701,5385,37237,24164,60385,3380
22087,22,087,"St. Bernard Parish, Louisiana",47426,10142,82656,11061,41109,14208,45700,12202,70009,7839
22089,22,089,"St. Charles Parish, Louisiana",173594,107262,195000,99436,44222,15832,95000,20763,90769,7566
22091,22,091,"St. Helena Parish, Louisiana",,,,,22557,7828,,,69068,10432
22093,22,093,"St. James Parish, Louisiana",,,,,42761,11440,44738,41341,95150,7225
22095,22,095,"St. John the Baptist Parish, Louisiana",73750,56375,123139,70554,59256,11056,82458,29421,73260,6946
22097,22,097,"St. Landry Parish, Louisiana",57981,49346,,,35411,2244,50938,4669,55644,3595
22099,22,099,"St. Martin Parish, Louisiana",119833,40513,53750,29063,37356,4196,61300,10813,66757,4354
22101,22,101,"St. Mary Parish, Louisiana",66563,17882,69514,16884,37131,4270,50507,16868,60454,5032
22103,22,103,"St. Tammany Parish, Louisiana",70533,13200,99219,16111,60463,4538,80881,5840,87556,2952
22105,22,105,"Tangipahoa Parish, Louisiana",64226,56783,57102,16078,38985,4645,61399,18028,64902,4724
22107,22,107,"Tensas Parish, Louisiana",,,,,25664,3453,,,54167,8831
22109,22,109,"Terrebonne Parish, Louisiana",74526,7316,90333,52206,39788,3707,53211,6362,72014,2753
22111,22,111,"Union Parish, Louisiana",,,,,23876,3496,41012,15826,61306,7263
22113,22,113,"Vermilion Parish, Louisiana",,,49942,32193,26309,6578,70842,13624,63971,6239
22115,22,115,"Vernon Parish, Louisiana",74583,24949,81923,15845,47063,11462,50243,9352,59488,3675
22117,22,117,"Washington Parish, Louisiana",,,,,28670,5221,,,53765,3835
22119,22,119,"Webster Parish, Louisiana",,,,,29184,2844,57500,23318,52541,4685
22121,22,121,"West Baton Rouge Parish, Louisiana",,,,,64418,14834,78299,10605,96596,8907
22123,22,123,"West Carroll Parish, Louisiana",,,,,37713,10185,51285,43988,51434,6055
22125,22,125,"West Feliciana Parish, Louisiana",,,,,50980,23354,,,89244,10842
22127,22,127,"Winn Parish, Louisiana",,,,,42065,16945,61936,9101,51229,6309
23001,23,001,"Androscoggin County, Maine",65603,12234,45735,21551,49804,6697,57250,18366,69650,2067
23003,23,003,"Aroostook County, Maine",29375,7061,,,,,48125,47011,57009,2000
23005,23,005,"Cumberland County, Maine",76290,39302,82169,20521,49623,6951,82764,12118,98395,2848
23007,23,007,"Franklin County, Maine",,,49083,32259,,,,,58226,2739
23009,23,009,"Hancock County, Maine",,,120300,48958,59375,54534,,,73324,3283
23011,23,011,"Kennebec County, Maine",72647,25268,49565,30311,45230,16863,80139,30210,69339,2514
23013,23,013,"Knox County, Maine",,,121500,51129,,,72778,60946,74080,3854
23015,23,015,"Lincoln County, Maine",,,,,,,76417,44989,77121,4920
23017,23,017,"Oxford County, Maine",95208,8675,115375,73135,152386,41517,81250,30544,61298,3390
23019,23,019,"Penobscot County, Maine",86016,18638,54732,19979,68458,26130,75870,27307,66411,1947
23021,23,021,"Piscataquis County, Maine",68250,9976,,,,,74302,5525,58100,5680
23023,23,023,"Sagadahoc County, Maine",,,90625,4976,111250,32741,91498,32940,87200,5277
23025,23,025,"Somerset County, Maine",100815,8481,70471,21668,167958,94129,90359,19700,57497,3139
23027,23,027,"Waldo County, Maine",106094,46761,127813,123318,128182,69849,76563,43600,73024,3653
23029,23,029,"Washington County, Maine",29038,7547,70714,20637,98229,18300,61071,30616,57165,2624
23031,23,031,"York County, Maine",70568,24291,87865,30474,62165,16669,104500,25230,88370,2781
24001,24,001,"Allegany County, Maryland",67614,52495,85054,59311,24519,18052,53455,19206,60463,2516
24003,24,003,"Anne Arundel County, Maryland",92383,23834,128090,13934,106281,4001,111901,12145,134129,3169
24005,24,005,"Baltimore County, Maryland",49279,20587,107518,6103,79121,1948,80949,9110,101047,2053
24009,24,009,"Calvert County, Maryland",89321,34026,104375,40057,100852,11244,174821,46887,136192,2780
24011,24,011,"Caroline County, Maryland",,,,,43248,4290,61228,9021,73378,4876
24013,24,013,"Carroll County, Maryland",,,104661,8196,119750,15623,108085,27317,117773,4233
24015,24,015,"Cecil County, Maryland",,,116836,9950,72667,29201,67121,25965,97319,5352
24017,24,017,"Charles County, Maryland",85882,33023,146250,21719,124866,4499,120000,12936,120119,6762
24019,24,019,"Dorchester County, Maryland",,,70521,48620,38270,4431,73175,13988,72742,4675
24021,24,021,"Frederick County, Maryland",98824,51617,150587,8700,102165,9039,97934,8462,126301,3630
24023,24,023,"Garrett County, Maryland",38924,3482,215900,103662,,,,,67979,3623
24025,24,025,"Harford County, Maryland",52167,49110,123185,24447,106939,9314,89750,8276,115353,2876
24027,24,027,"Howard County, Maryland",69149,14716,179466,6608,118713,7951,119007,17738,162306,4151
24029,24,029,"Kent County, Maryland",,,214531,116668,40955,13605,,,85887,4669
24031,24,031,"Montgomery County, Maryland",92587,25727,147950,4329,92979,3929,98644,3683,167110,3074
24033,24,033,"Prince George's County, Maryland",84615,23452,110303,8448,100903,1665,92217,3763,116155,4167
24035,24,035,"Queen Anne's County, Maryland",,,,,53534,19257,88056,30469,119208,6184
24037,24,037,"St. Mary's County, Maryland",,,149844,19066,75476,10125,115691,24564,129339,7563
24039,24,039,"Somerset County, Maryland",,,86103,44576,41807,16180,73777,15221,71065,5726
24041,24,041,"Talbot County, Maryland",113304,80833,156339,74435,53347,10463,69500,15315,95859,6617
24043,24,043,"Washington County, Maryland",,,97893,28592,62519,11459,61824,8069,79899,2872
24045,24,045,"Wicomico County, Maryland",81850,19549,71486,12081,64228,6141,77813,20117,80341,3459
24047,24,047,"Worcester County, Maryland",,,94324,9474,40594,6294,50119,39175,89236,5789
24510,24,510,"Baltimore city, Maryland",40104,17283,70580,6874,49186,1469,67290,4777,97355,2859
25001,25,001,"Barnstable County, Massachusetts",99087,32942,114231,97962,75394,10918,97903,20126,97188,3472
25003,25,003,"Berkshire County, Massachusetts",90770,37582,53409,30881,45479,13699,71056,27924,77581,2874
25005,25,005,"Bristol County, Massachusetts",59279,28761,103000,12154,71757,9527,54247,4278,91192,1788
25007,25,007,"Dukes County, Massachusetts",153448,65692,71310,308,,,59130,39748,129145,11923
25009,25,009,"Essex County, Massachusetts",89914,38639,140409,6735,73298,7035,65945,1891,113849,2521
25011,25,011,"Franklin County, Massachusetts",55750,53765,52019,35955,,,76510,29053,75768,2976
25013,25,013,"Hampden County, Massachusetts",56403,30388,68942,14277,57609,3483,40447,2592,85555,2061
25015,25,015,"Hampshire County, Massachusetts",,,77656,24254,54554,39854,61117,4986,89157,3164
25017,25,017,"Middlesex County, Massachusetts",74926,36083,157102,4000,84945,5542,91163,3622,137869,1737
25019,25,019,"Nantucket County, Massachusetts",,,142344,95270,,,136403,72198,153006,16235
25021,25,021,"Norfolk County, Massachusetts",,,140069,6877,96892,11341,112929,10677,136342,3360
25023,25,023,"Plymouth County, Massachusetts",64719,57874,133807,21930,92500,6843,89640,13724,118798,2646
25025,25,025,"Suffolk County, Massachusetts",68326,14893,80843,5921,60515,2670,65072,5027,127297,3206
25027,25,027,"Worcester County, Massachusetts",76607,33234,137648,9684,75168,6277,60143,4773,101879,1654
26001,26,001,"Alcona County, Michigan",53750,49354,100550,7595,,,48906,37247,54930,1547
26003,26,003,"Alger County, Michigan",,,,,,,85694,6282,61540,1905
26005,26,005,"Allegan County, Michigan",90536,33956,85543,38134,73375,35125,77854,14631,83892,2776
26007,26,007,"Alpena County, Michigan",28750,26355,85769,21268,82717,75414,53574,1949,54948,3273
26009,26,009,"Antrim County, Michigan",41442,12594,,,223295,210713,49091,11716,72578,3198
26011,26,011,"Arenac County, Michigan",57778,29093,,,,,58438,17275,59164,2121
26013,26,013,"Baraga County, Michigan",62000,16284,76250,49526,,,59821,23775,55149,5850
26015,26,015,"Barry County, Michigan",51793,28559,,,60926,17249,45568,15120,78740,3905
26017,26,017,"Bay County, Michigan",93500,7324,71750,20738,43799,29421,59375,5560,61859,2747
26019,26,019,"Benzie County, Michigan",112639,79740,33438,25097,61364,36102,,,75498,3204
26021,26,021,"Berrien County, Michigan",74519,74066,108214,30921,33213,4133,62853,4591,71839,2214
26023,26,023,"Branch County, Michigan",117875,40346,,,59688,28913,51125,25947,64078,1924
26025,26,025,"Calhoun County, Michigan",35536,30654,69044,21797,40176,5530,63010,9716,67258,2132
26027,26,027,"Cass County, Michigan",77500,42108,,,49485,19759,73438,25104,71544,3860
26029,26,029,"Charlevoix County, Michigan",67813,20479,68750,16885,41506,655,73036,51204,76943,3437
26031,26,031,"Cheboygan County, Michigan",51827,23060,73333,38666,78810,27681,61635,20306,63092,3566
26033,26,033,"Chippewa County, Michigan",53561,5017,99583,33949,,,50313,25784,63853,1985
26035,26,035,"Clare County, Michigan",44196,5911,,,,,56607,29267,49613,2727
26037,26,037,"Clinton County, Michigan",,,42356,25450,85538,23091,90733,27702,88533,4691
26039,26,039,"Crawford County, Michigan",,,,,,,22440,20241,61028,4236
26041,26,041,"Delta County, Michigan",44036,4880,,,,,85793,34435,58186,3373
26043,26,043,"Dickinson County, Michigan",61379,327,,,,,46860,2801,66420,4428
26045,26,045,"Eaton County, Michigan",88750,85385,96635,15276,52047,10539,73966,24432,82743,2021
26047,26,047,"Emmet County, Michigan",84097,16493,109038,17395,42241,40543,67902,21858,78763,5151
26049,26,049,"Genesee County, Michigan",59271,16499,47152,13531,39573,2271,60670,4874,69865,1587
26051,26,051,"Gladwin County, Michigan",,,40625,24707,,,50481,26765,55935,2099
26053,26,053,"Gogebic County, Michigan",62917,25300,,,,,,,52699,3790
26055,26,055,"Grand Traverse County, Michigan",100511,53437,100761,89340,96375,1463,74651,34654,81875,3060
26057,26,057,"Gratiot County, Michigan",,,73623,378,,,46201,5870,64103,2226
26059,26,059,"Hillsdale County, Michigan",115469,53894,,,,,67228,9080,63970,3065
26061,26,061,"Houghton County, Michigan",26321,650,,,,,32411,9750,60154,3737
26063,26,063,"Huron County, Michigan",92813,83771,171080,89645,,,61389,15099,58816,2562
26065,26,065,"Ingham County, Michigan",49250,15113,57834,5101,43644,5582,58574,4709,72331,1683
26067,26,067,"Ionia County, Michigan",3571,1454,,,,,79929,20923,73675,3293
26069,26,069,"Iosco County, Michigan",60000,39532,98750,96636,26056,1296,66771,34931,50229,2121
26071,26,071,"Iron County, Michigan",53958,27142,165625,44817,,,,,56095,3109
26073,26,073,"Isabella County, Michigan",59698,10042,91823,32602,42092,19788,50027,7046,55756,2138
26075,26,075,"Jackson County, Michigan",,,92956,21585,35190,7511,59980,6462,69646,2951
26077,26,077,"Kalamazoo County, Michigan",53041,18310,89286,19863,40645,2777,65395,13540,78060,1761
26079,26,079,"Kalkaska County, Michigan",,,,,,,87500,10971,67970,4460
26081,26,081,"Kent County, Michigan",73750,21936,94983,11003,49292,3199,67303,3625,88800,1619
26083,26,083,"Keweenaw County, Michigan",,,,,,,,,51971,5628
26085,26,085,"Lake County, Michigan",57943,14159,,,33359,26381,55731,6323,48485,3229
26087,26,087,"Lapeer County, Michigan",72039,28713,200357,183475,24131,10749,66688,10679,78508,1710
26089,26,089,"Leelanau County, Michigan",48250,25471,,,,,103750,32287,100662,5029
26091,26,091,"Lenawee County, Michigan",,,111250,73813,50580,38858,50337,5169,71691,1861
26093,26,093,"Livingston County, Michigan",74609,51777,110000,53117,59500,55635,94874,7540,103221,1767
26095,26,095,"Luce County, Michigan",31744,6014,,,,,,,55050,2230
26097,26,097,"Mackinac County, Michigan",63370,12422,40500,10196,,,69643,38302,64277,4563
26099,26,099,"Macomb County, Michigan",57050,13814,92082,6605,59908,4483,80026,5347,80782,1182
26101,26,101,"Manistee County, Michigan",34760,27809,,,,,,,63378,2595
26103,26,103,"Marquette County, Michigan",59444,39728,,,,,67941,20680,65554,3178
26105,26,105,"Mason County, Michigan",36719,14236,,,,,66029,17702,64438,3480
26107,26,107,"Mecosta County, Michigan",26818,13088,71250,39929,11458,6345,49837,8543,62150,2214
26109,26,109,"Menominee County, Michigan",44688,7325,27708,26141,,,,,57420,3930
26111,26,111,"Midland County, Michigan",,,103190,31255,36523,29545,71528,55393,78533,2318
26113,26,113,"Missaukee County, Michigan",,,,,37083,25222,68938,7847,67926,3924
26115,26,115,"Monroe County, Michigan",,,84167,56187,28298,6361,89943,24763,78417,2386
26117,26,117,"Montcalm County, Michigan",46667,27011,81691,13707,,,80667,25436,67590,2232
26119,26,119,"Montmorency County, Michigan",47727,19536,,,,,77794,44431,50763,3697
26121,26,121,"Muskegon County, Michigan",49944,13311,83750,26273,34353,3908,65469,10907,70345,2194
26123,26,123,"Newaygo County, Michigan",53125,51180,32000,28375,42000,5551,66667,15325,62613,2989
26125,26,125,"Oakland County, Michigan",57734,30009,141905,6260,62718,2343,86862,3751,102588,1413
26127,26,127,"Oceana County, Michigan",42250,12908,63750,1092,,,60917,8627,63302,4099
26129,26,129,"Ogemaw County, Michigan",30938,10500,,,,,56250,38308,54251,2364
26131,26,131,"Ontonagon County, Michigan",,,,,,,79028,14388,52685,4731
26133,26,133,"Osceola County, Michigan",60833,25337,,,,,76607,18689,58500,2070
26135,26,135,"Oscoda County, Michigan",68750,558,,,,,,,49260,3554
26137,26,137,"Otsego County, Michigan",,,,,,,,,67583,5114
26139,26,139,"Ottawa County, Michigan",125140,44951,92228,11135,50341,11384,75666,6483,92554,1836
26141,26,141,"Presque Isle County, Michigan",46979,16592,,,,,45938,26825,58529,3658
26143,26,143,"Roscommon County, Michigan",,,26429,695,,,38750,21318,56362,2303
26145,26,145,"Saginaw County, Michigan",50893,24894,104483,18559,36038,4178,50954,4962,67678,2030
26147,26,147,"St. Clair County, Michigan",,,61354,14940,40125,10718,87639,19973,71899,1545
26149,26,149,"St. Joseph County, Michigan",71020,1517,78558,45013,55461,11595,82356,8419,65576,3042
26151,26,151,"Sanilac County, Michigan",79375,22809,,,,,64917,21587,59022,1807
26153,26,153,"Schoolcraft County, Michigan",86875,37415,45833,937,,,39044,7787,56358,3080
26155,26,155,"Shiawassee County, Michigan",59500,58674,75625,3101,,,62188,18587,66778,2625
26157,26,157,"Tuscola County, Michigan",,,52679,16143,22692,2372,65221,9984,64167,1890
26159,26,159,"Van Buren County, Michigan",60417,23276,91000,87109,31161,14324,60395,7330,69627,2394
26161,26,161,"Washtenaw County, Michigan",91250,20403,95969,7497,54590,3459,78616,4964,96479,2691
26163,26,163,"Wayne County, Michigan",46300,3959,106663,3550,41742,752,60676,3043,77881,1118
26165,26,165,"Wexford County, Michigan",60536,26679,128047,67397,,,103036,16290,60266,3086
27001,27,001,"Aitkin County, Minnesota",32500,17165,151250,29795,58333,56425,54250,7360,61368,1994
27003,27,003,"Anoka County, Minnesota",118750,38650,120823,12610,73650,7006,81175,2143,103834,1521
27005,27,005,"Becker County, Minnesota",36850,5871,,,36981,24602,37045,6311,74647,3791
27007,27,007,"Beltrami County, Minnesota",53918,10559,107778,53761,62083,38597,45396,17578,74024,3601
27009,27,009,"Benton County, Minnesota",103214,98654,69196,21718,48163,13367,78906,20297,80093,4193
27011,27,011,"Big Stone County, Minnesota",,,91042,58334,,,58977,36201,69276,6522
27013,27,013,"Blue Earth County, Minnesota",,,86625,31451,47595,42928,68920,20802,78005,3535
27015,27,015,"Brown County, Minnesota",,,58839,17276,,,66798,7206,69853,3124
27017,27,017,"Carlton County, Minnesota",44681,4429,98750,31819,"250,000+",,,,83449,3041
27019,27,019,"Carver County, Minnesota",,,123816,19451,73389,18743,106625,21135,127202,3868
27021,27,021,"Cass County, Minnesota",45662,8313,74063,53512,80938,43739,97813,56260,71466,1598
27023,27,023,"Chippewa County, Minnesota",29896,7730,,,,,74274,12009,72839,3991
27025,27,025,"Chisago County, Minnesota",83650,561,110694,28143,131429,44224,78552,9858,99922,4518
27027,27,027,"Clay County, Minnesota",,,82083,23977,38957,3420,93414,13364,83093,3414
27029,27,029,"Clearwater County, Minnesota",48182,15816,75000,65034,,,100625,29760,65074,2755
27031,27,031,"Cook County, Minnesota",46806,7581,228417,104250,,,,,73974,2580
27033,27,033,"Cottonwood County, Minnesota",,,,,,,71635,20302,73368,5291
27035,27,035,"Crow Wing County, Minnesota",93056,54397,,,101154,39701,97891,9596,71777,2564
27037,27,037,"Dakota County, Minnesota",76635,6472,123667,12099,79960,8864,77186,8352,109354,1438
27039,27,039,"Dodge County, Minnesota",,,100795,50595,17768,6915,65938,22850,96500,3759
27041,27,041,"Douglas County, Minnesota",132500,88571,101477,28242,,,70208,21683,79322,3174
27043,27,043,"Faribault County, Minnesota",,,89063,45740,,,52837,4404,70074,4260
27045,27,045,"Fillmore County, Minnesota",66875,32955,73274,5603,,,97917,62043,77365,2415
27047,27,047,"Freeborn County, Minnesota",71382,955,51985,27707,33667,28017,58304,25573,71784,1725
27049,27,049,"Goodhue County, Minnesota",74583,47374,,,,,84665,11830,84990,3268
27051,27,051,"Grant County, Minnesota",,,,,,,94063,20552,75111,4548
27053,27,053,"Hennepin County, Minnesota",64322,8166,110913,4836,53740,2024,82171,5805,107397,1521
27055,27,055,"Houston County, Minnesota",166250,256,232656,27020,,,,,79759,7657
27057,27,057,"Hubbard County, Minnesota",68869,3874,107875,22167,,,,,71813,2485
27059,27,059,"Isanti County, Minnesota",95833,92330,118465,13203,,,75189,6566,89137,4517
27061,27,061,"Itasca County, Minnesota",33333,15445,76250,57591,153413,95779,66905,21371,70301,3757
27063,27,063,"Jackson County, Minnesota",,,108170,45715,,,116060,1334,75291,3628
27065,27,065,"Kanabec County, Minnesota",,,140000,132746,85417,73540,101471,14125,69842,3963
27067,27,067,"Kandiyohi County, Minnesota",,,82750,27023,42232,40340,60211,4957,83864,3586
27069,27,069,"Kittson County, Minnesota",,,,,,,39911,25343,78278,4863
27071,27,071,"Koochiching County, Minnesota",60750,44995,66029,10523,,,54375,12861,68929,5831
27073,27,073,"Lac qui Parle County, Minnesota",,,,,,,45833,23655,76250,3463
27075,27,075,"Lake County, Minnesota",,,,,,,79922,3090,75087,4559
27077,27,077,"Lake of the Woods County, Minnesota",,,,,,,,,80862,12683
27079,27,079,"Le Sueur County, Minnesota",,,120795,24687,,,89688,30051,95518,4138
27081,27,081,"Lincoln County, Minnesota",,,,,,,,,69688,3625
27083,27,083,"Lyon County, Minnesota",80933,835,59531,36792,35272,24576,51507,15630,76455,2752
27085,27,085,"McLeod County, Minnesota",77396,2049,168795,130191,152993,78836,59877,17857,80079,3926
27087,27,087,"Mahnomen County, Minnesota",44063,4824,35833,19826,,,68438,40261,68438,7664
27089,27,089,"Marshall County, Minnesota",,,,,103194,58188,50000,7784,72926,2283
27091,27,091,"Martin County, Minnesota",120000,75002,54318,38869,,,39731,10928,61957,4293
27093,27,093,"Meeker County, Minnesota",68021,64898,,,,,70349,3461,76338,2805
27095,27,095,"Mille Lacs County, Minnesota",54375,6407,27000,20211,,,106250,34486,74580,3989
27097,27,097,"Morrison County, Minnesota",,,68365,12407,50750,25579,80625,56441,69461,4201
27099,27,099,"Mower County, Minnesota",71054,561,73692,7401,44588,39590,69896,12699,75151,4522
27101,27,101,"Murray County, Minnesota",,,75104,17922,,,82500,14481,73396,4028
27103,27,103,"Nicollet County, Minnesota",58883,640,145739,78263,,,71392,11728,78720,5787
27105,27,105,"Nobles County, Minnesota",,,53443,8630,61170,1291,59259,2768,74304,7678
27107,27,107,"Norman County, Minnesota",68750,36584,,,73750,920,52500,8150,71946,3691
27109,27,109,"Olmsted County, Minnesota",24432,21492,111861,10132,54632,16170,71296,15210,102005,3494
27111,27,111,"Otter Tail County, Minnesota",,,,,103083,41305,42768,25229,72747,1967
27113,27,113,"Pennington County, Minnesota",,,,,,,49750,45889,77560,5125
27115,27,115,"Pine County, Minnesota",31161,12463,67917,45021,160417,30006,63750,37025,71650,2902
27117,27,117,"Pipestone County, Minnesota",56550,13001,64167,30287,,,71711,52162,73068,5234
27119,27,119,"Polk County, Minnesota",124718,5006,81806,79472,,,37686,11064,76201,3598
27121,27,121,"Pope County, Minnesota",,,,,,,22344,8392,76350,1792
27123,27,123,"Ramsey County, Minnesota",39671,11501,83017,5548,48199,3262,65520,5987,91340,1516
27125,27,125,"Red Lake County, Minnesota",63977,836,,,,,,,78208,5343
27127,27,127,"Redwood County, Minnesota",40833,14162,28750,17834,95536,54554,79688,46908,69762,4608
27129,27,129,"Renville County, Minnesota",40750,15623,,,"2,500",,54821,10012,73952,2455
27131,27,131,"Rice County, Minnesota",26445,338,84213,35706,34619,3946,61851,8026,87749,4415
27133,27,133,"Rock County, Minnesota",,,68403,8038,,,48462,46159,73963,9218
27135,27,135,"Roseau County, Minnesota",26125,840,,,,,80057,34644,74605,6645
27137,27,137,"St. Louis County, Minnesota",39539,18981,60469,12214,35417,8001,55491,10781,71493,1714
27139,27,139,"Scott County, Minnesota",217660,135065,147652,31033,78438,20946,82069,20563,121305,4858
27141,27,141,"Sherburne County, Minnesota","250,000+",,119028,31747,66636,14589,119898,47638,106866,3502
27143,27,143,"Sibley County, Minnesota",69250,63133,,,56389,20524,47321,18255,80536,3078
27145,27,145,"Stearns County, Minnesota",56607,26817,49202,31614,56087,13139,77917,7005,79365,1627
27147,27,147,"Steele County, Minnesota",,,96500,79305,42358,22837,55475,20465,89007,3403
27149,27,149,"Stevens County, Minnesota",12778,2323,,,23167,4733,95000,13907,79279,6091
27151,27,151,"Swift County, Minnesota",73594,26917,,,,,27866,13622,61648,3558
27153,27,153,"Todd County, Minnesota",72917,25045,,,,,53786,29107,69601,3293
27155,27,155,"Traverse County, Minnesota",46518,996,,,,,53056,33232,67770,5845
27157,27,157,"Wabasha County, Minnesota",,,,,,,42188,24313,83794,3629
27159,27,159,"Wadena County, Minnesota",,,,,83862,625,68191,12174,59458,3006
27161,27,161,"Waseca County, Minnesota",,,48420,901,88750,9020,58472,48363,77874,4288
27163,27,163,"Washington County, Minnesota",91000,76741,138548,16732,110671,20000,103994,11848,116122,2193
27165,27,165,"Watonwan County, Minnesota",,,,,,,67222,11776,74151,4781
27167,27,167,"Wilkin County, Minnesota",11544,10984,,,,,,,72978,3727
27169,27,169,"Winona County, Minnesota",47277,7663,83542,9474,,,56750,45471,72136,3900
27171,27,171,"Wright County, Minnesota",,,129293,15440,132444,37549,93490,25141,106698,2960
27173,27,173,"Yellow Medicine County, Minnesota",61136,11579,,,140625,127925,54156,12005,76921,6023
28001,28,001,"Adams County, Mississippi",,,,,27925,2560,98636,92282,67449,11315
28003,28,003,"Alcorn County, Mississippi",,,49561,28048,21601,4767,56955,30958,55794,3396
28005,28,005,"Amite County, Mississippi",13869,535,,,26045,5074,,,52196,8868
28007,28,007,"Attala County, Mississippi",,,,,32269,5718,,,67405,6348
28009,28,009,"Benton County, Mississippi",,,,,49750,26710,24214,17127,47012,8229
28011,28,011,"Bolivar County, Mississippi",,,,,29300,3358,44150,10192,65607,9775
28013,28,013,"Calhoun County, Mississippi",,,,,30325,5063,40858,1515,53619,8826
28015,28,015,"Carroll County, Mississippi",,,,,25298,8631,,,75433,9633
28017,28,017,"Chickasaw County, Mississippi",,,,,34334,8794,63594,57835,48858,5584
28019,28,019,"Choctaw County, Mississippi",,,,,32953,7134,,,61471,7724
28021,28,021,"Claiborne County, Mississippi",,,,,27347,5813,,,39773,22888
28023,28,023,"Clarke County, Mississippi",,,,,31473,5809,,,57083,5668
28025,28,025,"Clay County, Mississippi",,,,,30855,4847,33750,6361,64286,8703
28027,28,027,"Coahoma County, Mississippi",78322,58210,,,31848,6565,53636,33430,61898,18660
28029,28,029,"Copiah County, Mississippi",,,,,43798,5174,50568,9652,58958,7454
28031,28,031,"Covington County, Mississippi",,,,,37735,13277,,,56488,13006
28033,28,033,"DeSoto County, Mississippi",44801,13058,88906,19367,71166,6206,66678,9803,95470,2587
28035,28,035,"Forrest County, Mississippi",,,,,34768,3313,57202,6574,69185,4398
28037,28,037,"Franklin County, Mississippi",,,,,26860,13548,,,57126,11427
28039,28,039,"George County, Mississippi",,,,,31594,18095,,,63725,5556
28041,28,041,"Greene County, Mississippi",,,,,32115,18023,28405,4785,58833,5593
28043,28,043,"Grenada County, Mississippi",,,,,34598,6979,,,69708,9887
28045,28,045,"Hancock County, Mississippi",57596,38838,,,28033,9895,50660,9246,72368,5710
28047,28,047,"Harrison County, Mississippi",49458,10195,59688,12196,41898,1905,54087,5376,69330,3176
28049,28,049,"Hinds County, Mississippi",50975,15225,49187,15232,43193,1842,52829,10386,77180,3557
28051,28,051,"Holmes County, Mississippi",,,62083,56664,30348,3054,,,54112,9425
28053,28,053,"Humphreys County, Mississippi",,,,,29095,2654,,,60882,9665
28055,28,055,"Issaquena County, Mississippi",,,,,17163,3400,,,57000,11329
28057,28,057,"Itawamba County, Mississippi",,,,,,,,,54740,6406
28059,28,059,"Jackson County, Mississippi",26460,674,65703,20687,41200,8026,63967,11178,73482,3278
28061,28,061,"Jasper County, Mississippi",,,,,33474,5237,,,59991,4907
28063,28,063,"Jefferson County, Mississippi",,,,,32054,10760,,,,
28065,28,065,"Jefferson Davis County, Mississippi",,,,,38103,9860,13973,3743,39518,12484
28067,28,067,"Jones County, Mississippi",74219,62570,,,37352,4955,37724,6198,64775,5927
28069,28,069,"Kemper County, Mississippi",,,,,40563,10688,,,54333,15063
28071,28,071,"Lafayette County, Mississippi",,,,,44289,10713,85690,36373,78275,7050
28073,28,073,"Lamar County, Mississippi",3480,2049,108979,17512,49660,11106,50357,30304,75715,5669
28075,28,075,"Lauderdale County, Mississippi",50650,44018,53088,30869,31049,3500,58413,48364,70034,4326
28077,28,077,"Lawrence County, Mississippi",31384,668,,,31061,6521,53556,11221,49758,7775
28079,28,079,"Leake County, Mississippi",62203,23620,,,47110,5824,,,52500,7463
28081,28,081,"Lee County, Mississippi",5750,5581,107353,10724,43210,6346,48254,21372,80970,5173
28083,28,083,"Leflore County, Mississippi",,,,,28052,2810,88406,30587,69198,16603
28085,28,085,"Lincoln County, Mississippi",,,44730,30752,33771,5646,16763,2838,62833,6537
28087,28,087,"Lowndes County, Mississippi",,,,,37672,5302,84242,24363,70703,5737
28089,28,089,"Madison County, Mississippi",,,86806,14656,51501,4950,63088,8554,111532,6514
28091,28,091,"Marion County, Mississippi",,,,,33913,5682,,,51779,5471
28093,28,093,"Marshall County, Mississippi",47679,39261,,,45504,6903,59559,20251,60770,5718
28095,28,095,"Monroe County, Mississippi",,,18000,16536,33449,11145,44500,6757,63960,3055
28097,28,097,"Montgomery County, Mississippi",,,,,22382,5943,,,73860,18648
28099,28,099,"Neshoba County, Mississippi",51489,10852,,,34429,4462,103945,57364,67884,9597
28101,28,101,"Newton County, Mississippi",27996,19385,,,35862,5161,"250,000+",,62045,5235
28103,28,103,"Noxubee County, Mississippi",,,,,28184,11948,,,59891,19671
28105,28,105,"Oktibbeha County, Mississippi",,,23025,12916,37835,6247,35625,27416,56535,9125
28107,28,107,"Panola County, Mississippi",,,,,34375,6104,,,60882,6660
28109,28,109,"Pearl River County, Mississippi",47950,18376,88438,53178,36183,7637,69078,17471,60790,3928
28111,28,111,"Perry County, Mississippi",,,,,33719,5285,49091,13936,48718,10415
28113,28,113,"Pike County, Mississippi",,,100972,98643,34985,7433,21595,18122,56644,6605
28115,28,115,"Pontotoc County, Mississippi",,,,,35233,6115,37952,4522,59800,6884
28117,28,117,"Prentiss County, Mississippi",,,,,44349,13683,49954,25059,50101,4714
28119,28,119,"Quitman County, Mississippi",,,,,27262,7517,,,60872,15320
28121,28,121,"Rankin County, Mississippi",61465,23038,130202,22466,68727,5051,67606,15562,84726,4523
28123,28,123,"Scott County, Mississippi",,,,,30069,7832,46719,17367,68159,11774
28125,28,125,"Sharkey County, Mississippi",,,,,31269,5855,,,83125,40406
28127,28,127,"Simpson County, Mississippi",,,,,44550,5413,,,64163,6631
28129,28,129,"Smith County, Mississippi",,,,,54519,33064,,,63427,7133
28131,28,131,"Stone County, Mississippi",,,,,26528,7313,98750,87555,68871,6123
28133,28,133,"Sunflower County, Mississippi",,,,,31078,7238,47181,15919,86569,10050
28135,28,135,"Tallahatchie County, Mississippi",,,,,35211,5956,,,46540,10247
28137,28,137,"Tate County, Mississippi",,,,,43060,5521,93180,33802,76734,6725
28139,28,139,"Tippah County, Mississippi",,,,,49393,9994,34083,4142,55764,8494
28141,28,141,"Tishomingo County, Mississippi",,,"2,500",,,,22688,9608,55385,6192
28143,28,143,"Tunica County, Mississippi",,,,,38765,4871,,,46300,11684
28145,28,145,"Union County, Mississippi",,,,,48482,19063,45644,7045,58418,6496
28147,28,147,"Walthall County, Mississippi",,,,,35904,9793,49349,22545,60396,9594
28149,28,149,"Warren County, Mississippi",,,59141,38254,43230,4356,54519,47471,84808,7963
28151,28,151,"Washington County, Mississippi",,,88655,1313,32552,3173,65803,44991,62746,10459
28153,28,153,"Wayne County, Mississippi",,,,,25455,4601,,,51037,7437
28155,28,155,"Webster County, Mississippi",,,,,53138,28930,,,61447,7740
28157,28,157,"Wilkinson County, Mississippi",,,,,26214,4719,,,62391,9253
28159,28,159,"Winston County, Mississippi",42500,38690,,,33306,6250,,,70806,6887
28161,28,161,"Yalobusha County, Mississippi",,,,,30536,8317,68493,20409,63522,5580
28163,28,163,"Yazoo County, Mississippi",,,,,28460,4774,,,67882,7854
29001,29,001,"Adair County, Missouri",,,,,62945,5634,,,62270,5877
29003,29,003,"Andrew County, Missouri",,,,,71786,58070,101250,34005,75336,4767
29005,29,005,"Atchison County, Missouri",,,,,,,77143,49045,60602,8235
29007,29,007,"Audrain County, Missouri",,,,,29805,13650,55598,35889,61305,6143
29009,29,009,"Barry County, Missouri",60066,29144,123359,78326,,,70750,8711,58977,2759
29011,29,011,"Barton County, Missouri",37679,8510,,,,,,,52416,5330
29013,29,013,"Bates County, Missouri",15417,14577,83333,42126,40439,38460,,,62537,5528
29015,29,015,"Benton County, Missouri",,,,,,,30909,28664,52955,3024
29017,29,017,"Bollinger County, Missouri",,,,,,,82143,11600,67222,13579
29019,29,019,"Boone County, Missouri",103393,19210,83944,11088,46285,9567,59838,6516,75737,1701
29021,29,021,"Buchanan County, Missouri",,,65775,4307,31813,29350,71000,20260,63693,2560
29023,29,023,"Butler County, Missouri",,,26714,20355,18977,12611,,,51969,4423
29025,29,025,"Caldwell County, Missouri",128500,119296,,,31250,951,86250,21374,64082,4786
29027,29,027,"Callaway County, Missouri",73929,73454,,,26905,13364,96919,29343,74839,2801
29029,29,029,"Camden County, Missouri",30833,19295,,,,,85179,39669,66017,4832
29031,29,031,"Cape Girardeau County, Missouri",,,64926,55255,41816,7324,,,71490,2049
29033,29,033,"Carroll County, Missouri",,,,,55966,44327,,,64067,4205
29035,29,035,"Carter County, Missouri",,,,,,,,,50866,8115
29037,29,037,"Cass County, Missouri",49309,14117,100234,57448,63574,8336,84797,6464,89768,3571
29039,29,039,"Cedar County, Missouri",44306,33881,,,,,77898,28029,48651,5028
29041,29,041,"Chariton County, Missouri",,,,,28750,23538,,,71307,3762
29043,29,043,"Christian County, Missouri",88603,17616,97868,43876,94958,65331,72750,35352,83735,2620
29045,29,045,"Clark County, Missouri",,,,,51250,11656,,,51635,3468
29047,29,047,"Clay County, Missouri",53611,33015,103918,8137,55035,5960,76450,7443,93254,2191
29049,29,049,"Clinton County, Missouri",,,,,43500,41593,66667,21495,71189,3233
29051,29,051,"Cole County, Missouri",59265,50290,103864,54558,61232,12534,66949,28062,76941,4421
29053,29,053,"Cooper County, Missouri",,,,,43125,11290,62536,47534,74481,3252
29055,29,055,"Crawford County, Missouri",62813,11722,,,,,70268,44703,58757,4775
29057,29,057,"Dade County, Missouri",23913,553,,,,,,,55069,4958
29059,29,059,"Dallas County, Missouri",76042,27674,,,,,101360,9918,52413,9602
29061,29,061,"Daviess County, Missouri",,,,,,,,,64258,2592
29063,29,063,"DeKalb County, Missouri",,,,,,,111875,95361,71296,12565
29065,29,065,"Dent County, Missouri",,,,,,,59375,50367,58182,6127
29067,29,067,"Douglas County, Missouri",88839,85368,,,,,,,46525,4560
29069,29,069,"Dunklin County, Missouri",,,,,31250,12799,50685,10233,51185,6447
29071,29,071,"Franklin County, Missouri",75938,19587,82917,41331,59602,33621,81484,25293,73570,2597
29073,29,073,"Gasconade County, Missouri",,,,,,,58929,1608,64826,5158
29075,29,075,"Gentry County, Missouri",,,,,,,103125,45029,54651,4140
29077,29,077,"Greene County, Missouri",62426,24339,60281,4342,35998,7002,60528,7292,62757,1390
29079,29,079,"Grundy County, Missouri",,,,,,,30464,14838,53125,5083
29081,29,081,"Harrison County, Missouri",41750,24160,,,,,,,53972,4394
29083,29,083,"Henry County, Missouri",31250,5288,"250,000+",,79018,12308,84911,21826,58628,4793
29085,29,085,"Hickory County, Missouri",,,,,,,72250,54076,39205,2908
29087,29,087,"Holt County, Missouri",,,,,,,80938,71359,61149,1554
29089,29,089,"Howard County, Missouri",,,,,32656,18230,70192,62049,66563,6467
29091,29,091,"Howell County, Missouri",,,36719,17770,,,39018,14873,51482,2294
29093,29,093,"Iron County, Missouri",,,,,33750,21674,,,49713,5438
29095,29,095,"Jackson County, Missouri",68720,16268,68050,6018,43009,1804,60505,3126,81311,1459
29097,29,097,"Jasper County, Missouri",47232,31073,51941,9724,47649,21880,51591,4830,62770,3316
29099,29,099,"Jefferson County, Missouri",64135,23249,69877,38853,48563,29118,76792,25371,83902,2449
29101,29,101,"Johnson County, Missouri",,,38750,28174,70081,17678,66794,5685,68408,4434
29103,29,103,"Knox County, Missouri",,,,,,,,,58702,8776
29105,29,105,"Laclede County, Missouri","2,500",,95363,56669,38913,26309,82990,43053,53154,2775
29107,29,107,"Lafayette County, Missouri",115313,54477,,,70169,48799,,,82287,7613
29109,29,109,"Lawrence County, Missouri",71875,44559,100208,95190,,,57500,23573,61733,4571
29111,29,111,"Lewis County, Missouri",,,,,,,,,59480,4146
29113,29,113,"Lincoln County, Missouri",191500,128404,53125,20873,46220,16845,39423,14966,90687,3353
29115,29,115,"Linn County, Missouri",,,52344,12603,38468,5222,37868,24360,65113,6487
29117,29,117,"Livingston County, Missouri",,,,,57625,35912,94375,10053,64332,5506
29119,29,119,"McDonald County, Missouri",36680,5548,47260,11569,63063,35533,39952,20115,53785,5615
29121,29,121,"Macon County, Missouri",,,,,82143,47137,35652,10232,62099,4782
29123,29,123,"Madison County, Missouri",,,,,,,,,54707,4826
29125,29,125,"Maries County, Missouri",,,,,,,,,59867,11112
29127,29,127,"Marion County, Missouri",,,,,37422,24320,80200,55855,63389,2968
29129,29,129,"Mercer County, Missouri",,,,,,,,,62634,13504
29131,29,131,"Miller County, Missouri",,,,,30833,6654,33598,798,58544,5582
29133,29,133,"Mississippi County, Missouri",,,,,20000,10397,,,61261,5410
29135,29,135,"Moniteau County, Missouri",,,43929,1862,,,113929,64928,65101,4519
29137,29,137,"Monroe County, Missouri",26905,7431,123750,64155,39196,34247,53333,17556,55469,5631
29139,29,139,"Montgomery County, Missouri",,,,,21250,8824,,,67606,4977
29141,29,141,"Morgan County, Missouri",,,36080,897,"2,500",,125543,32526,52730,5403
29143,29,143,"New Madrid County, Missouri",,,"250,000+",,31208,4270,72344,13510,56199,5717
29145,29,145,"Newton County, Missouri",82115,40224,75145,29163,132333,36971,50385,13248,66903,3442
29147,29,147,"Nodaway County, Missouri",,,"2,500",,31461,9131,66905,35429,60444,3002
29149,29,149,"Oregon County, Missouri",18854,10096,,,,,,,44038,10521
29151,29,151,"Osage County, Missouri",,,,,,,68264,6134,78732,6722
29153,29,153,"Ozark County, Missouri",,,,,,,"2,500",,44849,4316
29155,29,155,"Pemiscot County, Missouri",,,,,19257,5139,113086,67017,52007,5023
29157,29,157,"Perry County, Missouri",,,181019,139264,,,65192,28563,63973,3627
29159,29,159,"Pettis County, Missouri",125833,6365,,,32363,14019,61875,11430,60758,3467
29161,29,161,"Phelps County, Missouri",57961,30824,29801,23627,26994,22421,25268,20810,61078,3230
29163,29,163,"Pike County, Missouri",,,43594,472,36156,4309,97641,72314,56954,5592
29165,29,165,"Platte County, Missouri",117827,28174,118750,17392,85167,15244,69831,21867,98281,3787
29167,29,167,"Polk County, Missouri",32115,27316,61818,40064,,,65500,47494,59296,2952
29169,29,169,"Pulaski County, Missouri",82813,46485,67150,62249,70380,21862,70417,19600,65849,5294
29171,29,171,"Putnam County, Missouri",75556,50194,,,,,63828,30786,64625,9528
29173,29,173,"Ralls County, Missouri",,,,,35714,5938,,,66164,7910
29175,29,175,"Randolph County, Missouri",,,,,41406,28973,38889,20023,55274,6244
29177,29,177,"Ray County, Missouri",116000,13506,26188,577,,,98266,8313,75539,5859
29179,29,179,"Reynolds County, Missouri",,,,,,,13932,484,45625,7062
29181,29,181,"Ripley County, Missouri",,,,,,,78625,32852,42047,4939
29183,29,183,"St. Charles County, Missouri",96136,28991,120948,15034,95135,9459,89936,14428,105561,1337
29185,29,185,"St. Clair County, Missouri",,,,,,,61705,10534,54966,5816
29186,29,186,"Ste. Genevieve County, Missouri",,,,,48750,17933,,,68140,8666
29187,29,187,"St. Francois County, Missouri",,,,,45565,19194,80781,59528,57991,4701
29189,29,189,"St. Louis County, Missouri",71250,16324,116608,4360,54221,1673,70254,4490,96994,1714
29195,29,195,"Saline County, Missouri",,,,,53667,5589,70000,26213,59531,6101
29197,29,197,"Schuyler County, Missouri",,,,,,,,,61250,8473
29199,29,199,"Scotland County, Missouri",,,,,,,,,69783,10357
29201,29,201,"Scott County, Missouri",,,,,34042,6195,,,66943,3013
29203,29,203,"Shannon County, Missouri",,,,,,,,,55889,9890
29205,29,205,"Shelby County, Missouri",,,,,,,65625,56248,51406,4896
29207,29,207,"Stoddard County, Missouri",48500,8629,,,,,48218,10311,58565,3706
29209,29,209,"Stone County, Missouri",46375,8484,50625,33609,93438,51374,47000,14318,64105,2675
29211,29,211,"Sullivan County, Missouri",,,82250,38615,,,57143,19978,56750,4512
29213,29,213,"Taney County, Missouri",31354,26592,72857,23873,,,51707,11915,57109,4334
29215,29,215,"Texas County, Missouri","2,500",,,,56368,9696,38359,4920,49908,4191
29217,29,217,"Vernon County, Missouri",64167,55126,51500,14981,,,60516,29467,52529,3743
29219,29,219,"Warren County, Missouri",,,,,63669,46339,52286,49889,81638,5264
29221,29,221,"Washington County, Missouri",,,,,,,69306,53678,57539,6432
29223,29,223,"Wayne County, Missouri",,,,,,,72381,22763,47577,4435
29225,29,225,"Webster County, Missouri",80577,29292,,,,,58008,13644,71812,3190
29227,29,227,"Worth County, Missouri",,,,,,,24375,18793,48194,11101
29229,29,229,"Wright County, Missouri",,,,,,,48646,32032,50126,3726
29510,29,510,"St. Louis city, Missouri",50383,26239,61530,7560,38162,2156,60914,5106,74433,2408
30001,30,001,"Beaverhead County, Montana",120556,15513,,,,,61223,40478,60836,4175
30003,30,003,"Big Horn County, Montana",56432,7116,,,,,,,69167,7440
30005,30,005,"Blaine County, Montana",57750,20139,,,,,84659,68978,74095,7507
30007,30,007,"Broadwater County, Montana",,,,,,,,,71280,7508
30009,30,009,"Carbon County, Montana",81172,29862,,,,,,,81505,9679
30011,30,011,"Carter County, Montana",,,,,,,,,60132,19989
30013,30,013,"Cascade County, Montana",35373,13760,48737,11342,67986,6245,59450,16186,69508,3287
30015,30,015,"Chouteau County, Montana",43472,11727,,,,,86917,14489,61585,7826
30017,30,017,"Custer County, Montana",,,"250,000+",,,,123750,106146,72238,5475
30019,30,019,"Daniels County, Montana",,,,,,,,,63906,20181
30021,30,021,"Dawson County, Montana",,,32045,29607,,,44698,29214,72669,4996
30023,30,023,"Deer Lodge County, Montana",34194,10936,,,,,,,57707,6220
30025,30,025,"Fallon County, Montana",,,,,,,,,78971,14212
30027,30,027,"Fergus County, Montana",79130,20040,,,,,60956,20481,62604,5027
30029,30,029,"Flathead County, Montana",45500,4538,51125,47920,,,55542,17582,74477,2502
30031,30,031,"Gallatin County, Montana",96625,18007,69375,49179,128662,108170,85793,22666,94271,3678
30033,30,033,"Garfield County, Montana",,,,,,,,,69375,17299
30035,30,035,"Glacier County, Montana",34651,6339,50921,25099,,,,,89900,20743
30037,30,037,"Golden Valley County, Montana",,,,,,,93750,13544,58594,8906
30039,30,039,"Granite County, Montana",,,,,,,112292,54745,59963,12144
30041,30,041,"Hill County, Montana",44853,11156,60682,44293,,,53750,32892,57453,7891
30043,30,043,"Jefferson County, Montana",54125,9136,,,,,,,98917,13540
30045,30,045,"Judith Basin County, Montana",,,,,,,,,61750,9649
30047,30,047,"Lake County, Montana",47526,8401,66568,10275,,,,,66838,5284
30049,30,049,"Lewis and Clark County, Montana",46198,19156,58639,1203,62773,41625,63485,21832,80178,3336
30051,30,051,"Liberty County, Montana",,,,,,,,,56827,11346
30053,30,053,"Lincoln County, Montana",10357,10316,,,,,57708,38735,47403,5179
30055,30,055,"McCone County, Montana",,,,,,,,,70800,13623
30057,30,057,"Madison County, Montana",,,,,,,46582,26954,74979,4640
30059,30,059,"Meagher County, Montana",,,,,,,,,72273,22129
30061,30,061,"Mineral County, Montana",,,,,,,99531,22093,63475,6027
30063,30,063,"Missoula County, Montana",59607,10676,68036,43770,,,67917,13221,77824,2726
30065,30,065,"Musselshell County, Montana",41473,23112,,,,,,,60119,9571
30067,30,067,"Park County, Montana",,,,,,,49613,26934,72690,5828
30069,30,069,"Petroleum County, Montana",,,,,,,,,60208,16682
30071,30,071,"Phillips County, Montana",50089,48160,,,,,,,53861,2433
30073,30,073,"Pondera County, Montana",43068,11969,,,,,18942,4145,56786,7710
30075,30,075,"Powder River County, Montana",,,,,,,,,66667,14947
30077,30,077,"Powell County, Montana",,,146231,213,,,,,61122,10003
30079,30,079,"Prairie County, Montana",,,,,,,,,50766,6010
30081,30,081,"Ravalli County, Montana",46364,33223,104643,45537,,,69875,40569,71494,3807
30083,30,083,"Richland County, Montana",,,103482,18155,,,,,73214,9895
30085,30,085,"Roosevelt County, Montana",35203,8461,120625,7963,,,,,75000,9796
30087,30,087,"Rosebud County, Montana",31087,18044,,,,,,,62583,10265
30089,30,089,"Sanders County, Montana",25938,12749,71063,585,,,44500,14136,60032,7429
30091,30,091,"Sheridan County, Montana",51250,22538,,,,,215542,131699,66538,13201
30093,30,093,"Silver Bow County, Montana",47679,38527,,,,,65417,51513,62656,3744
30095,30,095,"Stillwater County, Montana",,,,,,,,,88190,8850
30097,30,097,"Sweet Grass County, Montana",,,,,,,,,72162,7295
30099,30,099,"Teton County, Montana",85313,71108,,,,,55938,22513,74076,7324
30101,30,101,"Toole County, Montana",,,,,,,40880,33056,62368,8702
30103,30,103,"Treasure County, Montana",,,,,,,,,73750,15379
30105,30,105,"Valley County, Montana",43125,13451,,,,,58750,26954,72900,12825
30107,30,107,"Wheatland County, Montana",,,,,,,,,48636,13863
30109,30,109,"Wibaux County, Montana",,,,,,,,,70000,19685
30111,30,111,"Yellowstone County, Montana",46603,17477,57857,43188,36500,26051,56386,8863,77915,3268
31001,31,001,"Adams County, Nebraska",11750,7374,48750,29479,,,55949,8762,71426,3237
31003,31,003,"Antelope County, Nebraska",,,,,,,44000,36899,66439,3086
31005,31,005,"Arthur County, Nebraska",,,,,,,,,72321,18812
31007,31,007,"Banner County, Nebraska",,,,,,,43611,345,83750,15709
31009,31,009,"Blaine County, Nebraska",,,,,,,,,69583,13269
31011,31,011,"Boone County, Nebraska",,,,,,,68594,24483,76759,6404
31013,31,013,"Box Butte County, Nebraska",84563,42957,,,,,61516,15629,69533,7279
31015,31,015,"Boyd County, Nebraska",,,,,,,,,71083,13040
31017,31,017,"Brown County, Nebraska",,,,,,,,,54050,7616
31019,31,019,"Buffalo County, Nebraska",,,66750,61207,50594,8765,66519,8708,78230,4064
31021,31,021,"Burt County, Nebraska",46042,19275,,,,,,,63699,6386
31023,31,023,"Butler County, Nebraska",,,,,,,87500,21428,77354,9820
31025,31,025,"Cass County, Nebraska",,,,,,,69438,28752,92687,3268
31027,31,027,"Cedar County, Nebraska",,,,,,,55500,27608,73995,7320
31029,31,029,"Chase County, Nebraska",,,,,,,65208,19117,70294,6537
31031,31,031,"Cherry County, Nebraska",75688,15209,,,,,32039,12517,67359,5149
31033,31,033,"Cheyenne County, Nebraska",,,,,,,60691,14906,59776,4545
31035,31,035,"Clay County, Nebraska",,,,,,,80000,6279,79271,7243
31037,31,037,"Colfax County, Nebraska",98205,52573,,,54124,1595,83631,2847,81033,6744
31039,31,039,"Cuming County, Nebraska",,,,,,,71125,30665,71220,5170
31041,31,041,"Custer County, Nebraska",40833,35357,,,41354,15045,,,68669,3289
31043,31,043,"Dakota County, Nebraska",30393,19580,59670,49499,56490,14112,81121,18688,68935,4134
31045,31,045,"Dawes County, Nebraska",,,,,,,,,59241,5772
31047,31,047,"Dawson County, Nebraska",,,88750,39038,68740,7380,75108,9443,69709,6503
31049,31,049,"Deuel County, Nebraska",,,,,,,51250,37264,72000,10156
31051,31,051,"Dixon County, Nebraska",,,,,,,47381,32461,75536,5244
31053,31,053,"Dodge County, Nebraska",46354,33443,89260,41275,36066,19932,80000,26492,74293,5998
31055,31,055,"Douglas County, Nebraska",76875,13481,102042,6596,42944,3471,69691,2444,88367,1660
31057,31,057,"Dundy County, Nebraska",,,,,,,63750,51748,59783,6281
31059,31,059,"Fillmore County, Nebraska",,,,,,,91167,19174,76628,5536
31061,31,061,"Franklin County, Nebraska",132917,116870,,,,,,,60313,5036
31063,31,063,"Frontier County, Nebraska",,,,,,,47000,27592,73106,4730
31065,31,065,"Furnas County, Nebraska",,,,,,,152760,41378,60361,3256
31067,31,067,"Gage County, Nebraska",61000,7729,87216,46646,,,85500,52949,66568,3842
31069,31,069,"Garden County, Nebraska",,,,,,,52750,31966,41841,3717
31071,31,071,"Garfield County, Nebraska",,,,,,,,,63074,5775
31073,31,073,"Gosper County, Nebraska",,,,,,,,,80625,10033
31075,31,075,"Grant County, Nebraska",,,,,,,,,70882,14597
31077,31,077,"Greeley County, Nebraska",,,,,,,,,66375,7998
31079,31,079,"Hall County, Nebraska",60531,16847,70081,25027,19935,16668,62989,4336,73721,4191
31081,31,081,"Hamilton County, Nebraska",,,,,,,124432,64596,84543,6302
31083,31,083,"Harlan County, Nebraska",,,,,,,,,72632,10404
31085,31,085,"Hayes County, Nebraska",,,,,,,85625,69239,62000,15082
31087,31,087,"Hitchcock County, Nebraska",,,,,,,25625,14148,51984,3664
31089,31,089,"Holt County, Nebraska",,,,,,,74659,58995,68319,3316
31091,31,091,"Hooker County, Nebraska",,,,,,,,,47679,6525
31093,31,093,"Howard County, Nebraska",,,,,,,90667,19545,77254,7220
31095,31,095,"Jefferson County, Nebraska",,,,,,,53221,27217,59473,3669
31097,31,097,"Johnson County, Nebraska",,,,,,,47258,46198,62609,7539
31099,31,099,"Kearney County, Nebraska",,,,,,,,,74831,11330
31101,31,101,"Keith County, Nebraska",,,,,,,28068,26846,63429,4515
31103,31,103,"Keya Paha County, Nebraska",,,,,,,,,62250,16470
31105,31,105,"Kimball County, Nebraska",,,,,,,,,55417,6948
31107,31,107,"Knox County, Nebraska",53500,19514,63125,36555,,,,,65972,4263
31109,31,109,"Lancaster County, Nebraska",42981,23683,79203,10597,47927,6238,60885,6542,77916,2032
31111,31,111,"Lincoln County, Nebraska",42820,22598,66771,31987,,,54712,30317,66250,5214
31113,31,113,"Logan County, Nebraska",,,,,,,,,73958,7754
31115,31,115,"Loup County, Nebraska",,,,,,,,,62000,32407
31117,31,117,"McPherson County, Nebraska",,,,,,,,,60417,3693
31119,31,119,"Madison County, Nebraska",39750,12134,51518,20408,33894,963,55273,8075,65445,3143
31121,31,121,"Merrick County, Nebraska",,,,,,,,,68188,6900
31123,31,123,"Morrill County, Nebraska",,,,,,,53810,14872,60709,10076
31125,31,125,"Nance County, Nebraska",,,,,,,50500,18748,65677,6604
31127,31,127,"Nemaha County, Nebraska",,,,,,,18518,1948,61488,4898
31129,31,129,"Nuckolls County, Nebraska",,,,,,,,,77964,6278
31131,31,131,"Otoe County, Nebraska",,,,,,,54844,20437,84592,4825
31133,31,133,"Pawnee County, Nebraska",,,,,,,,,62688,7598
31135,31,135,"Perkins County, Nebraska",,,,,,,67344,22390,73493,5943
31137,31,137,"Phelps County, Nebraska",,,,,,,54345,31938,72521,9493
31139,31,139,"Pierce County, Nebraska",,,,,,,57708,42593,74032,9774
31141,31,141,"Platte County, Nebraska",44500,2778,,,131550,28731,65477,10466,72703,4051
31143,31,143,"Polk County, Nebraska",,,,,,,98846,21846,69098,2521
31145,31,145,"Red Willow County, Nebraska",,,,,,,50787,25423,66342,11324
31147,31,147,"Richardson County, Nebraska",41250,35206,,,,,102875,24587,61236,6236
31149,31,149,"Rock County, Nebraska",,,,,,,,,59688,12960
31151,31,151,"Saline County, Nebraska",,,223589,717,,,81817,17367,78650,4088
31153,31,153,"Sarpy County, Nebraska",87171,25278,91786,19252,75885,12026,80958,12831,107784,2800
31155,31,155,"Saunders County, Nebraska",,,101413,1157,,,,,95637,7990
31157,31,157,"Scotts Bluff County, Nebraska",32835,11190,79650,48754,,,61658,10802,64106,5420
31159,31,159,"Seward County, Nebraska",23750,1692,,,,,102596,53847,82757,3762
31161,31,161,"Sheridan County, Nebraska",57679,24937,,,,,,,60266,6251
31163,31,163,"Sherman County, Nebraska",,,,,,,13490,3934,65347,4801
31165,31,165,"Sioux County, Nebraska",,,,,,,,,54777,9486
31167,31,167,"Stanton County, Nebraska",,,,,,,170574,46734,80792,9302
31169,31,169,"Thayer County, Nebraska",,,,,,,41063,4566,69444,5883
31171,31,171,"Thomas County, Nebraska",,,,,,,,,65769,10012
31173,31,173,"Thurston County, Nebraska",62188,9617,,,,,100313,29427,70250,5625
31175,31,175,"Valley County, Nebraska",,,,,,,,,61458,5059
31177,31,177,"Washington County, Nebraska",,,,,,,116420,20448,94078,8550
31179,31,179,"Wayne County, Nebraska",,,,,,,56094,47116,66539,5523
31181,31,181,"Webster County, Nebraska",,,,,,,39950,20596,68092,8583
31183,31,183,"Wheeler County, Nebraska",,,,,,,110000,73267,68250,13600
31185,31,185,"York County, Nebraska",,,,,,,62865,20775,79303,3646
32001,32,001,"Churchill County, Nevada",41818,14056,73505,42443,95500,37798,65030,18936,87156,5299
32003,32,003,"Clark County, Nevada",75403,9308,87789,2132,53053,2139,70457,1206,84733,1036
32005,32,005,"Douglas County, Nevada",56250,35732,124625,80851,,,79167,7638,92994,6392
32007,32,007,"Elko County, Nevada",31919,10475,96250,74364,115688,89346,53443,9509,95992,5866
32009,32,009,"Esmeralda County, Nevada",,,,,,,,,63929,26098
32011,32,011,"Eureka County, Nevada","2,500",,,,,,,,71723,18024
32013,32,013,"Humboldt County, Nevada",73839,41238,,,,,66555,15465,83406,3439
32015,32,015,"Lander County, Nevada",123750,88392,,,,,64811,7803,89832,16899
32017,32,017,"Lincoln County, Nevada",,,,,,,,,71795,14328
32019,32,019,"Lyon County, Nevada",52604,22411,,,49939,11888,79301,12643,84289,6306
32021,32,021,"Mineral County, Nevada",46875,14302,,,,,50222,33906,62607,16061
32023,32,023,"Nye County, Nevada",23482,10978,92750,84264,39312,9030,69718,23502,60704,7092
32027,32,027,"Pershing County, Nevada",,,,,,,60862,20689,78850,16628
32029,32,029,"Storey County, Nevada",,,,,,,118971,29843,82035,21241
32031,32,031,"Washoe County, Nevada",72984,13626,89478,8379,53050,6860,75411,3454,93781,1682
32033,32,033,"White Pine County, Nevada",33929,6818,,,,,74276,11834,73790,16790
32510,32,510,"Carson City, Nevada",53300,24397,56563,33246,53375,32757,62718,9022,76557,4405
33001,33,001,"Belknap County, New Hampshire",77813,15158,155606,93836,174219,139888,128750,29047,92709,4094
33003,33,003,"Carroll County, New Hampshire",,,103339,763,,,122835,11578,86766,3963
33005,33,005,"Cheshire County, New Hampshire",,,87727,47197,100273,63535,78750,29347,83625,4215
33007,33,007,"Coos County, New Hampshire",,,90000,66497,,,96094,42713,58593,3000
33009,33,009,"Grafton County, New Hampshire",138482,13375,113125,34204,145536,48831,89010,53735,87933,3290
33011,33,011,"Hillsborough County, New Hampshire",76875,52843,135921,19881,76429,17107,80647,4695,105297,1902
33013,33,013,"Merrimack County, New Hampshire",31356,270,106136,60865,77438,23368,64079,41622,97310,2774
33015,33,015,"Rockingham County, New Hampshire",181002,8837,120412,22557,86745,30015,122669,17086,118093,2794
33017,33,017,"Strafford County, New Hampshire",,,78903,9335,50833,14070,105236,42838,91671,4959
33019,33,019,"Sullivan County, New Hampshire",,,,,202917,174444,,,80483,4171
34001,34,001,"Atlantic County, New Jersey",50000,10901,96385,12261,55792,5306,54079,4183,89442,3476
34003,34,003,"Bergen County, New Jersey",73727,22440,148548,5789,101263,6357,97830,4487,132827,2499
34005,34,005,"Burlington County, New Jersey",78056,26148,133631,14576,91437,4536,95789,9117,111585,2453
34007,34,007,"Camden County, New Jersey",70772,27563,109099,11260,61441,1883,60336,4163,105733,2270
34009,34,009,"Cape May County, New Jersey",78343,14593,123542,95004,70577,31905,59026,19371,95002,3215
34011,34,011,"Cumberland County, New Jersey",51386,23924,130391,56226,47446,8530,64303,5554,78131,2796
34013,34,013,"Essex County, New Jersey",67321,22488,171947,13031,59155,2433,65049,3383,133223,4623
34015,34,015,"Gloucester County, New Jersey",,,104935,13823,74726,8406,84948,10780,111156,3144
34017,34,017,"Hudson County, New Jersey",59525,10705,149923,5671,67913,3528,66495,2364,120004,3606
34019,34,019,"Hunterdon County, New Jersey",,,203287,28420,121012,41764,140823,17946,140717,3727
34021,34,021,"Mercer County, New Jersey",49473,30309,194801,10197,62316,7320,73721,6348,115273,5224
34023,34,023,"Middlesex County, New Jersey",83194,13632,164537,3535,96629,4991,82800,2984,108284,2371
34025,34,025,"Monmouth County, New Jersey",103505,8831,179051,12422,70795,7991,102304,10866,130738,3430
34027,34,027,"Morris County, New Jersey",,,172436,10214,104216,19573,98894,7300,142173,3131
34029,34,029,"Ocean County, New Jersey",,,120456,15335,80963,9366,81215,7606,90072,1651
34031,34,031,"Passaic County, New Jersey",77917,30840,113615,11792,54952,4646,66788,2409,114924,2905
34033,34,033,"Salem County, New Jersey",,,89022,829,47005,11120,67955,17080,90430,4275
34035,34,035,"Somerset County, New Jersey",147745,39564,209836,9149,111547,8454,100095,4036,142679,4510
34037,34,037,"Sussex County, New Jersey",,,138482,26040,144286,30786,106398,9179,116122,2777
34039,34,039,"Union County, New Jersey",62401,20406,182381,15735,89554,4923,80109,3419,136124,3920
34041,34,041,"Warren County, New Jersey",,,114250,23749,95756,31334,100637,10813,100790,4214
35001,35,001,"Bernalillo County, New Mexico",54090,3743,88284,10850,58922,7869,62808,1648,77909,2262
35003,35,003,"Catron County, New Mexico",,,,,,,22172,12909,58250,13467
35005,35,005,"Chaves County, New Mexico",40795,20578,117679,34355,30632,13803,49613,4705,60026,7431
35006,35,006,"Cibola County, New Mexico",33319,3755,138107,47379,91400,486,51268,13501,66340,8227
35007,35,007,"Colfax County, New Mexico",,,,,,,43216,7651,60699,2789
35009,35,009,"Curry County, New Mexico",43804,37540,100789,91274,49545,20885,44618,6094,66722,5693
35011,35,011,"De Baca County, New Mexico",,,,,,,,,51000,14533
35013,35,013,"Doña Ana County, New Mexico",55509,38785,41294,28425,39558,6447,50195,3329,72434,6224
35015,35,015,"Eddy County, New Mexico",84494,14596,100714,92649,,,64121,10388,84844,11290
35017,35,017,"Grant County, New Mexico",21047,17220,,,19507,13997,47948,5115,44426,5203
35019,35,019,"Guadalupe County, New Mexico",,,,,,,39188,11300,61053,21324
35021,35,021,"Harding County, New Mexico",,,,,,,40250,17622,58229,7485
35023,35,023,"Hidalgo County, New Mexico",,,,,,,46196,6503,54265,19170
35025,35,025,"Lea County, New Mexico",,,121429,28598,66591,26307,61155,8908,76125,6412
35027,35,027,"Lincoln County, New Mexico",113003,56614,,,88594,77071,41900,12191,57093,6503
35028,35,028,"Los Alamos County, New Mexico",91359,48846,127050,44597,,,93578,39994,156474,6604
35029,35,029,"Luna County, New Mexico",50608,45588,,,,,33302,3581,40208,9445
35031,35,031,"McKinley County, New Mexico",39296,2597,113418,10251,63466,36346,60287,6516,83214,14056
35033,35,033,"Mora County, New Mexico",71226,299,,,,,52863,10289,75472,15454
35035,35,035,"Otero County, New Mexico",32117,4295,98520,40227,44151,12295,51818,6437,60692,6418
35037,35,037,"Quay County, New Mexico",56075,24216,,,,,34266,23785,51628,7825
35039,35,039,"Rio Arriba County, New Mexico",44111,6115,,,83226,42111,59766,5245,57727,21215
35041,35,041,"Roosevelt County, New Mexico",,,130435,89767,,,54059,14136,53095,5740
35043,35,043,"Sandoval County, New Mexico",62419,10943,99850,95842,100139,18243,84704,7859,90674,4313
35045,35,045,"San Juan County, New Mexico",44679,2916,70469,21119,61917,58941,50979,5542,67545,4595
35047,35,047,"San Miguel County, New Mexico",,,,,,,47813,6439,58508,7695
35049,35,049,"Santa Fe County, New Mexico",73603,12915,88393,11379,41500,27572,67783,4103,89468,3399
35051,35,051,"Sierra County, New Mexico",,,,,,,37581,18047,44900,7346
35053,35,053,"Socorro County, New Mexico",11642,5252,103000,21736,,,37702,11937,44102,18006
35055,35,055,"Taos County, New Mexico",43479,10628,88016,54307,,,58646,8507,59056,10053
35057,35,057,"Torrance County, New Mexico",43844,565,,,,,66719,12630,56352,4978
35059,35,059,"Union County, New Mexico",,,,,,,33603,9150,67019,11603
35061,35,061,"Valencia County, New Mexico",67813,17262,53176,52384,,,56126,2270,66259,7403
36001,36,001,"Albany County, New York",,,99720,18809,51950,3221,61004,9702,93818,2301
36003,36,003,"Allegany County, New York",38333,19795,102344,14911,,,42038,16619,63219,2209
36005,36,005,"Bronx County, New York",47392,6215,74012,6799,50010,1774,41962,1116,78005,2900
36007,36,007,"Broome County, New York",63214,3683,59342,16337,37949,6031,49457,17651,65182,2229
36009,36,009,"Cattaraugus County, New York",40958,3292,101663,4995,42656,18986,44153,1911,59958,2051
36011,36,011,"Cayuga County, New York",,,140027,35280,52750,49083,74323,46401,67979,2917
36013,36,013,"Chautauqua County, New York",,,52574,38971,24729,8047,31269,3381,61170,2449
36015,36,015,"Chemung County, New York",,,93494,20750,45526,10184,41463,15145,64813,3390
36017,36,017,"Chenango County, New York",127500,113081,58542,10190,47500,24915,44306,25109,63091,2730
36019,36,019,"Clinton County, New York",,,76369,21013,60588,25995,59148,15557,71637,2711
36021,36,021,"Columbia County, New York",63958,775,119250,46061,33281,14584,54479,15869,85939,6604
36023,36,023,"Cortland County, New York","2,500",,61394,28508,,,38678,13810,71849,2849
36025,36,025,"Delaware County, New York",,,54219,19076,,,53634,25722,63792,3157
36027,36,027,"Dutchess County, New York",98611,33681,120846,13422,63709,3735,75865,6532,107273,3003
36029,36,029,"Erie County, New York",45347,9036,55614,3722,43847,2879,44280,3478,81728,1397
36031,36,031,"Essex County, New York",98250,23187,130662,8514,,,82708,36884,72311,4900
36033,36,033,"Franklin County, New York",51165,13195,,,80556,47286,61375,43127,67278,3233
36035,36,035,"Fulton County, New York",,,120227,79980,,,46678,22517,67258,2811
36037,36,037,"Genesee County, New York",56875,40636,,,,,68571,21618,73931,3058
36039,36,039,"Greene County, New York",,,92222,36481,50917,31952,69675,20128,79691,6239
36041,36,041,"Hamilton County, New York",,,,,,,7969,4713,69972,4945
36043,36,043,"Herkimer County, New York",93750,51331,47375,31882,22866,2127,60000,49006,70176,3140
36045,36,045,"Jefferson County, New York",76590,17472,83578,7463,50054,14350,58728,9925,68736,3489
36047,36,047,"Kings County, New York",62945,7389,89381,2681,63164,1557,60923,1664,106099,2140
36049,36,049,"Lewis County, New York",,,76010,2349,55417,1935,55313,28912,68125,4003
36051,36,051,"Livingston County, New York",,,63393,47352,64327,17365,79427,42896,74083,2236
36053,36,053,"Madison County, New York",48000,27731,114000,28190,95125,57704,56719,15780,74913,3614
36055,36,055,"Monroe County, New York",59231,22217,72946,6763,42345,1916,49103,3231,87410,1532
36057,36,057,"Montgomery County, New York",28971,573,,,,,56037,10952,66582,4239
36059,36,059,"Nassau County, New York",148712,31018,173750,5017,133815,3690,129548,5596,149366,2884
36061,36,061,"New York County, New York",47074,18912,108217,4340,44993,2842,51820,1801,154440,3564
36063,36,063,"Niagara County, New York",67778,27242,54712,15896,42950,6355,55691,16057,73061,2396
36065,36,065,"Oneida County, New York",,,58484,9519,30785,8447,57846,10990,74699,2094
36067,36,067,"Onondaga County, New York",41275,5062,79602,9045,39955,4429,53705,6306,83506,1300
36069,36,069,"Ontario County, New York",11397,539,106964,44233,79363,13312,68159,4233,83237,3607
36071,36,071,"Orange County, New York",83373,13183,101989,12614,88851,8422,97363,4351,98603,3102
36073,36,073,"Orleans County, New York",55263,25597,92778,86195,106618,49682,64327,45003,65821,3012
36075,36,075,"Oswego County, New York",,,69115,19672,41964,28650,41146,12352,70142,2409
36077,36,077,"Otsego County, New York",,,57191,14156,33864,24997,61153,7426,70145,3849
36079,36,079,"Putnam County, New York",227782,133935,115481,27122,108311,17310,119167,18704,128847,5662
36081,36,081,"Queens County, New York",84068,4498,85429,1813,82975,2039,76077,1504,97271,1966
36083,36,083,"Rensselaer County, New York",141607,20439,85114,27863,46644,10625,80809,15310,91504,2600
36085,36,085,"Richmond County, New York",102500,19219,91424,4293,66495,5193,82764,7029,109374,2641
36087,36,087,"Rockland County, New York",95938,36594,159816,11556,103352,16222,90277,5913,112859,3707
36089,36,089,"St. Lawrence County, New York",36065,1781,61292,29392,54231,34812,63152,14807,63257,3278
36091,36,091,"Saratoga County, New York",79808,48637,182923,15649,84063,9636,90500,11233,100292,3314
36093,36,093,"Schenectady County, New York",68000,2580,95248,22734,51910,11745,59538,9946,85650,2218
36095,36,095,"Schoharie County, New York",,,,,,,53500,20642,71325,3573
36097,36,097,"Schuyler County, New York",33194,13637,,,52955,25139,85625,35406,68096,4863
36099,36,099,"Seneca County, New York",,,153594,27906,,,35602,34441,68679,2407
36101,36,101,"Steuben County, New York",,,120489,25106,42500,9245,58333,18316,65787,2515
36103,36,103,"Suffolk County, New York",83912,17901,146047,8615,113857,5927,121634,2645,134217,1884
36105,36,105,"Sullivan County, New York",39491,30007,83421,21644,78969,19122,61227,6547,75822,4222
36107,36,107,"Tioga County, New York",,,142083,123704,,,94904,51486,72620,3316
36109,36,109,"Tompkins County, New York",94750,43940,61323,8407,35473,5357,56697,12475,77742,3671
36111,36,111,"Ulster County, New York",53866,14554,96895,54257,78611,21525,70950,14851,88020,3469
36113,36,113,"Warren County, New York",53542,8022,106354,59155,,,60526,24444,79383,4541
36115,36,115,"Washington County, New York",103750,47234,94432,87645,,,92462,59127,73267,2630
36117,36,117,"Wayne County, New York",38750,2641,121667,88124,55787,37618,61081,5749,75982,2632
36119,36,119,"Westchester County, New York",78250,19519,168003,9255,81382,3415,84656,4413,149651,3861
36121,36,121,"Wyoming County, New York",,,69063,58305,68816,13808,100299,33357,68460,3837
36123,36,123,"Yates County, New York",,,,,,,52500,18846,70013,3998
37001,37,001,"Alamance County, North Carolina",83000,75542,132550,11873,50834,4509,61643,5668,72574,2286
37003,37,003,"Alexander County, North Carolina",,,88827,36265,63255,30263,70052,41837,66229,5991
37005,37,005,"Alleghany County, North Carolina",,,,,48882,5799,42942,15051,49895,5045
37007,37,007,"Anson County, North Carolina",37083,26639,,,33219,4153,65292,19235,56180,6941
37009,37,009,"Ashe County, North Carolina",166127,275,,,56750,7850,57887,28217,56808,5391
37011,37,011,"Avery County, North Carolina",,,,,,,49261,21377,61755,7885
37013,37,013,"Beaufort County, North Carolina",,,79097,19852,33483,4443,36399,25916,71626,3817
37015,37,015,"Bertie County, North Carolina",,,,,41895,6683,39329,3250,69141,10608
37017,37,017,"Bladen County, North Carolina",52008,26306,,,33418,3808,32468,7821,60264,6748
37019,37,019,"Brunswick County, North Carolina",60729,50489,99609,23397,54817,7561,65060,10687,80335,2870
37021,37,021,"Buncombe County, North Carolina",54053,18013,87500,26065,32781,5809,57151,9830,78375,3117
37023,37,023,"Burke County, North Carolina",55335,27177,98239,16088,49847,4644,60500,10132,59944,3991
37025,37,025,"Cabarrus County, North Carolina","2,500",,162847,28988,72904,5953,75033,10416,91882,3858
37027,37,027,"Caldwell County, North Carolina",,,51368,724,75254,24458,46602,4322,56940,2457
37029,37,029,"Camden County, North Carolina",,,,,92899,10432,,,81811,18748
37031,37,031,"Carteret County, North Carolina",47273,36304,58750,18077,42455,20562,61471,15065,74772,3788
37033,37,033,"Caswell County, North Carolina",,,,,45658,8378,,,64545,6655
37035,37,035,"Catawba County, North Carolina",,,106531,20697,45017,5047,55465,11412,72169,2844
37037,37,037,"Chatham County, North Carolina",97568,47163,216522,63940,62098,21988,64255,17339,104009,5609
37039,37,039,"Cherokee County, North Carolina",30386,12345,,,,,50208,16065,54805,3481
37041,37,041,"Chowan County, North Carolina",,,,,28080,3692,47888,28279,79765,10498
37043,37,043,"Clay County, North Carolina",,,,,23919,12277,,,56471,8643
37045,37,045,"Cleveland County, North Carolina",,,93929,50305,39454,3455,55990,26706,64809,3154
37047,37,047,"Columbus County, North Carolina",60871,11185,,,31232,4497,64643,11664,56344,5347
37049,37,049,"Craven County, North Carolina",42578,13525,106667,50004,38641,3471,62788,9656,74693,2410
37051,37,051,"Cumberland County, North Carolina",48226,11447,71098,9290,51867,1585,60212,2302,72231,1990
37053,37,053,"Currituck County, North Carolina",15341,14244,108750,12557,72120,28434,90901,20810,96378,9885
37055,37,055,"Dare County, North Carolina",,,66250,26485,91023,46457,56279,14940,92382,6601
37057,37,057,"Davidson County, North Carolina",74118,29050,59167,19194,44982,4014,52038,10823,67064,2641
37059,37,059,"Davie County, North Carolina",,,,,54489,14672,76250,24546,75595,3211
37061,37,061,"Duplin County, North Carolina",45655,32522,,,40020,5413,49886,10509,63641,4777
37063,37,063,"Durham County, North Carolina",62297,20541,98232,16487,64082,4479,65747,6972,108321,3819
37065,37,065,"Edgecombe County, North Carolina",83750,40935,,,40119,6303,55709,16456,68151,9547
37067,37,067,"Forsyth County, North Carolina",68788,19509,101488,9211,47371,2737,61041,3740,78737,1959
37069,37,069,"Franklin County, North Carolina",27218,23460,98906,48951,65080,8555,59063,14695,80785,5652
37071,37,071,"Gaston County, North Carolina",77703,34242,90133,19803,53381,2617,53810,6406,72254,1836
37073,37,073,"Gates County, North Carolina",,,,,47544,14821,,,77139,6556
37075,37,075,"Graham County, North Carolina",58787,17259,,,,,46406,5871,49533,4481
37077,37,077,"Granville County, North Carolina",41184,1655,66490,52483,43543,8112,63984,7629,85333,6029
37079,37,079,"Greene County, North Carolina",33627,4654,,,36496,7276,54052,7911,61090,3374
37081,37,081,"Guilford County, North Carolina",56250,30670,86340,8709,52427,1823,62364,5004,83266,2398
37083,37,083,"Halifax County, North Carolina",32455,8014,105156,94571,35978,3943,39273,17105,61212,5410
37085,37,085,"Harnett County, North Carolina",50556,26164,76818,36502,54136,2951,75259,9255,75262,2852
37087,37,087,"Haywood County, North Carolina",116855,45708,,,19688,2757,75573,12751,61854,2548
37089,37,089,"Henderson County, North Carolina",,,83719,10799,49547,16373,51032,4043,71553,3447
37091,37,091,"Hertford County, North Carolina",51250,38448,55184,15811,42003,4176,30179,17402,65313,9482
37093,37,093,"Hoke County, North Carolina",49188,6408,89853,39330,54401,6117,69440,10401,74022,5357
37095,37,095,"Hyde County, North Carolina",,,,,30821,9557,76467,7368,59808,14714
37097,37,097,"Iredell County, North Carolina",48826,33378,96880,29846,49086,5600,74940,12271,86754,3546
37099,37,099,"Jackson County, North Carolina",45815,14970,100451,45012,,,51701,10907,57690,5026
37101,37,101,"Johnston County, North Carolina",79677,27966,112885,42053,66039,6799,65772,5173,91596,3582
37103,37,103,"Jones County, North Carolina",,,,,34261,11100,98654,90553,70200,5506
37105,37,105,"Lee County, North Carolina",,,138824,103146,50024,11732,51308,4675,72957,5412
37107,37,107,"Lenoir County, North Carolina",,,62721,48966,36543,3771,44692,6196,62653,7579
37109,37,109,"Lincoln County, North Carolina",,,,,42849,11501,53656,13531,84358,4584
37111,37,111,"McDowell County, North Carolina",63138,1950,96439,15355,31722,27557,54148,20170,57500,4487
37113,37,113,"Macon County, North Carolina",,,72095,18309,65750,38194,47573,6969,60905,5304
37115,37,115,"Madison County, North Carolina",,,83405,1787,,,80357,67611,59049,5198
37117,37,117,"Martin County, North Carolina",,,,,36522,4176,38114,19421,62805,8454
37119,37,119,"Mecklenburg County, North Carolina",56575,7606,120835,4792,61882,1641,66926,2697,112832,1801
37121,37,121,"Mitchell County, North Carolina",,,,,,,,,58192,5176
37123,37,123,"Montgomery County, North Carolina",21623,8404,46012,41050,38584,4409,49853,15631,61768,5229
37125,37,125,"Moore County, North Carolina",59653,41639,88728,41978,49865,4685,66011,24944,92117,3730
37127,37,127,"Nash County, North Carolina",61318,9454,122404,13669,54714,4722,80848,17576,72866,5025
37129,37,129,"New Hanover County, North Carolina",54833,14976,87750,47754,48541,4534,62956,11745,81518,2649
37131,37,131,"Northampton County, North Carolina",,,,,40097,6644,58313,7803,73531,8063
37133,37,133,"Onslow County, North Carolina",64821,24271,65642,34867,51492,3756,67320,6712,71967,3641
37135,37,135,"Orange County, North Carolina",,,116875,24914,52121,8454,81765,12927,99961,4377
37137,37,137,"Pamlico County, North Carolina",,,,,21765,4772,66471,17040,67305,6344
37139,37,139,"Pasquotank County, North Carolina",68125,67794,58828,29911,56409,8366,45600,18056,73659,6052
37141,37,141,"Pender County, North Carolina",67222,22782,117563,76281,51531,8826,58448,17448,84553,6239
37143,37,143,"Perquimans County, North Carolina",,,,,48109,14082,,,78460,10357
37145,37,145,"Person County, North Carolina",68750,10395,,,39866,9974,40357,15047,81245,5875
37147,37,147,"Pitt County, North Carolina",52702,9769,79207,32591,44681,2367,52907,10312,70399,4217
37149,37,149,"Polk County, North Carolina",77639,29781,,,42273,21212,60714,51593,70006,4649
37151,37,151,"Randolph County, North Carolina",35234,13266,52266,13133,36274,1767,59779,8522,63522,3103
37153,37,153,"Richmond County, North Carolina",26929,4354,,,34887,7171,42167,28759,54018,7473
37155,37,155,"Robeson County, North Carolina",38459,2694,62734,16676,31960,1513,46076,3989,57357,3654
37157,37,157,"Rockingham County, North Carolina",,,,,41933,5896,75211,14964,61076,3933
37159,37,159,"Rowan County, North Carolina",86142,898,,,50051,3819,59963,6676,70150,2985
37161,37,161,"Rutherford County, North Carolina",,,,,30246,5889,52938,23749,55260,3831
37163,37,163,"Sampson County, North Carolina",51313,35798,,,37595,2362,48827,2006,66128,6717
37165,37,165,"Scotland County, North Carolina",52398,9625,"250,000+",,29257,3435,54667,14229,58593,3558
37167,37,167,"Stanly County, North Carolina",,,89914,32514,31497,7892,55032,3057,64912,4334
37169,37,169,"Stokes County, North Carolina",,,,,43333,12851,69341,51783,63798,2066
37171,37,171,"Surry County, North Carolina",28897,24002,"2,500",,31788,12830,45303,10072,59126,3675
37173,37,173,"Swain County, North Carolina",66016,8005,,,31345,19889,51373,1155,49866,5527
37175,37,175,"Transylvania County, North Carolina",26667,9666,209625,192221,,,,,67007,4911
37177,37,177,"Tyrrell County, North Carolina",,,,,35135,2725,,,52179,14416
37179,37,179,"Union County, North Carolina",89212,38370,230156,32240,76258,6072,82454,7496,109024,2696
37181,37,181,"Vance County, North Carolina",56795,53457,,,41151,4022,70240,20152,61137,3814
37183,37,183,"Wake County, North Carolina",84635,7791,160788,5080,67267,3901,73354,4539,118396,2024
37185,37,185,"Warren County, North Carolina",38125,8191,51750,6579,36267,3773,61736,705,69208,6491
37187,37,187,"Washington County, North Carolina",,,,,31389,7930,71292,26862,59837,10969
37189,37,189,"Watauga County, North Carolina",50333,32043,,,33878,30242,32842,10731,53431,3149
37191,37,191,"Wayne County, North Carolina",32222,26069,97500,17595,48281,3627,48522,3493,72245,3505
37193,37,193,"Wilkes County, North Carolina",53056,33200,,,29151,12402,45876,5487,53236,2660
37195,37,195,"Wilson County, North Carolina",68170,31680,,,43449,3607,45221,7580,71558,7542
37197,37,197,"Yadkin County, North Carolina",73728,692,,,28811,12296,62539,33131,64300,2747
37199,37,199,"Yancey County, North Carolina",,,44750,30739,,,67917,13584,58355,5519
38001,38,001,"Adams County, North Dakota",,,,,,,,,59265,11298
38003,38,003,"Barnes County, North Dakota","2,500",,,,,,,,72188,9589
38005,38,005,"Benson County, North Dakota",34185,13365,,,,,48750,11125,72500,7337
38007,38,007,"Billings County, North Dakota",,,,,,,,,102847,27001
38009,38,009,"Bottineau County, North Dakota",,,63750,607,,,54375,41344,86133,8832
38011,38,011,"Bowman County, North Dakota",33750,13270,,,,,183250,105285,71328,12646
38013,38,013,"Burke County, North Dakota",,,83750,5669,,,90938,59477,100962,13682
38015,38,015,"Burleigh County, North Dakota",49676,14165,85250,24859,97530,33333,87933,26984,88229,4255
38017,38,017,"Cass County, North Dakota",51378,17232,90909,23751,40868,6979,51024,15696,79757,2155
38019,38,019,"Cavalier County, North Dakota",,,,,,,,,70000,9144
38021,38,021,"Dickey County, North Dakota",,,,,,,34000,29117,76071,12835
38023,38,023,"Divide County, North Dakota",,,,,,,,,89318,11600
38025,38,025,"Dunn County, North Dakota",88500,10377,,,62917,34212,51731,10969,100107,3400
38027,38,027,"Eddy County, North Dakota",,,,,,,55714,46101,47188,8564
38029,38,029,"Emmons County, North Dakota",66339,10716,,,,,,,64766,8071
38031,38,031,"Foster County, North Dakota",,,,,,,,,89007,11770
38033,38,033,"Golden Valley County, North Dakota",,,,,,,,,75568,24782
38035,38,035,"Grand Forks County, North Dakota",32009,14293,59148,13442,60917,1710,55714,14994,72517,3587
38037,38,037,"Grant County, North Dakota",,,,,,,,,57143,12244
38039,38,039,"Griggs County, North Dakota",,,,,,,,,61776,5674
38041,38,041,"Hettinger County, North Dakota",,,,,,,,,73575,5864
38043,38,043,"Kidder County, North Dakota",,,,,,,,,66402,7459
38045,38,045,"LaMoure County, North Dakota",,,,,,,100000,12174,79609,9283
38047,38,047,"Logan County, North Dakota",,,,,,,,,65417,13488
38049,38,049,"McHenry County, North Dakota",,,,,"2,500",,93750,59557,81358,7393
38051,38,051,"McIntosh County, North Dakota",78155,16124,,,,,66806,30870,63409,7521
38053,38,053,"McKenzie County, North Dakota",66016,26035,,,,,92047,73715,102347,12328
38055,38,055,"McLean County, North Dakota",87813,36904,173281,58250,,,,,82288,7121
38057,38,057,"Mercer County, North Dakota",,,,,,,,,80856,6560
38059,38,059,"Morton County, North Dakota",60930,18138,,,26486,24414,51232,11761,84573,6835
38061,38,061,"Mountrail County, North Dakota",41333,14315,,,49167,27350,109055,28859,96480,18865
38063,38,063,"Nelson County, North Dakota",,,,,,,,,68438,10477
38065,38,065,"Oliver County, North Dakota",,,,,,,,,78194,9393
38067,38,067,"Pembina County, North Dakota",32917,12091,,,,,,,71500,9027
38069,38,069,"Pierce County, North Dakota",,,,,,,,,60625,13910
38071,38,071,"Ramsey County, North Dakota",40792,22027,61320,131,,,73885,67328,62089,16612
38073,38,073,"Ransom County, North Dakota",,,,,63580,29947,63750,26189,76387,4835
38075,38,075,"Renville County, North Dakota",,,,,,,,,74596,5866
38077,38,077,"Richland County, North Dakota",47986,37945,64886,30728,,,109250,47396,76106,4123
38079,38,079,"Rolette County, North Dakota",51632,4243,153571,141948,,,,,83750,16523
38081,38,081,"Sargent County, North Dakota",,,,,48472,5027,,,81447,6614
38083,38,083,"Sheridan County, North Dakota",,,,,,,,,62500,8156
38085,38,085,"Sioux County, North Dakota",34020,7248,,,,,66250,66010,81500,11270
38087,38,087,"Slope County, North Dakota",,,,,,,,,78125,8023
38089,38,089,"Stark County, North Dakota",111719,27824,,,63979,8475,70943,60958,84926,5530
38091,38,091,"Steele County, North Dakota",,,,,,,,,82788,21531
38093,38,093,"Stutsman County, North Dakota",6309,189,,,92849,31652,58482,48613,62317,5163
38095,38,095,"Towner County, North Dakota",,,,,,,115385,103486,67500,9051
38097,38,097,"Traill County, North Dakota",,,,,,,,,89250,8071
38099,38,099,"Walsh County, North Dakota",,,22222,10542,96063,25687,64560,11656,74831,6015
38101,38,101,"Ward County, North Dakota",42628,19923,48438,6305,54160,9836,62875,23046,82401,3578
38103,38,103,"Wells County, North Dakota",,,,,,,,,66658,7617
38105,38,105,"Williams County, North Dakota",,,142734,142458,51319,36690,43886,8803,93763,3688
39001,39,001,"Adams County, Ohio",,,125438,86421,58125,11589,,,51098,4959
39003,39,003,"Allen County, Ohio",62803,36641,105966,25087,44402,4178,54722,14529,66828,2506
39005,39,005,"Ashland County, Ohio",6506,2680,,,60278,41891,46691,23582,70457,4485
39007,39,007,"Ashtabula County, Ohio",,,99722,46446,34155,31818,47694,9667,58892,2567
39009,39,009,"Athens County, Ohio",,,66047,48175,39583,7918,59231,43687,56659,2256
39011,39,011,"Auglaize County, Ohio",90417,23518,,,60475,14821,84464,63201,79174,3963
39013,39,013,"Belmont County, Ohio",40000,35436,60167,14360,35203,4913,,,58339,4156
39015,39,015,"Brown County, Ohio",,,48750,17149,,,,,71197,2763
39017,39,017,"Butler County, Ohio",56250,44931,90377,17588,67479,5290,67679,7758,85251,2131
39019,39,019,"Carroll County, Ohio",,,,,56006,43348,,,65619,5627
39021,39,021,"Champaign County, Ohio",28550,4113,139100,9548,70625,26124,79643,54666,74821,3750
39023,39,023,"Clark County, Ohio",24074,15702,,,34331,3984,56212,8926,67126,1812
39025,39,025,"Clermont County, Ohio",31550,25290,186149,79119,67923,8118,78239,22614,85496,2064
39027,39,027,"Clinton County, Ohio",,,103494,50334,,,62369,28089,71023,5091
39029,39,029,"Columbiana County, Ohio",123409,38806,,,27756,14347,39064,1977,59070,2315
39031,39,031,"Coshocton County, Ohio","250,000+",,"2,500",,,,,,55514,3790
39033,39,033,"Crawford County, Ohio",,,110778,30765,,,63750,17938,57802,2638
39035,39,035,"Cuyahoga County, Ohio",30704,12647,87948,6198,40872,1117,53030,2930,80699,988
39037,39,037,"Darke County, Ohio",,,,,55750,16812,72902,43385,65220,3620
39039,39,039,"Defiance County, Ohio","2,500",,54583,14687,,,46746,4362,77507,2851
39041,39,041,"Delaware County, Ohio",,,162764,11443,128021,24377,94375,18203,132572,2915
39043,39,043,"Erie County, Ohio",94444,56751,36250,32963,34874,7630,79345,38652,75889,3836
39045,39,045,"Fairfield County, Ohio",,,86171,11826,91273,16379,61094,26423,92159,2805
39047,39,047,"Fayette County, Ohio",,,131900,44544,31558,2259,,,63037,4225
39049,39,049,"Franklin County, Ohio",51800,26811,82939,6768,51628,1666,63404,3655,87435,1185
39051,39,051,"Fulton County, Ohio",,,81280,9195,,,57132,26261,73823,3240
39053,39,053,"Gallia County, Ohio",,,,,56979,32795,135074,65157,56883,4583
39055,39,055,"Geauga County, Ohio",,,119167,81734,54702,34528,137458,56393,107508,4893
39057,39,057,"Greene County, Ohio",90706,21078,124127,34991,64048,9580,98672,27729,90066,2912
39059,39,059,"Guernsey County, Ohio",,,76441,19773,73778,40084,65565,34255,57876,3879
39061,39,061,"Hamilton County, Ohio",76458,54306,94954,8777,42805,1262,64223,10199,87564,1805
39063,39,063,"Hancock County, Ohio",,,92454,62391,77292,28613,56563,15003,74065,3036
39065,39,065,"Hardin County, Ohio",65208,10678,,,,,,,63663,4001
39067,39,067,"Harrison County, Ohio",,,,,,,39583,26906,55284,4037
39069,39,069,"Henry County, Ohio",95769,50475,,,,,54135,28889,80628,4701
39071,39,071,"Highland County, Ohio",,,,,24271,8141,98942,15635,66084,1579
39073,39,073,"Hocking County, Ohio",,,,,,,23750,14473,63369,5170
39075,39,075,"Holmes County, Ohio",,,,,,,150417,127872,76355,3914
39077,39,077,"Huron County, Ohio",,,125735,81201,110601,57712,62287,17344,67716,3028
39079,39,079,"Jackson County, Ohio",61000,18417,,,,,,,56732,5323
39081,39,081,"Jefferson County, Ohio",,,115313,99606,26764,6558,,,61289,1962
39083,39,083,"Knox County, Ohio",,,,,158357,89423,90086,45971,74001,3269
39085,39,085,"Lake County, Ohio",58438,51695,101371,23849,44417,2419,77396,12653,83306,1946
39087,39,087,"Lawrence County, Ohio",,,106688,57175,102586,34565,129643,57531,57782,3162
39089,39,089,"Licking County, Ohio","2,500",,94104,19454,90750,33239,92377,15080,83704,2553
39091,39,091,"Logan County, Ohio",,,,,,,102772,33873,71500,4095
39093,39,093,"Lorain County, Ohio",50048,39258,99219,23693,39548,4195,53116,6918,79062,1902
39095,39,095,"Lucas County, Ohio",53945,4725,69571,8257,37457,2104,50533,3738,73130,1499
39097,39,097,"Madison County, Ohio",,,,,,,62292,17803,89233,4662
39099,39,099,"Mahoning County, Ohio",22721,6456,78897,30801,29965,1894,38843,7566,64817,1715
39101,39,101,"Marion County, Ohio",,,,,46635,32200,57321,23407,60233,4045
39103,39,103,"Medina County, Ohio",41432,4944,103906,18849,55776,31296,78092,24378,95628,2590
39105,39,105,"Meigs County, Ohio",,,,,23920,7933,,,46860,3392
39107,39,107,"Mercer County, Ohio",,,,,,,49423,21781,78316,4395
39109,39,109,"Miami County, Ohio",,,115750,49356,54375,25874,80024,23840,77847,3168
39111,39,111,"Monroe County, Ohio",,,,,,,,,59671,5650
39113,39,113,"Montgomery County, Ohio",42857,24481,81396,13206,43161,1793,61958,3999,74708,1182
39115,39,115,"Morgan County, Ohio",,,,,68080,41610,25667,16387,59083,3772
39117,39,117,"Morrow County, Ohio",,,,,,,34225,4120,75967,4693
39119,39,119,"Muskingum County, Ohio",70714,69305,,,48772,8344,68672,37139,61222,3653
39121,39,121,"Noble County, Ohio",,,,,,,101250,36101,55304,7884
39123,39,123,"Ottawa County, Ohio",,,,,64006,6341,61236,15261,77255,3243
39125,39,125,"Paulding County, Ohio",142250,100194,,,,,79167,31399,66502,5278
39127,39,127,"Perry County, Ohio",,,,,,,104967,2115,67385,5489
39129,39,129,"Pickaway County, Ohio",,,,,43417,38207,63018,26099,74587,3018
39131,39,131,"Pike County, Ohio",,,68882,54421,41069,13669,,,54701,4672
39133,39,133,"Portage County, Ohio",98681,22382,,,42853,6336,47096,8902,79055,2927
39135,39,135,"Preble County, Ohio",,,,,140682,132514,,,69294,3191
39137,39,137,"Putnam County, Ohio",71700,31040,,,48750,38193,72500,16926,85895,2950
39139,39,139,"Richland County, Ohio",,,71058,52460,31961,7234,61050,18353,62401,2219
39141,39,141,"Ross County, Ohio",16643,1410,100972,96792,41903,4584,45133,7383,63071,2495
39143,39,143,"Sandusky County, Ohio",,,118603,918,34063,9800,46933,6246,65089,3830
39145,39,145,"Scioto County, Ohio",71000,64633,,,19079,16692,66944,12541,50825,2926
39147,39,147,"Seneca County, Ohio",,,75795,62644,47308,40573,68059,25538,66845,3712
39149,39,149,"Shelby County, Ohio",,,,,38559,9960,,,75486,3959
39151,39,151,"Stark County, Ohio",52024,26454,134500,69126,42356,6013,65337,16400,71478,1600
39153,39,153,"Summit County, Ohio",46206,3185,91115,12693,40369,2147,66688,16636,77915,1549
39155,39,155,"Trumbull County, Ohio",21983,9517,72888,20066,36572,4089,63300,15362,59024,2461
39157,39,157,"Tuscarawas County, Ohio",,,,,36359,29167,50944,15675,65652,2700
39159,39,159,"Union County, Ohio",165391,95595,186818,32939,,,107083,32523,109565,4563
39161,39,161,"Van Wert County, Ohio",,,111250,17734,,,65600,12988,68622,3516
39163,39,163,"Vinton County, Ohio",,,,,,,,,55398,5053
39165,39,165,"Warren County, Ohio",,,151787,9903,92313,15722,111250,31988,107765,2634
39167,39,167,"Washington County, Ohio",20625,10967,,,50305,11793,,,64387,4074
39169,39,169,"Wayne County, Ohio",,,86029,7900,73375,30100,62500,23444,73722,2694
39171,39,171,"Williams County, Ohio",,,78125,26415,,,60784,10904,60672,2461
39173,39,173,"Wood County, Ohio",61193,16098,142794,33575,56894,12141,81302,6711,74237,2673
39175,39,175,"Wyandot County, Ohio",,,,,,,88199,12841,70268,4581
40001,40,001,"Adair County, Oklahoma",50821,5800,,,,,56746,4007,45186,6131
40003,40,003,"Alfalfa County, Oklahoma",31184,911,,,,,,,61831,5969
40005,40,005,"Atoka County, Oklahoma",66786,20856,,,38794,1271,88304,19239,55838,4220
40007,40,007,"Beaver County, Oklahoma",,,,,,,57500,7676,66570,8120
40009,40,009,"Beckham County, Oklahoma",37120,28484,131335,30986,31612,12382,65267,23900,52859,5641
40011,40,011,"Blaine County, Oklahoma",44167,21885,,,53691,999,60500,11203,64970,11346
40013,40,013,"Bryan County, Oklahoma",50580,7495,71901,5745,45750,12110,49805,11037,59819,5328
40015,40,015,"Caddo County, Oklahoma",44375,3659,"250,000+",,22130,18949,46597,5883,61716,3363
40017,40,017,"Canadian County, Oklahoma",74219,11508,97604,35702,83708,10455,73531,6433,90341,2721
40019,40,019,"Carter County, Oklahoma",58527,6279,60607,16256,46120,7391,50647,6866,61999,2367
40021,40,021,"Cherokee County, Oklahoma",49554,2960,90357,87410,40764,22613,55217,14190,52945,3350
40023,40,023,"Choctaw County, Oklahoma",66563,18931,,,29138,3679,45417,8891,46641,4604
40025,40,025,"Cimarron County, Oklahoma",,,,,,,,,88750,50072
40027,40,027,"Cleveland County, Oklahoma",81345,7025,83723,10298,68880,7468,67728,5088,79103,3079
40029,40,029,"Coal County, Oklahoma",37500,10469,,,,,42969,17956,52417,6960
40031,40,031,"Comanche County, Oklahoma",52724,8182,60523,6817,52331,4431,60577,6946,62584,3120
40033,40,033,"Cotton County, Oklahoma",46250,26477,,,,,28370,7316,59982,6482
40035,40,035,"Craig County, Oklahoma",56513,6929,,,"2,500",,50221,37942,52188,4295
40037,40,037,"Creek County, Oklahoma",58438,5892,,,66971,19617,58430,6068,63209,2904
40039,40,039,"Custer County, Oklahoma",87868,74269,23893,8704,,,48019,8231,63568,4087
40041,40,041,"Delaware County, Oklahoma",49990,7165,66705,14495,,,47907,14032,58788,2544
40043,40,043,"Dewey County, Oklahoma",40000,21806,,,,,49167,30562,63611,7273
40045,40,045,"Ellis County, Oklahoma",61786,34701,,,,,80556,50887,59432,7021
40047,40,047,"Garfield County, Oklahoma",50286,5988,,,27842,19417,57156,7581,68952,4128
40049,40,049,"Garvin County, Oklahoma",49583,10128,51429,31609,55121,37992,50833,8068,60313,1965
40051,40,051,"Grady County, Oklahoma",79940,27516,163750,144155,38036,10614,69450,6970,78254,4034
40053,40,053,"Grant County, Oklahoma",56528,1595,,,88606,434,,,61944,5981
40055,40,055,"Greer County, Oklahoma",,,,,"2,500",,,,60291,8077
40057,40,057,"Harmon County, Oklahoma",,,,,,,35375,10352,46667,13035
40059,40,059,"Harper County, Oklahoma",,,,,,,63438,14834,66346,11812
40061,40,061,"Haskell County, Oklahoma",54375,16461,191000,179979,29375,18166,53750,19442,50165,3932
40063,40,063,"Hughes County, Oklahoma",43456,7182,,,26818,11088,34423,17739,53800,4403
40065,40,065,"Jackson County, Oklahoma",,,,,45078,28698,51429,7778,68710,8406
40067,40,067,"Jefferson County, Oklahoma",60000,26396,,,,,53438,14670,48514,4763
40069,40,069,"Johnston County, Oklahoma",52500,11935,,,50278,17017,45074,6411,51205,5627
40071,40,071,"Kay County, Oklahoma",47837,8544,,,32500,32302,52895,10605,60142,2898
40073,40,073,"Kingfisher County, Oklahoma",83750,39929,,,,,56395,20733,76821,7376
40075,40,075,"Kiowa County, Oklahoma",50000,12751,,,30766,12381,40179,9878,48214,7080
40077,40,077,"Latimer County, Oklahoma",44076,7215,,,,,38250,12649,41376,1392
40079,40,079,"Le Flore County, Oklahoma",50230,4711,81014,24241,31071,19517,50063,7656,51963,2424
40081,40,081,"Lincoln County, Oklahoma",57188,14270,64135,23040,29318,18983,62863,12951,62669,2473
40083,40,083,"Logan County, Oklahoma",65271,13812,88854,4260,38298,7919,76964,21148,87246,4414
40085,40,085,"Love County, Oklahoma",56250,14678,56250,32555,"250,000+",,70625,13849,66364,7350
40087,40,087,"McClain County, Oklahoma",87192,11522,,,,,61970,8475,85495,5950
40089,40,089,"McCurtain County, Oklahoma",55375,7178,82283,38154,24739,7678,51563,9561,54148,4462
40091,40,091,"McIntosh County, Oklahoma",44712,9704,93269,74855,32500,20661,37260,17255,47513,3917
40093,40,093,"Major County, Oklahoma",101591,35232,,,,,52292,23957,70579,5102
40095,40,095,"Marshall County, Oklahoma",41283,3992,,,47833,39425,56250,7231,60929,3238
40097,40,097,"Mayes County, Oklahoma",53750,7917,70278,16174,69300,25275,59931,18095,63288,4927
40099,40,099,"Murray County, Oklahoma",76161,12023,,,55714,24311,71750,16414,66892,7893
40101,40,101,"Muskogee County, Oklahoma",62031,6733,44421,14889,36120,6688,57064,5143,54778,2958
40103,40,103,"Noble County, Oklahoma",62273,18966,41250,10315,166250,121957,,,67477,12365
40105,40,105,"Nowata County, Oklahoma",41146,19261,,,,,48125,15438,62500,9522
40107,40,107,"Okfuskee County, Oklahoma",48348,6305,73438,33411,30375,6130,39250,23293,52500,7349
40109,40,109,"Oklahoma County, Oklahoma",61779,5167,88646,8908,44844,2187,56150,1484,77254,1613
40111,40,111,"Okmulgee County, Oklahoma",53023,5987,,,37768,10063,57132,13868,57297,3090
40113,40,113,"Osage County, Oklahoma",57877,7546,,,43818,11163,53667,21478,66875,5418
40115,40,115,"Ottawa County, Oklahoma",46136,3937,55625,16918,71250,48260,45486,4212,51924,2622
40117,40,117,"Pawnee County, Oklahoma",40500,6311,,,,,66176,23578,62361,4241
40119,40,119,"Payne County, Oklahoma",48705,17305,30923,2160,45656,13733,35189,13243,55342,4287
40121,40,121,"Pittsburg County, Oklahoma",53507,8436,41176,9993,,,42350,5048,57385,3110
40123,40,123,"Pontotoc County, Oklahoma",50544,4225,65156,27033,52019,35875,62798,14331,67179,2770
40125,40,125,"Pottawatomie County, Oklahoma",58448,10660,95511,45134,36875,6163,62367,15494,62947,2455
40127,40,127,"Pushmataha County, Oklahoma",48750,13477,,,,,27938,4917,50226,4221
40129,40,129,"Roger Mills County, Oklahoma",55000,43120,,,,,79286,7590,70000,8460
40131,40,131,"Rogers County, Oklahoma",74343,6533,84896,16806,54896,20706,90877,13120,80780,2437
40133,40,133,"Seminole County, Oklahoma",35676,5588,65625,42328,33438,19110,54375,8047,52350,3578
40135,40,135,"Sequoyah County, Oklahoma",49236,3786,45739,24705,58250,6264,51429,7701,49907,3783
40137,40,137,"Stephens County, Oklahoma",64063,14652,13466,5518,49395,16867,46051,9845,64117,4519
40139,40,139,"Texas County, Oklahoma",97155,34203,,,,,48407,11756,70332,8625
40141,40,141,"Tillman County, Oklahoma",43864,1251,,,,,38563,11370,56400,8455
40143,40,143,"Tulsa County, Oklahoma",67837,3341,77953,6071,42631,1949,59378,2061,77052,1404
40145,40,145,"Wagoner County, Oklahoma",73000,6849,91786,16485,68670,8345,61719,7198,83874,2408
40147,40,147,"Washington County, Oklahoma",43947,7384,57019,28212,40395,11879,77333,13773,61766,3373
40149,40,149,"Washita County, Oklahoma",46625,15479,,,42361,33029,57386,6705,64378,2592
40151,40,151,"Woods County, Oklahoma",52031,34305,,,,,25385,3493,54712,5597
40153,40,153,"Woodward County, Oklahoma",81964,31154,228317,222923,,,36925,14307,65759,6218
41001,41,001,"Baker County, Oregon",41308,144,24250,4238,,,,,62730,6302
41003,41,003,"Benton County, Oregon",51678,19174,60254,15567,31305,1199,63068,15192,81488,2459
41005,41,005,"Clackamas County, Oregon",76136,29708,115893,10086,111000,45725,95931,6906,104271,2259
41007,41,007,"Clatsop County, Oregon",,,113500,22569,23023,16301,67655,3582,73259,5129
41009,41,009,"Columbia County, Oregon",158250,67894,,,,,91441,16212,86751,4521
41011,41,011,"Coos County, Oregon",61875,35257,,,,,67644,37665,63431,3849
41013,41,013,"Crook County, Oregon",75127,13249,,,,,74221,31761,81971,3813
41015,41,015,"Curry County, Oregon",112143,57933,60341,46386,,,79167,34947,61707,9147
41017,41,017,"Deschutes County, Oregon",,,117375,63912,71977,40616,80537,9596,94434,3435
41019,41,019,"Douglas County, Oregon",48913,13415,79643,37623,75493,32415,52101,8493,61696,1934
41021,41,021,"Gilliam County, Oregon",,,,,,,76823,55713,67679,12007
41023,41,023,"Grant County, Oregon",,,100625,37230,,,38851,684,59613,4707
41025,41,025,"Harney County, Oregon",15563,6340,,,,,100333,44195,55329,8167
41027,41,027,"Hood River County, Oregon",43472,3368,,,,,86115,22516,89075,9749
41029,41,029,"Jackson County, Oregon",51081,13446,72431,13604,27940,9548,73192,7329,74321,1964
41031,41,031,"Jefferson County, Oregon",54089,11264,,,,,90915,16665,77559,6603
41033,41,033,"Josephine County, Oregon",58182,7526,53810,23936,31705,21923,49315,5383,60685,4027
41035,41,035,"Klamath County, Oregon",40524,13585,,,,,64125,13390,58573,3187
41037,41,037,"Lake County, Oregon",,,,,,,51617,3809,60688,10717
41039,41,039,"Lane County, Oregon",69740,31003,51797,7649,49701,27970,69972,6828,72405,1713
41041,41,041,"Lincoln County, Oregon",25000,14847,91932,27408,,,67619,9355,63345,3403
41043,41,043,"Linn County, Oregon",75972,28966,74310,28155,,,59458,7928,76868,2909
41045,41,045,"Malheur County, Oregon",91466,27710,103816,73043,31719,21134,50417,19309,55926,5786
41047,41,047,"Marion County, Oregon",61974,15078,106463,27410,74672,8824,73319,2487,80472,2428
41049,41,049,"Morrow County, Oregon",,,,,,,59646,21095,83242,11737
41051,41,051,"Multnomah County, Oregon",68695,1908,99959,7116,55300,7008,72707,3061,95205,1653
41053,41,053,"Polk County, Oregon",58424,8041,,,,,69739,10452,86788,3989
41055,41,055,"Sherman County, Oregon",,,,,,,,,56364,8890
41057,41,057,"Tillamook County, Oregon",57250,30584,59957,48538,,,53472,22034,69951,3558
41059,41,059,"Umatilla County, Oregon",88555,18026,73929,48901,,,64832,6588,69932,6177
41061,41,061,"Union County, Oregon",126364,28245,80208,19090,"2,500",,101292,51094,65925,3640
41063,41,063,"Wallowa County, Oregon",,,,,,,79306,58091,68411,9048
41065,41,065,"Wasco County, Oregon",77500,16725,,,,,59557,11399,63517,3543
41067,41,067,"Washington County, Oregon",77917,12421,146187,6989,92955,27390,83608,4455,109197,2356
41069,41,069,"Wheeler County, Oregon",,,,,,,62083,14428,55000,6911
41071,41,071,"Yamhill County, Oregon",86875,18610,117931,41720,47806,21121,91140,13224,90301,4202
42001,42,001,"Adams County, Pennsylvania",118864,90804,114712,44164,59455,17335,58042,17952,84927,2595
42003,42,003,"Allegheny County, Pennsylvania",66393,36811,102864,6115,41225,1093,79574,6717,85388,1183
42005,42,005,"Armstrong County, Pennsylvania",25000,20654,49091,16600,,,31193,18526,65852,2274
42007,42,007,"Beaver County, Pennsylvania",194250,91829,65625,34930,36843,4857,56250,7433,73871,2032
42009,42,009,"Bedford County, Pennsylvania",,,121250,65687,24006,5494,60859,16039,60092,3364
42011,42,011,"Berks County, Pennsylvania",60000,17341,84167,21799,68666,7958,54009,2846,87689,1608
42013,42,013,"Blair County, Pennsylvania",,,116199,20371,47266,7435,46723,27873,63607,2434
42015,42,015,"Bradford County, Pennsylvania",,,46429,35475,,,59375,43420,64075,2595
42017,42,017,"Bucks County, Pennsylvania",153750,31436,159566,7562,63804,6433,91402,5008,116228,2202
42019,42,019,"Butler County, Pennsylvania",92069,34226,115121,9891,32367,24718,98092,29882,89628,2567
42021,42,021,"Cambria County, Pennsylvania",,,79013,28018,35821,6773,47885,14028,59692,1694
42023,42,023,"Cameron County, Pennsylvania",43438,27142,,,,,83000,31173,48869,4993
42025,42,025,"Carbon County, Pennsylvania",95500,65348,95938,78314,71063,25593,79816,14985,67635,3511
42027,42,027,"Centre County, Pennsylvania",51842,47147,34454,5380,40220,16448,94250,46602,77086,2092
42029,42,029,"Chester County, Pennsylvania",84231,42639,173533,11921,64515,5935,88860,7344,133020,2178
42031,42,031,"Clarion County, Pennsylvania",,,,,,,69856,18902,62370,2371
42033,42,033,"Clearfield County, Pennsylvania",,,127703,77491,21538,6866,37179,20913,62296,2218
42035,42,035,"Clinton County, Pennsylvania",,,118015,86873,66167,24172,,,60938,3358
42037,42,037,"Columbia County, Pennsylvania",58708,8718,86989,45261,60795,41199,79130,40492,63421,2882
42039,42,039,"Crawford County, Pennsylvania",11667,8411,53750,42989,28294,20739,39348,16545,61654,2449
42041,42,041,"Cumberland County, Pennsylvania",67976,2462,123611,10085,54560,10651,68794,7871,87381,2700
42043,42,043,"Dauphin County, Pennsylvania",92729,64840,104821,17102,50688,6609,56047,8785,85065,2360
42045,42,045,"Delaware County, Pennsylvania",62375,32857,106398,8684,54940,2154,80906,11480,104913,1860
42047,42,047,"Elk County, Pennsylvania",,,65938,56965,,,80288,29644,66226,3431
42049,42,049,"Erie County, Pennsylvania",46250,27536,65690,7693,37337,5489,40625,11598,66951,1772
42051,42,051,"Fayette County, Pennsylvania",54500,27073,122955,37798,33245,10762,50121,8579,59660,2238
42053,42,053,"Forest County, Pennsylvania",,,,,,,,,52500,3997
42055,42,055,"Franklin County, Pennsylvania",,,93750,6821,78333,8014,66932,17005,77832,2211
42057,42,057,"Fulton County, Pennsylvania",,,121053,675,68527,4111,95441,80098,65500,2578
42059,42,059,"Greene County, Pennsylvania",,,,,,,29891,15564,69385,4186
42061,42,061,"Huntingdon County, Pennsylvania",,,58125,51805,159352,54505,47500,12143,65343,2243
42063,42,063,"Indiana County, Pennsylvania",33750,17789,74313,22466,16563,2200,55833,28125,60885,2276
42065,42,065,"Jefferson County, Pennsylvania",73984,739,"2,500",,35789,32510,57031,15843,58983,2150
42067,42,067,"Juniata County, Pennsylvania",,,,,43594,29452,50389,4347,67204,2111
42069,42,069,"Lackawanna County, Pennsylvania",,,89028,10400,38750,6638,44982,2997,69157,1942
42071,42,071,"Lancaster County, Pennsylvania",59063,11072,87282,8708,61031,9842,63854,5278,91171,1398
42073,42,073,"Lawrence County, Pennsylvania",,,,,35469,6331,38030,21558,64237,2614
42075,42,075,"Lebanon County, Pennsylvania",,,87284,15252,57168,16731,51087,11845,81518,2653
42077,42,077,"Lehigh County, Pennsylvania",105625,40621,124476,21137,59298,4164,56840,2906,91574,2191
42079,42,079,"Luzerne County, Pennsylvania",101071,41584,102188,22518,37349,3761,52817,3628,67128,1412
42081,42,081,"Lycoming County, Pennsylvania",,,76250,55227,30360,14207,67250,18107,65393,2388
42083,42,083,"McKean County, Pennsylvania",,,140842,829,,,,,62121,2997
42085,42,085,"Mercer County, Pennsylvania",,,120493,89954,30600,7146,47109,28468,61772,1735
42087,42,087,"Mifflin County, Pennsylvania",,,38081,17968,,,41117,13622,64728,3207
42089,42,089,"Monroe County, Pennsylvania",105469,38236,101856,14358,87712,13350,90021,7439,81860,3403
42091,42,091,"Montgomery County, Pennsylvania",91827,65942,138890,4186,75353,4134,90366,8205,118521,1889
42093,42,093,"Montour County, Pennsylvania",,,108846,53209,,,30662,12555,73907,6362
42095,42,095,"Northampton County, Pennsylvania",130132,76440,122083,18507,75346,8404,72362,4856,92215,2575
42097,42,097,"Northumberland County, Pennsylvania",,,,,46603,21231,31508,2888,61935,1652
42099,42,099,"Perry County, Pennsylvania",,,,,,,93646,30999,79461,2759
42101,42,101,"Philadelphia County, Pennsylvania",34018,6735,65851,3776,46835,1378,51106,2203,87261,1863
42103,42,103,"Pike County, Pennsylvania",102560,86358,,,83147,31350,83185,15490,79877,4253
42105,42,105,"Potter County, Pennsylvania",,,"250,000+",,76146,12551,,,58834,4587
42107,42,107,"Schuylkill County, Pennsylvania",26103,13533,,,30491,13474,66424,10788,68702,1450
42109,42,109,"Snyder County, Pennsylvania",,,,,,,61563,9960,67007,2319
42111,42,111,"Somerset County, Pennsylvania",,,39464,20788,186098,616,59650,26407,61749,1982
42113,42,113,"Sullivan County, Pennsylvania",,,,,,,40781,29924,70425,4556
42115,42,115,"Susquehanna County, Pennsylvania",,,,,61875,46952,74167,10801,68793,2326
42117,42,117,"Tioga County, Pennsylvania",,,78359,5603,28375,17632,,,65615,2357
42119,42,119,"Union County, Pennsylvania",,,123750,78395,,,,,75820,4153
42121,42,121,"Venango County, Pennsylvania",80750,38079,27794,18728,,,66406,51273,61745,2222
42123,42,123,"Warren County, Pennsylvania",11442,1078,28214,23957,,,74063,18742,60824,1980
42125,42,125,"Washington County, Pennsylvania",,,149631,37217,37733,10595,95302,19246,80458,1961
42127,42,127,"Wayne County, Pennsylvania",,,39297,20412,56333,6759,58021,17980,62514,3648
42129,42,129,"Westmoreland County, Pennsylvania",107554,82588,113041,12510,36125,2713,72143,26646,75014,1588
42131,42,131,"Wyoming County, Pennsylvania",43750,37712,153500,88403,,,43333,18877,72556,3098
42133,42,133,"York County, Pennsylvania",90000,69365,103083,18607,56988,4114,62185,7199,87860,1746
44001,44,001,"Bristol County, Rhode Island",,,101087,46065,,,94950,61829,114655,6497
44003,44,003,"Kent County, Rhode Island",110688,60694,127370,10355,94157,17960,86690,14011,93726,4555
44005,44,005,"Newport County, Rhode Island",,,94203,20052,56750,33143,83640,24028,108495,5949
44007,44,007,"Providence County, Rhode Island",81427,9127,102866,11751,65197,5574,56120,3208,89750,1995
44009,44,009,"Washington County, Rhode Island",26339,18018,63839,33780,,,82815,10142,108203,2979
45001,45,001,"Abbeville County, South Carolina",,,,,37361,10481,41736,37977,63865,6972
45003,45,003,"Aiken County, South Carolina",105664,67871,125269,37247,54270,5698,61078,14146,77157,2387
45005,45,005,"Allendale County, South Carolina",,,,,27146,4739,116058,280,37861,6875
45007,45,007,"Anderson County, South Carolina",50357,36494,86250,34528,40355,3845,48526,6268,72867,2323
45009,45,009,"Bamberg County, South Carolina",,,,,39396,6518,43929,16428,53994,12032
45011,45,011,"Barnwell County, South Carolina",,,,,33457,8012,87982,79706,59442,10603
45013,45,013,"Beaufort County, South Carolina",160380,143964,,,48475,8662,74220,9174,99660,4425
45015,45,015,"Berkeley County, South Carolina",58925,6486,91446,11718,62310,2731,75736,7262,91779,2241
45017,45,017,"Calhoun County, South Carolina",,,,,37614,9906,,,73250,15204
45019,45,019,"Charleston County, South Carolina",,,89500,21719,46066,2393,67910,10923,107777,3281
45021,45,021,"Cherokee County, South Carolina",66125,25074,243298,128631,40551,6344,46332,12659,53917,4445
45023,45,023,"Chester County, South Carolina",,,151618,34817,41414,5067,70156,26224,58647,4139
45025,45,025,"Chesterfield County, South Carolina",96154,9752,46250,23544,36335,4160,83281,74030,55512,4216
45027,45,027,"Clarendon County, South Carolina",,,62297,50185,38564,4877,,,61000,7887
45029,45,029,"Colleton County, South Carolina",,,"2,500",,40724,9921,37411,17103,58677,8089
45031,45,031,"Darlington County, South Carolina",,,198925,135811,35895,2527,38500,36224,65449,6280
45033,45,033,"Dillon County, South Carolina",48750,17405,,,36418,5607,53214,8600,53759,4024
45035,45,035,"Dorchester County, South Carolina",101250,77872,122831,33131,59097,4498,76930,6630,89197,3926
45037,45,037,"Edgefield County, South Carolina",,,,,31793,5035,63133,28866,93407,4297
45039,45,039,"Fairfield County, South Carolina",,,,,38757,5442,79526,60295,72266,14293
45041,45,041,"Florence County, South Carolina",,,115625,54139,44392,2924,48185,13769,73981,4969
45043,45,043,"Georgetown County, South Carolina",,,,,45008,3832,42333,21552,77419,4461
45045,45,045,"Greenville County, South Carolina",51783,9184,105192,17173,48022,2297,64350,6060,86418,2202
45047,45,047,"Greenwood County, South Carolina",50951,870,93309,62846,38730,2607,53424,9121,61269,1865
45049,45,049,"Hampton County, South Carolina",,,66161,30362,37098,3556,,,56620,12391
45051,45,051,"Horry County, South Carolina",36970,33396,80216,19381,42071,4572,51609,12886,70827,1698
45053,45,053,"Jasper County, South Carolina",88718,644,31451,605,47392,3014,72553,29690,86811,7506
45055,45,055,"Kershaw County, South Carolina",53750,7732,,,62586,9471,52711,14001,76032,4088
45057,45,057,"Lancaster County, South Carolina",,,218715,49815,48986,7607,75342,24031,85974,5006
45059,45,059,"Laurens County, South Carolina",46091,448,68125,42401,44197,6841,53824,5889,63624,5669
45061,45,061,"Lee County, South Carolina",,,67614,38343,37596,4795,,,60319,6102
45063,45,063,"Lexington County, South Carolina",50114,44285,87422,14935,60690,5251,55332,6798,82592,1780
45065,45,065,"McCormick County, South Carolina",,,,,36504,4143,,,74160,9688
45067,45,067,"Marion County, South Carolina",,,,,33504,2918,51509,16437,45417,4796
45069,45,069,"Marlboro County, South Carolina",19139,9241,,,28328,5988,23402,2846,45363,3907
45071,45,071,"Newberry County, South Carolina",,,,,38472,2672,53063,11180,72802,7344
45073,45,073,"Oconee County, South Carolina",15667,10923,,,43258,10394,48750,25739,66628,4302
45075,45,075,"Orangeburg County, South Carolina",,,120118,39532,40582,2869,35559,13432,55592,4104
45077,45,077,"Pickens County, South Carolina",92734,3693,64167,16321,40705,5023,46746,10860,63705,2682
45079,45,079,"Richland County, South Carolina",31563,30280,82319,24758,53059,2090,52126,8505,82934,3861
45081,45,081,"Saluda County, South Carolina",95469,54130,,,42132,12606,44163,1266,65568,6812
45083,45,083,"Spartanburg County, South Carolina",37260,23570,76908,6331,47380,2858,59577,5226,73999,2757
45085,45,085,"Sumter County, South Carolina",95739,62642,90000,68664,44160,2474,50541,22187,71645,4426
45087,45,087,"Union County, South Carolina",,,,,35341,4219,,,43883,4221
45089,45,089,"Williamsburg County, South Carolina",,,46136,40209,38640,4701,89683,6195,60686,4288
45091,45,091,"York County, South Carolina",71429,16014,131572,3954,64533,5380,79130,12990,97542,3207
46003,46,003,"Aurora County, South Dakota",,,,,,,,,74712,5655
46005,46,005,"Beadle County, South Dakota",82386,35972,69702,46136,"2,500",,77170,23891,66734,5470
46007,46,007,"Bennett County, South Dakota",43500,14323,,,,,50662,31853,66389,19191
46009,46,009,"Bon Homme County, South Dakota",,,,,,,,,64464,6693
46011,46,011,"Brookings County, South Dakota",,,52500,38780,,,56615,34227,73254,4708
46013,46,013,"Brown County, South Dakota",83636,24304,84821,38939,135421,5521,54943,7372,70662,4222
46015,46,015,"Brule County, South Dakota",,,,,,,,,72946,7603
46017,46,017,"Buffalo County, South Dakota",42361,10882,,,,,,,80938,28291
46019,46,019,"Butte County, South Dakota",,,,,,,,,73075,11559
46021,46,021,"Campbell County, South Dakota",,,,,,,55288,35967,83056,21108
46023,46,023,"Charles Mix County, South Dakota",35365,7736,,,,,40536,8767,73844,4817
46025,46,025,"Clark County, South Dakota",,,,,,,,,70806,5944
46027,46,027,"Clay County, South Dakota",,,,,,,49000,2082,61919,7016
46029,46,029,"Codington County, South Dakota",,,30639,4926,,,71875,50697,73623,4896
46031,46,031,"Corson County, South Dakota",29250,4698,,,,,,,77188,11841
46033,46,033,"Custer County, South Dakota",183092,126714,118438,59515,,,,,83003,5400
46035,46,035,"Davison County, South Dakota",,,,,,,53750,22618,69321,7864
46037,46,037,"Day County, South Dakota",38036,9563,,,,,45313,18182,76311,4030
46039,46,039,"Deuel County, South Dakota",,,,,,,53529,6120,83163,3669
46041,46,041,"Dewey County, South Dakota",43464,8423,,,,,,,73036,17222
46043,46,043,"Douglas County, South Dakota",,,,,,,69219,30953,89219,11514
46045,46,045,"Edmunds County, South Dakota",,,,,,,,,81576,9451
46047,46,047,"Fall River County, South Dakota",18750,9519,,,,,143406,55227,67356,5222
46049,46,049,"Faulk County, South Dakota",,,,,,,,,61413,18323
46051,46,051,"Grant County, South Dakota",26168,437,,,,,,,78137,6704
46053,46,053,"Gregory County, South Dakota",19844,4137,,,,,,,67188,11204
46055,46,055,"Haakon County, South Dakota",,,,,,,,,61083,11777
46057,46,057,"Hamlin County, South Dakota",,,,,,,63967,5218,88200,2642
46059,46,059,"Hand County, South Dakota",,,,,,,,,73393,6586
46061,46,061,"Hanson County, South Dakota",,,,,,,,,82969,13994
46063,46,063,"Harding County, South Dakota",,,,,,,,,81176,10108
46065,46,065,"Hughes County, South Dakota",80270,3821,,,,,86947,19865,79244,8097
46067,46,067,"Hutchinson County, South Dakota",90208,33870,,,,,,,76908,8892
46069,46,069,"Hyde County, South Dakota",,,,,,,,,62841,19145
46071,46,071,"Jackson County, South Dakota",22321,3260,,,,,,,56131,6027
46073,46,073,"Jerauld County, South Dakota",,,,,,,69063,46921,70875,17014
46075,46,075,"Jones County, South Dakota",33750,33457,,,,,,,66250,13501
46077,46,077,"Kingsbury County, South Dakota",,,,,,,28654,872,75817,6977
46079,46,079,"Lake County, South Dakota",,,,,,,,,76607,5846
46081,46,081,"Lawrence County, South Dakota",29613,16196,,,,,53917,49977,74422,4422
46083,46,083,"Lincoln County, South Dakota",26780,24002,,,57237,47861,53040,29771,100951,3114
46085,46,085,"Lyman County, South Dakota",35000,13560,,,,,,,76625,12510
46087,46,087,"McCook County, South Dakota",73493,563,,,,,72684,56269,85446,3345
46089,46,089,"McPherson County, South Dakota",,,,,,,,,66969,7518
46091,46,091,"Marshall County, South Dakota",22841,6102,,,,,71442,8642,79938,10933
46093,46,093,"Meade County, South Dakota",39028,37306,60900,11792,48032,14893,82810,30350,75433,7596
46095,46,095,"Mellette County, South Dakota",,,,,,,,,72708,17034
46097,46,097,"Miner County, South Dakota",,,,,,,91346,585,76404,6248
46099,46,099,"Minnehaha County, South Dakota",50882,33339,76958,14184,62286,3614,60378,6728,80805,2841
46101,46,101,"Moody County, South Dakota",47159,32330,74750,11773,,,36923,8415,83490,7827
46102,46,102,"Oglala Lakota County, South Dakota",34583,7521,,,,,,,86438,31797
46103,46,103,"Pennington County, South Dakota",35852,12479,63693,20509,34716,19590,88203,40039,78213,2222
46105,46,105,"Perkins County, South Dakota",,,,,,,,,70170,12968
46107,46,107,"Potter County, South Dakota",,,,,,,,,80481,13522
46109,46,109,"Roberts County, South Dakota",45064,3467,61548,29646,,,,,73235,4879
46111,46,111,"Sanborn County, South Dakota",93182,85669,,,,,,,80284,10916
46115,46,115,"Spink County, South Dakota",,,,,,,86375,37696,69063,8881
46117,46,117,"Stanley County, South Dakota",64643,57881,,,,,178203,76792,89410,18901
46119,46,119,"Sully County, South Dakota",,,,,,,,,73047,8268
46121,46,121,"Todd County, South Dakota",30956,15487,158141,73905,,,96328,812,64489,7016
46123,46,123,"Tripp County, South Dakota",19194,3941,,,,,,,63043,10868
46125,46,125,"Turner County, South Dakota",,,,,,,45417,33930,76184,2884
46127,46,127,"Union County, South Dakota",,,54205,52657,,,,,90412,5788
46129,46,129,"Walworth County, South Dakota",,,,,,,,,64018,10263
46135,46,135,"Yankton County, South Dakota",,,,,,,52359,18439,74744,7384
46137,46,137,"Ziebach County, South Dakota",38125,6755,,,,,,,91750,23939
47001,47,001,"Anderson County, Tennessee",83077,17623,72324,26839,42734,20327,74439,14287,66194,2831
47003,47,003,"Bedford County, Tennessee",,,66179,35828,35596,13805,44625,13615,74949,5279
47005,47,005,"Benton County, Tennessee",,,,,38859,1295,85052,49950,53304,8389
47007,47,007,"Bledsoe County, Tennessee",,,,,,,19538,7828,57381,6441
47009,47,009,"Blount County, Tennessee",77500,13307,111964,92609,61655,14462,70042,12761,78245,2904
47011,47,011,"Bradley County, Tennessee",56250,22579,99432,71942,47500,12835,65117,15307,70035,3183
47013,47,013,"Campbell County, Tennessee",127500,105656,93631,84572,83214,23809,61875,21374,50877,3209
47015,47,015,"Cannon County, Tennessee",,,,,,,,,60426,5829
47017,47,017,"Carroll County, Tennessee",,,,,34752,19293,75915,6945,53538,3872
47019,47,019,"Carter County, Tennessee",,,,,34691,6698,,,50655,2763
47021,47,021,"Cheatham County, Tennessee",78125,72837,,,96643,63643,58214,11150,92565,6035
47023,47,023,"Chester County, Tennessee",,,,,47724,38426,,,62328,12518
47025,47,025,"Claiborne County, Tennessee",,,,,"2,500",,31250,19177,50229,5483
47027,47,027,"Clay County, Tennessee",,,,,31389,27529,,,40071,10049
47029,47,029,"Cocke County, Tennessee",,,53385,9058,,,35371,12683,49014,3740
47031,47,031,"Coffee County, Tennessee",,,41026,3260,37284,12465,53611,13534,64039,3327
47033,47,033,"Crockett County, Tennessee",,,105859,47831,50833,26689,70250,40464,65705,6584
47035,47,035,"Cumberland County, Tennessee",38500,6317,,,,,51354,9731,62538,2821
47037,47,037,"Davidson County, Tennessee",79990,25140,91132,11460,55781,2194,65998,4334,91414,1878
47039,47,039,"Decatur County, Tennessee",,,,,16976,8993,75508,53431,46396,5317
47041,47,041,"DeKalb County, Tennessee",,,,,,,50819,11247,55216,10854
47043,47,043,"Dickson County, Tennessee",71250,31382,,,69694,16654,75482,24846,75862,3517
47045,47,045,"Dyer County, Tennessee",,,196250,136226,38261,20583,79519,27745,60311,3429
47047,47,047,"Fayette County, Tennessee",,,,,52164,6535,78438,26421,99622,6116
47049,47,049,"Fentress County, Tennessee",,,,,,,98125,47974,51430,2945
47051,47,051,"Franklin County, Tennessee",145905,506,72768,10558,45650,25273,54712,33483,64591,4388
47053,47,053,"Gibson County, Tennessee",,,138594,56888,48706,15244,77527,47770,65760,3315
47055,47,055,"Giles County, Tennessee",91289,216,125750,81369,52098,13103,,,65521,5079
47057,47,057,"Grainger County, Tennessee",16429,3356,,,,,48653,26007,50946,3066
47059,47,059,"Greene County, Tennessee",,,,,,,33712,21616,56591,3122
47061,47,061,"Grundy County, Tennessee",,,59583,45375,,,162917,66826,47578,6876
47063,47,063,"Hamblen County, Tennessee",,,181111,138493,47849,16520,51055,13829,58221,3826
47065,47,065,"Hamilton County, Tennessee",87636,56613,91375,24764,47764,3226,61292,8543,87068,2522
47067,47,067,"Hancock County, Tennessee",,,,,,,32625,32275,35116,4055
47069,47,069,"Hardeman County, Tennessee",133623,354,,,41507,3488,,,51213,4356
47071,47,071,"Hardin County, Tennessee",,,,,33036,24481,,,51638,4464
47073,47,073,"Hawkins County, Tennessee",,,66458,30939,,,36172,32359,57354,3322
47075,47,075,"Haywood County, Tennessee",,,,,42961,5572,70293,49616,63889,14531
47077,47,077,"Henderson County, Tennessee",,,,,51542,6367,57386,35970,54916,4435
47079,47,079,"Henry County, Tennessee",33281,10927,,,40488,13253,,,51750,2243
47081,47,081,"Hickman County, Tennessee",,,,,56250,15391,,,68418,3650
47083,47,083,"Houston County, Tennessee",,,,,35515,20550,92768,24246,59128,3597
47085,47,085,"Humphreys County, Tennessee",,,,,,,43424,40751,60938,7892
47087,47,087,"Jackson County, Tennessee",,,,,,,19117,661,48654,8355
47089,47,089,"Jefferson County, Tennessee",,,115357,66854,50763,15494,78942,11431,66463,3007
47091,47,091,"Johnson County, Tennessee",,,,,,,54012,11269,51336,5264
47093,47,093,"Knox County, Tennessee",41979,38858,101193,7350,43593,2158,57804,6572,78884,1709
47095,47,095,"Lake County, Tennessee",,,,,21507,7647,132955,67226,32250,7255
47097,47,097,"Lauderdale County, Tennessee",81667,35022,96845,13029,35732,6219,89323,47263,62219,7398
47099,47,099,"Lawrence County, Tennessee",,,,,14126,984,,,55864,3641
47101,47,101,"Lewis County, Tennessee",,,,,,,,,58993,7772
47103,47,103,"Lincoln County, Tennessee",56711,26900,139375,69372,44250,9022,73364,17661,67399,4064
47105,47,105,"Loudon County, Tennessee",,,38888,845,50841,30513,75186,32579,86271,5038
47107,47,107,"McMinn County, Tennessee",,,105732,22758,44148,13430,48328,3593,64414,4018
47109,47,109,"McNairy County, Tennessee",,,,,31500,1209,64318,44346,56013,4295
47111,47,111,"Macon County, Tennessee",,,,,,,51332,23096,59725,3990
47113,47,113,"Madison County, Tennessee",54093,832,107644,84571,41815,5090,54011,7903,72120,3935
47115,47,115,"Marion County, Tennessee",,,,,,,,,62271,4030
47117,47,117,"Marshall County, Tennessee",,,,,36659,12339,68854,42946,75413,5384
47119,47,119,"Maury County, Tennessee",25417,10430,99950,17035,42649,4383,66841,19290,80648,4757
47121,47,121,"Meigs County, Tennessee",,,,,,,,,59981,5752
47123,47,123,"Monroe County, Tennessee",28917,14518,125227,81282,31819,24606,81494,13567,57152,3303
47125,47,125,"Montgomery County, Tennessee",93860,53962,90239,21448,66565,4648,70975,7197,80030,3649
47127,47,127,"Moore County, Tennessee",,,,,43516,5571,"250,000+",,67478,12245
47129,47,129,"Morgan County, Tennessee",,,,,,,121250,32972,65523,4449
47131,47,131,"Obion County, Tennessee",35208,27249,,,36719,6893,36974,30212,57127,2964
47133,47,133,"Overton County, Tennessee",,,,,,,48258,13760,50136,5306
47135,47,135,"Perry County, Tennessee",,,,,,,,,51909,6235
47137,47,137,"Pickett County, Tennessee",,,,,,,60781,12005,48427,5144
47139,47,139,"Polk County, Tennessee",,,,,,,130950,42352,63990,6935
47141,47,141,"Putnam County, Tennessee",88472,28630,71786,53525,,,52610,18585,59596,3161
47143,47,143,"Rhea County, Tennessee",,,,,,,48710,34450,55475,3583
47145,47,145,"Roane County, Tennessee",,,180288,105511,63606,8261,63977,49605,71772,3609
47147,47,147,"Robertson County, Tennessee",,,63906,16479,61522,10707,76250,8150,86279,4991
47149,47,149,"Rutherford County, Tennessee",42396,7921,76000,19736,69294,5857,69919,7734,90981,1983
47151,47,151,"Scott County, Tennessee",14674,1799,33922,12084,,,,,44926,5063
47153,47,153,"Sequatchie County, Tennessee",,,,,,,70764,31447,58187,6028
47155,47,155,"Sevier County, Tennessee",,,59407,40836,,,53797,12152,63332,3724
47157,47,157,"Shelby County, Tennessee",44625,12690,111375,11193,48588,1240,59103,5408,93002,3041
47159,47,159,"Smith County, Tennessee",,,,,37917,29007,43574,7627,67166,4797
47161,47,161,"Stewart County, Tennessee",,,11425,1913,59917,48793,63672,30439,64688,5873
47163,47,163,"Sullivan County, Tennessee",103611,24366,115273,31441,37025,7611,47500,15932,59213,2426
47165,47,165,"Sumner County, Tennessee",80694,30857,103269,20986,64063,14992,83977,7802,92194,2652
47167,47,167,"Tipton County, Tennessee",,,103229,92049,46659,6359,92778,75239,78711,4220
47169,47,169,"Trousdale County, Tennessee",,,,,29375,17166,152083,81855,72898,7963
47171,47,171,"Unicoi County, Tennessee",,,,,,,41888,35477,53047,6835
47173,47,173,"Union County, Tennessee",,,,,,,,,62692,4004
47175,47,175,"Van Buren County, Tennessee",,,,,,,,,59146,10191
47177,47,177,"Warren County, Tennessee",,,,,35192,16340,56250,25282,56458,3058
47179,47,179,"Washington County, Tennessee",,,101590,70683,39805,5350,44792,29882,65472,3261
47181,47,181,"Wayne County, Tennessee",,,,,68750,13979,,,50093,4641
47183,47,183,"Weakley County, Tennessee",,,,,44132,19449,44141,23062,52016,2706
47185,47,185,"White County, Tennessee",,,,,,,57750,44083,52836,4915
47187,47,187,"Williamson County, Tennessee",132625,52258,171801,21135,86538,16188,92202,14013,138525,5302
47189,47,189,"Wilson County, Tennessee",133774,46211,139951,12914,67672,17304,79162,11443,96445,3489
48001,48,001,"Anderson County, Texas",195691,181488,116741,10972,35064,10168,59063,17195,67401,5220
48003,48,003,"Andrews County, Texas",,,,,121623,2329,65528,8467,77361,17662
48005,48,005,"Angelina County, Texas",66141,18114,,,37175,6056,62748,4923,68088,6202
48007,48,007,"Aransas County, Texas",,,,,33744,251,73540,37846,68932,8469
48009,48,009,"Archer County, Texas",,,,,146500,115088,66964,10768,75333,11083
48011,48,011,"Armstrong County, Texas",45694,25570,,,,,92632,75412,75268,13242
48013,48,013,"Atascosa County, Texas","250,000+",,91083,31410,38533,36511,65734,10416,78837,7838
48015,48,015,"Austin County, Texas",,,99817,33181,37952,13184,82207,21633,80980,12200
48017,48,017,"Bailey County, Texas",,,,,,,71331,24608,60647,23433
48019,48,019,"Bandera County, Texas",83438,21424,40333,2542,,,57692,38931,80030,10561
48021,48,021,"Bastrop County, Texas",52833,21786,117975,80861,81444,33385,77115,7164,92915,6810
48023,48,023,"Baylor County, Texas",,,,,,,,,43889,8701
48025,48,025,"Bee County, Texas",32750,4878,51793,39310,,,50502,7849,79558,6555
48027,48,027,"Bell County, Texas",54417,14350,70333,5635,58405,4072,61822,3743,75146,1715
48029,48,029,"Bexar County, Texas",65710,8560,87417,7148,56861,2946,64540,1107,91748,1900
48031,48,031,"Blanco County, Texas",,,,,,,69049,18270,94578,9169
48033,48,033,"Borden County, Texas",,,,,,,31181,6079,71875,20424
48035,48,035,"Bosque County, Texas",51250,45702,,,91023,46722,62344,11771,69212,4245
48037,48,037,"Bowie County, Texas",64508,2095,97841,10730,41577,4671,56004,5718,68256,3632
48039,48,039,"Brazoria County, Texas",67148,31132,140152,15540,97489,12812,82339,4828,101888,4773
48041,48,041,"Brazos County, Texas",53684,11407,71580,17526,35943,4231,49811,2893,70830,3707
48043,48,043,"Brewster County, Texas",,,,,,,55912,8014,49753,24025
48045,48,045,"Briscoe County, Texas",,,,,,,44063,11403,52109,17379
48047,48,047,"Brooks County, Texas",,,,,,,46521,13481,61719,25166
48049,48,049,"Brown County, Texas",67292,57399,95156,49200,47717,33880,55292,9309,57897,5997
48051,48,051,"Burleson County, Texas",,,111058,106716,62778,22521,61580,16295,73265,8682
48053,48,053,"Burnet County, Texas",107729,87689,,,66797,48659,67656,11758,81523,4714
48055,48,055,"Caldwell County, Texas",85660,31804,101449,5419,29664,21347,66556,5160,77617,9179
48057,48,057,"Calhoun County, Texas",,,122981,62986,,,57196,9746,96432,6935
48059,48,059,"Callahan County, Texas",,,,,,,40841,4060,73917,8431
48061,48,061,"Cameron County, Texas",47695,13729,103765,7758,47064,17331,49284,1637,69512,5414
48063,48,063,"Camp County, Texas",,,95302,52135,26589,8316,50476,26673,71106,14852
48065,48,065,"Carson County, Texas",,,,,,,79250,32133,85698,7704
48067,48,067,"Cass County, Texas",,,,,35614,5599,37234,17071,58737,4397
48069,48,069,"Castro County, Texas",,,,,,,41998,9869,65164,12646
48071,48,071,"Chambers County, Texas",,,,,80711,13051,85563,18696,122646,13899
48073,48,073,"Cherokee County, Texas",,,83314,41420,37315,8816,58636,8936,65789,4498
48075,48,075,"Childress County, Texas",,,,,,,58245,37666,61280,21938
48077,48,077,"Clay County, Texas",96188,1034,,,,,123239,31380,76941,8586
48079,48,079,"Cochran County, Texas",,,,,,,37692,10593,50536,27297
48081,48,081,"Coke County, Texas",,,,,,,29527,10203,49000,6880
48083,48,083,"Coleman County, Texas",,,,,,,31719,30704,50544,3973
48085,48,085,"Collin County, Texas",121471,35862,156540,5403,90397,4072,92277,4636,126038,3312
48087,48,087,"Collingsworth County, Texas",,,,,50436,1990,49583,18770,85185,12166
48089,48,089,"Colorado County, Texas",,,,,60917,14783,53808,5166,77745,10301
48091,48,091,"Comal County, Texas",156014,99795,138109,32676,104543,17462,84331,7135,104634,4090
48093,48,093,"Comanche County, Texas",78875,37185,193400,99829,,,52957,7243,61581,9935
48095,48,095,"Concho County, Texas",,,,,,,55268,51698,73380,11344
48097,48,097,"Cooke County, Texas",105404,71401,,,56614,13227,56381,8186,80607,7311
48099,48,099,"Coryell County, Texas",84154,15839,52974,21334,65764,10934,63330,8104,74529,3350
48101,48,101,"Cottle County, Texas",,,,,15952,2939,,,75833,20294
48103,48,103,"Crane County, Texas",,,138654,88013,,,60208,20712,70268,25494
48105,48,105,"Crockett County, Texas",,,,,,,81445,55663,69844,45418
48107,48,107,"Crosby County, Texas",,,,,43899,724,41167,10937,71447,20645
48109,48,109,"Culberson County, Texas",,,,,,,39750,21294,112781,64402
48111,48,111,"Dallam County, Texas",,,,,,,51202,22833,79897,4430
48113,48,113,"Dallas County, Texas",71975,3857,108967,3635,58371,1374,68913,1921,102276,1526
48115,48,115,"Dawson County, Texas",,,,,,,46544,13097,78533,23058
48117,48,117,"Deaf Smith County, Texas",,,,,,,58571,9156,64300,7269
48119,48,119,"Delta County, Texas",,,,,32750,24585,99236,63726,64891,8682
48121,48,121,"Denton County, Texas",81810,33169,149994,4750,84053,5396,88059,3222,119307,2528
48123,48,123,"DeWitt County, Texas",28919,583,,,32356,9847,65913,12583,65133,7449
48125,48,125,"Dickens County, Texas",,,,,,,39250,11389,55375,7647
48127,48,127,"Dimmit County, Texas",,,,,,,31331,14074,143047,59373
48129,48,129,"Donley County, Texas",,,,,,,77917,62597,59506,8576
48131,48,131,"Duval County, Texas",,,,,,,40239,12553,63586,33264
48133,48,133,"Eastland County, Texas",,,,,41250,27823,42188,20492,56250,7106
48135,48,135,"Ector County, Texas",,,104980,81414,58852,11825,68797,6460,78341,6343
48137,48,137,"Edwards County, Texas",,,,,,,,,67891,19490
48139,48,139,"Ellis County, Texas",,,,,101473,8925,81504,8398,104345,4351
48141,48,141,"El Paso County, Texas",69281,12104,80707,11798,63720,6772,56459,1177,76058,4424
48143,48,143,"Erath County, Texas",,,"250,000+",,25547,13833,55417,16897,65730,4381
48145,48,145,"Falls County, Texas",,,,,29446,3934,55032,15339,66217,5887
48147,48,147,"Fannin County, Texas",91250,87563,67596,44678,28563,18616,75938,12042,74192,3304
48149,48,149,"Fayette County, Texas",,,,,,,65662,11445,83279,4660
48151,48,151,"Fisher County, Texas",,,,,19792,18416,59886,8550,67991,5848
48153,48,153,"Floyd County, Texas",,,,,16094,15668,59732,9460,60125,19553
48155,48,155,"Foard County, Texas",,,,,,,,,70625,35398
48157,48,157,"Fort Bend County, Texas",84143,14304,137576,5256,93991,4098,89281,5443,134051,4285
48159,48,159,"Franklin County, Texas",,,,,,,62000,17744,74275,7067
48161,48,161,"Freestone County, Texas",,,,,50268,18130,66717,5081,70075,8071
48163,48,163,"Frio County, Texas",,,,,,,60534,16401,92458,17235
48165,48,165,"Gaines County, Texas",,,,,38636,14217,60786,14828,81889,17804
48167,48,167,"Galveston County, Texas",74333,40418,99167,13525,52783,5038,75369,2671,100589,3443
48169,48,169,"Garza County, Texas",,,,,,,40533,4454,61273,15269
48171,48,171,"Gillespie County, Texas",98266,67020,236250,130843,,,76579,20043,76122,7622
48173,48,173,"Glasscock County, Texas",,,,,,,78000,44995,120250,39236
48175,48,175,"Goliad County, Texas",,,,,,,38343,11657,68718,13978
48177,48,177,"Gonzales County, Texas",41445,613,62000,44364,51538,50132,57715,14245,59881,6695
48179,48,179,"Gray County, Texas",48056,34495,55705,19870,26250,19784,45398,12017,70812,10016
48181,48,181,"Grayson County, Texas",72313,13571,73025,18652,51531,5678,63858,4989,76500,3651
48183,48,183,"Gregg County, Texas",51016,30247,78631,22194,51077,4026,57324,7430,76219,2510
48185,48,185,"Grimes County, Texas",,,,,26316,15548,62614,15965,84252,14410
48187,48,187,"Guadalupe County, Texas",102367,44146,84123,51157,90778,11890,78990,5394,103553,4778
48189,48,189,"Hale County, Texas",,,,,40000,26952,47059,5579,65215,9573
48191,48,191,"Hall County, Texas",,,,,,,39079,20852,52750,11310
48193,48,193,"Hamilton County, Texas",,,,,,,58625,34040,58671,8933
48195,48,195,"Hansford County, Texas",,,,,,,65909,14954,72202,17563
48197,48,197,"Hardeman County, Texas",,,107500,78819,,,63000,43882,62833,16393
48199,48,199,"Hardin County, Texas",58807,322,,,65317,15980,76458,21288,79701,8554
48201,48,201,"Harris County, Texas",70667,3544,96399,3449,54903,1037,64119,954,106680,1764
48203,48,203,"Harrison County, Texas",,,,,41940,9058,62266,14376,73917,3075
48205,48,205,"Hartley County, Texas",,,,,,,53929,11137,90705,22331
48207,48,207,"Haskell County, Texas",150625,44681,,,,,48229,11285,64316,10171
48209,48,209,"Hays County, Texas",107969,25460,120694,21817,88333,23254,75263,5170,100170,4657
48211,48,211,"Hemphill County, Texas",,,,,,,58914,5516,74787,17523
48213,48,213,"Henderson County, Texas",,,85926,10731,57854,10049,69717,10645,68016,4064
48215,48,215,"Hidalgo County, Texas",66576,16840,105521,11523,72517,34070,52969,1134,61944,2796
48217,48,217,"Hill County, Texas",72650,33765,81146,1110,47575,21851,64949,5419,66030,4235
48219,48,219,"Hockley County, Texas",,,,,30231,19147,54223,11880,70141,7574
48221,48,221,"Hood County, Texas",29167,20879,94427,43696,158295,25936,86629,12173,89002,6626
48223,48,223,"Hopkins County, Texas",,,30694,25750,36902,10852,62260,13665,75558,3431
48225,48,225,"Houston County, Texas",,,,,32905,5488,77404,27925,62132,6979
48227,48,227,"Howard County, Texas",,,86154,33891,29743,14443,67300,3531,77500,7992
48229,48,229,"Hudspeth County, Texas",,,,,,,49500,7334,42386,36525
48231,48,231,"Hunt County, Texas",92396,60275,56244,1152,55986,11124,71470,6221,75389,5014
48233,48,233,"Hutchinson County, Texas",,,,,,,59344,15843,72007,8827
48235,48,235,"Irion County, Texas",,,,,,,43885,10393,78047,18450
48237,48,237,"Jack County, Texas",,,,,,,41202,16188,69719,8151
48239,48,239,"Jackson County, Texas",,,,,,,62929,15051,82731,11591
48241,48,241,"Jasper County, Texas",,,,,35083,11323,,,64591,7051
48243,48,243,"Jeff Davis County, Texas",,,,,,,,,72962,34023
48245,48,245,"Jefferson County, Texas",66380,22224,83594,7646,43256,2431,60013,5451,78054,3753
48247,48,247,"Jim Hogg County, Texas",,,,,,,43454,4853,26667,25250
48249,48,249,"Jim Wells County, Texas",,,,,,,49845,5791,64306,17161
48251,48,251,"Johnson County, Texas",125972,52367,91125,44106,78185,10819,78019,7336,86879,2526
48253,48,253,"Jones County, Texas",101136,5505,140682,30950,,,48233,9387,70924,5498
48255,48,255,"Karnes County, Texas",,,,,,,43371,19009,81875,34336
48257,48,257,"Kaufman County, Texas",138313,29041,100197,41000,70830,6281,82338,4460,99923,5697
48259,48,259,"Kendall County, Texas",,,177043,54189,226071,35925,113667,21776,113855,8555
48261,48,261,"Kenedy County, Texas",,,,,,,38618,1996,,
48263,48,263,"Kent County, Texas",,,,,,,,,72917,16354
48265,48,265,"Kerr County, Texas",60313,49305,86662,2791,118229,111376,60371,5907,71821,4389
48267,48,267,"Kimble County, Texas",,,,,,,61786,25142,74138,19526
48269,48,269,"King County, Texas",,,,,,,,,,
48271,48,271,"Kinney County, Texas",,,,,,,76250,14434,54273,14384
48273,48,273,"Kleberg County, Texas",111115,10896,,,102910,42898,55630,11356,73452,6228
48275,48,275,"Knox County, Texas",,,,,25455,9746,60203,12057,61250,11596
48277,48,277,"Lamar County, Texas",,,,,44120,6986,55332,16140,66815,6048
48279,48,279,"Lamb County, Texas",114000,4945,,,,,59692,6322,66201,4945
48281,48,281,"Lampasas County, Texas",83938,5454,66500,52717,113438,59596,59655,22438,85836,7425
48283,48,283,"La Salle County, Texas",,,,,,,44402,27063,70885,43330
48285,48,285,"Lavaca County, Texas",,,63304,7143,38571,22306,45660,9804,72518,6206
48287,48,287,"Lee County, Texas",,,,,74653,68576,54567,30467,85665,12231
48289,48,289,"Leon County, Texas",115806,710,,,42981,13790,53036,20686,65401,8377
48291,48,291,"Liberty County, Texas",83438,27776,148178,105500,46161,23005,58915,5930,76442,5452
48293,48,293,"Limestone County, Texas",,,88125,60556,38563,3655,62321,7072,66565,3548
48295,48,295,"Lipscomb County, Texas",,,,,,,69219,15848,79688,9193
48297,48,297,"Live Oak County, Texas",,,,,,,43694,8138,68519,5131
48299,48,299,"Llano County, Texas",35750,22021,,,,,55689,12370,72317,7993
48301,48,301,"Loving County, Texas",,,,,,,,,51382,669
48303,48,303,"Lubbock County, Texas",65050,15577,96250,21335,43655,5080,55626,1943,75905,2001
48305,48,305,"Lynn County, Texas",58477,533,,,,,51354,11629,85583,6567
48307,48,307,"McCulloch County, Texas",,,,,,,42798,18432,62179,15713
48309,48,309,"McLennan County, Texas",100188,41729,68922,12505,39470,3117,55267,3729,83450,3042
48311,48,311,"McMullen County, Texas",,,,,,,37241,6454,64250,63278
48313,48,313,"Madison County, Texas",,,,,74219,28312,74069,17782,77150,10877
48315,48,315,"Marion County, Texas",,,,,19867,15998,,,61059,7899
48317,48,317,"Martin County, Texas",,,,,,,61685,46701,116831,19371
48319,48,319,"Mason County, Texas",,,,,,,42083,14529,76974,6827
48321,48,321,"Matagorda County, Texas",,,,,40625,4722,47418,6694,69567,5955
48323,48,323,"Maverick County, Texas",75481,53739,,,,,48936,4946,83456,13454
48325,48,325,"Medina County, Texas",115931,775,,,116250,33294,67646,9164,79992,4512
48327,48,327,"Menard County, Texas",,,,,,,27443,9291,72500,20352
48329,48,329,"Midland County, Texas",74250,69823,131268,39135,49845,14562,80108,4556,109026,7983
48331,48,331,"Milam County, Texas",,,,,41228,34791,45863,17587,73409,5664
48333,48,333,"Mills County, Texas",,,,,,,55781,43140,67538,11068
48335,48,335,"Mitchell County, Texas",26875,13815,90938,45191,,,58205,17364,68274,13714
48337,48,337,"Montague County, Texas",57760,37753,,,,,57661,21098,65819,4041
48339,48,339,"Montgomery County, Texas",107794,22448,131394,9801,77055,8578,79630,3360,107363,3095
48341,48,341,"Moore County, Texas",70369,43228,"2,500",,,,61085,4217,67727,13531
48343,48,343,"Morris County, Texas",74327,41354,,,41587,18909,81574,1107,62132,6898
48345,48,345,"Motley County, Texas",,,,,,,,,61458,10234
48347,48,347,"Nacogdoches County, Texas",145830,58598,38640,8286,30461,3207,55785,3271,62921,3516
48349,48,349,"Navarro County, Texas",78750,71243,"250,000+",,31727,3254,56466,3182,73801,7269
48351,48,351,"Newton County, Texas",,,,,25821,6448,,,54514,8893
48353,48,353,"Nolan County, Texas",,,,,32109,28766,46168,5038,55891,5683
48355,48,355,"Nueces County, Texas",63720,7976,104516,9876,48000,8135,60474,1636,81526,3588
48357,48,357,"Ochiltree County, Texas",205873,34472,,,,,85327,10919,51774,22222
48359,48,359,"Oldham County, Texas",,,,,,,68125,47095,80455,7712
48361,48,361,"Orange County, Texas",138229,109618,72786,22197,34542,6117,55550,10035,78945,5555
48363,48,363,"Palo Pinto County, Texas",102109,36985,,,,,52179,9209,70920,3952
48365,48,365,"Panola County, Texas",,,44310,17685,33750,24319,77308,39360,68588,8251
48367,48,367,"Parker County, Texas",60472,26997,141250,90382,90820,66648,81592,15099,106501,3779
48369,48,369,"Parmer County, Texas",,,,,,,65738,2049,99554,8977
48371,48,371,"Pecos County, Texas",,,128668,76633,,,67895,14926,98145,29392
48373,48,373,"Polk County, Texas",54583,26851,93867,53451,29135,20563,56023,17326,64464,7165
48375,48,375,"Potter County, Texas",37596,23333,73567,17849,32079,3866,49176,2295,62199,3366
48377,48,377,"Presidio County, Texas",,,,,,,43958,14325,37875,16058
48379,48,379,"Rains County, Texas","2,500",,118397,807,33858,6270,68524,6537,65196,5773
48381,48,381,"Randall County, Texas",39308,28525,72500,16634,56330,13289,81626,8383,85057,3051
48383,48,383,"Reagan County, Texas",,,,,,,49102,12765,93594,64577
48385,48,385,"Real County, Texas",,,,,,,30924,6215,50536,37309
48387,48,387,"Red River County, Texas",126034,437,,,31884,8465,63445,9559,57902,4224
48389,48,389,"Reeves County, Texas",45221,28002,,,,,58972,9389,110078,54635
48391,48,391,"Refugio County, Texas",,,,,25286,2542,54038,14122,75841,15086
48393,48,393,"Roberts County, Texas",,,,,,,,,66875,7478
48395,48,395,"Robertson County, Texas",122125,77864,,,32466,7803,76909,10132,79850,5630
48397,48,397,"Rockwall County, Texas",112614,36858,105994,15450,101781,23592,113982,5944,134661,5053
48399,48,399,"Runnels County, Texas",,,,,70647,34129,60169,10061,63042,6648
48401,48,401,"Rusk County, Texas",,,47500,27395,39359,8615,56571,12469,76878,6140
48403,48,403,"Sabine County, Texas",,,,,60599,5589,73286,13640,68167,6680
48405,48,405,"San Augustine County, Texas",,,,,16754,15017,35714,7105,62381,10202
48407,48,407,"San Jacinto County, Texas",,,,,53750,29133,44671,7763,70085,8878
48409,48,409,"San Patricio County, Texas",78266,17956,134833,56425,39074,29509,56758,4844,85127,6865
48411,48,411,"San Saba County, Texas",,,,,,,51667,18217,57305,8307
48413,48,413,"Schleicher County, Texas",,,,,,,68421,29119,93150,13302
48415,48,415,"Scurry County, Texas",,,,,,,56682,6838,69556,14443
48417,48,417,"Shackelford County, Texas",,,,,,,68438,33680,78203,11849
48419,48,419,"Shelby County, Texas",40873,1258,,,25909,7932,48859,13931,57603,5223
48421,48,421,"Sherman County, Texas",,,,,,,44963,3602,72402,19953
48423,48,423,"Smith County, Texas",45795,30521,104779,30544,55280,5825,67195,5324,83896,1997
48425,48,425,"Somervell County, Texas",,,,,,,73659,26488,93452,20719
48427,48,427,"Starr County, Texas",,,,,,,37181,4565,55417,26487
48429,48,429,"Stephens County, Texas",,,18000,8678,,,46164,11123,63720,8476
48431,48,431,"Sterling County, Texas",,,,,,,58264,18719,85000,72096
48433,48,433,"Stonewall County, Texas",,,,,,,46845,37658,67292,20524
48435,48,435,"Sutton County, Texas",,,,,,,62950,24939,88542,26774
48437,48,437,"Swisher County, Texas",238182,154085,,,,,32738,5361,47647,8261
48439,48,439,"Tarrant County, Texas",85237,8192,103060,4073,63260,1862,73226,965,98950,1363
48441,48,441,"Taylor County, Texas",44286,29890,63250,28520,48719,4433,56722,5002,74112,2329
48443,48,443,"Terrell County, Texas",,,,,,,43523,31682,44403,9677
48445,48,445,"Terry County, Texas",,,,,37649,31942,38570,3274,57831,26783
48447,48,447,"Throckmorton County, Texas",,,,,,,,,59640,7808
48449,48,449,"Titus County, Texas",,,,,31193,5024,54000,8873,70863,5418
48451,48,451,"Tom Green County, Texas",44286,7410,65647,12712,51198,10165,61716,3538,72146,3402
48453,48,453,"Travis County, Texas",85116,11668,124821,6678,70817,4710,78292,3603,115975,2036
48455,48,455,"Trinity County, Texas",,,,,,,51325,8685,54966,6483
48457,48,457,"Tyler County, Texas",,,,,,,77206,17811,55881,8153
48459,48,459,"Upshur County, Texas",,,,,45532,10154,49012,11624,69205,5393
48461,48,461,"Upton County, Texas",,,,,,,49938,29379,43984,41637
48463,48,463,"Uvalde County, Texas",,,"2,500",,,,43271,10848,66264,5021
48465,48,465,"Val Verde County, Texas",,,,,62727,41649,62652,5184,84500,13388
48467,48,467,"Van Zandt County, Texas",93295,50407,118583,91070,65972,21159,86429,28315,68956,4538
48469,48,469,"Victoria County, Texas",,,134830,60705,37103,7962,68268,5425,78108,5708
48471,48,471,"Walker County, Texas",,,80885,471,50437,10343,48980,5245,51948,4573
48473,48,473,"Waller County, Texas",202854,132470,145250,124542,38852,8369,70794,11298,119055,11715
48475,48,475,"Ward County, Texas",,,,,48005,9137,59769,30897,70365,17254
48477,48,477,"Washington County, Texas",,,,,43376,11848,80156,10483,87188,6318
48479,48,479,"Webb County, Texas",86000,84060,110233,89772,103365,48972,61752,2104,79454,10052
48481,48,481,"Wharton County, Texas",,,49353,1604,39401,10104,59926,6936,90580,7593
48483,48,483,"Wheeler County, Texas",,,,,,,66793,21248,59115,12660
48485,48,485,"Wichita County, Texas",72431,28764,89150,24739,41764,1978,56081,7636,67939,2416
48487,48,487,"Wilbarger County, Texas",,,,,71092,7641,38780,6565,63156,15045
48489,48,489,"Willacy County, Texas",,,,,,,48668,10354,73854,24104
48491,48,491,"Williamson County, Texas",84284,13087,166852,9644,88952,8893,95252,4629,115088,2350
48493,48,493,"Wilson County, Texas",78289,41192,,,148906,71357,81064,6588,101260,6471
48495,48,495,"Winkler County, Texas",133828,64061,,,,,85250,24011,101563,23775
48497,48,497,"Wise County, Texas",105554,44607,176538,67348,76635,13876,84631,3728,93526,4374
48499,48,499,"Wood County, Texas",,,87976,38525,59310,27354,51921,19280,60174,5040
48501,48,501,"Yoakum County, Texas",,,,,,,91612,18536,67117,18015
48503,48,503,"Young County, Texas",,,,,,,53913,9683,71542,8747
48505,48,505,"Zapata County, Texas",,,,,,,38646,5053,38056,14418
48507,48,507,"Zavala County, Texas",,,,,,,36618,6173,,
49001,49,001,"Beaver County, Utah",,,,,,,69940,55534,80150,6144
49003,49,003,"Box Elder County, Utah",66065,44674,,,,,71641,16505,85546,4575
49005,49,005,"Cache County, Utah",79216,24437,78289,23406,52393,52103,72515,6894,84628,2864
49007,49,007,"Carbon County, Utah",,,,,62171,32483,52063,8409,58843,3694
49009,49,009,"Daggett County, Utah",,,,,,,,,57159,17458
49011,49,011,"Davis County, Utah",86083,13753,102177,18160,79882,15425,83979,5522,115376,2325
49013,49,013,"Duchesne County, Utah",,,126250,114047,,,66736,13834,79958,4894
49015,49,015,"Emery County, Utah",,,,,,,65234,23037,74375,6733
49017,49,017,"Garfield County, Utah",,,,,,,91379,592,59715,5546
49019,49,019,"Grand County, Utah",,,109497,41879,,,107590,44795,65043,8283
49021,49,021,"Iron County, Utah",63571,25407,109318,107359,81442,78388,62286,16364,66780,4634
49023,49,023,"Juab County, Utah",51071,524,,,,,78715,911,105119,7670
49025,49,025,"Kane County, Utah",,,,,,,135038,94364,75523,8889
49027,49,027,"Millard County, Utah",67560,35448,,,,,64886,19734,74923,4564
49029,49,029,"Morgan County, Utah",,,,,,,116949,48949,130206,9133
49031,49,031,"Piute County, Utah",,,,,,,,,48095,5959
49033,49,033,"Rich County, Utah",,,,,,,,,81058,11060
49035,49,035,"Salt Lake County, Utah",75676,7249,105160,6002,64040,8587,80639,3090,103332,1420
49037,49,037,"San Juan County, Utah",49403,5720,,,,,,,74604,12336
49039,49,039,"Sanpete County, Utah",,,21689,4638,,,60962,18897,72855,2875
49041,49,041,"Sevier County, Utah",,,,,,,33125,22925,76449,3768
49043,49,043,"Summit County, Utah",,,139318,23876,41289,681,90364,9435,145325,5720
49045,49,045,"Tooele County, Utah",,,108750,67175,151250,102335,99031,7008,107972,3788
49047,49,047,"Uintah County, Utah",36786,20413,69792,19091,123438,9174,66262,13846,78290,8026
49049,49,049,"Utah County, Utah",83611,16146,96295,8238,98735,30758,83831,3144,104679,1658
49051,49,051,"Wasatch County, Utah",63400,57780,179135,174154,,,84017,13257,120808,6374
49053,49,053,"Washington County, Utah",50638,34850,55950,19673,51225,19901,57381,9592,84482,2768
49055,49,055,"Wayne County, Utah",,,,,,,,,77708,12179
49057,49,057,"Weber County, Utah",77245,10655,104615,19920,64219,11083,80459,4269,92442,2327
50001,50,001,"Addison County, Vermont",,,193750,147780,,,64219,59523,89526,4452
50003,50,003,"Bennington County, Vermont",,,102557,78321,,,,,73110,5305
50005,50,005,"Caledonia County, Vermont",94063,32061,,,,,,,69891,4955
50007,50,007,"Chittenden County, Vermont",127763,83476,83785,15155,63202,11548,101583,38883,99441,3147
50009,50,009,"Essex County, Vermont",,,,,,,,,59032,4107
50011,50,011,"Franklin County, Vermont",79375,71533,210045,84678,,,119476,33042,80575,4853
50013,50,013,"Grand Isle County, Vermont",51300,327,,,,,126250,48728,97930,10779
50015,50,015,"Lamoille County, Vermont",44500,39077,,,78345,16149,71296,28451,75849,7057
50017,50,017,"Orange County, Vermont",64583,64451,,,,,,,82181,4640
50019,50,019,"Orleans County, Vermont",,,144500,116442,31977,6291,88750,68308,70540,2931
50021,50,021,"Rutland County, Vermont",,,,,,,86500,9356,68804,3074
50023,50,023,"Washington County, Vermont",,,49750,23961,,,126250,41541,83639,3168
50025,50,025,"Windham County, Vermont",130833,8916,50179,48958,51346,35865,89063,51075,71500,3899
50027,50,027,"Windsor County, Vermont",,,66875,32750,,,98914,13730,77818,3421
51001,51,001,"Accomack County, Virginia",,,,,43431,4660,51250,17424,70480,5891
51003,51,003,"Albemarle County, Virginia",70366,69159,132895,26132,55430,10561,90164,11898,111544,5775
51005,51,005,"Alleghany County, Virginia",,,,,28750,9172,,,57529,3375
51007,51,007,"Amelia County, Virginia",,,,,91429,31978,64848,56540,77102,10134
51009,51,009,"Amherst County, Virginia",,,,,48682,7029,57414,41471,73300,4185
51011,51,011,"Appomattox County, Virginia",,,,,51473,11012,67721,54640,65089,7112
51013,51,013,"Arlington County, Virginia",65196,17634,119024,8357,94758,12490,94375,10367,165474,5035
51015,51,015,"Augusta County, Virginia",86346,35810,,,83850,30855,86058,56872,82392,4449
51017,51,017,"Bath County, Virginia",,,,,,,,,52083,25691
51019,51,019,"Bedford County, Virginia",,,103333,19270,85166,37824,76250,23620,79110,3042
51021,51,021,"Bland County, Virginia",,,,,"2,500",,,,61881,6662
51023,51,023,"Botetourt County, Virginia",39400,15691,,,64336,18806,86250,43992,81789,6356
51025,51,025,"Brunswick County, Virginia",,,,,45230,6485,58719,764,62700,11304
51027,51,027,"Buchanan County, Virginia",,,,,"2,500",,,,42784,3564
51029,51,029,"Buckingham County, Virginia",,,115000,29211,60378,7546,18707,12708,61181,8419
51031,51,031,"Campbell County, Virginia",,,88690,88378,58413,14230,76779,37337,67493,5765
51033,51,033,"Caroline County, Virginia",106164,72978,170461,65958,81184,23255,61607,24136,91867,5981
51035,51,035,"Carroll County, Virginia",,,63750,19066,,,58214,32504,54162,4004
51036,51,036,"Charles City County, Virginia",75000,14370,95962,5941,61607,10032,66667,30121,90600,6593
51037,51,037,"Charlotte County, Virginia",,,,,44000,15301,,,67266,15272
51041,51,041,"Chesterfield County, Virginia",76986,44014,123294,7771,84143,5117,77260,10054,111336,2653
51043,51,043,"Clarke County, Virginia",,,120375,69968,,,104808,67668,120244,8688
51045,51,045,"Craig County, Virginia",,,,,,,106000,68213,68377,16084
51047,51,047,"Culpeper County, Virginia",,,122500,72658,90357,35942,94324,13285,104590,8234
51049,51,049,"Cumberland County, Virginia",,,,,41211,862,,,63871,9173
51051,51,051,"Dickenson County, Virginia",,,,,,,,,47393,4791
51053,51,053,"Dinwiddie County, Virginia",,,,,61509,4197,79518,45603,88636,5452
51057,51,057,"Essex County, Virginia",,,,,41944,16650,,,62129,9419
51059,51,059,"Fairfax County, Virginia",95881,7373,152704,4726,110058,3354,108670,4368,176128,1903
51061,51,061,"Fauquier County, Virginia",141042,136104,171392,34049,102634,34694,95158,13088,141921,8040
51063,51,063,"Floyd County, Virginia",,,93875,19664,,,41060,18389,66297,9790
51065,51,065,"Fluvanna County, Virginia",,,26964,13751,52917,45846,114674,84417,103017,7470
51067,51,067,"Franklin County, Virginia",76250,27062,126445,43768,56861,7815,,,70516,4352
51069,51,069,"Frederick County, Virginia",,,153125,43641,104038,17414,94906,20860,96071,4543
51071,51,071,"Giles County, Virginia",,,,,,,64489,10867,65788,3225
51073,51,073,"Gloucester County, Virginia",,,,,58973,7093,115964,43613,85201,5156
51075,51,075,"Goochland County, Virginia",,,200562,125592,82863,24068,207500,114898,118721,9818
51077,51,077,"Grayson County, Virginia",,,,,36250,35106,,,48290,6191
51079,51,079,"Greene County, Virginia",,,226016,102364,39170,12246,,,96675,8990
51081,51,081,"Greensville County, Virginia",,,,,44913,12118,,,61937,12106
51083,51,083,"Halifax County, Virginia",,,98718,870,38007,8101,98281,62776,60523,4217
51085,51,085,"Hanover County, Virginia",104199,11936,171875,54064,80847,7071,100278,24700,115962,3706
51087,51,087,"Henrico County, Virginia",122014,40046,133762,16757,63957,2158,69668,7850,102154,2817
51089,51,089,"Henry County, Virginia",32000,30648,126071,113207,42099,3634,54070,4565,53523,2463
51091,51,091,"Highland County, Virginia",,,,,,,,,65179,11991
51093,51,093,"Isle of Wight County, Virginia",,,34239,19673,67465,7011,,,106257,4140
51095,51,095,"James City County, Virginia",,,109688,72089,54984,10138,96250,28852,117846,5413
51097,51,097,"King and Queen County, Virginia",,,,,70924,33203,,,75217,20378
51099,51,099,"King George County, Virginia",,,,,87172,12336,89167,27629,121841,7692
51101,51,101,"King William County, Virginia",,,,,84464,13467,,,86276,8887
51103,51,103,"Lancaster County, Virginia",,,100089,64768,47986,24490,81652,762,75820,10990
51105,51,105,"Lee County, Virginia",,,,,,,,,42368,3826
51107,51,107,"Loudoun County, Virginia",195698,71841,204243,6726,141730,10807,127337,9051,188312,4224
51109,51,109,"Louisa County, Virginia",136319,82451,,,61726,21471,68400,22028,89620,5528
51111,51,111,"Lunenburg County, Virginia",,,,,46216,19877,47188,37487,65953,4854
51113,51,113,"Madison County, Virginia",,,,,45859,10528,,,90824,12844
51115,51,115,"Mathews County, Virginia",,,,,39371,4916,,,79110,9199
51117,51,117,"Mecklenburg County, Virginia",,,,,39794,5228,86645,14476,63335,4348
51119,51,119,"Middlesex County, Virginia",,,,,37405,23188,153750,109813,79787,14218
51121,51,121,"Montgomery County, Virginia",71250,69816,58431,8567,46313,22188,55143,27888,74074,3187
51125,51,125,"Nelson County, Virginia",,,"250,000+",,59407,4400,168226,94543,78586,11926
51127,51,127,"New Kent County, Virginia",100125,56078,121364,36324,93472,47374,182907,155393,123942,8447
51131,51,131,"Northampton County, Virginia",,,135809,34351,34167,11577,72130,20963,86605,6533
51133,51,133,"Northumberland County, Virginia",,,,,40266,10885,94333,92317,77944,5199
51135,51,135,"Nottoway County, Virginia",,,113011,21714,57955,19091,,,68750,10904
51137,51,137,"Orange County, Virginia",,,,,88750,18947,118488,46684,95208,8014
51139,51,139,"Page County, Virginia",,,,,49434,10898,67265,7003,55589,5867
51141,51,141,"Patrick County, Virginia",,,,,43563,18856,110242,102265,51956,6453
51143,51,143,"Pittsylvania County, Virginia",95917,31447,,,38891,9489,55492,9705,58826,2998
51145,51,145,"Powhatan County, Virginia",,,,,52077,18983,97415,52449,112304,7728
51147,51,147,"Prince Edward County, Virginia",,,67365,15968,31250,5987,55932,29429,63375,5891
51149,51,149,"Prince George County, Virginia",,,,,79399,14686,75600,16811,88509,7788
51153,51,153,"Prince William County, Virginia",110629,7181,128506,6180,119093,7771,110319,2971,150437,3826
51155,51,155,"Pulaski County, Virginia",,,,,35688,16443,,,63119,4323
51157,51,157,"Rappahannock County, Virginia",,,,,,,,,83380,17320
51159,51,159,"Richmond County, Virginia",,,,,61875,35257,76250,55236,67110,12184
51161,51,161,"Roanoke County, Virginia",100855,62693,120789,12520,68462,12680,62491,14149,85217,2703
51163,51,163,"Rockbridge County, Virginia",102500,43847,73821,13734,37250,22593,113558,17212,65435,4610
51165,51,165,"Rockingham County, Virginia",34310,15488,106023,60335,71977,43685,60616,10467,81503,2868
51167,51,167,"Russell County, Virginia",,,,,41250,11969,,,50740,7472
51169,51,169,"Scott County, Virginia",,,,,,,39609,22780,46445,3797
51171,51,171,"Shenandoah County, Virginia",,,131518,64020,59306,43920,53721,1903,67917,7009
51173,51,173,"Smyth County, Virginia",,,,,,,,,50040,3410
51175,51,175,"Southampton County, Virginia",,,92639,12063,48273,7467,245453,126664,85424,15841
51177,51,177,"Spotsylvania County, Virginia",137000,70528,117054,6301,103972,10337,100988,13275,117471,3615
51179,51,179,"Stafford County, Virginia",125000,2784,113252,8730,145572,12998,134248,15273,139567,5573
51181,51,181,"Surry County, Virginia",,,,,68141,16730,93929,55256,94776,12943
51183,51,183,"Sussex County, Virginia",,,,,62815,6618,23466,1581,64489,4908
51185,51,185,"Tazewell County, Virginia",,,,,21569,8887,81994,76062,47030,3372
51187,51,187,"Warren County, Virginia",,,,,72778,21746,62250,15381,87339,6136
51191,51,191,"Washington County, Virginia",,,,,65679,14069,120345,58680,64516,3494
51193,51,193,"Westmoreland County, Virginia",,,136071,47825,55357,5323,,,70927,5602
51195,51,195,"Wise County, Virginia",,,,,50758,43238,78269,14650,52896,2452
51197,51,197,"Wythe County, Virginia",,,45910,619,,,33750,8324,59444,5092
51199,51,199,"York County, Virginia",199167,102617,116309,18296,83349,15227,104649,16345,116397,4199
51510,51,510,"Alexandria city, Virginia",112821,52547,114178,6197,80736,5034,90988,9483,153944,4872
51520,51,520,"Bristol city, Virginia",,,,,42819,18760,,,52215,3583
51530,51,530,"Buena Vista city, Virginia",,,,,36484,13685,,,52352,7999
51540,51,540,"Charlottesville city, Virginia",,,40326,13993,40045,4028,68223,11915,91838,4750
51550,51,550,"Chesapeake city, Virginia",85278,61150,101471,17740,72472,5306,87193,26592,111089,2527
51570,51,570,"Colonial Heights city, Virginia",47981,2914,89792,56259,49183,22877,67806,16542,79323,7305
51580,51,580,"Covington city, Virginia",,,55294,47502,31667,16983,,,45775,9657
51590,51,590,"Danville city, Virginia",,,,,37610,4482,63698,7361,50899,4724
51595,51,595,"Emporia city, Virginia",,,,,45663,11129,135032,111901,79750,32106
51600,51,600,"Fairfax city, Virginia",151667,70547,165208,27243,68788,18083,92750,14856,149891,20003
51610,51,610,"Falls Church city, Virginia",,,141833,38046,100766,33529,61143,43414,182819,14086
51620,51,620,"Franklin city, Virginia",,,,,48477,9164,,,77500,9403
51630,51,630,"Fredericksburg city, Virginia",,,90398,42422,74670,9113,90347,7952,90097,4779
51640,51,640,"Galax city, Virginia",,,,,,,,,42138,13829
51650,51,650,"Hampton city, Virginia",,,66382,22271,60474,4204,68546,10167,81748,3389
51660,51,660,"Harrisonburg city, Virginia",,,77979,21288,47044,20203,66434,14151,65021,4860
51670,51,670,"Hopewell city, Virginia",,,,,52775,17197,82569,39528,52885,11606
51678,51,678,"Lexington city, Virginia",,,,,76721,11531,124048,32162,87925,34897
51680,51,680,"Lynchburg city, Virginia",28770,165,48788,29345,35269,3234,53385,29745,73685,2943
51683,51,683,"Manassas city, Virginia",,,133346,26301,105316,26775,110575,14080,119794,10983
51685,51,685,"Manassas Park city, Virginia",97682,71594,102917,47237,105660,15356,98458,6594,108975,20866
51690,51,690,"Martinsville city, Virginia",,,,,43058,5835,76250,31289,53669,9525
51700,51,700,"Newport News city, Virginia",56860,11449,70268,9999,52523,2719,75450,5924,85407,2691
51710,51,710,"Norfolk city, Virginia",61818,11474,72011,11259,48807,2741,58324,4099,85377,2582
51720,51,720,"Norton city, Virginia",,,,,98977,29171,,,40516,9559
51730,51,730,"Petersburg city, Virginia",,,75417,39089,48560,3499,51825,18656,55865,4394
51735,51,735,"Poquoson city, Virginia",,,"250,000+",,,,101128,30797,121458,11262
51740,51,740,"Portsmouth city, Virginia",,,73786,6236,48127,3644,58680,6973,76242,4198
51750,51,750,"Radford city, Virginia",,,72875,14031,,,32500,16023,59473,3503
51760,51,760,"Richmond city, Virginia",79015,37748,79063,22459,42369,2564,72884,13290,91482,3714
51770,51,770,"Roanoke city, Virginia",44004,596,50723,23705,44818,5687,43229,9127,62273,2682
51775,51,775,"Salem city, Virginia",,,,,44573,19817,45625,38703,70402,6426
51790,51,790,"Staunton city, Virginia",33333,2648,46739,21240,39737,33599,76659,24586,66522,5172
51800,51,800,"Suffolk city, Virginia",56071,54031,85793,23150,74980,5845,84366,12998,107717,4038
51810,51,810,"Virginia Beach city, Virginia",78602,7801,109804,6911,65581,3529,80117,4726,101479,2317
51820,51,820,"Waynesboro city, Virginia",,,111415,70830,51202,20433,42348,16501,63819,8262
51830,51,830,"Williamsburg city, Virginia",,,,,37168,24608,51196,3060,81875,12146
51840,51,840,"Winchester city, Virginia",,,217269,97792,44627,23696,60720,16594,69977,6050
53001,53,001,"Adams County, Washington",,,,,,,62557,10144,70167,7506
53003,53,003,"Asotin County, Washington",,,,,,,68750,38263,73608,6419
53005,53,005,"Benton County, Washington",62417,43610,96131,16399,92390,23105,69778,4765,94660,2851
53007,53,007,"Chelan County, Washington",104895,46048,146623,30984,63781,27865,71188,8248,83204,4098
53009,53,009,"Clallam County, Washington",62266,11041,92480,24123,,,48401,10200,70919,2524
53011,53,011,"Clark County, Washington",95417,22431,124747,9083,73065,16290,81969,3671,99467,2153
53013,53,013,"Columbia County, Washington",,,,,,,95096,81056,71522,6886
53015,53,015,"Cowlitz County, Washington",56492,20340,69231,40886,64487,1811,64382,10922,77314,3342
53017,53,017,"Douglas County, Washington",71106,14923,113304,53223,126000,83704,70257,5158,86166,4931
53019,53,019,"Ferry County, Washington",51458,8986,,,,,67667,34206,57076,7255
53021,53,021,"Franklin County, Washington",80486,4829,109545,64107,63716,44149,74531,3571,102250,7961
53023,53,023,"Garfield County, Washington",,,,,,,,,64190,13276
53025,53,025,"Grant County, Washington",88615,33670,69045,14799,84265,28389,67278,6648,75000,3580
53027,53,027,"Grays Harbor County, Washington",46442,16603,69500,12111,140377,64817,59151,3827,64490,2717
53029,53,029,"Island County, Washington",110909,79183,105547,13072,101127,24284,101034,15655,89105,3757
53031,53,031,"Jefferson County, Washington",47917,21689,96250,44901,,,63063,39220,76955,5289
53033,53,033,"King County, Washington",67324,7999,157108,2709,68221,3493,91419,3277,130143,1118
53035,53,035,"Kitsap County, Washington",68333,6553,119955,9428,97603,17291,88242,7442,107330,2326
53037,53,037,"Kittitas County, Washington",,,32857,17347,15288,10209,47317,22371,82427,9868
53039,53,039,"Klickitat County, Washington",,,67292,63649,,,80852,5772,69407,4644
53041,53,041,"Lewis County, Washington",62250,22338,85948,30019,78015,56371,70078,17576,74478,3602
53043,53,043,"Lincoln County, Washington",26250,4994,,,,,55375,26175,72470,4898
53045,53,045,"Mason County, Washington",45859,22162,107778,87839,,,86400,14729,85164,4858
53047,53,047,"Okanogan County, Washington",53317,8835,61429,19609,54911,34059,50853,8491,66998,5411
53049,53,049,"Pacific County, Washington",67000,46694,,,,,80525,5939,67586,4857
53051,53,051,"Pend Oreille County, Washington",43611,32418,,,,,60652,34019,68641,7815
53053,53,053,"Pierce County, Washington",74917,12042,103214,4751,78591,6734,87089,3091,103763,1497
53055,53,055,"San Juan County, Washington",121875,49581,103125,49470,118854,25334,77344,10880,85938,5464
53057,53,057,"Skagit County, Washington",99375,42377,107365,13818,92684,78320,76888,6475,91457,3539
53059,53,059,"Skamania County, Washington",,,171563,131860,,,122625,79151,93563,3693
53061,53,061,"Snohomish County, Washington",100625,19482,147149,7011,83033,5607,91579,5536,110314,1507
53063,53,063,"Spokane County, Washington",67401,13350,81500,10460,54583,8749,77200,5257,80280,1560
53065,53,065,"Stevens County, Washington",59366,2201,101750,32768,42500,22944,61923,36916,70419,2884
53067,53,067,"Thurston County, Washington",73696,9979,99874,5415,85642,8011,91115,9777,98225,2596
53069,53,069,"Wahkiakum County, Washington",,,,,,,102292,76838,62679,9116
53071,53,071,"Walla Walla County, Washington",69087,48542,71875,52609,16903,12106,61798,15780,76519,3909
53073,53,073,"Whatcom County, Washington",71519,6227,101157,23654,97250,49978,70721,8255,82236,2779
53075,53,075,"Whitman County, Washington",,,23448,10157,,,54120,27904,58863,3544
53077,53,077,"Yakima County, Washington",64387,9710,105094,19511,46538,41346,63490,2624,77062,2930
54001,54,001,"Barbour County, West Virginia",,,,,,,,,52133,4449
54003,54,003,"Berkeley County, West Virginia",71467,45803,61376,1193,76525,15898,96455,13000,81229,2226
54005,54,005,"Boone County, West Virginia",,,,,58404,26285,,,57185,7056
54007,54,007,"Braxton County, West Virginia",,,,,,,,,53780,5042
54009,54,009,"Brooke County, West Virginia",,,,,55104,31959,55893,25164,55072,5747
54011,54,011,"Cabell County, West Virginia",45833,17751,,,25257,11757,37917,15959,58875,2670
54013,54,013,"Calhoun County, West Virginia",,,,,,,,,44393,2535
54015,54,015,"Clay County, West Virginia",,,,,,,,,43229,12077
54017,54,017,"Doddridge County, West Virginia",,,,,,,,,59267,8817
54019,54,019,"Fayette County, West Virginia",,,,,44483,32533,,,54435,3296
54021,54,021,"Gilmer County, West Virginia",,,,,,,,,48905,4267
54023,54,023,"Grant County, West Virginia",,,,,,,,,62176,12028
54025,54,025,"Greenbrier County, West Virginia",,,"2,500",,34333,20318,,,49479,2945
54027,54,027,"Hampshire County, West Virginia",,,,,,,161071,154708,64571,9037
54029,54,029,"Hancock County, West Virginia",,,"2,500",,87019,24580,32750,14211,61600,4109
54031,54,031,"Hardy County, West Virginia",,,,,41833,22199,,,49309,3062
54033,54,033,"Harrison County, West Virginia",19663,15197,,,61293,20816,61528,25990,60653,1830
54035,54,035,"Jackson County, West Virginia",,,,,,,,,60373,8704
54037,54,037,"Jefferson County, West Virginia",111136,8405,80357,50355,85750,34152,85837,8055,101943,4951
54039,54,039,"Kanawha County, West Virginia",,,99161,11876,40602,4408,73846,19323,61871,1562
54041,54,041,"Lewis County, West Virginia",,,,,,,220977,67723,58376,3189
54043,54,043,"Lincoln County, West Virginia",,,,,,,66495,6029,46705,6158
54045,54,045,"Logan County, West Virginia",,,13804,200,19523,11108,,,50612,4897
54047,54,047,"McDowell County, West Virginia",,,,,25114,13038,,,31670,2731
54049,54,049,"Marion County, West Virginia",,,185370,170280,28672,11039,73315,26593,68629,4202
54051,54,051,"Marshall County, West Virginia",,,,,,,,,59861,5046
54053,54,053,"Mason County, West Virginia",,,105865,34378,,,,,49217,4973
54055,54,055,"Mercer County, West Virginia",,,64567,30788,40701,12093,82881,53417,53765,3432
54057,54,057,"Mineral County, West Virginia",,,135431,23269,113021,41430,,,68476,4016
54059,54,059,"Mingo County, West Virginia",,,,,,,,,40242,5681
54061,54,061,"Monongalia County, West Virginia",,,68764,20880,49612,18247,40393,20231,66459,2390
54063,54,063,"Monroe County, West Virginia",,,,,,,,,56882,6294
54065,54,065,"Morgan County, West Virginia",,,135875,39916,,,,,72865,7155
54067,54,067,"Nicholas County, West Virginia",,,,,53140,46772,,,55755,5821
54069,54,069,"Ohio County, West Virginia",,,191250,90555,17500,9694,30341,21911,58465,3077
54071,54,071,"Pendleton County, West Virginia",,,,,43617,6211,,,66063,4680
54073,54,073,"Pleasants County, West Virginia",,,,,,,,,62409,5898
54075,54,075,"Pocahontas County, West Virginia",,,,,,,"2,500",,43047,4908
54077,54,077,"Preston County, West Virginia",,,34136,28802,,,,,63883,4747
54079,54,079,"Putnam County, West Virginia",,,91897,15311,,,142649,72079,79039,5457
54081,54,081,"Raleigh County, West Virginia",,,218393,175357,23382,17990,,,54376,3902
54083,54,083,"Randolph County, West Virginia",,,,,,,60392,49849,53637,4475
54085,54,085,"Ritchie County, West Virginia",,,,,,,,,51634,5191
54087,54,087,"Roane County, West Virginia",,,,,,,,,46661,2934
54089,54,089,"Summers County, West Virginia",,,,,,,,,41144,6498
54091,54,091,"Taylor County, West Virginia",,,,,,,,,57363,5028
54093,54,093,"Tucker County, West Virginia",,,,,,,,,53377,4201
54095,54,095,"Tyler County, West Virginia",,,,,,,"2,500",,64233,10319
54097,54,097,"Upshur County, West Virginia",,,,,,,,,55335,3570
54099,54,099,"Wayne County, West Virginia",,,,,83900,371,95163,34979,58560,6164
54101,54,101,"Webster County, West Virginia",,,,,,,,,43857,6137
54103,54,103,"Wetzel County, West Virginia",,,,,,,,,57251,6473
54105,54,105,"Wirt County, West Virginia",,,,,,,,,50566,6171
54107,54,107,"Wood County, West Virginia",,,102292,56614,48426,43400,52568,21760,58571,2951
54109,54,109,"Wyoming County, West Virginia",,,,,90938,44164,,,48243,3879
55001,55,001,"Adams County, Wisconsin",61033,4208,,,112750,112174,53438,8867,59090,3172
55003,55,003,"Ashland County, Wisconsin",52135,11992,185833,52599,,,100192,73068,62117,4786
55005,55,005,"Barron County, Wisconsin",44063,28796,68929,52943,,,59297,14019,66468,2349
55007,55,007,"Bayfield County, Wisconsin",49792,4991,115536,25328,,,61875,51966,72229,2683
55009,55,009,"Brown County, Wisconsin",64483,14670,83134,11973,44235,12430,64792,6898,81654,1760
55011,55,011,"Buffalo County, Wisconsin",116250,61804,,,116667,110353,115227,33809,69231,3217
55013,55,013,"Burnett County, Wisconsin",73750,26223,58750,42259,,,40435,9876,63014,2214
55015,55,015,"Calumet County, Wisconsin",21518,353,97109,54355,,,60755,18434,89816,3929
55017,55,017,"Chippewa County, Wisconsin",,,138606,39635,,,66939,16513,74821,3286
55019,55,019,"Clark County, Wisconsin",48750,13596,,,95446,76486,67422,9655,67632,1653
55021,55,021,"Columbia County, Wisconsin",85750,38706,70809,31647,39083,35458,50625,37620,86161,2859
55023,55,023,"Crawford County, Wisconsin",,,,,,,55972,22110,65316,4280
55025,55,025,"Dane County, Wisconsin",54118,15209,80000,12973,47941,3013,66089,4885,94611,1789
55027,55,027,"Dodge County, Wisconsin",66429,50693,109250,34921,75718,45346,67500,5863,76238,2769
55029,55,029,"Door County, Wisconsin",60054,22218,111159,16613,,,50656,5151,76772,4732
55031,55,031,"Douglas County, Wisconsin",,,79479,27186,,,,,75780,3315
55033,55,033,"Dunn County, Wisconsin",71250,11109,104531,70363,100107,84654,92523,43340,74731,2719
55035,55,035,"Eau Claire County, Wisconsin",93618,92741,66112,14981,62500,20681,74708,14647,75325,3176
55037,55,037,"Florence County, Wisconsin",,,,,,,41944,25692,60861,6253
55039,55,039,"Fond du Lac County, Wisconsin",,,78375,29168,11014,7355,60964,22940,75044,2501
55041,55,041,"Forest County, Wisconsin",56042,19544,,,,,,,60839,3745
55043,55,043,"Grant County, Wisconsin",,,,,,,44375,15745,67428,2653
55045,55,045,"Green County, Wisconsin",121250,114934,94583,51820,40924,35848,65000,37737,82641,2944
55047,55,047,"Green Lake County, Wisconsin",49306,46384,,,,,58375,23654,69607,4903
55049,55,049,"Iowa County, Wisconsin",,,91205,14972,,,47188,34171,83002,5204
55051,55,051,"Iron County, Wisconsin",,,,,,,57381,14057,60625,3245
55053,55,053,"Jackson County, Wisconsin",32292,11307,,,,,64050,14522,68975,2924
55055,55,055,"Jefferson County, Wisconsin","250,000+",,127868,18672,"2,500",,87679,19400,83716,2587
55057,55,057,"Juneau County, Wisconsin",26250,8754,93274,1863,85625,67829,76875,12352,67589,3094
55059,55,059,"Kenosha County, Wisconsin",70469,22129,104852,31466,52000,12120,70462,5462,83583,2532
55061,55,061,"Kewaunee County, Wisconsin",,,,,63869,52620,61250,41878,83767,3317
55063,55,063,"La Crosse County, Wisconsin",,,68237,18610,83352,30301,55905,19960,73654,3170
55065,55,065,"Lafayette County, Wisconsin",,,"2,500",,108750,19653,32417,20769,78551,3228
55067,55,067,"Langlade County, Wisconsin",48523,40632,,,,,,,55920,3816
55069,55,069,"Lincoln County, Wisconsin",94531,52171,39792,7230,52946,21809,103454,39275,67350,3735
55071,55,071,"Manitowoc County, Wisconsin",60417,32126,63340,7121,72898,61029,58661,7073,70052,2697
55073,55,073,"Marathon County, Wisconsin",75648,27751,74709,6673,97659,49884,59391,18328,78783,2237
55075,55,075,"Marinette County, Wisconsin",28750,474,66204,656,44088,3847,38750,18075,64178,2909
55077,55,077,"Marquette County, Wisconsin",76250,41261,,,,,,,65970,2405
55078,55,078,"Menominee County, Wisconsin",58194,13582,,,,,82125,64798,80313,10185
55079,55,079,"Milwaukee County, Wisconsin",65365,15865,79888,7172,40642,1405,58751,2011,78481,1287
55081,55,081,"Monroe County, Wisconsin",107386,54341,,,49301,1283,54766,17469,70521,3216
55083,55,083,"Oconto County, Wisconsin",81063,18207,43224,9083,,,,,75482,2998
55085,55,085,"Oneida County, Wisconsin",68442,677,230729,35019,,,,,69887,3382
55087,55,087,"Outagamie County, Wisconsin",75714,19750,122574,25310,60298,12777,65580,11300,86034,2797
55089,55,089,"Ozaukee County, Wisconsin",88487,18211,186053,100238,,,76943,16847,96347,3898
55091,55,091,"Pepin County, Wisconsin",,,,,,,72708,5161,76250,3357
55093,55,093,"Pierce County, Wisconsin",,,89000,56247,8986,785,71250,44478,93449,5743
55095,55,095,"Polk County, Wisconsin",72917,20864,100655,23551,,,71250,22522,77089,2507
55097,55,097,"Portage County, Wisconsin",,,68482,60391,,,51389,17415,76728,2012
55099,55,099,"Price County, Wisconsin",88750,42138,47000,25679,,,59792,32442,60771,1582
55101,55,101,"Racine County, Wisconsin",125917,42433,68200,47075,51349,5052,63618,9551,84586,2215
55103,55,103,"Richland County, Wisconsin",,,"250,000+",,,,38387,4820,69225,4352
55105,55,105,"Rock County, Wisconsin",85947,26665,77361,26019,45321,5575,66730,9196,78214,2398
55107,55,107,"Rusk County, Wisconsin",197857,148044,,,13554,6327,83750,66420,60545,2905
55109,55,109,"St. Croix County, Wisconsin",54375,16671,150658,56380,38068,36118,91989,24323,103207,3484
55111,55,111,"Sauk County, Wisconsin",,,56275,441,,,60556,10018,81806,2776
55113,55,113,"Sawyer County, Wisconsin",37917,5229,61750,26103,10865,1645,81405,615,63371,4215
55115,55,115,"Shawano County, Wisconsin",46528,9511,71786,15570,11136,508,64063,17558,67682,2905
55117,55,117,"Sheboygan County, Wisconsin",63681,19721,78103,19196,39516,18423,64279,3737,74193,2647
55119,55,119,"Taylor County, Wisconsin",65000,57345,,,,,58359,16106,69678,3824
55121,55,121,"Trempealeau County, Wisconsin",120417,63950,93750,73274,26750,6367,86833,16234,75975,3338
55123,55,123,"Vernon County, Wisconsin",,,,,5833,2934,43207,7772,72328,2844
55125,55,125,"Vilas County, Wisconsin",37500,20329,44464,31110,,,51652,29139,71465,4297
55127,55,127,"Walworth County, Wisconsin",71250,22695,63406,9930,81250,48235,74297,5100,81647,2181
55129,55,129,"Washburn County, Wisconsin",80938,60641,103375,36964,85469,81540,,,64345,3843
55131,55,131,"Washington County, Wisconsin",47174,21287,118500,20183,61203,12895,95204,15363,96652,3013
55133,55,133,"Waukesha County, Wisconsin",82426,26560,157868,18873,66078,13049,89703,10064,105988,1769
55135,55,135,"Waupaca County, Wisconsin",11591,569,86250,29888,38201,5426,72576,17613,73440,3220
55137,55,137,"Waushara County, Wisconsin",,,90250,10651,52214,39440,77500,21372,66457,2846
55139,55,139,"Winnebago County, Wisconsin",62125,38378,74674,18672,45278,14582,59917,12367,75780,1400
55141,55,141,"Wood County, Wisconsin",46776,45512,80833,34600,,,54321,25591,67784,2646
56001,56,001,"Albany County, Wyoming",44258,4923,85000,16682,23194,8303,35516,9120,67591,4329
56003,56,003,"Big Horn County, Wyoming",74688,47091,,,41477,9784,44086,11644,63360,5157
56005,56,005,"Campbell County, Wyoming",166607,106126,,,,,74000,14432,91590,6899
56007,56,007,"Carbon County, Wyoming",54417,32649,,,,,53644,5999,72428,9836
56009,56,009,"Converse County, Wyoming",,,,,,,116400,73976,79741,11735
56011,56,011,"Crook County, Wyoming",,,,,,,,,78319,10304
56013,56,013,"Fremont County, Wyoming",60142,4861,,,,,64338,14537,65675,2915
56015,56,015,"Goshen County, Wyoming",,,,,,,42390,31945,59492,7500
56017,56,017,"Hot Springs County, Wyoming",,,,,,,33636,28678,63533,7969
56019,56,019,"Johnson County, Wyoming",,,,,,,,,64532,4695
56021,56,021,"Laramie County, Wyoming",46358,8739,57386,34442,71594,32288,64753,8989,82196,3244
56023,56,023,"Lincoln County, Wyoming",,,56339,768,,,76442,57370,89643,4795
56025,56,025,"Natrona County, Wyoming",77404,42422,,,47762,28951,51552,22165,73645,2369
56027,56,027,"Niobrara County, Wyoming",,,,,,,110732,30144,56016,11691
56029,56,029,"Park County, Wyoming",18930,742,211471,53240,,,63286,22379,74366,5014
56031,56,031,"Platte County, Wyoming",,,,,,,,,68207,5585
56033,56,033,"Sheridan County, Wyoming",58510,35664,,,,,80131,37993,71211,8664
56035,56,035,"Sublette County, Wyoming",,,,,,,103992,21458,76620,18899
56037,56,037,"Sweetwater County, Wyoming",90116,82260,,,,,70009,9669,76648,4180
56039,56,039,"Teton County, Wyoming",,,"250,000+",,,,120938,65059,130000,28730
56041,56,041,"Uinta County, Wyoming",,,,,,,76055,11419,84603,4957
56043,56,043,"Washakie County, Wyoming",,,,,,,39612,14042,69096,6265
56045,56,045,"Weston County, Wyoming",,,,,,,,,89745,13101
